Date,Open,High,Low,Close,Volume,rendement,vol_20j,vol_5j,MA_20,MA_50,MA_ratio,RSI,MACD,MACD_signal
2018-02-19,10552.599609375,11273.7998046875,10513.2001953125,11225.2998046875,7652089856,0.06382797366007709,0.07796453316659768,0.05658351522483214,9103.446533203125,11550.00263671875,0.7881770090910846,78.3618396434194,-46.984218402023544,-485.528241646061
2018-02-20,11231.7998046875,11958.5,11231.7998046875,11403.7001953125,9926540288,0.01589270609507487,0.07798077806007836,0.0532146337333132,9162.5765625,11504.93263671875,0.7964041904302016,76.41860385549896,72.50831067438594,-373.9196568372104
2018-02-21,11372.2001953125,11418.5,10479.099609375,10690.400390625,9405339648,-0.06254985596523333,0.07543828299411583,0.06634737268678967,9238.569580078125,11419.09865234375,0.8090454300595717,70.49334251115972,109.33760829574567,-277.2673209509495
2018-02-22,10660.400390625,11039.099609375,9939.08984375,10005.0,8040079872,-0.06411363144322124,0.07656919451527733,0.05700709817052724,9297.282080078125,11315.17865234375,0.8216646299395678,61.551167058567785,83.119379880005,-205.18945407515633
2018-02-23,9937.0703125,10487.2998046875,9734.5595703125,10301.099609375,7739500032,0.02959516335582202,0.07640510168123639,0.0573701056479068,9353.591552734375,11209.216640625,0.8344554175922182,60.634677913591055,84.91000231124053,-147.1692236112297
2018-02-24,10287.7001953125,10597.2001953125,9546.9697265625,9813.0703125,6917929984,-0.04737642731178393,0.07347973299772763,0.044974699041331605,9430.394580078126,11056.888046875,0.8528977177030775,57.70803013805799,46.93639552625973,-108.34791822404738
2018-02-25,9796.419921875,9923.2197265625,9407.0595703125,9664.73046875,5706939904,-0.015116557715992629,0.062004620319284595,0.039623193407035365,9565.867602539063,10899.64265625,0.8776313044587629,60.39356816028107,4.968917787877217,-85.68446622762161
2018-02-26,9669.4296875,10475.0,9501.73046875,10366.7001953125,7287690240,0.07263210586495439,0.059203657481579734,0.05616052862289765,9696.502612304688,10777.42466796875,0.8997049769341802,59.87934374638659,27.387784132713932,-63.06994846678962
2018-02-27,10393.900390625,10878.5,10246.099609375,10725.599609375,6966179840,0.03462041028492213,0.05879739591969204,0.046682923453230496,9851.717602539062,10688.53466796875,0.9217089066532712,64.53219933418644,72.96078066148038,-35.86373749520281
2018-02-28,10687.2001953125,11089.7998046875,10393.099609375,10397.900390625,6936189952,-0.030552997565149287,0.057650915650685905,0.04959877098719032,9958.333129882812,10604.58466796875,0.9390592316134788,56.69028963390597,81.94600150275619,-12.301744559799637
2018-03-01,10385.0,11052.2998046875,10352.7001953125,10951.0,7317279744,0.05319339372337972,0.05750320508543792,0.04424592187193854,10069.034106445313,10524.138671875,0.9567561223185018,55.91531214954153,131.76657006566347,16.511962522170595
2018-03-02,10977.400390625,11189.0,10850.099609375,11086.400390625,7620590080,0.012364203326180156,0.057176335681543726,0.03981982716208884,10192.259106445312,10477.75068359375,0.9727525891987996,56.36209423210742,180.00078455269613,49.20976701566737
2018-03-03,11101.900390625,11528.2001953125,11002.400390625,11489.7001953125,6690570240,0.036377885560451295,0.05481797550323972,0.032367023814384825,10360.24560546875,10427.9326953125,0.9935090595785897,53.02843456303868,247.65197340990744,88.89824722086348
2018-03-04,11497.400390625,11512.599609375,11136.099609375,11512.599609375,6084149760,0.0019930384320943073,0.05163482942457837,0.032273927522286625,10489.5470703125,10370.98068359375,1.0114325144685992,58.44831935926457,299.6375068584548,131.04613221920198
2018-03-05,11532.400390625,11704.099609375,11443.900390625,11573.2998046875,6468539904,0.005272501204946822,0.050295121352137366,0.022093890766106673,10638.29658203125,10327.0066796875,1.030143284690232,53.429560014028056,341.7542311526031,173.18777845862226
2018-03-06,11500.099609375,11500.099609375,10694.2998046875,10779.900390625,6832169984,-0.06855429544313296,0.049196355113196,0.0392944118369112,10702.560107421876,10266.20869140625,1.0425036573025144,44.51704454253784,307.95448762651904,200.1411338273179
2018-03-07,10803.900390625,10929.5,9692.1201171875,9965.5703125,8797910016,-0.0755415215926486,0.05016528525545369,0.04935382034865072,10692.518603515626,10235.71009765625,1.0446289022941333,43.74020412528195,213.3775087308859,202.78840987153367
2018-03-08,9951.4404296875,10147.400390625,9335.8701171875,9395.009765625,7186089984,-0.0572531755818666,0.05174321981965474,0.03931358909276108,10650.574072265625,10199.83830078125,1.044190482063804,44.6253777370881,91.57936221968521,180.54659319291972
2018-03-09,9414.6904296875,9466.349609375,8513.0302734375,9337.5498046875,8704190464,-0.006116008644050375,0.047328274075011764,0.037326205396796416,10561.816552734375,10157.0912890625,1.039846571439965,41.13746873514004,-9.445537371067985,142.54815731034103
2018-03-10,9350.58984375,9531.3203125,8828.4697265625,8866.0,5386319872,-0.050500379066334866,0.04732954105856292,0.027214910345549584,10477.5265625,10102.26328125,1.0371464562744563,41.26255613388741,-125.92725369224718,88.85306406538332
2018-03-11,8852.7802734375,9711.8896484375,8607.1201171875,9578.6298828125,6296370176,0.08037783474086391,0.048766854749543787,0.06256014673207187,10395.19306640625,10035.851875,1.035805748817536,49.2805643270163,-159.14026689478487,39.25438971186522
2018-03-12,9602.9296875,9937.5,8956.4296875,9205.1201171875,6457399808,-0.03899407015352063,0.048968477785127626,0.056559516404790906,10285.2640625,9987.95228515625,1.029767040215601,39.73041362295136,-213.02413634102777,-11.201322140721677
2018-03-13,9173.0400390625,9470.3798828125,8958.1904296875,9194.849609375,5991139840,-0.001115738597840088,0.047367051985639494,0.0512752834189443,10210.4865234375,9953.22126953125,1.0258474364167698,35.57749000215672,-253.62604159460898,-59.68627113756022
2018-03-14,9214.650390625,9355.849609375,8068.58984375,8269.8095703125,6438230016,-0.10060415105858134,0.05031644398818506,0.06744797265977585,10123.727001953124,9901.249453125,1.0224696438445864,31.978006728252723,-356.0866735779764,-118.96635661998076
2018-03-15,8290.759765625,8428.349609375,7783.0498046875,8300.8603515625,6834429952,0.0037547153880626016,0.04962005349296323,0.06610102232747808,10023.7150390625,9840.07865234375,1.018662085254269,25.380062058280203,-429.8294920426615,-181.13898789494394
2018-03-16,8322.91015625,8585.150390625,8005.31005859375,8338.349609375,5289379840,0.0045163099033997955,0.04888975064850565,0.04519194162677089,9949.97900390625,9781.65763671875,1.0172078571382062,23.99742377116287,-479.7204065685055,-240.85527484955205
2018-03-17,8321.91015625,8346.5302734375,7812.81982421875,7916.8798828125,4426149888,-0.05054594090041897,0.04983352531747451,0.04627344372977675,9862.586474609376,9716.5672265625,1.0150278637138122,16.30914598748788,-546.8695337585723,-302.0581292713972
2018-03-18,7890.52001953125,8245.509765625,7397.990234375,8223.6796875,6639190016,0.038752615832098325,0.04744047967875308,0.054872315368563886,9755.43544921875,9652.22681640625,1.01069272767576,20.562415105422247,-568.8295308512297,-355.41241142855233
2018-03-19,8344.1201171875,8675.8701171875,8182.39990234375,8630.650390625,6729110016,0.04948766471821564,0.04829234007819373,0.03910760259384297,9650.68798828125,9589.113828125,1.0064212565686363,25.199035837726683,-547.1589915758814,-393.76172851672715
2018-03-20,8619.669921875,9051.01953125,8389.8896484375,8913.4697265625,6361789952,0.03276917997335538,0.04892377315098011,0.040235269287970304,9576.466455078125,9541.45521484375,1.003669381603333,32.78819800229715,-501.4304346240042,-415.2954702137678
2018-03-21,8937.48046875,9177.3701171875,8846.330078125,8929.2802734375,6043129856,0.0017737814072429359,0.046931220528190126,0.040432061099992665,9475.38046875,9517.91482421875,0.9955311266958894,38.793061750471495,-458.62926424372745,-423.96222917288816
2018-03-22,8939.4404296875,9100.7099609375,8564.900390625,8728.4697265625,5530390016,-0.022488995834565095,0.046739374295084464,0.029672071984189485,9357.483935546876,9488.0622265625,0.9862376228256533,42.16513777475343,-435.8581788955089,-426.3414191510416
2018-03-23,8736.25,8879.6201171875,8360.6201171875,8879.6201171875,5954120192,0.017316940467241304,0.04591309814088475,0.027784397335103902,9226.979931640624,9482.243828125,0.9730798004025962,44.733257437370106,-401.0123481341052,-421.27560489037097
2018-03-24,8901.9501953125,8996.1796875,8665.7001953125,8668.1201171875,5664600064,-0.023818586517076135,0.04586817534898208,0.024717181426660205,9084.75595703125,9478.99123046875,0.9584095750431447,47.57934514052005,-385.9863766583185,-414.2177591801134
2018-03-25,8612.8095703125,8682.009765625,8449.099609375,8495.7802734375,4569880064,-0.019882032253830673,0.04568308426580865,0.01821906139315709,8930.87998046875,9465.4086328125,0.9435282011501576,34.73583212193296,-383.54239566477736,-408.0826864326466
2018-03-26,8498.4697265625,8530.080078125,7921.43017578125,8209.400390625,5921039872,-0.033708485106174635,0.04414492221342944,0.01962513711245146,8802.35498046875,9464.0564453125,0.9300826798035965,35.610576416923905,-400.0703408981153,-406.4802173164627
2018-03-27,8200.0,8232.7802734375,7797.27978515625,7833.0400390625,5378250240,-0.04584504758621555,0.04238028252951693,0.023748623744181258,8695.728466796874,9481.611845703124,0.9171150019959532,32.20317957841297,-438.44505928666877,-412.87318574011414
2018-03-28,7836.830078125,8122.89013671875,7809.169921875,7954.47998046875,4935289856,0.015503551724572073,0.04132001803934483,0.023016148645108096,8623.701977539062,9485.6214453125,0.9091341065271615,44.783441685324874,-453.836423088027,-421.06583324005334
2018-03-29,7979.06982421875,7994.330078125,7081.3798828125,7165.7001953125,6361229824,-0.09916170347942321,0.04611912639974435,0.04183917810143071,8515.109497070312,9476.509453125,0.8985491482058667,34.98513114585117,-523.5778905889365,-441.5682447706049
2018-03-30,7171.4501953125,7276.66015625,6683.93017578125,6890.52001953125,6289509888,-0.03840241264367461,0.04566635950689597,0.04079378131851435,8416.335498046876,9449.008056640625,0.8907110087743018,31.98235833921636,-594.1803651517675,-472.090668919219
2018-03-31,6892.47998046875,7207.85009765625,6863.52001953125,6973.52978515625,4553269760,0.012046952245941878,0.040717401494948756,0.047266959742921826,8286.080493164063,9413.73904296875,0.8802114075334445,37.18048266355563,-636.1069212509619,-504.8939194477999
2018-04-01,7003.06005859375,7060.9501953125,6526.8701171875,6844.22998046875,4532100096,-0.01854151465198095,0.04033632950568712,0.046722001103149065,8168.035986328125,9378.185634765625,0.8709612183457548,30.30399240580212,-672.0107324075088,-538.3172820904687
2018-04-02,6844.85986328125,7135.47021484375,6816.580078125,7083.7998046875,4333440000,0.03500318149775872,0.04172398137031638,0.05158320459755909,8062.48349609375,9357.2622265625,0.8616284657714031,26.805012890700382,-673.3849509335541,-565.3308158918848
2018-04-03,7102.259765625,7530.93994140625,7072.490234375,7456.10986328125,5499700224,0.052557958843978625,0.03856149575582952,0.03737371293321694,8021.798510742187,9327.853017578125,0.8599833740545967,28.718092715428227,-637.1083481432952,-579.6863223561108
2018-04-04,7456.41015625,7469.8798828125,6803.8798828125,6853.83984375,4936000000,-0.08077536819799569,0.04208669802183668,0.052443116144341335,7949.447485351562,9292.963623046875,0.8554265149211017,24.12427404331997,-649.4376128194253,-593.6365804596139
2018-04-05,6848.64990234375,6933.81982421875,6644.7998046875,6811.47021484375,5639320064,-0.006181881962836755,0.04197810041511671,0.052033339351302305,7873.103515625,9239.3004296875,0.8521319958735546,25.11656696641181,-655.0732866871758,-605.9239217127648
2018-04-06,6815.9599609375,6857.490234375,6575.0,6636.31982421875,3766810112,-0.025714036045156208,0.04104798267863631,0.052643958080679544,7809.075512695313,9168.698818359375,0.8517103317930396,21.061355145808776,-665.986832645618,-617.9365039053096
2018-04-07,6630.509765625,7050.5400390625,6630.509765625,6911.08984375,3976610048,0.041403974915207975,0.041210762206833694,0.05392287924592996,7743.446020507812,9102.242607421875,0.8507184827389556,27.698300176187487,-645.0397047921588,-623.357144084836
2018-04-08,6919.97998046875,7111.56005859375,6919.97998046875,7023.52001953125,3652499968,0.016268081926749334,0.03940895462862317,0.04636281916601631,7663.089501953125,9020.45900390625,0.8495232336441721,31.024247540575672,-612.312402410771,-621.1481957493199
2018-04-09,7044.31982421875,7178.10986328125,6661.990234375,6770.72998046875,4894060032,-0.03599192973886778,0.038517140487055956,0.03143609975908933,7555.9525146484375,8944.837607421876,0.8447277464689771,31.29522330659195,-599.8494614321617,-616.8884488848037
2018-04-10,6795.43994140625,6872.41015625,6704.14990234375,6834.759765625,4272750080,0.009456851084145068,0.03870936199596186,0.03169826752578991,7451.226489257812,8857.026806640624,0.8412785296834823,35.87365654920774,-578.143109458254,-609.1393809979152
2018-04-11,6843.47021484375,6968.31982421875,6817.58984375,6968.31982421875,4641889792,0.019541295257440083,0.039277975956053104,0.028425320612007476,7363.218994140625,8768.31919921875,0.8397526169892039,36.0928680894571,-543.897652084409,-596.0910352130875
2018-04-12,6955.3798828125,7899.22998046875,6806.509765625,7889.25,8906250240,0.13215957347142848,0.05037679293615861,0.062243089132420805,7313.70048828125,8712.29619140625,0.8394687608871051,59.83706830762303,-437.43073971183185,-564.3589761086994
2018-04-13,7901.08984375,8183.9599609375,7758.93017578125,7895.9599609375,7764460032,0.0008505194964667506,0.050185794270423814,0.0633592287024909,7275.09248046875,8670.115390625,0.8390998450072892,64.74598186977133,-348.496531251556,-521.186487132768
2018-04-14,7874.669921875,8140.7099609375,7846.0,7986.240234375,5191430144,0.011433729892771805,0.05013530983517377,0.05489188769627019,7249.615478515625,8623.818203125,0.8406503137889193,64.82100509494805,-267.6477334556175,-470.47873639310694
2018-04-15,7999.330078125,8338.419921875,7999.330078125,8329.1103515625,5244480000,0.04293260747550409,0.05050412586406663,0.053055839440259,7255.6009765625,8594.13900390625,0.8442498978972355,70.45266932846474,-173.91103310487142,-411.16519573150066
2018-04-16,8337.5703125,8371.150390625,7925.72998046875,8058.669921875,5631309824,-0.03246930563679795,0.04992344338059324,0.06264149495238897,7266.882470703125,8562.01779296875,0.8487348013538107,63.31458319828915,-120.05673129247498,-352.94350284058646
2018-04-17,8071.66015625,8285.9599609375,7881.72021484375,7902.08984375,6900879872,-0.01943001508226172,0.05005900569025863,0.02917294308403571,7264.262963867188,8512.7255859375,0.8533416108076248,56.47251858099465,-88.98274440000205,-300.1513511502144
2018-04-18,7944.43017578125,8197.7998046875,7886.009765625,8163.419921875,6529909760,0.03307100821331388,0.044588134329643224,0.032583821140860586,7314.148950195313,8461.4819921875,0.8644051901249069,71.09340075621087,-42.7809256701712,-248.6772660524466
2018-04-19,8159.27001953125,8298.6904296875,8138.77978515625,8294.3095703125,7063209984,0.016033678248838168,0.043283527012556736,0.032800720734807734,7384.338427734375,8419.41017578125,0.8770612517460786,73.22189553853741,4.343663765086603,-198.07308008755643
2018-04-20,8286.8798828125,8880.23046875,8244.5400390625,8845.830078125,8438110208,0.06649384172813311,0.04508182569287951,0.0399764458723465,7477.953442382813,8377.30677734375,0.8926440968601962,80.95305325982433,85.20237690582235,-141.41798868764147
2018-04-21,8848.7900390625,8997.5703125,8652.150390625,8895.580078125,7548550144,0.0056241188854653235,0.04451491338691595,0.03205077855489912,7580.520947265625,8333.49037109375,0.9096453718312391,79.67141401192043,151.55001741251453,-82.82438746658498
2018-04-22,8925.0595703125,9001.6396484375,8779.6103515625,8802.4599609375,6629899776,-0.010468133204319163,0.044553019283024506,0.029411313586952086,7666.453955078125,8279.74556640625,0.9259286887007181,76.75257552546975,194.3774204006786,-27.384025892356203
2018-04-23,8794.3896484375,8958.5498046875,8788.8095703125,8930.8798828125,6925190144,0.014589094689994253,0.043523719854463426,0.0288518521105995,7740.192456054688,8228.111171875,0.9407010059018045,83.74779521130804,235.95913630479663,25.284606547664172
2018-04-24,8934.33984375,9732.6103515625,8927.830078125,9697.5,10678800384,0.08583925965266448,0.04112554966804789,0.0415030007811951,7882.375463867187,8190.59517578125,0.9623690702202647,86.67338555315969,326.99437814009434,85.62656086669081
2018-04-25,9701.0302734375,9745.3203125,8799.83984375,8845.740234375,11083100160,-0.0878329224671307,0.04727402899656273,0.06209878839780565,7984.08896484375,8151.91197265625,0.9794130495550706,70.31303342120425,326.654043749455,133.83205744358915
2018-04-26,8867.3203125,9281.509765625,8727.08984375,9281.509765625,8970559488,0.049263206888732425,0.04691460675868305,0.06577250756226398,8116.348461914063,8138.23076171875,0.9973111723609979,66.83074691298852,357.42273078941616,178.55019211301098
2018-04-27,9290.6298828125,9375.4697265625,8987.0498046875,8987.0498046875,7566289920,-0.031725437819185576,0.047830346107843,0.06809480055160223,8220.146459960937,8130.0715625,1.0110792256585301,62.33201368129057,353.96894341538973,213.63394237364767
2018-04-28,8939.26953125,9412.08984375,8931.990234375,9348.48046875,7805479936,0.040216831097785066,0.04818117894213505,0.06984250998007824,8336.394482421874,8130.29017578125,1.025350178429618,64.50747144128928,376.058114687532,246.1187768365438
2018-04-29,9346.41015625,9531.490234375,9193.7099609375,9419.080078125,8853000192,0.0075519876851644074,0.046693759912915814,0.056393545947671576,8468.811987304687,8141.35177734375,1.040221847540382,62.32247366044468,394.7101192795635,275.837045325235
2018-04-30,9426.1103515625,9477.1396484375,9166.8095703125,9240.5498046875,8673920000,-0.01895410931393615,0.04738342231983635,0.03548711310418469,8589.101489257813,8134.59017578125,1.0558739043584222,63.64511483140194,390.58486718912354,298.78660969806657
2018-05-01,9251.4697265625,9255.8798828125,8891.0498046875,9119.009765625,7713019904,-0.013152901248456694,0.04782529898138914,0.02811395764706356,8696.635986328125,8132.86796875,1.0693197061288056,64.16426338046548,373.2069765686683,313.67068307221484
2018-05-02,9104.599609375,9256.51953125,9015.1396484375,9235.919921875,7558159872,0.012820488107240013,0.03902028186873779,0.023498934907607582,8763.969482421875,8133.689375,1.0774900636553846,62.91757705097587,364.66415124716696,323.86937670722057
2018-05-03,9233.9697265625,9798.330078125,9188.150390625,9743.8603515625,10207299584,0.05499619247287524,0.04030887802622544,0.02917156785945098,8856.364501953125,8163.170390625,1.0849172659833517,66.00521193206373,394.33184647384405,337.9618706605622
2018-05-04,9695.5,9779.2001953125,9585.9599609375,9700.759765625,8217829888,-0.004423358338729533,0.04046262882883553,0.0297699622617139,8942.090478515625,8191.16837890625,1.0916746018239762,60.63358298331321,409.64389358213884,352.29827524489133
2018-05-05,9700.2802734375,9964.5,9695.1201171875,9858.150390625,7651939840,0.016224566817716557,0.03977244485575087,0.026273697206305735,9018.54248046875,8221.56439453125,1.0969375227989004,61.6601926725017,429.526752236623,367.74397064324955
2018-05-06,9845.3095703125,9940.1396484375,9465.25,9654.7998046875,7222280192,-0.020627661161558675,0.03920333610462766,0.028289926549710236,9098.348974609375,8256.32279296875,1.1019856179021625,60.05634250713787,423.98876827344066,378.99293016929465
2018-05-07,9645.669921875,9665.849609375,9231.5302734375,9373.009765625,7394019840,-0.02918652325920712,0.03964449419417719,0.0336416834824625,9171.894970703124,8279.30939453125,1.1078091823409155,55.03428048999896,392.34028293474876,381.6624007223868
2018-05-08,9380.8701171875,9462.75,9127.76953125,9234.8203125,7415869952,-0.014743338221176572,0.03957832481526353,0.01747052158253698,9225.464990234375,8291.39279296875,1.1126556443035402,43.85186038761839,352.05020624179815,375.73996182626666
2018-05-09,9223.73046875,9374.759765625,9031.6201171875,9325.1796875,7226890240,0.009784638135047707,0.039527281312515754,0.01972625610311997,9277.00849609375,8299.6269921875,1.1177621000107916,57.98703322776058,323.67975639214455,365.3279207394389
2018-05-10,9325.9599609375,9396.0400390625,9040.51953125,9043.9404296875,6906699776,-0.030159124782280555,0.037686648461346506,0.01625839996392621,9286.914013671874,8301.9201953125,1.1186465052886838,45.82747744116522,275.32942537007693,347.328221665562
2018-05-11,9052.9599609375,9052.9599609375,8394.4599609375,8441.490234375,8488520192,-0.06661368459868511,0.04064458025450478,0.02776692200334472,9264.209521484376,8296.18060546875,1.116683683980736,41.35355824743688,186.253615660984,315.1133004646399
2018-05-12,8441.4404296875,8664.8603515625,8223.5,8504.8896484375,6821380096,0.007510452811321011,0.04064229264857374,0.031388478565984444,9249.331005859374,8288.68599609375,1.1158983474845532,35.23533741056208,119.39966904916946,275.9705741815395
2018-05-13,8515.490234375,8773.5498046875,8395.1201171875,8723.9404296875,5866379776,0.025755864015265972,0.04094232543857607,0.037367294627232726,9238.984033203125,8289.80240234375,1.1144999102259683,38.4345448560409,83.13411070451184,237.40328148612903
2018-05-14,8713.099609375,8881.1201171875,8367.9697265625,8716.7900390625,7364149760,-0.0008196285477451992,0.03557157514735074,0.036193331691754524,9189.94853515625,8294.22259765625,1.1079939592835515,40.75890269529277,53.20314941712786,200.56325507232498
2018-05-15,8705.1904296875,8836.1904296875,8456.4501953125,8510.3798828125,6705710080,-0.023679606291423294,0.030162277572612473,0.03552922763991977,9173.180517578125,8300.2421875,1.105170223995723,39.573725876870874,12.681370946016614,162.98687824706022
2018-05-16,8504.41015625,8508.4296875,8175.490234375,8368.830078125,6760220160,-0.016632607079429262,0.02783478751301354,0.01965602515096254,9127.546533203125,8310.95798828125,1.0982544426374545,35.27046342217615,-30.502391717313003,124.28902425418303
2018-05-17,8370.0498046875,8445.5400390625,8054.1201171875,8094.31982421875,5862530048,-0.03280150885412081,0.027890571236510474,0.022984389439131732,9082.910034179688,8313.75478515625,1.09251598933333,19.56500939916853,-85.88592406603311,82.25403459013758
2018-05-18,8091.830078125,8274.1201171875,7974.81982421875,8250.9697265625,5764190208,0.019353065575076878,0.026470379990517563,0.02057132583926445,9028.034497070312,8335.46017578125,1.0830877128177447,24.32627849369166,-115.80280176406995,42.642667319294404
2018-05-19,8255.73046875,8372.0595703125,8183.35009765625,8247.1796875,4712399872,-0.0004593446816679725,0.026316432527703704,0.02061611500315509,8969.439477539063,8362.593369140624,1.0725667363712557,19.83076240495953,-138.22458293065756,6.4692172693028
2018-05-20,8246.990234375,8562.41015625,8205.240234375,8513.25,5191059968,0.03226197592169289,0.027485211567059284,0.026303883117711764,8933.074487304688,8393.3877734375,1.0642990325759916,29.112459044983325,-132.99171736068638,-21.42296965669578
2018-05-21,8522.330078125,8557.51953125,8365.1201171875,8418.990234375,5154990080,-0.011072124702669384,0.027451582096928134,0.025512313078886458,8898.073510742188,8424.882978515625,1.0561658284670838,31.257566205618147,-134.89547755603962,-44.11747123656503
2018-05-22,8419.8701171875,8423.25,8004.580078125,8041.77978515625,5137010176,-0.04480471395234409,0.028633265963491132,0.029753923005168548,8838.36650390625,8444.042578125,1.0466984767228413,28.57403675341824,-164.94011343145212,-68.28199967554286
2018-05-23,8037.080078125,8054.66015625,7507.8798828125,7557.81982421875,6491120128,-0.060180703011888936,0.02715684753730594,0.036650509732090455,8729.064477539063,8446.07677734375,1.033505224692536,22.191215610614194,-225.20558629465268,-99.66671699936524
2018-05-24,7561.1201171875,7738.60009765625,7331.14013671875,7587.33984375,6049220096,0.0039058908809461723,0.02734664578182694,0.03718665888712711,8623.393481445313,8460.74677734375,1.0192236818311475,25.10919646686392,-267.50082494094386,-133.23353858768132
2018-05-25,7592.2998046875,7659.14013671875,7392.64990234375,7480.14013671875,4867829760,-0.014128760440268784,0.026536900936022484,0.026350051024843644,8504.49296875,8474.12017578125,1.003584182468353,30.225082194403242,-306.14109592903606,-167.81505005595255
2018-05-26,7486.47998046875,7595.16015625,7349.1201171875,7355.8798828125,4051539968,-0.016612022186092146,0.026494230541802402,0.0257133126315861,8389.54697265625,8488.511376953125,0.9883413710717793,26.94225500609471,-342.83839080624693,-202.81971820601166
2018-05-27,7362.080078125,7381.740234375,7270.9599609375,7368.22021484375,4056519936,0.0016776146739541087,0.026410715861728124,0.02578204013127047,8289.307495117188,8497.653984375,0.9754818812767726,20.332809267439657,-366.6984281873265,-235.59546020227478
2018-05-28,7371.31005859375,7419.0498046875,7100.89013671875,7135.990234375,5040600064,-0.03151778498705937,0.02677881439375696,0.01453108535073091,8184.365991210938,8499.903388671875,0.9628775313044775,18.509473970897204,-399.7385545368088,-268.42407906918174
2018-05-29,7129.4599609375,7526.419921875,7090.68017578125,7472.58984375,5662660096,0.047169292322396306,0.02957244549187624,0.030251999620969885,8091.736499023437,8513.9405859375,0.9504102615407701,30.346005236148216,-394.2182679002299,-293.5829168353915
2018-05-30,7469.72998046875,7573.77001953125,7313.60009765625,7406.52001953125,4922540032,-0.008841623265862797,0.029212061916055965,0.029841495046884815,8009.865478515625,8525.375791015626,0.9395322475939107,31.239108643688795,-390.67121489565307,-313.00057644744385
2018-05-31,7406.14990234375,7608.89990234375,7361.1298828125,7494.169921875,5127130112,0.011834154516914053,0.026261011792759872,0.028968754273092874,7962.499462890625,8535.89279296875,0.932825617192563,37.380196745010785,-376.4481286656119,-325.69008689107744
2018-06-01,7500.7001953125,7604.72998046875,7407.33984375,7541.4501953125,4921460224,0.006308940673935393,0.026230788372490616,0.02894739591667014,7914.327490234375,8528.936796875,0.9279383443355076,34.361071995447034,-357.243056956333,-332.0006809041286
2018-06-02,7536.72021484375,7695.830078125,7497.259765625,7643.4501953125,4939299840,0.013525250098900043,0.025594578521306553,0.020530528312085104,7860.302978515625,8523.8866015625,0.9221501113206697,37.245063855247686,-329.9885050611092,-331.59824573552476
2018-06-03,7632.08984375,7754.89013671875,7613.0400390625,7720.25,4851760128,0.010047792910929054,0.025830774659910623,0.009024522614959743,7810.4759765625,8518.566796875,0.9168767661043334,31.790040262159266,-298.74822906700047,-325.02824240181985
2018-06-04,7722.52978515625,7753.81982421875,7474.0400390625,7514.47021484375,4993169920,-0.026654549419546036,0.02594786415499076,0.016799071340499395,7760.680493164063,8502.273994140625,0.9127770404144074,30.241162608180147,-287.28307057414804,-317.47920803628546
2018-06-05,7500.89990234375,7643.22998046875,7397.0,7633.759765625,4961739776,0.015874645500039364,0.02625524724525623,0.017415400865992497,7723.926977539062,8493.775791015625,0.9093631816499232,39.955090162269244,-265.5105914425003,-307.0854847175284
2018-06-06,7625.97021484375,7680.43017578125,7502.009765625,7653.97998046875,4692259840,0.002648788469189478,0.025409692044073916,0.017361490158778817,7701.909985351563,8488.81359375,0.9073011087229192,53.06781991870907,-243.81361802756328,-294.43111137953537
2018-06-07,7650.81982421875,7741.27001953125,7650.81982421875,7678.240234375,4485799936,0.0031696259943396754,0.024930886528911008,0.01639600583696503,7673.273510742188,8479.11,0.9049621376231924,52.90978182106914,-222.10077938841823,-279.96504498131196
2018-06-08,7685.14013671875,7698.18994140625,7558.39990234375,7624.919921875,4227579904,-0.006944340222814094,0.024934272429059205,0.015806692323755898,7642.1605224609375,8465.72220703125,0.9027180830613248,54.80007213649987,-206.81168532363336,-265.3343730497762
2018-06-09,7632.52001953125,7683.580078125,7531.97998046875,7531.97998046875,3845220096,-0.012188972783781837,0.02350818113180099,0.01077672766668551,7593.097021484375,8439.445205078126,0.8997151870736133,55.96230052125266,-199.89020261106998,-252.24553896203497
2018-06-10,7499.5498046875,7499.5498046875,6709.06982421875,6786.02001953125,5804839936,-0.09903902597615177,0.03143244705172094,0.043295222956127796,7511.448510742188,8397.25400390625,0.8945124807762155,36.83043002073385,-251.69598414434313,-252.1356279984966
2018-06-11,6799.2900390625,6910.18017578125,6706.6298828125,6906.919921875,4745269760,0.017816025003725366,0.03092267018427109,0.04594543066657923,7454.705517578125,8359.343203125,0.8917812484109169,44.54352677688726,-279.7718233678552,-257.66286707236833
2018-06-12,6905.81982421875,6907.9599609375,6542.080078125,6582.35986328125,4654380032,-0.04699056341537011,0.029853314442019115,0.045246068686711535,7405.93251953125,8312.372802734375,0.890952883765638,28.672322100997206,-324.4710231454028,-271.02449828697524
2018-06-13,6596.8798828125,6631.66015625,6285.6298828125,6349.89990234375,5052349952,-0.03531559589050193,0.03042028927516861,0.04345872287755517,7344.060522460937,8245.42080078125,0.890683532096396,26.55518825119111,-374.33784271207605,-291.68716717199544
2018-06-14,6342.75,6707.14013671875,6334.4599609375,6675.35009765625,5138710016,0.05125280718084646,0.03316263003298129,0.05849593602844912,7303.821020507812,8202.012998046876,0.8904912760132241,33.56588832773849,-383.17956121788666,-309.9856459811737
2018-06-15,6674.080078125,6681.080078125,6433.8701171875,6456.580078125,3955389952,-0.03277281585696323,0.03365019770303557,0.041982842215195174,7258.856030273438,8145.514404296875,0.8911476513311778,29.62845872996371,-403.19180639972,-328.626878064883
2018-06-16,6455.4501953125,6592.490234375,6402.2900390625,6550.16015625,3194170112,0.014493753193281167,0.03392395342537585,0.04147150683950761,7217.95302734375,8096.776611328125,0.8914600678552967,29.405226577110398,-406.81107583335597,-344.26371761857763
2018-06-17,6545.52978515625,6589.10986328125,6499.27001953125,6499.27001953125,3104019968,-0.007769296552266991,0.03336928803196095,0.036048865461629935,7186.117016601563,8039.79240234375,0.8938187277704677,26.77314908647216,-409.07026324868,-357.22502674459815
2018-06-18,6510.06982421875,6781.14013671875,6446.68017578125,6734.81982421875,4039200000,0.036242501693211526,0.03256513726255724,0.03365156741587768,7149.228515625,7986.107197265625,0.8952081832902061,35.33472008629121,-387.38825224016637,-363.2576718437118
2018-06-19,6742.39013671875,6822.5,6709.919921875,6769.93994140625,4057029888,0.005214707758210091,0.032621888088346866,0.02567933937336269,7117.39951171875,7936.695,0.8967712015793413,33.22015899420148,-363.18464039847277,-363.24306555466404
2018-06-20,6770.759765625,6821.56005859375,6611.8798828125,6776.5498046875,3888640000,0.0009763547887364776,0.03243498081598637,0.016798764997861447,7081.518505859375,7889.84580078125,0.8975484039444935,32.86517244989595,-339.5555579843849,-358.50556404060825
2018-06-21,6780.08984375,6810.93994140625,6715.169921875,6729.740234375,3529129984,-0.006907581536569007,0.032337548363855585,0.017997606098036037,7040.9330078125,7839.72220703125,0.8981100123034543,31.638997168145607,-320.90725506924446,-350.9859022463355
2018-06-22,6737.8798828125,6747.080078125,6006.60009765625,6083.68994140625,5079810048,-0.09599929127557916,0.03781545284849912,0.04968359833191596,6962.944995117187,7766.518798828125,0.8965335918800341,25.733628897013105,-354.1763944826398,-351.62400069359643
2018-06-23,6090.10009765625,6224.81982421875,6071.81005859375,6162.47998046875,3431360000,0.012951028047344604,0.037904523040821425,0.044878019211126455,6885.056494140625,7695.753203125,0.8946566128634196,28.340977384153092,-369.92052354502357,-355.2833052638819
2018-06-24,6164.27978515625,6223.77978515625,5826.41015625,6173.22998046875,4566909952,0.0017444275736506754,0.037799171963670844,0.044478401526312245,6817.994482421875,7622.054794921875,0.8945087205308865,37.37187168069821,-377.1824990498726,-359.6631440210801
2018-06-25,6171.97021484375,6327.3701171875,6119.68017578125,6249.18017578125,5500810240,0.012303153382069887,0.037683347001009636,0.04591651512087318,6748.7655029296875,7553.94240234375,0.8934097115746817,36.18971557222341,-372.5150063306146,-362.233516482987
2018-06-26,6253.5498046875,6290.16015625,6093.669921875,6093.669921875,3279759872,-0.02488490482462502,0.037728467063641184,0.04581037398563444,6670.75,7488.35560546875,0.8908164023525202,38.95511382058374,-377.0183152347108,-365.1904762333318
2018-06-27,6084.39990234375,6180.0,6052.85009765625,6157.1298828125,3296219904,0.010414079159373646,0.037902327086967384,0.01595667728556006,6594.694482421875,7426.801796875,0.8879588634231153,45.282853393789075,-371.1877151257113,-366.38992401180775
2018-06-28,6153.16015625,6170.41015625,5873.0498046875,5903.43994140625,3467800064,-0.041202629509963784,0.03851330285973895,0.023628563970323452,6508.6204833984375,7358.367001953125,0.8845196878153618,30.42357840886406,-382.6268757913158,-369.6373143677094
2018-06-29,5898.1298828125,6261.66015625,5835.75,6218.2998046875,3966230016,0.053334982045442514,0.041188880987086736,0.03674743914148292,6442.936474609375,7301.854189453125,0.8823699169336495,44.2378130427164,-362.1117565129698,-368.13220279676153
2018-06-30,6214.22021484375,6465.509765625,6214.22021484375,6404.0,4543860224,0.029863499854496434,0.03607808975240174,0.038763035631615234,6423.835473632813,7261.104384765625,0.884691244366426,46.616256114423486,-327.0983487497533,-359.9254319873599
2018-07-01,6411.68017578125,6432.85009765625,6289.2900390625,6385.81982421875,4788259840,-0.00283887816696593,0.03576739670805059,0.0355638862442621,6397.78046875,7218.72298828125,0.8862759353885786,47.3331316265388,-297.38884428923484,-347.4181144477349
2018-07-02,6380.3798828125,6683.85986328125,6305.7001953125,6614.18017578125,4396930048,0.03576053785551925,0.035228869467318465,0.03741140930798418,6399.371484375,7176.527783203125,0.8917085919116648,47.15451161989333,-252.50635292257903,-328.43576214270377
2018-07-03,6596.66015625,6671.3701171875,6447.75,6529.58984375,4672309760,-0.012789239147277698,0.03436140107673863,0.027619892235548078,6408.355981445313,7132.783779296875,0.8984368767837551,44.46022046260097,-221.21238483085835,-306.9910866803347
2018-07-04,6550.8701171875,6771.919921875,6450.4599609375,6597.5498046875,4176689920,0.010407998444580624,0.032438078103714345,0.020741674883291438,6404.465966796875,7094.527177734375,0.902733305032194,45.98773660940803,-188.75207562298965,-283.3432844688657
2018-07-05,6599.7099609375,6749.5400390625,6546.64990234375,6639.14013671875,4999240192,0.006303905732049309,0.03152891525334243,0.01821403813852379,6413.593969726562,7059.93337890625,0.9084496447075792,47.96444701883953,-157.85144320441304,-258.2449162159752
2018-07-06,6638.68994140625,6700.93994140625,6533.5498046875,6673.5,4313959936,0.005175348399594437,0.03140131255062839,0.017426794535801666,6419.760961914062,7031.516982421875,0.9129980028438892,68.2745011063664,-129.10171285230444,-232.41627554324103
2018-07-07,6668.7099609375,6863.990234375,6579.240234375,6856.93017578125,3961080064,0.02748635285551071,0.03184503578840156,0.014372116668526483,6437.643969726562,7003.63619140625,0.9191859476689861,70.2064009938436,-90.4731512309354,-204.0276506807799
2018-07-08,6857.7998046875,6885.91015625,6747.97998046875,6773.8798828125,3386210048,-0.012111876720297454,0.031027673480825448,0.01413647547861987,6439.59697265625,6974.1701953125,0.9233495587739529,66.77144751082325,-65.80266732058953,-176.38265400874187
2018-07-09,6775.080078125,6838.68017578125,6724.33984375,6741.75,3718129920,-0.004743202325453666,0.031032324991673053,0.01494526253241909,6438.187475585937,6938.7401953125,0.9278611526535158,64.09862720549822,-48.28711923027549,-150.7635470530486
2018-07-10,6739.2099609375,6767.740234375,6320.72021484375,6329.9501953125,4052430080,-0.06108203429191239,0.033924949657113124,0.032682264593093674,6415.857495117188,6896.95939453125,0.9302443479955038,55.89768515291017,-66.8639452087964,-133.98362668419816
2018-07-11,6330.77001953125,6444.9599609375,6330.47021484375,6394.7099609375,3644859904,0.010230691178732654,0.03403309399756659,0.033304828026744344,6399.105981445313,6864.017998046875,0.9322682404484005,55.926283562834456,-75.49043674908444,-122.28498869717541
2018-07-12,6396.77978515625,6397.10009765625,6136.419921875,6228.81005859375,3770170112,-0.025943303661489003,0.026652275267946644,0.027036448809177358,6406.361987304687,6837.437802734375,0.9369536034013656,58.48789736028097,-94.62296990619689,-116.75258493897972
2018-07-13,6235.02978515625,6310.5498046875,6192.240234375,6238.0498046875,3805400064,0.0014833886419449716,0.02651639647056185,0.02851180475881184,6410.140478515625,6810.452001953125,0.941221005107635,50.61295398723174,-107.79744821685108,-114.961557594554
2018-07-14,6247.5,6298.18994140625,6212.22021484375,6276.1201171875,2923670016,0.006102918971790272,0.02654120551718055,0.02995923972692519,6415.284985351563,6786.3716015625,0.9453188481271055,45.630789373411375,-113.85392474097262,-114.74003102383772
2018-07-15,6272.7001953125,6403.4599609375,6256.509765625,6359.64013671875,3285459968,0.013307587804530119,0.02656433370970263,0.01572331758336808,6420.8079833984375,6766.446806640625,0.9489187112351233,49.14376112698513,-110.6389828143756,-113.9198213819453
2018-07-16,6357.009765625,6741.75,6357.009765625,6741.75,4725799936,0.06008356684760452,0.028865517844012166,0.03120046571110317,6453.211987304688,6753.91740234375,0.9554768888741946,53.79105636719223,-76.37761939190659,-106.41138098393758
2018-07-17,6739.64990234375,7387.240234375,6684.169921875,7321.0400390625,5961950208,0.08592576690955611,0.03402468944273211,0.03754488246520261,6511.407495117188,6757.6183984375,0.9635654325527998,68.17578941655458,-2.4531098031875445,-85.61972674778758
2018-07-18,7315.31982421875,7534.990234375,7280.47021484375,7370.77978515625,6103410176,0.006794081964906162,0.031906494902604485,0.036476850421079315,6584.774487304688,6755.582197265625,0.9747160636976524,67.90721752772916,59.46075094742719,-56.60363120874462
2018-07-19,7378.2001953125,7494.4599609375,7295.4599609375,7466.85986328125,5111629824,0.013035266406750123,0.030370122736790066,0.03524118624257583,6647.202490234375,6756.788994140625,0.9837812748035669,68.6972531140213,114.95565215488114,-22.291774536019464
2018-07-20,7467.39990234375,7594.669921875,7323.259765625,7354.1298828125,4936869888,-0.015097374603627811,0.03045691827838223,0.04151112051368962,6694.708984375,6753.988193359375,0.9912230807506209,64.84892115146489,148.13182389973736,11.79294515113191
2018-07-21,7352.72021484375,7437.64013671875,7262.41015625,7419.2900390625,3726609920,0.008860348850009636,0.03036263532039158,0.03848695107454549,6746.382495117187,6751.544990234375,0.9992353609248468,62.93626113138272,177.63439932308484,44.96123598552251
2018-07-22,7417.7998046875,7537.9501953125,7383.81982421875,7418.490234375,3695460096,-0.00010780070374505346,0.02968586604715888,0.011024511059988518,6786.597998046875,6747.045791015625,1.005862151859695,65.4114995837071,198.6608269085973,75.70115417013749
2018-07-23,7414.7099609375,7771.5,7409.10009765625,7711.10986328125,5132480000,0.03944463356578143,0.03022328939250653,0.02004093565955415,6845.673999023437,6746.86298828125,1.014645474632257,70.60872724630309,236.21345569257574,107.80361447462514
2018-07-24,7716.509765625,8424.26953125,7705.5,8424.26953125,7277689856,0.09248469813206439,0.03555784986964317,0.0426070799195284,6937.009985351562,6765.058974609375,1.0254175183671796,89.46811662749761,319.8333621037809,150.2095640004563
2018-07-25,8379.66015625,8416.8701171875,8086.35986328125,8181.39013671875,5845400064,-0.028830914494162863,0.0367479333256718,0.04614355277034948,7014.122485351562,6776.01158203125,1.0351402739558089,81.55231207248634,362.32771688628964,192.633194577623
2018-07-26,8176.85009765625,8290.330078125,7878.7099609375,7951.580078125,4899089920,-0.02808936559110453,0.03776996603423594,0.05149637059795671,7078.0264892578125,6781.963583984375,1.0436544522256932,79.75208904394333,373.159499604154,228.73845558292922
2018-07-27,7950.39990234375,8262.66015625,7839.759765625,8165.009765625,5195879936,0.026841166837664243,0.0377540330764924,0.05092957744065125,7143.43046875,6791.698974609375,1.0517884398963449,81.08603168961719,394.41913735391427,261.87459193712624
2018-07-28,8169.06005859375,8222.849609375,8110.77001953125,8192.150390625,3988750080,0.0033240162325662848,0.03744702127829078,0.05010258153773238,7214.343994140625,6803.043583984375,1.0604582941559462,81.01909762625087,408.74580751573285,291.2488350528476
2018-07-29,8205.8203125,8272.259765625,8141.18017578125,8218.4599609375,4107190016,0.0032115585112559852,0.03732197360189933,0.023723331753874387,7288.1794921875,6816.77318359375,1.0691538791004966,80.66086159235711,417.411103639497,316.4812887701775
2018-07-30,8221.580078125,8235.5,7917.5,8180.47998046875,5551400000,-0.004621301393359478,0.03356044582963636,0.019698296779151477,7380.705981445312,6844.6623828125,1.0783155645454274,76.77077081333374,416.41358976173615,336.4677489684893
2018-07-31,8181.2001953125,8181.52978515625,7696.93017578125,7780.43994140625,5287530000,-0.04890178082675012,0.03634556479000059,0.027719023321372497,7449.99248046875,6862.132783203125,1.085667199373432,59.159134251728204,378.9745842459688,344.96911602398524
2018-08-01,7769.0400390625,7769.0400390625,7504.9501953125,7624.91015625,4797620000,-0.01998984457531061,0.03605489824033522,0.022002866490287508,7519.7974853515625,6882.9837890625,1.0925200052484505,54.86156479430458,332.91629781039774,342.55855238126776
2018-08-02,7634.18994140625,7712.77001953125,7523.43994140625,7567.14990234375,4214110000,-0.007575204523413981,0.03623405948416232,0.020414946693126507,7586.252490234375,6907.3287890625,1.0982903408690963,51.94711577657303,288.4291725450739,331.732676414029
2018-08-03,7562.14013671875,7562.14013671875,7328.64990234375,7434.39013671875,4627150000,-0.017544223034868245,0.036760560887224826,0.017548858233078227,7644.165991210937,6922.50958984375,1.1042478008879835,51.546214866983924,239.6971231077514,313.3255657527735
2018-08-04,7438.669921875,7497.490234375,6984.06982421875,7032.85009765625,4268390000,-0.05401116052267385,0.039348575437327,0.020562416344905767,7677.826489257813,6934.034990234375,1.1072667645996832,43.40941677724128,166.75346911727866,284.01114642567455
2018-08-05,7031.080078125,7102.77001953125,6940.7001953125,7068.47998046875,3679110000,0.005066208196926381,0.03721642402999843,0.022013688187039762,7694.16298828125,6944.40138671875,1.107966340050048,44.10079510195993,110.54582795229726,249.3180827309991
2018-08-06,7062.93994140625,7166.5498046875,6890.5400390625,6951.7998046875,3925900000,-0.01650710988835713,0.0318695060643812,0.02202215439573157,7675.7009765625,6953.451982421875,1.103869128019644,36.39545713581333,55.940900912569305,210.64264636731312
2018-08-07,6958.31982421875,7146.56005859375,6748.240234375,6753.1201171875,4682800000,-0.02857960428694062,0.03232758755746194,0.02150647763649456,7644.8179931640625,6953.81798828125,1.0993698722122585,13.290303702982285,-3.327331381247859,167.84865081760094
2018-08-08,6746.85009765625,6746.85009765625,6226.22021484375,6305.7998046875,5064430000,-0.06623905761153515,0.03490195828216882,0.028646213258976906,7586.764990234375,6944.535185546875,1.0924798834663727,12.194975522061839,-85.40830796463342,117.19725906115407
2018-08-09,6305.56005859375,6625.72998046875,6249.06982421875,6568.22998046875,4267040000,0.04161727043509522,0.03654677174583689,0.039996342527875595,7547.469995117188,6940.3687890625,1.0874739116185632,22.478640864409925,-127.80885119387312,68.19603701014863
2018-08-10,6571.419921875,6591.259765625,6124.52001953125,6184.7099609375,4528680000,-0.058390163053316124,0.03825739758379836,0.042826527954988466,7485.740991210938,6929.46818359375,1.0802764069159336,13.099824581835122,-190.16632738414773,16.52356413128934
2018-08-11,6185.7900390625,6455.740234375,6109.02978515625,6295.72998046875,4047850000,0.01795072367701156,0.03867349719461842,0.04720784446144034,7429.602978515625,6933.708984375,1.0715192972849183,15.73394386141365,-227.99846466660892,-32.38084162829033
2018-08-12,6283.64990234375,6409.85009765625,6237.5,6322.68994140625,5665250000,0.004282261313801161,0.03719979795897777,0.04777753345587679,7360.181982421875,6936.91318359375,1.061016879932876,15.753744736094205,-252.89010284893448,-76.48269387241918
2018-08-13,6341.35986328125,6537.0498046875,6225.72021484375,6297.56982421875,4083980000,-0.0039730110791915685,0.028571399932647158,0.03707194733632666,7253.846997070313,6939.39998046875,1.0453132860890837,15.827280751193683,-271.5140439975403,-115.4889638974434
2018-08-14,6287.66015625,6287.93994140625,5971.0498046875,6199.7099609375,5301700000,-0.015539305797755087,0.028363271710090038,0.029100746091078794,7154.76298828125,6938.410576171875,1.0311818405287776,17.77716287222384,-290.8177583403685,-150.55472278602844
2018-08-15,6221.419921875,6588.490234375,6221.419921875,6308.52001953125,4895450000,0.017550830487124358,0.02894780961044127,0.014349790973054095,7072.6099853515625,6942.707578125,1.0187106263319887,22.644623537316704,-293.9475840875475,-179.23329504633227
2018-08-16,6294.22998046875,6473.5,6276.41015625,6334.72998046875,4328420000,0.0041546925200131035,0.02780468980604143,0.012170655165922254,6981.09599609375,6946.259580078125,1.0050151330531234,24.04929161856593,-290.95907368778535,-201.57845077462292
2018-08-17,6340.91015625,6582.5,6324.97021484375,6580.6298828125,4992990000,0.03881774015655104,0.029903594413482795,0.02093433406052024,6900.519970703125,6959.80337890625,0.9914820283022936,32.84023279563803,-265.68592900917156,-214.3999464215327
2018-08-18,6583.43017578125,6617.35009765625,6353.72998046875,6423.759765625,3984520000,-0.023838161388960444,0.029864340766938533,0.025260686338495583,6810.7849609375,6963.912578125,0.9780112665876214,36.42247999155362,-255.37112756545594,-222.59418265031735
2018-08-19,6422.56982421875,6537.97998046875,6361.5498046875,6506.06982421875,3311170000,0.012813377460690445,0.030336061102901612,0.02277350852754981,6727.064453125,6965.953974609375,0.9657061297913943,37.71864202780552,-237.81347369223204,-225.63804085870032
2018-08-20,6500.509765625,6536.919921875,6297.93017578125,6308.52978515625,3665100000,-0.030362422230262642,0.02938337303608601,0.02818640229002119,6653.4689453125,6964.408173828125,0.9553531009735877,36.43205289845057,-237.10553150393207,-227.9315389877467
2018-08-21,6301.06982421875,6500.8701171875,6298.240234375,6488.759765625,3377180000,0.028569252521058797,0.030500732262856236,0.030992493545659548,6596.66142578125,6961.899765625,0.9475375469139692,44.380334898451395,-219.47149843603802,-226.239530877405
2018-08-22,6486.25,6816.7900390625,6310.10986328125,6376.7099609375,4668110000,-0.017268292976586608,0.03057745216963379,0.025434607078338247,6537.139428710938,6958.84216796875,0.9394004449189994,51.75796059913792,-212.09300669455024,-223.4102260408341
2018-08-23,6371.33984375,6546.5400390625,6371.33984375,6534.8798828125,3426180000,0.024804314896540447,0.03134363738803804,0.02620516534549531,6492.163916015625,6957.58876953125,0.9331054379710081,49.12813385336473,-191.27757930947973,-216.98369669456324
2018-08-24,6551.52001953125,6719.9599609375,6498.64013671875,6719.9599609375,4097820000,0.028321879123101024,0.03008100514968816,0.02837945782607011,6476.5194091796875,6959.205166015625,0.9306406773013288,65.61287757033253,-158.02517197626912,-205.1919917509044
2018-08-25,6719.9501953125,6789.6298828125,6700.9599609375,6763.18994140625,3312600000,0.0064330711373343785,0.030099062842044395,0.019804854971682908,6461.254907226563,6960.99896484375,0.9282079971364563,64.19694611389374,-126.72331401611518,-189.4982562039466
2018-08-26,6754.64013671875,6774.75,6620.75,6707.259765625,3295500000,-0.008269792252739938,0.0299427306480007,0.01996160407070954,6449.027905273438,6958.005556640625,0.9268500654068282,61.47757163654699,-105.2165923948578,-172.64192344212884
2018-08-27,6710.7998046875,6884.64013671875,6689.7099609375,6884.64013671875,4019000000,0.026446026737003914,0.02983758364449358,0.015952958126875902,6455.60390625,6960.22076171875,0.9274998778423603,66.06149729191335,-73.01754635899397,-152.71704802550187
2018-08-28,6891.080078125,7109.56005859375,6882.33984375,7096.27978515625,4659940000,0.03074084399978072,0.025886479191888127,0.017000682680224626,6495.127905273437,6967.311357421875,0.932228742491112,73.09139977640199,-30.07532998120314,-128.1887044166421
2018-08-29,7091.7099609375,7113.2998046875,6970.81982421875,7047.16015625,4145880000,-0.006921884479385465,0.024640856640060323,0.018255264993748684,6519.0744140625,6981.655556640625,0.9337433451385124,69.62735741464107,-0.006779483792342944,-102.55231943007215
2018-08-30,7043.759765625,7072.68994140625,6834.68994140625,6978.22998046875,4463250000,-0.009781269937524706,0.020174753214811766,0.02030283003347495,6558.750415039062,6993.32595703125,0.9378585318827795,66.71967176926414,18.05257549241196,-78.43134044557533
2018-08-31,6973.97021484375,7057.169921875,6920.16015625,7037.580078125,4495650000,0.008505036065358018,0.0199961109196312,0.018576420623673377,6595.842919921875,7009.501357421875,0.9409860393190445,63.14714830478472,36.73039611540844,-55.398993133378575
2018-09-01,7044.81005859375,7242.2900390625,7038.0498046875,7193.25,4116050000,0.022119808250405715,0.020321218615377022,0.017686565415690053,6639.370922851563,7028.605361328125,0.9446213838355249,72.15469864910992,63.36354959253731,-31.646484588195392
2018-09-02,7189.580078125,7306.31005859375,7132.16015625,7272.72021484375,4329540000,0.011047887233691212,0.02018443055324092,0.013252991527737689,6688.128442382813,7048.53736328125,0.9488675589951532,72.10908972113906,89.8473929237789,-7.3477090858005285
2018-09-03,7279.02978515625,7317.93994140625,7208.14990234375,7260.06005859375,4087760000,-0.0017407731737240084,0.019585388412274942,0.012253245468136305,6741.145947265625,7066.54576171875,0.9539520686024708,80.71612222303484,108.56301392239402,15.83443551583839
2018-09-04,7263.0,7388.259765625,7255.43994140625,7361.66015625,4273640000,0.01399438804035591,0.019511137312241123,0.00867381675136354,6793.802954101562,7078.94396484375,0.9597198378517633,79.68482970203253,130.09391545496146,38.68633150366301
2018-09-05,7361.4599609375,7388.43017578125,6792.830078125,6792.830078125,5800460000,-0.07726926617796492,0.0272860652731961,0.04055211447888981,6816.707958984375,7068.379765625,0.9643946965237271,60.796757731932644,100.1035455044539,50.9697743038212
2018-09-06,6755.14013671875,6755.14013671875,6404.72021484375,6529.169921875,5523470000,-0.03881447838641905,0.027571429150287072,0.038975387505943336,6814.1349609375,7051.547568359375,0.9663318434541722,49.85953706568678,54.43331684177883,51.66248281141273
2018-09-07,6528.919921875,6555.2900390625,6396.8701171875,6467.06982421875,4264680000,-0.009511178051622271,0.027102248761047738,0.036045764367742844,6816.300463867187,7031.551767578125,0.969387795066312,43.37835139144129,13.077622037395486,43.94551065660929
2018-09-08,6460.169921875,6534.25,6197.52001953125,6225.97998046875,3835060000,-0.03727961044229555,0.028215000395531518,0.03435155917589866,6802.295971679688,7008.98876953125,0.9705103254338092,37.2543858714213,-38.704834253921035,27.41544167450322
2018-09-09,6223.3798828125,6446.259765625,6201.22021484375,6300.85986328125,3671890000,0.012027003467310005,0.027541520741709406,0.033730507209392774,6801.9124755859375,6986.620166015625,0.973562654611146,40.44385689718558,-72.86073006862262,7.360207325878048
2018-09-10,6301.56982421875,6374.97998046875,6292.759765625,6329.7001953125,3714100000,0.0045772057555697465,0.026757096315889635,0.023452963716930862,6793.959497070313,6964.844365234375,0.9754646537376989,35.97106317383252,-96.49007233062912,-13.409848605423393
2018-09-11,6331.8798828125,6398.919921875,6260.2099609375,6321.2001953125,3849910000,-0.0013428756082783933,0.026479624510244475,0.019031641399866125,6791.184008789062,6937.046171875,0.9789734478520109,28.163089781590045,-114.58155048324716,-33.644188980988154
2018-09-12,6317.009765625,6363.8701171875,6265.08984375,6351.7998046875,4064230000,0.004840791057003857,0.025860630033576942,0.019503796740232508,6782.030004882812,6895.59677734375,0.9835305375114053,30.20248241562028,-125.00901837365745,-51.917154859522014
2018-09-13,6354.240234375,6535.41015625,6354.240234375,6517.31005859375,4210910000,0.026057221416850407,0.025729678350062166,0.010531831982048047,6771.897509765625,6862.31517578125,0.9868240289611396,37.561267049224995,-118.55098560623719,-65.24392100886506
2018-09-14,6515.41015625,6596.10009765625,6456.169921875,6512.7099609375,4076220000,-0.000705827652036306,0.025667552307310517,0.011204887165103445,6759.373510742187,6833.5377734375,0.989147017964312,35.40414401114947,-112.50722429704183,-74.69658166650042
2018-09-15,6509.39990234375,6561.72021484375,6493.5498046875,6543.2001953125,3216300000,0.004681650888474609,0.025652840268108462,0.011200070887799979,6751.1705322265625,6801.10158203125,0.9926583878798978,30.57036893038385,-104.05768065617485,-80.56880146443531
2018-09-16,6536.68017578125,6544.330078125,6460.10009765625,6517.18017578125,3273730000,-0.0039766503781880624,0.024833845618551207,0.011722996947040711,6732.797534179687,6767.602177734375,0.9948571676288545,26.671947346774843,-98.32749638678433,-84.12054044890512
2018-09-17,6514.06005859375,6540.2099609375,6257.52001953125,6281.2001953125,3910780000,-0.036208908470212964,0.024637644158785735,0.022403565160599367,6692.0435546875,6728.856982421875,0.9945290221161566,23.439531661424894,-111.54210829815656,-89.60485401875542
2018-09-18,6280.91015625,6384.18017578125,6265.7099609375,6371.2998046875,4180090000,0.014344330155602991,0.025041591924811524,0.01910141005926821,6658.250537109375,6692.67337890625,0.9948566380207097,22.95870888126757,-113.43686836696088,-94.37125688839652
2018-09-19,6371.85009765625,6448.4599609375,6208.33984375,6398.5400390625,4431340000,0.004275459515334479,0.025089332369942707,0.019466903499767388,6629.266040039062,6665.035380859375,0.9946332856802178,34.712822807882404,-111.45562900531058,-97.78813131177934
2018-09-20,6398.85009765625,6529.259765625,6395.9501953125,6519.669921875,4348110000,0.018930862676956428,0.025468686590170375,0.02183991287617284,6603.370532226562,6642.930576171875,0.9940447903991028,49.58590510892977,-98.97044366564933,-98.02459378255335
2018-09-21,6513.8701171875,6794.330078125,6496.35986328125,6734.9501953125,6531940000,0.033020118505568075,0.02615317058714078,0.02620917150927758,6580.455541992187,6626.28658203125,0.9930834503651949,60.3010289781981,-70.88737987376862,-92.59715100079642
2018-09-22,6735.0498046875,6814.56005859375,6616.7998046875,6721.97998046875,4509660000,-0.0019258070910126435,0.025947723036003453,0.013546472534002315,6552.918530273438,6612.03837890625,0.9910587559773675,73.1312939941997,-49.11180709019209,-83.90008221867555
2018-09-23,6715.31982421875,6766.14990234375,6679.419921875,6710.6298828125,4197500000,-0.001688505126350992,0.025947922920288507,0.015165239132195174,6525.447021484375,6605.593974609375,0.9878668060082001,70.31358395844377,-32.39691532439883,-73.59944883982021
2018-09-24,6704.77001953125,6713.56005859375,6580.89990234375,6595.41015625,4177310000,-0.01716973347876105,0.025770949798171967,0.019721750331410926,6487.134521484375,6596.132578125,0.9834754599987727,62.13298313519491,-28.12332399486695,-64.50422387082956
2018-09-25,6603.64013671875,6603.64013671875,6381.85986328125,6446.47021484375,4726180000,-0.022582362260686772,0.019963936963226892,0.021680876945813544,6469.8165283203125,6586.025986328125,0.9823551473606312,55.0698947616377,-36.335823833902396,-58.87054386344413
2018-09-26,6452.7900390625,6585.91015625,6397.89013671875,6495.0,4437300000,0.00752811748738158,0.018122216206833026,0.012360406098381588,6468.1080322265625,6580.863583984375,0.9828661466206013,55.71265060100153,-38.48471322781097,-54.7933777363175
2018-09-27,6495.2900390625,6712.10009765625,6464.9501953125,6676.75,4606810000,0.027983063895304028,0.01901534634350155,0.02025034998066335,6478.592041015625,6588.282587890625,0.983350661509782,56.27914024662509,-25.231168312859154,-48.880935851625836
2018-09-28,6678.75,6785.02978515625,6598.31982421875,6644.1298828125,5014430000,-0.004885628065675718,0.01676005301927777,0.020320542913240813,6499.499536132813,6589.8005859375,0.9862968463723488,55.06388272400722,-17.161976733570555,-42.53714402801479
2018-09-29,6643.10009765625,6643.10009765625,6511.64990234375,6601.9599609375,4363690000,-0.006346944237813346,0.01676522200066652,0.018796709254850438,6514.554541015625,6598.1455859375,0.9873311305679536,52.24393853167284,-14.008364825838726,-36.83138818757958
2018-09-30,6604.7099609375,6643.77978515625,6566.5400390625,6625.56005859375,4002280000,0.003574710812529469,0.016760089004393932,0.013797595372215603,6529.3475341796875,6604.7421875,0.9885847696730687,54.14651278353366,-9.495317908908874,-31.364174131845438
2018-10-01,6619.85009765625,6653.2998046875,6549.080078125,6589.6201171875,4000970000,-0.005424438249508223,0.016833011684386626,0.0145344544183726,6542.768530273437,6610.080791015625,0.9898167264712289,63.932454799877185,-8.71825005973642,-26.834989317423638
2018-10-02,6593.240234375,6611.83984375,6537.89990234375,6556.10009765625,3979260000,-0.005086790882500303,0.01689778910759852,0.0040684278640252735,6552.983544921875,6615.251396484375,0.9905872282351067,58.7978333123347,-10.684044611164609,-23.60480037617183
2018-10-03,6553.85986328125,6571.4599609375,6454.02978515625,6502.58984375,3887310000,-0.008161903129785819,0.016013076495356073,0.004555166055305273,6552.247534179687,6621.308994140625,0.989569817686797,54.832646477987815,-16.371065784202983,-22.158053457778063
2018-10-04,6497.91015625,6603.31005859375,6497.91015625,6576.68994140625,3838410000,0.011395474639611658,0.01621204682521068,0.008090266855073754,6555.446533203125,6626.672392578125,0.9892516401663717,52.76930512322752,-14.72902540278028,-20.672247846778507
2018-10-05,6574.14990234375,6623.6201171875,6557.41015625,6622.47998046875,3671500000,0.0069624749639192185,0.01625014479495723,0.008663568352137252,6559.4105224609375,6632.427392578125,0.9889909280878226,43.461111984833934,-9.621907739970993,-18.462179825417007
2018-10-06,6622.4501953125,6628.5400390625,6577.7998046875,6588.31005859375,3259740000,-0.005159686699812593,0.016270311500550874,0.008623323927703047,6562.967016601562,6632.58099609375,0.9895042398225988,42.41554636236798,-8.236759089978477,-16.4170956783293
2018-10-07,6590.68017578125,6641.490234375,6557.0400390625,6602.9501953125,3306630000,0.002222138391870798,0.013761781462922992,0.008154334266717758,6579.054516601563,6636.1648046875,0.9913940823100721,43.91296283210854,-5.889788312010751,-14.31163420506559
2018-10-08,6600.18994140625,6675.06005859375,6576.0400390625,6652.22998046875,3979460000,0.007463298025666587,0.013536630003298652,0.0063415543097265804,6593.101025390625,6639.0880078125,0.993073298265099,53.47071809955912,-0.052722497074682906,-11.459851863467408
2018-10-09,6653.080078125,6661.41015625,6606.93994140625,6642.64013671875,3580810000,-0.0014415983479458827,0.013551877640559859,0.0054228315153375195,6605.3060302734375,6645.77021484375,0.9939112874411556,64.44103687792142,3.756076261279304,-8.416666238518065
2018-10-10,6640.2900390625,6640.2900390625,6538.9599609375,6585.52978515625,3787650000,-0.008597538085317824,0.013128903513007925,0.006268521827413049,6608.5990234375,6647.705615234375,0.9941172798465602,56.58120325572646,2.1415620455036333,-6.305020581713725
2018-10-11,6586.740234375,6586.740234375,6243.740234375,6256.240234375,5181640000,-0.05000198336714945,0.015281891114411325,0.023074303641904416,6584.663525390625,6645.296220703125,0.9908758476223225,24.82972440254484,-25.41588831528952,-10.127194128428886
2018-10-12,6239.25,6328.5,6236.47021484375,6274.580078125,3783500000,0.002931448132255543,0.015347803135443185,0.023170757054831057,6562.293530273438,6640.090224609375,0.9882837895714718,27.4952869742077,-45.25383609610708,-17.152522521964528
2018-10-13,6278.080078125,6308.509765625,6259.81005859375,6285.990234375,3064030000,0.001818473285531752,0.015387458398154493,0.0222298848236944,6541.061547851563,6631.410830078125,0.9863755564929314,30.009255403413263,-59.370462649943875,-25.5961105475604
2018-10-14,6288.490234375,6363.2099609375,6280.14990234375,6290.93017578125,3085320000,0.0007858652689651802,0.01504639246808034,0.022491564139601274,6525.837548828125,6621.965634765625,0.9854834514040933,28.316684574681474,-69.35984183040455,-34.348856804129234
2018-10-15,6292.64013671875,6965.06005859375,6258.68017578125,6596.5400390625,7370770000,0.04857943972383971,0.018091406667911713,0.03489016468980626,6533.341040039062,6619.751240234375,0.9869466091610637,50.33227327249315,-52.01671857482597,-37.882429158268586
2018-10-16,6601.41015625,6673.58984375,6571.3701171875,6596.10986328125,4074800000,-6.521233536105342e-05,0.018033560988667884,0.021143576032021858,6538.396533203125,6613.980634765625,0.9885720709302956,51.98419809241898,-37.87033439333027,-37.880010205280925
2018-10-17,6590.52001953125,6601.2099609375,6517.4501953125,6544.43017578125,4088420000,-0.007834873671174969,0.016951303979348128,0.022641666722821408,6531.780541992188,6602.943642578125,0.9892225188585508,52.0787554007273,-30.478010354150683,-36.39961023505488
2018-10-18,6542.330078125,6567.5400390625,6450.0400390625,6476.7099609375,3924080000,-0.010347763368972918,0.01706314530851077,0.02416291602909533,6523.4095458984375,6591.534638671875,0.9896647599522949,45.000998535643824,-29.741158112282392,-35.067919810500385
2018-10-19,6478.06982421875,6493.68017578125,6445.31005859375,6465.41015625,3578870000,-0.001744682833668909,0.017020161782108,0.024331200806033453,6516.582055664063,6581.2782421875,0.9901696624663702,41.86595986675183,-29.72633056878749,-33.999601962157804
2018-10-20,6460.919921875,6497.72021484375,6449.0,6489.18994140625,3379130000,0.003678001021058641,0.01702160876345866,0.005740307678068505,6509.7635498046875,6570.310439453125,0.9907847749042621,44.81111240621568,-27.47898902743509,-32.69547937521326
2018-10-21,6490.08984375,6556.3798828125,6476.0,6482.35009765625,3253610000,-0.0010540366073054086,0.016988509037830696,0.005618336787221512,6504.400048828125,6556.09244140625,0.992115365510765,43.63466176384935,-25.950729041653176,-31.346529308501243
2018-10-22,6486.0498046875,6543.7998046875,6462.97998046875,6487.16015625,3672860000,0.0007420238835125215,0.016958956017604717,0.005245931650803802,6500.953051757812,6540.381240234375,0.9939715764221797,40.858393702661125,-24.07393117024094,-29.892009680849185
2018-10-23,6472.35986328125,6506.009765625,6451.27001953125,6475.740234375,3716150000,-0.0017603884596555375,0.016864730757058848,0.0023091286791316144,6499.610571289062,6524.69484375,0.9961554872585396,40.77574114183906,-23.240149612239293,-28.561637667127204
2018-10-24,6478.89013671875,6521.990234375,6468.85986328125,6495.83984375,3424670000,0.0031038319400622516,0.0166687828457072,0.0024231320038047995,6495.56806640625,6507.3784375,0.9981850800276668,44.83155457136667,-20.718669300732472,-26.993043993848257
2018-10-25,6484.64990234375,6504.64990234375,6447.02978515625,6476.2900390625,3230550000,-0.003009588468581126,0.016583177842262594,0.0023806162026767143,6488.258569335938,6501.04763671875,0.9980327682402175,69.72024385675954,-20.066568925594765,-25.60774898019756
2018-10-26,6468.43994140625,6498.2900390625,6449.60986328125,6474.75,3306050000,-0.00023779649354971344,0.01655445477612904,0.0023519937875273286,6482.58056640625,6499.95923828125,0.9973263414064739,68.49558576182605,-19.449837344055595,-24.376166652969168
2018-10-27,6480.83984375,6507.41015625,6453.52978515625,6480.3798828125,3393250000,0.000869513542993916,0.01654448263329455,0.002365848459482193,6476.45205078125,6500.225439453125,0.9963426824356612,68.15542587792345,-18.29588505620177,-23.16011033361569
2018-10-28,6482.66015625,6502.27978515625,6447.91015625,6486.39013671875,3445190000,0.0009274539479067201,0.016436742513825424,0.0022258375603619895,6468.16005859375,6505.433642578125,0.9942703921010864,68.21896510605451,-16.703840814758223,-21.8688564298442
2018-10-29,6492.35009765625,6503.60009765625,6306.990234375,6332.6298828125,4199910000,-0.02370505792364075,0.017195140653639498,0.010560546591491405,6452.6595458984375,6506.06904296875,0.9917908192001077,15.687571578394056,-27.53193078454933,-23.00147130078523
2018-10-30,6337.0400390625,6364.990234375,6310.14013671875,6334.27001953125,3781100000,0.0002589977227631657,0.01713690690736322,0.010815064019474458,6440.0965576171875,6506.160439453125,0.9898459494734669,16.06351794004628,-35.57088574303543,-25.515354189235275
2018-10-31,6336.990234375,6349.16015625,6316.8798828125,6317.60986328125,4191240000,-0.002630161991615365,0.012866042055546555,0.01063760294826388,6443.1650390625,6506.0886328125,0.9903285065265398,17.667284744611294,-42.792861371463005,-28.970855625680827
2018-11-01,6318.14013671875,6547.14013671875,6311.830078125,6377.77978515625,3789400000,0.009524159164166601,0.013013465440369788,0.01236586733626427,6448.325024414063,6506.608232421875,0.991042459308155,35.587493402267484,-43.16355664191451,-31.809395828927563
2018-11-02,6378.919921875,6396.85986328125,6327.3798828125,6388.43994140625,4234870000,0.0016714525444749828,0.01301295779511888,0.012431124756071546,6453.447509765625,6504.030830078125,0.9922227735947106,38.765762568363265,-42.111712191263905,-33.86985910139483
2018-11-03,6387.240234375,6400.06982421875,6342.3701171875,6361.259765625,3658640000,-0.004254587353178851,0.013063741220068693,0.005348200225751359,6456.9639892578125,6501.001826171875,0.9932259922252638,31.511388799896125,-42.9759311346852,-35.6910735080529
2018-11-04,6365.47021484375,6388.6298828125,6294.56982421875,6376.1298828125,4390020000,0.0023376057157507013,0.006648819259923582,0.0053653192347234485,6445.9434814453125,6497.660419921875,0.9920406830867927,34.997165489873694,-41.97705137306184,-36.94826908105469
2018-11-05,6363.6201171875,6480.58984375,6363.6201171875,6419.66015625,4174800000,0.006827068180471185,0.00691021046925045,0.005286762528401975,6437.12099609375,6495.71001953125,0.9909803511453968,41.406106240022275,-37.243581868398905,-37.00733163852353
2018-11-06,6433.3798828125,6463.5498046875,6408.16015625,6461.009765625,4700040000,0.006441090083988854,0.0069403886637761,0.004487159316864317,6432.949975585938,6499.3062109375,0.9897902586525478,48.257369556879254,-29.81205051879897,-35.56827541457862
2018-11-07,6468.5,6552.16015625,6468.31005859375,6530.14013671875,4941260000,0.01069962337180641,0.006983015530486994,0.005676636319593801,6435.621484375,6502.483017578125,0.9897175382046552,53.63596179307932,-18.135213727439805,-32.08166307715086
2018-11-08,6522.27001953125,6536.919921875,6438.52978515625,6453.72021484375,4665260000,-0.011702646539741735,0.007483615761138884,0.00869406076554104,6435.0369873046875,6503.58662109375,0.9894597184933728,47.86493519930752,-14.876201875284096,-28.640570836777503
2018-11-09,6442.60009765625,6456.4599609375,6373.3701171875,6385.6201171875,4346820000,-0.01055206847976109,0.0077797550641291536,0.010610014225937006,6429.85849609375,6500.905625,0.9890711951527137,42.51149502620637,-17.585802067505938,-26.42961708292319
2018-11-10,6386.1298828125,6437.27978515625,6385.31005859375,6409.22021484375,3705320000,0.003695819234960096,0.007843036345533516,0.010216708112183458,6426.202001953125,6494.391025390625,0.9895003206350054,44.19655763700122,-17.625671327435157,-24.668827931825586
2018-11-11,6413.6298828125,6423.25,6350.169921875,6411.27001953125,3939060000,0.0003198212292272462,0.007839978230448338,0.009554746544789104,6422.407495117188,6488.176826171875,0.9898632030512196,43.83372879725527,-17.29252839273886,-23.193568024008243
2018-11-12,6411.759765625,6434.2099609375,6360.47021484375,6371.27001953125,4295770000,-0.006239013468180898,0.007939435495239178,0.006729587302925234,6417.183984375,6481.38962890625,0.9900938458868603,53.900200985905364,-20.025336311140563,-22.55992168143471
2018-11-13,6373.18994140625,6395.27001953125,6342.669921875,6359.490234375,4503800000,-0.0018488912132336166,0.007888909616461088,0.005582942348031649,6410.36650390625,6476.67123046875,0.9897625301326741,52.494578682752724,-22.877914136446634,-22.623520172437097
2018-11-14,6351.240234375,6371.5498046875,5544.08984375,5738.35009765625,7398940000,-0.09767137204823373,0.023021715305519188,0.04337467137308208,6373.469506835938,6462.508828125,0.9862221741343609,23.90675863525189,-74.40176334772514,-32.97916880749471
2018-11-15,5736.14990234375,5774.81982421875,5358.3798828125,5648.02978515625,7032140000,-0.015739770310788437,0.023086754816882375,0.04151205339107308,6332.13349609375,6445.569423828125,0.9824009454750386,17.997094631749704,-121.12660730685548,-50.60865650736687
2018-11-16,5645.31982421875,5657.02001953125,5498.93994140625,5575.5498046875,5279320000,-0.012832790057027754,0.023058640527192188,0.03995451471375659,6286.8919921875,6423.545419921875,0.9787261677467773,16.184547011185842,-162.13590962200033,-72.91410713029357
2018-11-17,5578.580078125,5578.580078125,5519.56005859375,5554.330078125,4303150000,-0.0038058536477711957,0.022994779333849913,0.040282032269635726,6240.288989257812,6401.749423828125,0.9747787012766641,16.265205839172893,-194.11074392944192,-97.15343449012326
2018-11-18,5559.740234375,5653.60986328125,5559.740234375,5623.5400390625,4159680000,0.01246054158899823,0.023071958347983274,0.04288479136977371,6204.834497070313,6382.181025390625,0.9722122378517997,19.90435338168514,-211.42914151521381,-120.00857589514139
2018-11-19,5620.77978515625,5620.77978515625,4842.91015625,4871.490234375,7039560000,-0.1337324531280254,0.03669644614324296,0.05861922679419103,6131.6955078125,6347.09962890625,0.9660625902084873,10.482675278757952,-282.58081473732454,-152.52302366357804
2018-11-20,4863.93017578125,4951.60986328125,4272.10986328125,4451.8701171875,8428290000,-0.08613793664749825,0.04012296242541093,0.06244797419672574,6038.408520507813,6304.34462890625,0.9578170096889872,7.016765341626794,-368.5801029373624,-195.73443951833494
2018-11-21,4465.5400390625,4675.72998046875,4343.97998046875,4602.169921875,6120120000,0.033761048892067214,0.041299958122489835,0.07126647251746512,5949.62802734375,6265.266025390625,0.9496209743101537,10.13773011133216,-419.7683915757034,-240.54122992980865
2018-11-22,4611.56982421875,4629.64013671875,4365.64013671875,4365.93994140625,4569370000,-0.051330130021037146,0.041849428315113596,0.06912102644872048,5848.50302734375,6222.53302734375,0.9398910382064031,9.50931713721424,-473.9340475936024,-287.2197934625674
2018-11-23,4360.7001953125,4396.419921875,4195.68017578125,4347.10986328125,4871490000,-0.004312949417012546,0.04184842399537483,0.06597055935455133,5747.7955322265625,6177.94142578125,0.9303739119701525,9.694590293998331,-512.4726840666408,-332.2703715833821
2018-11-24,4347.68994140625,4413.08984375,3795.159912109375,3880.760009765625,4679500000,-0.10727813839138145,0.04601926836541933,0.0579889654500439,5623.027038574219,6123.107026367187,0.9183290467340298,7.455953368126373,-574.0283256396315,-380.621962394632
2018-11-25,3880.780029296875,4120.8701171875,3585.06005859375,4009.969970703125,6825640000,0.03329501453641903,0.04729854831654508,0.06035793984013239,5502.542529296875,6071.540224609375,0.9062844559595901,11.253599289088456,-605.4066994965888,-425.57890981502345
2018-11-26,4015.070068359375,4107.14013671875,3643.919921875,3779.1298828125,6476900000,-0.05756653779882259,0.04742920613919987,0.0537964277647674,5368.44853515625,6015.063818359375,0.8925006778432667,10.600738393414687,-641.5062677973128,-468.76438141148134
2018-11-27,3765.949951171875,3862.9599609375,3661.010009765625,3820.719970703125,5998720000,0.01100520203864308,0.04744146992151337,0.0569054143522049,5232.977526855469,5958.433618164063,0.8782471807528294,11.758480536613817,-659.1610648075039,-506.8437180906859
2018-11-28,3822.469970703125,4385.89990234375,3822.469970703125,4257.419921875,7280280000,0.11429781677810569,0.056788949075121845,0.0853058680962952,5123.162512207031,5910.729213867187,0.8667564232493611,26.380320034166218,-630.6449003797197,-531.6039545484928
2018-11-29,4269.00439453125,4413.0205078125,4145.76513671875,4278.8466796875,6503347767,0.005032803483256965,0.057017589661760085,0.06201405418151169,5017.823840332031,5864.595551757812,0.8556129397240402,27.6719173192226,-599.4070826079023,-545.1645801603747
2018-11-30,4289.0888671875,4322.9765625,3942.822021484375,4017.2685546875,6048016717,-0.061132857655723294,0.05754572591279595,0.07112398641879909,4898.226257324219,5819.816118164063,0.8416462235012038,26.064402669084302,-588.9687899647979,-553.9254221212594
2018-12-01,4024.46435546875,4309.37744140625,3969.710693359375,4214.671875,5375314093,0.04913869153262418,0.05952027664719668,0.06434540052794858,4788.396350097656,5778.617954101563,0.8286404098922885,30.479069012918046,-558.3314720006028,-554.8066320971282
2018-12-02,4200.7333984375,4301.51953125,4110.978515625,4139.8779296875,5262697895,-0.017746089738599147,0.059445675564076025,0.06699028725157341,4676.826745605469,5735.695708007813,0.8153896203168487,28.415830162345486,-533.931592059238,-550.6316240895502
2018-12-03,4147.32373046875,4155.9794921875,3840.4462890625,3894.130859375,5089570994,-0.059360946019741734,0.05993048417959891,0.046374327200284955,4553.558776855469,5687.759721679688,0.8005891598231455,33.32503597189428,-528.3339413942858,-546.1720875504974
2018-12-04,3886.294921875,4075.627685546875,3832.75,3956.893798828125,5028069239,0.016117316474361765,0.05777946189619338,0.04791899750770675,4464.4859619140625,5634.966796875,0.7922825675547805,40.384186154428576,-512.9206878241439,-539.5218076052267
2018-12-05,3958.894775390625,3969.535888671875,3753.994873046875,3753.994873046875,5302481574,-0.05127732410744523,0.05828954183568646,0.045676445557804986,4369.784216308593,5578.124497070313,0.7833787536659764,33.85265731356742,-511.1851961966904,-533.8544853235195
2018-12-06,3754.074462890625,3874.966064453125,3521.101806640625,3521.101806640625,5878333109,-0.06203872788383058,0.0590678776167398,0.033541320966814496,4267.06181640625,5517.6579296875,0.7733465667466488,33.895723408625926,-522.57837248447,-531.5992627557096
2018-12-07,3512.59033203125,3512.59033203125,3280.228759765625,3419.937255859375,6835615448,-0.02873093603554966,0.058948153259689176,0.032483078753323055,4160.342175292969,5456.522475585937,0.762453044756536,32.86414612780678,-533.619447729669,-532.0032997505015
2018-12-08,3421.910400390625,3506.04345703125,3350.650634765625,3476.11474609375,5305024497,0.016426468099122626,0.0590776850509691,0.036861364739318336,4052.970910644531,5396.736567382813,0.7510040299428677,41.18491454654746,-531.7073342679955,-531.9441066540003
2018-12-09,3473.2275390625,3685.3056640625,3469.09423828125,3614.234375,4947372847,0.03973390954986766,0.05436859380800965,0.043809088282092006,3990.108117675781,5339.237456054688,0.7473179738711573,41.412345562849445,-513.1318067796883,-528.1816466791379
2018-12-10,3612.04638671875,3647.33251953125,3470.14453125,3502.656005859375,5020968740,-0.030871924054627797,0.05182219418509,0.040676777093816736,3942.647412109375,5279.64357421875,0.7467639352326515,43.67288663495168,-501.6315134734882,-522.8716200380079
2018-12-11,3497.5546875,3513.18505859375,3392.25,3424.588134765625,4696765188,-0.02228819243544189,0.05080001717443264,0.03158917852192429,3883.7683227539064,5218.392133789062,0.7442461630291305,41.0833814914864,-493.1323501615775,-516.9237660627218
2018-12-12,3421.458251953125,3534.228515625,3413.4814453125,3486.9501953125,4139364829,0.018210090700773618,0.050449075949993046,0.0297492993082632,3839.8188354492186,5158.6163330078125,0.7443505365731186,29.142378938524615,-475.8789683760215,-508.71480652538173
2018-12-13,3487.87939453125,3489.739501953125,3298.132080078125,3313.67724609375,4343372456,-0.04969183369802088,0.05119630682292586,0.0368312494054855,3788.1472045898436,5094.973081054687,0.743506814329562,25.85652328131046,-470.7605829446279,-501.123961809231
2018-12-14,3311.751953125,3329.555908203125,3206.542236328125,3242.48486328125,4372763663,-0.021484404643338006,0.04616031825164194,0.024797922350919377,3756.233447265625,5030.296977539063,0.7467220054874892,28.578608700441777,-467.0648233814745,-494.31213412367975
2018-12-15,3243.99755859375,3275.3779296875,3191.303466796875,3236.76171875,3551763561,-0.00176504895861207,0.045166710742138606,0.025376894239113386,3717.573034667969,4965.537211914063,0.7486748917616022,19.756997118491583,-459.3031563543559,-487.31033856981503
2018-12-16,3236.274658203125,3305.753173828125,3233.81982421875,3252.839111328125,3744248994,0.004967122690864523,0.04382318107472529,0.026433692883053698,3691.25849609375,4900.986396484375,0.7531664439512831,21.533463611629656,-446.7053271518989,-479.1893362862318
2018-12-17,3253.123046875,3597.91796875,3253.123046875,3545.86474609375,5409247918,0.09008303968836118,0.04877967404966997,0.05238281982874646,3677.515734863281,4842.175888671875,0.7594758677533211,39.15272677942676,-408.36930973677863,-465.0253309763412
2018-12-18,3544.761474609375,3701.349365234375,3487.169189453125,3696.05908203125,5911325473,0.04235760433416402,0.04186711509946518,0.04413633407541228,3649.4476928710938,4789.44447265625,0.7619772426022285,42.29552339765154,-361.6988726018826,-444.3600393014495
2018-12-19,3706.824951171875,3949.322998046875,3687.22998046875,3745.95068359375,6810689119,0.013498594166162725,0.04202931208952875,0.037651342108348966,3622.8028930664063,4737.6780859375,0.7646789898663028,49.73878099701321,-317.03183400857233,-418.89439824287405
2018-12-20,3742.195068359375,4191.228515625,3728.974609375,4134.44140625,8927129279,0.10370951341077017,0.046528075065267564,0.044457337753420756,3628.6615356445313,4694.014716796875,0.7730400849958722,68.08900499056394,-247.43267963946982,-384.60205452219327
2018-12-21,4133.70361328125,4198.4296875,3850.9462890625,3896.543701171875,7206015706,-0.05754047081632285,0.04700628994892864,0.06476261146189909,3612.755126953125,4644.389995117188,0.7778750558741498,63.00731167389199,-209.06127671103195,-349.49389895996103
2018-12-22,3898.083740234375,4014.1826171875,3855.739013671875,4014.1826171875,5605823233,0.03019058043163869,0.0474288626390765,0.058004771565521966,3606.470361328125,4596.904848632813,0.7845431828767877,64.20804264103117,-167.2314460540565,-313.04140837878015
2018-12-23,4020.99462890625,4085.7236328125,3976.40576171875,3998.980224609375,6151275490,-0.003787170148421448,0.04538192145948362,0.05850843908107134,3611.7128295898438,4549.6592578125,0.7938424890584826,60.86474884800855,-133.765741715888,-277.18627504620173
2018-12-24,4000.331787109375,4271.79248046875,4000.331787109375,4078.59912109375,7240968501,0.019909800002112288,0.04545060576952655,0.05847689602478795,3617.798095703125,4503.708642578125,0.8032931041542987,66.56288286163026,-99.67041191127191,-241.68310241921577
2018-12-25,4081.030517578125,4089.5615234375,3760.0205078125,3815.49072265625,6158207293,-0.06450950206818629,0.04636150674324654,0.04372466162734984,3620.8728881835937,4451.62525390625,0.8133822327039589,60.16019369852837,-92.81040567859009,-211.90856307109064
2018-12-26,3819.666748046875,3893.359619140625,3769.86376953125,3857.297607421875,5326547918,0.010957144913857908,0.043876431817483,0.037394076312053916,3637.6826782226562,4399.551010742188,0.8268304355014156,59.72989764173568,-83.04306633346641,-186.1354637235658
2018-12-27,3854.6884765625,3874.4169921875,3645.448486328125,3654.83349609375,5130222366,-0.05248858966405945,0.045154061449063365,0.03817809900772646,3649.427490234375,4342.044877929688,0.8404858984263754,58.82757616900115,-90.59521599711297,-167.02741417827525
2018-12-28,3653.1318359375,3956.135986328125,3642.632080078125,3923.918701171875,5631554348,0.0736244771111243,0.04770321601621449,0.056617725438369605,3671.8176879882812,4291.44884765625,0.8556125957306058,65.99440736433607,-74.0142318128751,-148.42477770519523
2018-12-29,3932.49169921875,3963.7587890625,3820.40869140625,3820.40869140625,4991655917,-0.02637924423222937,0.047616376186021186,0.05581583083518898,3682.1264038085938,4240.144619140625,0.8683964191190422,63.09793031686168,-68.43717396534976,-132.42725695722612
2018-12-30,3822.384765625,3901.908935546875,3797.21923828125,3865.95263671875,4770578575,0.011921223353655419,0.046931256169950974,0.0476220958851733,3700.2912353515626,4189.279267578125,0.8832763344255986,63.579607842119394,-59.65463814574878,-117.87273319493065
2018-12-31,3866.839111328125,3868.742919921875,3725.867431640625,3742.700439453125,4661840806,-0.03188145558095512,0.047283027946523955,0.049756855802638805,3716.1968505859377,4135.9078759765625,0.8985202190240943,54.71416371027317,-61.925993189800465,-106.68338519390463
2019-01-01,3746.71337890625,3850.913818359375,3707.231201171875,3843.52001953125,4324200990,0.02693765683605087,0.04744654282805342,0.04304819674263522,3734.025341796875,4085.3528759765627,0.9140031363641492,53.617198798131795,-54.9572479538142,-96.33815774588655
2019-01-02,3849.21630859375,3947.981201171875,3817.409423828125,3943.409423828125,5244856836,0.025989042281366226,0.04576501271580833,0.02849033466161065,3765.5119506835936,4037.031259765625,0.9327428271888599,54.72767461171904,-40.90272586827996,-85.25107137036524
2019-01-03,3931.048583984375,3935.68505859375,3826.222900390625,3836.7412109375,4530215219,-0.02704974336321264,0.04598111269021515,0.028654395575916907,3795.2247680664063,3998.99908203125,0.9490436707323927,41.76033131120051,-37.93436542366817,-75.78773018102582
2019-01-04,3832.0400390625,3865.9345703125,3783.853759765625,3857.717529296875,4847965467,0.005467222626216461,0.04591677046912148,0.028191382949325588,3826.27255859375,3963.1928369140624,0.9654520272026619,48.77873203523056,-33.50310189653101,-67.33080452412686
2019-01-05,3851.973876953125,3904.903076171875,3836.900146484375,3845.194580078125,5137609824,-0.003246206888826486,0.04599891374619159,0.02244596552031291,3855.89033203125,3928.585732421875,0.9814957836376884,44.30812993194672,-30.648494205864154,-59.99434246047432
2019-01-06,3836.51904296875,4093.29736328125,3826.51318359375,4076.632568359375,5597027440,0.06018888861446059,0.04366527561913908,0.03285386081345327,3882.4287231445314,3899.0317822265624,0.9957417482058714,52.282946918239865,-9.600417956207366,-49.91555755962093
2019-01-07,4078.5849609375,4092.613525390625,4020.89404296875,4025.248291015625,5228625637,-0.01260458883210791,0.0431080778478556,0.033354653940123366,3898.88818359375,3867.065947265625,1.0082290389566866,48.405028293823676,2.900615875290896,-39.35232287263857
2019-01-08,4028.47216796875,4109.02099609375,3996.955322265625,4030.847900390625,5306593305,0.0013911214837352137,0.04306959444430894,0.028721623131764264,3913.1330444335936,3850.2531005859373,1.0163313793158395,57.61000566111409,13.10851018486619,-28.860156261137615
2019-01-09,4031.552001953125,4068.403564453125,4022.662841796875,4035.29638671875,5115905225,0.0011036105648376537,0.03619801105325443,0.02896811310857746,3908.1757934570314,3841.9216259765626,1.017245059616131,56.46045596588417,21.311628451478555,-18.82579931861438
2019-01-10,4034.411376953125,4064.066650390625,3659.174560546875,3678.924560546875,6874143796,-0.08831366819666353,0.03926987685911893,0.05313110589447127,3897.2948364257813,3823.45671875,1.0193118748575558,50.78651345076131,-0.9328163442401092,-15.247202723739525
2019-01-11,3674.015380859375,3713.8818359375,3653.06982421875,3687.365478515625,5538712865,0.0022943982214995717,0.03855033915967519,0.03911021377517322,3880.9539794921875,3809.8852294921876,1.0186537771400197,40.693225159860816,-17.676820191306888,-15.733126217252998
2019-01-12,3686.97314453125,3698.978271484375,3653.810791015625,3661.301025390625,4778170883,-0.007068584135981104,0.038558501158961915,0.039421642398209146,3864.07001953125,3796.169052734375,1.01788670785037,43.333962733895106,-32.673112113466686,-19.12112339649574
2019-01-13,3658.8681640625,3674.760009765625,3544.92724609375,3552.953125,4681302466,-0.029592732102399433,0.038552828439379745,0.03799766007013645,3837.7877197265625,3789.6129150390625,1.0127123286118005,37.54205135600197,-52.69313787152032,-25.83552629150066
2019-01-14,3557.31103515625,3727.836181640625,3552.28515625,3706.05224609375,5651384490,0.04309066731460187,0.03747476735877174,0.048270481404453176,3832.3157958984375,3783.534560546875,1.0128930328429486,48.575187836469745,-55.56481633691783,-31.7813843005841
2019-01-15,3704.21630859375,3720.1533203125,3619.94921875,3630.67529296875,5537192302,-0.020338880328643172,0.03761189410159387,0.02817113925207003,3820.9846801757812,3780.56546875,1.010691313709519,41.557991096795334,-63.19446590995585,-38.06400062245846
2019-01-16,3631.509765625,3685.777099609375,3624.67333984375,3655.0068359375,5394457145,0.006701657682214313,0.0357410665811115,0.028419587746778725,3820.9933471679688,3777.2512060546874,1.011580416214618,37.83183894517753,-66.51096894648208,-43.753394287263184
2019-01-17,3651.87109375,3680.135986328125,3621.9609375,3678.56396484375,5464420383,0.006445166852939055,0.031412844748100986,0.02839324314131821,3808.7256103515624,3765.6740869140626,1.0114326206792845,42.82291000627876,-66.47220783504008,-48.29715699681857
2019-01-18,3677.990478515625,3682.52001953125,3637.080810546875,3657.83935546875,5002961727,-0.005633885824214646,0.03093023675008994,0.023481258480280282,3800.5971435546876,3753.2539404296876,1.0126139088578643,40.92871175011274,-67.33756659718574,-52.10523891689201
2019-01-19,3652.3779296875,3758.533447265625,3652.3779296875,3728.568359375,5955691380,0.019336279435154813,0.031145919022044527,0.014977298793923554,3793.7279296875,3747.4799365234376,1.0123410915995368,44.97263422259744,-61.60597481321611,-54.00538609615685
2019-01-20,3725.446044921875,3743.387939453125,3583.01953125,3601.013671875,5582489560,-0.034210097604695955,0.03127020825317855,0.020319811958827656,3786.643591308594,3735.2067724609374,1.0137708089487554,27.480816673028173,-66.58865176522477,-56.52203922997043
2019-01-21,3600.372802734375,3608.8408203125,3558.537109375,3576.032470703125,5004347059,-0.006937269182559769,0.03056071300197043,0.01985844062575863,3773.2692138671873,3723.92986328125,1.0132492695612862,28.185516321371168,-71.72641583233008,-59.56291455044236
2019-01-22,3575.081298828125,3620.74658203125,3539.721435546875,3604.5771484375,5313623556,0.007982219951364833,0.029915529309960526,0.020075139703384787,3756.327600097656,3718.1387890625,1.010270948235578,29.75100299512657,-72.65726619860425,-62.181784880074744
2019-01-23,3605.55712890625,3623.06787109375,3565.31396484375,3585.123046875,5433755649,-0.005397055122244532,0.029427172662417383,0.020070282784511652,3743.746691894531,3710.7033740234374,1.0089048664203157,28.91614068788877,-74.11045602675495,-64.5675191094108
2019-01-24,3584.500244140625,3616.08740234375,3569.0927734375,3600.865478515625,5262869046,0.00439104360848841,0.029411918392285626,0.01656085876818376,3730.904089355469,3707.6407861328125,1.006274422082545,44.63104626505668,-73.14862495181706,-66.28374027789205
2019-01-25,3607.390380859375,3612.927734375,3575.597412109375,3599.765869140625,5265847539,-0.0003053736335224544,0.02941808322933065,0.0063310753949835765,3718.6326538085937,3709.2140673828126,1.0025392404575957,43.91337507701411,-71.64916916003631,-67.3568260543209
2019-01-26,3599.71533203125,3654.93310546875,3593.345947265625,3602.46044921875,5098183235,0.0007485431486600191,0.025446128142168505,0.005044042014506945,3694.9240478515626,3712.86453125,0.9951680210124991,45.77438933946376,-69.44291485357644,-67.77404381417202
2019-01-27,3604.687255859375,3612.67138671875,3567.245849609375,3583.9658203125,5570752966,-0.005133888120898322,0.025396476548571623,0.004151183514752049,3672.8599243164062,3715.021552734375,0.9886510406953262,52.55718168092602,-68.39835079569639,-67.8989052104769
2019-01-28,3584.283203125,3586.7509765625,3439.23291015625,3470.450439453125,6908930483,-0.03167312037855241,0.025995294341056213,0.014534667753309439,3644.840051269531,3712.1458740234375,0.9818687559600247,29.21651522754634,-75.85584978419365,-69.49029412522025
2019-01-29,3468.8701171875,3476.0654296875,3400.81982421875,3448.116943359375,5897159493,-0.006435330653293936,0.025924248749539733,0.013278334119319044,3615.4810791015625,3711.0550927734375,0.9742461345136085,32.233008878280174,-82.61575495036232,-72.11538629024867
2019-01-30,3443.89697265625,3495.1748046875,3429.387939453125,3486.181640625,5955112627,0.01103927096757329,0.017901878653516515,0.015775814033321504,3605.8439331054688,3712.286962890625,0.9713268314520942,33.99731556049245,-83.93398679497022,-74.47910639119299
2019-01-31,3485.4091796875,3504.804931640625,3447.915771484375,3457.792724609375,5831198271,-0.008143269325041613,0.0179058259298065,0.015277187168024687,3594.3652954101562,3711.7038134765626,0.968386885386606,29.263375238661325,-86.27491972523967,-76.83826905800233
2019-02-01,3460.547119140625,3501.9541015625,3431.591552734375,3487.9453125,5422926707,0.008720183739189036,0.018066966024872125,0.017091313221319383,3585.697509765625,3715.1891748046874,0.9651453374387403,34.31988528207199,-84.72045937192297,-78.41470712078646
2019-02-02,3484.6259765625,3523.287353515625,3467.57470703125,3521.060791015625,5071623601,0.009494265405179059,0.017040439468379576,0.00939018995088634,3584.102893066406,3720.760693359375,0.9632715426883355,29.41950455775293,-79.89541141440895,-78.71084797951096
2019-02-03,3516.1396484375,3521.38818359375,3447.92431640625,3464.013427734375,5043937584,-0.01620175471744556,0.013973577096581574,0.012369709124800085,3572.0009521484376,3725.3057275390624,0.9588477331518511,34.203063376019415,-79.75540098107876,-78.91975857982453
2019-02-04,3467.211669921875,3476.223876953125,3442.5869140625,3459.154052734375,5332718886,-0.0014028164443861124,0.013385879726645981,0.011018278769916519,3563.4248901367187,3729.4320263671875,0.9554872873250421,35.867430741454044,-79.1244551887994,-78.96069790161951
2019-02-05,3454.950927734375,3478.148193359375,3451.93701171875,3466.357421875,5227549545,0.0020824077305636735,0.013261099299191158,0.010410741705255607,3553.9924194335936,3727.8418798828125,0.9533645830346528,32.37739617210106,-77.15379350911417,-78.59931702311845
2019-02-06,3469.091796875,3469.091796875,3398.5654296875,3413.767822265625,5482196038,-0.015171430181290635,0.013368846506256846,0.011171752748540695,3540.7526123046873,3722.1960546875,0.9512536578629935,29.854853662526864,-78.92576403080193,-78.66460642465515
2019-02-07,3414.929443359375,3427.945556640625,3394.218505859375,3399.4716796875,5004962683,-0.004187789950119369,0.013361418142878397,0.008263910491104597,3527.834228515625,3715.266474609375,0.9495507933617449,26.24261927952763,-80.5550541434186,-79.04269596840784
2019-02-08,3401.37646484375,3695.614013671875,3391.023681640625,3666.7802734375,7735623101,0.07863239318839477,0.02230032604358369,0.037809392557941135,3524.74482421875,3705.913251953125,0.9511136890106929,54.85566440226669,-59.58979471149905,-75.15211571702609
2019-02-09,3671.5859375,3679.94140625,3646.559326171875,3671.20361328125,6158833645,0.0012063280354683847,0.020850444727185637,0.0375957321351638,3528.2543212890623,3701.4064501953126,0.9532199094489843,54.968478082880196,-42.13207665380969,-68.54810790438282
2019-02-10,3673.201416015625,3695.0361328125,3640.97998046875,3690.188232421875,6282256903,0.005171224791767015,0.020778459239884327,0.03740640442590519,3533.962109375,3694.9265625,0.9564363593153282,57.67189273770441,-26.459797142649222,-60.130445752036096
2019-02-11,3695.613037109375,3695.613037109375,3642.287841796875,3648.4306640625,6277056434,-0.011315836951756086,0.020922413917535534,0.03671038723218148,3536.15478515625,3687.9155712890624,0.9588491701615158,64.34109686108076,-17.210497598270194,-51.54645612128292
2019-02-12,3642.751953125,3668.5869140625,3618.556884765625,3653.528564453125,6480384532,0.0013972858086190865,0.020871493545267975,0.03610230985851453,3539.575061035156,3679.41416015625,0.9619941944466628,67.02429793684851,-9.361094247743495,-43.10938374657504
2019-02-13,3653.60400390625,3669.74658203125,3617.246337890625,3632.070556640625,6438903823,-0.005873228423961097,0.020913643547937205,0.0066137479129447655,3541.1353149414062,3675.7457568359373,0.9633787397715986,62.43337121569936,-4.816347582113849,-35.450776513682804
2019-02-14,3631.170166015625,3646.256591796875,3607.69775390625,3616.880859375,6271044418,-0.004182104127314679,0.0209407407575409,0.006420732129803503,3541.991064453125,3670.937421875,0.964873724990928,63.87032889468618,-2.412475217615338,-28.843116254469308
2019-02-15,3617.368408203125,3647.795166015625,3608.20654296875,3620.810791015625,6091952231,0.0010865526937218206,0.020941140488167722,0.005287242260661407,3542.908581542969,3670.2569677734373,0.9653025966986382,62.13913304939683,-0.188108018056937,-23.112114607186832
2019-02-16,3615.270263671875,3652.84130859375,3615.270263671875,3629.78759765625,5934744052,0.00247922555437019,0.020903352368555488,0.003744266653972256,3545.199670410156,3664.374345703125,0.9674774834528809,60.39210177396931,2.272872032907344,-18.035117279168
2019-02-17,3633.359375,3680.537353515625,3619.18212890625,3673.836181640625,7039512503,0.01213530621263259,0.01957027069041924,0.0070746504702904455,3555.3689575195312,3661.4428955078124,0.9710294708901722,70.56587664025163,7.688935786314687,-12.89030666607146
2019-02-18,3671.369873046875,3936.6650390625,3669.982421875,3915.71435546875,9908216640,0.06583804009467542,0.02392037156740337,0.028765902599768845,3578.748828125,3662.4381298828125,0.9771492926870302,80.55377014307444,31.13979235676834,-4.084286861503498
2019-02-19,3911.66162109375,4010.87939453125,3908.153076171875,3947.094482421875,9933626655,0.008013895832135631,0.023900646313140796,0.027154714925728542,3601.794470214844,3666.5260107421873,0.9823452662444797,81.16330618933233,51.661359143477966,7.064842339492799
2019-02-20,3946.68505859375,4000.486328125,3926.246826171875,3999.820556640625,8693373948,0.013358199164869689,0.023690489246603334,0.02577339323261553,3628.895861816406,3669.652021484375,0.9888937263180929,87.98357027256081,71.35684492096061,19.923242855786366
2019-02-21,4000.2568359375,4010.009521484375,3940.108154296875,3954.1181640625,7775128102,-0.011426110729454764,0.0240641039941195,0.028762699196939828,3652.2045043945313,3669.8661962890624,0.9951873744300568,84.54183976874717,82.32882274698977,32.40435883402705
2019-02-22,3952.406494140625,4006.538330078125,3950.81640625,4005.526611328125,7826525254,0.013001242029855531,0.0240993871819732,0.028724271661361454,3676.4277954101562,3673.241904296875,1.0008673240685713,78.85591642940776,94.08784022450436,44.74105511212252
2019-02-23,3998.916259765625,4166.2861328125,3968.726806640625,4142.52685546875,8922258316,0.03420280463327119,0.024210133394128273,0.01627005646704631,3710.353466796875,3678.9380908203125,1.0085392510558822,82.75177030635545,113.15731396056117,58.42430688181025
2019-02-24,4145.4580078125,4210.6416015625,3793.708984375,3810.427490234375,10794227451,-0.08016830712779921,0.03137950280478827,0.04439093364077036,3727.917138671875,3678.2427490234377,1.0135049242363423,55.82185983656709,100.31598574121972,66.80264265369215
2019-02-25,3807.00244140625,3913.707275390625,3807.00244140625,3882.6962890625,9318796067,0.018966060635805304,0.031514802910733296,0.04507441057797461,3748.73408203125,3674.3640234375,1.020240253311694,61.017373784135934,94.87694632214107,72.41750338738193
2019-02-26,3878.697265625,3891.578857421875,3837.986328125,3854.35791015625,7931218996,-0.007298633937987575,0.03128267357446348,0.044966910318980355,3770.7635864257813,3670.9462158203123,1.0271911830729898,59.24283946996741,87.27376046769632,75.38875480344481
2019-02-27,3857.479736328125,3888.802490234375,3787.058837890625,3851.04736328125,8301309684,-0.0008589100836423613,0.031231338201033347,0.044054811942664494,3793.3423706054687,3667.350205078125,1.0343550952273073,60.2492513569049,80.05818649520916,76.32264114179769
2019-02-28,3848.261962890625,3906.058349609375,3845.8212890625,3854.785400390625,8399767798,0.0009706546704713048,0.026250173061310084,0.03842591605246828,3802.742626953125,3663.7399853515626,1.0379400945911352,61.255829437031224,73.79080601272335,75.81627411598282
2019-03-01,3853.757080078125,3907.79541015625,3851.6923828125,3859.583740234375,7661247975,0.0012447748305945971,0.02625004890707951,0.009776070789422357,3812.1616333007814,3667.3531689453125,1.0394858247036824,61.28764051064647,68.42231786141429,74.33748286506912
2019-03-02,3855.318115234375,3874.607421875,3832.1279296875,3864.4150390625,7578786076,0.0012517668104363722,0.026246336459368063,0.003662870001106261,3820.8729736328123,3670.89416015625,1.040856207488744,61.13531208128189,63.82189864241673,72.23436602053864
2019-03-03,3862.26611328125,3875.483642578125,3836.90576171875,3847.17578125,7253558152,-0.0044610264783262465,0.026098827962050465,0.0024500259948029572,3830.8102294921873,3674.6116552734375,1.0425075052474155,58.44142935714502,58.11505505682135,69.41050382779518
2019-03-04,3845.091552734375,3867.3818359375,3733.749755859375,3761.55712890625,9029175788,-0.022254936403225956,0.026703377004687702,0.010138299625209542,3836.2116577148436,3678.7837353515624,1.0427934702577009,41.145070797026094,46.15162351297249,64.75872776483064
2019-03-05,3759.83251953125,3903.916748046875,3745.18310546875,3896.375,10174126415,0.035840973956695166,0.027683490111782342,0.02107049271336613,3849.4268798828125,3682.5901904296875,1.0453041693009175,47.39605699051287,47.00732215119115,61.208446642102736
2019-03-06,3897.0810546875,3919.510498046875,3871.460693359375,3903.942626953125,9175291529,0.0019422224383240927,0.027623344004510414,0.02106386692934137,3863.7799682617188,3688.055537109375,1.0476469048213066,44.838275173522575,47.745730674247625,58.515903448531716
2019-03-07,3903.384765625,3939.373291015625,3894.113037109375,3911.484375,9584165519,0.0019318286070102442,0.02761898696807109,0.021056278352790756,3878.3136474609373,3693.185087890625,1.0501270732889396,47.606399456112015,48.381765906316105,56.489075940088604
2019-03-08,3913.225830078125,3950.43212890625,3875.228515625,3901.131591796875,10638638944,-0.0026467658337827604,0.027659896105759856,0.0209193705770133,3891.8808471679686,3697.6364404296874,1.0525320457723824,43.85566807658021,47.50286190490897,54.69183313305268
2019-03-09,3894.552490234375,3987.23779296875,3892.390380859375,3963.313720703125,10796103518,0.01593951074016675,0.027731922433349473,0.015741571092281206,3906.3547241210936,3703.745927734375,1.0547037513749375,38.43345704686544,51.233316495701274,54.0001298055824
2019-03-10,3966.17431640625,3966.17431640625,3924.381103515625,3951.599853515625,9713267607,-0.0029555740506511663,0.02364567614331916,0.007696122630359756,3908.1489990234377,3708.2065576171876,1.0539189061611305,65.53668885674182,52.6377423225822,53.72765230898236
2019-03-11,3953.740234375,3966.384765625,3889.239013671875,3905.227294921875,10125901903,-0.01173513521428382,0.023737659120115853,0.010138998323809588,3906.0556396484376,3714.290830078125,1.051628916082018,52.629527456076715,49.43898019288736,52.86991788576335
2019-03-12,3903.75830078125,3926.88916015625,3863.55908203125,3909.15625,9809887079,0.0010060759032475275,0.023524485273209755,0.010105736760523246,3901.522424316406,3720.9533056640626,1.0485276497228493,56.781743250102735,46.68284126339995,51.63250256129067
2019-03-13,3913.04736328125,3926.59765625,3891.904296875,3906.71728515625,9469184841,-0.0006239108103570645,0.023393136146988444,0.010017313289193086,3899.152380371094,3726.9961083984376,1.0461916961986406,56.904503806161316,43.7969136671386,50.065384782460264
2019-03-14,3905.576904296875,3946.50439453125,3901.296875,3924.369140625,10480789570,0.004518334494236109,0.023214825789513376,0.0061052431438777715,3895.0945068359374,3733.7810302734374,1.0432037859892085,58.342255662337315,42.44487437792077,48.54128270155237
2019-03-15,3926.663330078125,3968.54296875,3914.015380859375,3960.9111328125,9394210605,0.009311558336655423,0.02187009957831468,0.00782637029466479,3886.013720703125,3740.981943359375,1.0387683713900828,61.28871343530893,43.816912780209805,47.596408717283865
2019-03-16,3963.900146484375,4077.036376953125,3961.657470703125,4048.725830078125,9856166973,0.02217032756381765,0.012646608670567222,0.009155732469529667,3897.9286376953123,3749.961142578125,1.0394584075651139,67.32951271771013,51.39769464045503,48.356665901918106
2019-03-17,4047.719482421875,4054.1220703125,4006.4111328125,4025.22900390625,8221625400,-0.0058035113164038865,0.012217984098561856,0.010698175292605274,3905.0552734375,3758.416513671875,1.039016101390626,66.54645083478007,54.876934242145126,49.66071956996352
2019-03-18,4029.968505859375,4071.556640625,4009.1171875,4032.50732421875,9646954186,0.0018081754616785517,0.012026320322006196,0.010377037206760762,3913.962744140625,3767.38734375,1.0389063791472861,79.47031544421148,57.55806279555327,51.240188215081474
2019-03-19,4032.69189453125,4082.216064453125,4023.8125,4071.190185546875,9344919956,0.009592756619634768,0.012107273968617048,0.010395008033308284,3924.9698852539063,3779.402138671875,1.03851607773953,74.0417939473382,62.088542049662465,53.40985898199768
2019-03-20,4070.7939453125,4089.4619140625,4031.11083984375,4087.476318359375,10175916388,0.004000337019458566,0.012101442695278259,0.010424191729837653,3936.6044311523438,3792.189326171875,1.0380822507947545,74.64970876282237,66.22967978593442,55.97382314278503
2019-03-21,4083.953857421875,4097.35986328125,4005.1513671875,4029.326904296875,10831212662,-0.014226238767748978,0.012699499787325427,0.00926114490987632,3945.091589355469,3803.0522314453124,1.0373487791557825,63.932955501300974,64.08070703545309,57.595199921318645
2019-03-22,4028.5146484375,4053.90673828125,4021.54248046875,4023.96826171875,9252935969,-0.0013299101079167208,0.012723068805358645,0.008880356230976787,3953.0692504882813,3814.3757421875,1.036360735720609,64.69699545541381,61.23930439524884,58.324020816104685
2019-03-23,4022.71337890625,4049.882568359375,4015.964599609375,4035.826416015625,9578850549,0.002946880672416219,0.012629457655273103,0.008953612809988049,3962.5017822265627,3825.3333642578127,1.0358578991442653,59.86370700992309,59.26120005529265,58.51145666394228
2019-03-24,4035.16357421875,4040.69970703125,4006.19287109375,4022.168212890625,9144851065,-0.0033842394882989124,0.01132217902684961,0.00727198701695436,3975.532336425781,3835.3555126953124,1.0365485867650268,59.54871480445894,55.94651862734645,57.998469056623115
2019-03-25,4024.11279296875,4038.8408203125,3934.03125,3963.070556640625,10359818883,-0.014692984758966188,0.009131878733040201,0.007934786549237648,3978.8671142578123,3845.3366552734374,1.0347252974069912,57.56630085854838,47.99763588605083,55.99830242250866
2019-03-26,3969.228759765625,3985.080810546875,3944.753173828125,3985.080810546875,10707678815,0.00555383851780511,0.009189341461656437,0.007823758504799721,3982.9240234375,3855.8551904296874,1.032954773126128,59.48288952978148,42.97870087743195,53.394382113493315
2019-03-27,3984.244873046875,4087.066162109375,3977.810546875,4087.066162109375,10897131934,0.025591790081793686,0.010704317383377189,0.014752185895033135,3991.7031127929686,3868.269365234375,1.0319092948045294,68.03956494579406,46.69228467478251,52.053962625751154
2019-03-28,4087.58447265625,4094.902099609375,4040.266357421875,4069.107177734375,9353915899,-0.00439410170099408,0.010753423283619268,0.015144150226862068,4000.1018920898437,3881.37615234375,1.0305885683546547,64.4686676165248,47.63705630746699,51.17058136209433
2019-03-29,4068.2998046875,4113.5009765625,4034.09716796875,4098.37451171875,10918665557,0.007192568960710188,0.010333376484029684,0.014988235097012666,4006.854931640625,3895.354208984375,1.0286240266415518,63.94426750803644,50.169105667355325,50.97028622314654
2019-03-30,4092.13623046875,4296.806640625,4053.90966796875,4106.66015625,9732688060,0.0020216904305738748,0.01027442636014167,0.011204973174808962,4014.607946777344,3904.151806640625,1.0282919685522582,57.00749891181027,52.24214041999039,51.22465706251532
2019-03-31,4105.4560546875,4113.0234375,4094.100830078125,4105.404296875,9045122443,-0.0003058103975535076,0.009777492799198841,0.011714155414255481,4024.616796875,3912.8358203125,1.0285677656042242,60.24911365225207,53.17077840516049,51.61388133104436
2019-04-01,4105.3623046875,4164.953125,4096.9013671875,4158.18310546875,10157794171,0.01285593446519373,0.010034809208594623,0.006711029047637297,4037.0681396484374,3922.1957177734375,1.0292877842261812,64.3914562889653,57.502684310932636,52.79164192702203
2019-04-02,4156.91943359375,4905.95458984375,4155.31689453125,4879.8779296875,21315047816,0.1735601357404375,0.039353352930663776,0.07535578280658184,4085.726171875,3946.8246630859376,1.0351932301650457,86.11356964475225,117.81242352736717,65.79579824709107
2019-04-03,4879.9580078125,5307.00341796875,4876.62109375,4973.02197265625,22899891582,0.01908737151027773,0.03934534875276739,0.07427808359698512,4138.1588134765625,3973.21453125,1.0415140639724454,87.00557063562297,171.15134601607133,86.86690780088713
2019-04-04,4971.3076171875,5063.15966796875,4836.7939453125,4922.798828125,18251810240,-0.010099119772122078,0.03966823576121458,0.07606267714694825,4186.253198242188,3999.0290966796874,1.046817389180276,87.5857851771348,206.98425272106942,110.8903767849236
2019-04-05,4922.80615234375,5053.509765625,4919.49169921875,5036.68115234375,16837325387,0.023133653881632465,0.039682319099300575,0.07371925173741302,4235.650964355469,4027.4251025390627,1.0517019824118223,89.03756199034656,241.7843023253863,137.06916189301614
2019-04-06,5036.79296875,5205.82177734375,4992.22216796875,5059.8173828125,16929795194,0.004593546775932822,0.03950928772437092,0.07467017930586224,4287.380383300781,4056.205234375,1.0569929615411588,89.13205696682607,268.139547012026,163.28323891681814
2019-04-07,5062.7939453125,5235.1865234375,5050.412109375,5198.89697265625,16655416140,0.027487076967675605,0.03957184987649083,0.015441284193163877,4345.699865722656,4087.587421875,1.0631454247232364,91.03531593290816,296.82718979380024,189.99202909221458
2019-04-08,5199.83544921875,5318.83642578125,5148.2119140625,5289.77099609375,17154113634,0.017479481496835758,0.03957058788102424,0.015294710953663483,4406.62890625,4119.906118164063,1.0695944955691632,95.26206975477766,323.169827007654,216.6275886753025
2019-04-09,5289.91796875,5289.91796875,5167.4189453125,5204.95849609375,14722104361,-0.016033302776742198,0.04008338001329816,0.01755223363849558,4462.503015136719,4145.6910009765625,1.0764195918329484,89.90757381627122,333.3601287905003,239.97409669834204
2019-04-10,5204.10546875,5421.6513671875,5193.38232421875,5324.5517578125,15504590933,0.02297679449480783,0.039621202022208965,0.017525987382635336,4527.2642578125,4173.240146484375,1.0848319528475643,90.0225208259605,347.08521085102984,261.39631952887964
2019-04-11,5325.08154296875,5354.2255859375,5017.29638671875,5064.48779296875,16555616019,-0.04884241466188555,0.04198740935058768,0.032518344627603835,4579.290234375,4194.533491210937,1.0917281371027951,77.8336031986792,333.1372499040681,275.74450560391733
2019-04-12,5061.20068359375,5103.2744140625,4955.8525390625,5089.5390625,13675206312,0.004946456691243162,0.04196624988019913,0.029260646068260197,4631.975866699218,4217.241909179687,1.0983424632617773,77.78121447635982,320.4113162483536,284.6778677328046
2019-04-13,5088.85009765625,5127.1220703125,5061.58935546875,5096.58642578125,10823289598,0.0013846761356397508,0.041885097912165416,0.02712910142369868,4685.69677734375,4239.06310546875,1.1053614114163115,77.76578054207236,307.35162722146015,289.2126196305357
2019-04-14,5095.7587890625,5184.01611328125,5053.568359375,5167.72216796875,10391952498,0.013957526910101548,0.04138679588357063,0.027966459272571353,4745.929357910156,4259.56701171875,1.1141811702582316,78.6722826180068,299.29174058319313,291.2284438210672
2019-04-15,5167.32177734375,5196.60693359375,5024.0693359375,5067.1083984375,12290155061,-0.019469655345422332,0.04203220353737309,0.02512268238922685,4800.030737304687,4284.700629882813,1.1202721384611576,73.91465551330563,281.5401128489166,289.29077762663707
2019-04-16,5066.57763671875,5238.9453125,5055.19482421875,5235.5595703125,11618660197,0.03324404347200138,0.04218877212698082,0.019192270442367522,4857.455407714844,4311.7578955078125,1.1265603323358124,63.20167111412683,277.8614083878856,287.0049037788868
2019-04-17,5236.13525390625,5274.275390625,5219.20556640625,5251.93798828125,12438480677,0.003128303240330199,0.04205662258093617,0.019253593360146436,4916.596948242188,4339.709497070313,1.1329322738218595,60.977982535779056,273.1192612163477,284.22777526637896
2019-04-18,5251.48046875,5319.986328125,5250.5068359375,5298.3857421875,13256489918,0.008843926567657423,0.04204496959683146,0.01905101019508102,4976.597509765625,4368.656264648437,1.1391597800991355,64.82696140605182,269.99666746232106,281.3815537055674
2019-04-19,5298.154296875,5336.68017578125,5233.3349609375,5303.8125,13780238655,0.0010242285247921146,0.042060137062959475,0.018907330747465916,5036.455126953125,4397.636806640625,1.145264001644669,61.533055093297826,264.90620953224425,278.0864848709028
2019-04-20,5304.16064453125,5358.49072265625,5295.8779296875,5337.88623046875,13169647522,0.00642438443454596,0.04196944960068041,0.013045798706666481,5098.0792236328125,4427.202856445312,1.1515350411853864,61.89294770348336,260.6172171796097,274.5926313326442
2019-04-21,5335.87890625,5359.9248046875,5257.33935546875,5314.53125,13731844223,-0.004375323763073036,0.04217021334235936,0.005103748802145952,5155.896630859375,4456.205180664063,1.1570150883606856,55.4890138136824,252.4238233938022,270.1588697448758
2019-04-22,5312.49462890625,5422.6875,5280.27685546875,5399.365234375,14601631648,0.015962646635110156,0.018937879381634708,0.007730281313109259,5181.87099609375,4487.248969726563,1.1547990831472663,55.232304149635475,249.89525637906718,266.1061470717141
2019-04-23,5399.36572265625,5633.80224609375,5389.40869140625,5572.3623046875,15867308108,0.032040260809014454,0.019644561739219985,0.01432736930775346,5211.8380126953125,4523.465073242188,1.1521782368841713,66.1785011961172,258.8667122599263,264.65826010935655
2019-04-24,5571.50830078125,5642.04443359375,5418.26318359375,5464.86669921875,17048033399,-0.019290850018550354,0.02013960850431162,0.019523627934016796,5238.94140625,4554.834907226563,1.1501934785689059,56.24525952279014,254.37043466753858,262.60069502099293
2019-04-25,5466.5244140625,5542.23828125,5181.3388671875,5210.515625,15330283408,-0.04654296037177108,0.022770720150318106,0.030578949507841582,5247.633129882813,4580.9663671875,1.1455297221718341,56.5327560709753,227.6587875031455,255.61231351742344
2019-04-26,5210.3046875,5383.63427734375,5177.36865234375,5279.34814453125,16812108040,0.013210308630683842,0.022904555629984436,0.031583265864479945,5258.60966796875,4608.323642578125,1.1411111883250504,58.171282701085374,209.62736991526617,246.415324796992
2019-04-27,5279.47119140625,5310.75,5233.6357421875,5268.291015625,13111274675,-0.00209441177273062,0.02214013408490197,0.030170374523278455,5262.079370117188,4635.6668310546875,1.1351288955595589,57.36645214323032,192.2292248277936,235.57810480315234
2019-04-28,5271.74658203125,5326.23193359375,5255.68359375,5285.13916015625,12819992056,0.0031980284462800324,0.021804987334229052,0.023434219335645514,5261.8477783203125,4662.10333984375,1.1286424591559274,55.28352214302664,177.75156456713466,224.0127967559488
2019-04-29,5284.8583984375,5311.27490234375,5216.48779296875,5247.3525390625,13735490672,-0.007149598137096702,0.021546174980845118,0.022892983443688907,5263.96748046875,4688.0183935546875,1.1228555518694008,58.59668652392419,161.36869214384478,211.483975833528
2019-04-30,5247.72607421875,5363.25732421875,5224.18994140625,5350.7265625,13878964574,0.019700224573813152,0.021379115698744948,0.011000011073483869,5265.276220703125,4716.92837890625,1.1162510425744527,55.85639853166689,154.94050972581044,200.17528261198453
2019-05-01,5350.91455078125,5418.00390625,5347.64599609375,5402.697265625,13679528236,0.009712831055362026,0.018016267118664775,0.010475741077546709,5282.186694335937,4746.79919921875,1.112789160157713,57.398501393411784,152.28429173047516,190.5970844356827
2019-05-02,5402.4228515625,5522.2626953125,5394.21728515625,5505.28369140625,14644460907,0.018988001869725712,0.018350493035365786,0.011282452044639247,5302.97392578125,4778.77052734375,1.1096941975845145,59.6232609624828,156.65130827245775,183.80792920303773
2019-05-03,5505.55224609375,5865.8818359375,5490.20166015625,5768.28955078125,18720780006,0.047773352676729886,0.02076300388908121,0.019945605394242085,5336.55908203125,4815.648935546875,1.1081702909527436,67.42789470077854,179.26808427945343,182.8999602183209
2019-05-04,5769.20263671875,5886.8935546875,5645.46923828125,5831.16748046875,17567780766,0.010900619522295596,0.02071574993539446,0.015419845049124617,5369.73134765625,4853.0540625,1.1064643580108995,68.11706221822108,199.96074267277436,186.3121167092116
2019-05-05,5831.068359375,5833.86279296875,5708.03515625,5795.70849609375,14808830723,-0.006080940822531411,0.02004598189543828,0.019819431126612042,5406.161352539062,4887.993715820313,1.1060082452728337,67.51676840703067,211.0655475872254,191.2628028848144
2019-05-06,5791.693359375,5802.95751953125,5653.6875,5746.80712890625,15737171804,-0.008437513242851802,0.01931991276738976,0.022761862809736272,5431.72373046875,4922.425278320313,1.1034649432651673,62.98806004039735,213.45962416806742,195.70216714146503
2019-05-07,5745.59912109375,5988.17822265625,5741.39599609375,5829.50146484375,18026409033,0.014389613933892154,0.019430975420457092,0.022532424938080425,5460.601904296875,4958.365161132812,1.1012907938086025,60.30832122000557,219.49943604644068,200.46162092246018
2019-05-08,5849.4814453125,5989.98095703125,5794.7158203125,5982.45751953125,15320605300,0.026238273651690402,0.019974451828220212,0.014564959364224493,5494.805493164063,4996.5905078125,1.0997109898384851,70.01973973465809,233.93168691144547,207.1556341202573
2019-05-09,5982.31640625,6183.0390625,5982.31640625,6174.52880859375,16784645411,0.03210575059420551,0.02073855603830853,0.018416399982898155,5538.34130859375,5038.331557617187,1.0992411367252368,89.17410709856689,257.8950439883138,217.3035160938686
2019-05-10,6175.82275390625,6434.61767578125,6161.51904296875,6378.84912109375,19419875368,0.03309083475578345,0.02148690127507522,0.017289000878624602,5590.389453125,5085.322001953125,1.0993186765710987,90.24795326487408,290.02983535636395,231.8487799463677
2019-05-11,6379.6669921875,7333.0029296875,6375.69873046875,7204.771484375,28867562329,0.12947827227172803,0.03415724584950777,0.04667021847359614,5684.90146484375,5148.93806640625,1.1040920266519307,94.3989175648523,377.7870275405903,261.0364294652122
2019-05-12,7203.50732421875,7503.8720703125,6815.77099609375,6972.37158203125,27773333680,-0.03225638770747363,0.03581128822318161,0.05809701741505097,5763.551782226563,5207.668969726563,1.106743115918366,85.20456525654913,423.698373622854,293.5688182967406
2019-05-13,6971.17822265625,8047.4130859375,6898.2822265625,7814.9150390625,28677672181,0.1208402976115901,0.043017473968599056,0.06798189419850201,5875.679418945312,5283.52390625,1.112075865123812,90.10459106704914,522.0517738365479,339.2654094047021
2019-05-14,7807.88427734375,8268.712890625,7696.39111328125,7994.416015625,32031452227,0.02296902470023965,0.042123724557941084,0.06892292028798246,6002.156884765625,5364.150815429687,1.1189388761219667,90.33445346249236,607.4791393840387,392.90815540056946
2019-05-15,7989.37451171875,8216.423828125,7899.10693359375,8205.16796875,28344112920,0.026362395040874453,0.03910866445331978,0.06951647172435209,6151.889501953125,5448.55255859375,1.1290869337857508,90.78110989056276,684.2986939581815,451.18626311209186
2019-05-16,8194.5009765625,8320.82421875,7729.6083984375,7884.9091796875,33167197581,-0.03903135076359554,0.041513124943617065,0.06409610387789169,6282.167553710938,5524.509418945312,1.137144871573098,82.56492339733383,711.1389692809917,503.1768043458718
2019-05-17,7886.92578125,7929.1455078125,7038.12451171875,7343.8955078125,30066644905,-0.06861381146516154,0.04589698513875055,0.07292858997317674,6385.947778320313,5590.005185546875,1.142386736032262,70.03735564413742,680.9057414295639,538.7225917626104
2019-05-18,7341.66455078125,7447.27197265625,7251.50439453125,7271.2080078125,21354286562,-0.009897676229553398,0.04620726436901033,0.040685556098698596,6485.251220703125,5653.46185546875,1.1471292079966475,68.26775954320985,643.6606969142904,559.7102127929464
2019-05-19,7267.962890625,8261.94140625,7267.962890625,8197.689453125,25902422040,0.12741781617539316,0.051939247327207734,0.07582366348190743,6632.76806640625,5735.28244140625,1.156484991658047,74.8523461783797,681.0522936077168,583.9786289559005
2019-05-20,8196.923828125,8200.9677734375,7678.78173828125,7978.30908203125,23843404340,-0.026761244415049346,0.05315622102514203,0.07619662122086175,6764.147192382812,5812.740537109375,1.1636760920601084,72.30171690558015,685.0859959599557,604.2001023567116
2019-05-21,7977.96923828125,8062.16796875,7843.33984375,7963.32763671875,25127245056,-0.0018777719888342093,0.05335384247734917,0.07361836802040043,6892.1787109375,5888.843427734375,1.1703790048955571,71.6181320834016,679.2439552029073,619.2088729259508
2019-05-22,7956.2919921875,7997.6123046875,7615.9873046875,7680.06640625,24719473175,-0.03557071156568237,0.054830012344561974,0.06661424325962191,7000.9178466796875,5944.847197265625,1.1776447088328543,66.75633057353187,644.3298484162278,624.2330680240062
2019-05-23,7677.26904296875,7943.79150390625,7533.19677734375,7881.8466796875,24457107820,0.02627324592835456,0.054427977376082994,0.06578215421070607,7106.595703125,6003.02369140625,1.1838360247184416,66.81992549485139,625.7291330209237,624.5322810233897
2019-05-24,7881.6953125,8140.7197265625,7824.44873046875,7987.37158203125,25919126991,0.013388347506898546,0.054415960826190435,0.026143712773472546,7214.405908203125,6064.315146484375,1.1896489107076642,66.16122022227961,612.4430475503614,622.1144343287841
2019-05-25,7991.88525390625,8117.92578125,7965.97607421875,8052.5439453125,22256813107,0.008159425489589589,0.054187972910440814,0.023363385755422367,7327.2476806640625,6124.63240234375,1.1963571361213614,60.05485165798917,600.2532483403011,617.7421971310876
2019-05-26,8055.2060546875,8687.5205078125,7924.67041015625,8673.2158203125,26677970091,0.077077738316635,0.05536044908969051,0.040455101165806764,7473.568115234375,6196.90037109375,1.2060171485240925,68.47133416827403,633.3746293199938,620.8686835688688
2019-05-27,8674.072265625,8907.1748046875,8668.705078125,8805.7783203125,27949839564,0.015284123299404317,0.05535417725429648,0.028197702453341033,7622.3819580078125,6269.037998046875,1.2158774536671453,62.722853447008966,662.6812710639697,629.2312010678891
2019-05-28,8802.7578125,8807.0166015625,8634.7216796875,8719.9619140625,24226919267,-0.00974546520800379,0.055800166052755173,0.032959617325214095,7759.257177734375,6337.64181640625,1.2243129862037943,59.54579058797349,671.2446386432794,637.6338885829672
2019-05-29,8718.591796875,8755.8525390625,8482.728515625,8659.4873046875,23473479966,-0.006935191916087824,0.05605269861580123,0.03527881490800235,7883.505102539062,6406.732392578125,1.230503261174402,56.2234376559294,665.4801328519306,643.2031374367599
2019-05-30,8661.7607421875,9008.314453125,8221.2734375,8319.47265625,29246528551,-0.039264986075266295,0.05737953500124142,0.04357225059257604,7980.536279296875,6466.630810546875,1.2341103911917883,55.92076849324582,626.2562873240731,639.8137674142226
2019-05-31,8320.2861328125,8586.6591796875,8172.55078125,8574.501953125,25365190957,0.030654502684543283,0.050876822556113525,0.02663684005133851,8049.022802734375,6536.83109375,1.2313340649768683,68.1835851766684,608.7327478455618,633.5975635004905
2019-06-01,8573.83984375,8625.6005859375,8481.578125,8564.0166015625,22488303544,-0.001222852548150466,0.04998816040330833,0.02492692143088874,8128.605053710938,6606.32064453125,1.2304284776791516,69.4604151991147,587.2299153905096,624.3240338784944
2019-06-02,8565.4736328125,8809.3037109375,8561.2353515625,8742.9580078125,20266216022,0.020894565549692157,0.042984739256015043,0.027222270082111515,8175.0072021484375,6679.248076171875,1.2239412444213087,60.591454450609376,577.9654162118759,615.0523103451708
2019-06-03,8741.7470703125,8743.5,8204.185546875,8208.9951171875,22004511436,-0.061073482241120636,0.045331620837626714,0.03920854834923579,8185.736157226563,6740.07353515625,1.2144876631582329,53.992932742733075,521.5250746834645,596.3468632128296
2019-06-04,8210.9853515625,8210.9853515625,7564.48876953125,7707.77099609375,24609731549,-0.06105791439007158,0.04706829026654349,0.044171877686236656,8160.86630859375,6792.886787109375,1.2013841190582393,46.21388805296419,431.37843761887234,563.3531780940382
2019-06-05,7704.34326171875,7901.84912109375,7668.66845703125,7824.2314453125,21760923463,0.015109484866347334,0.046384099133503935,0.040615275662967375,8157.832421875,6844.660224609375,1.1918535258396363,52.24687651821124,365.12502917125494,523.7075483094816
2019-06-06,7819.63330078125,7937.3408203125,7571.47119140625,7822.0234375,19474611077,-0.00028220123956368415,0.04343982363339669,0.04071141180440796,8181.738818359375,6896.06193359375,1.1864363889341722,49.00577910472566,308.87998171105573,480.7420349897964
2019-06-07,7826.9013671875,8126.1533203125,7788.37353515625,8043.951171875,19141423231,0.02837216433167966,0.043636533940033036,0.04255979475337234,8220.3759765625,6950.9732421875,1.1826223019635038,50.90528744116511,278.9969862241642,440.39302523667
2019-06-08,8036.77490234375,8076.89111328125,7837.61083984375,7954.1279296875,16522722810,-0.011166557363197271,0.03305086712401711,0.034342489685092986,8208.197900390625,7003.97955078125,1.1719334473892136,48.437643886737945,245.23954324683746,401.3623288387035
2019-06-09,7949.6748046875,7975.97412109375,7583.2197265625,7688.0771484375,16610726547,-0.033448139582594405,0.033357719471017074,0.02385594966812712,8193.686303710938,7050.983369140625,1.162062917290583,32.376650951883974,194.7732273871452,360.0445085483919
2019-06-10,7692.28466796875,8031.90966796875,7586.73095703125,8000.32958984375,18689275117,0.04061515452790565,0.03464869539165964,0.0299251169377794,8195.536401367188,7104.6993359375,1.1535374002263457,36.461551113428854,177.92347977577992,323.62030279386954
2019-06-11,8004.24365234375,8026.39404296875,7772.8037109375,7927.71435546875,17107279932,-0.009076530355347279,0.033677704312042825,0.030551717836197093,8207.918798828125,7155.266318359375,1.147115765316491,36.62408362875347,156.90182429222295,290.27660709354024
2019-06-12,7925.43408203125,8196.6484375,7862.35986328125,8145.857421875,19034432883,0.027516514423324256,0.03372573172916967,0.03037637865389211,8221.1193359375,7206.736220703125,1.140754855480947,41.766478876943566,156.04553740968186,263.43039315676856
2019-06-13,8145.54541015625,8311.5673828125,8087.06103515625,8230.923828125,18669407147,0.010442903901259237,0.03368065812569729,0.029398324484671595,8233.296948242187,7262.05736328125,1.1337416569954077,48.45420843517969,160.38228479618465,242.82077148465177
2019-06-14,8230.8984375,8710.63671875,8183.39306640625,8693.8330078125,19831162906,0.05624024585256682,0.03579012129224433,0.02549082585289934,8265.361401367187,7331.7237109375,1.12734218135319,51.942192764956445,198.87953101656512,234.03252339103446
2019-06-15,8689.74609375,8859.1279296875,8618.3955078125,8838.375,18371033226,0.01662580728863916,0.03164612261422671,0.02406973997225733,8273.619360351562,7402.904248046875,1.1176180432881337,54.278657745759006,238.30517309003608,234.8870533308348
2019-06-16,8841.4404296875,9335.8671875,8814.556640625,8994.48828125,23348550311,0.017663120341691707,0.03170537641070313,0.01813641161260417,8283.054858398438,7477.428193359375,1.107741143640073,53.950780102942055,278.9319615596778,243.6960349766034
2019-06-17,8988.923828125,9416.4072265625,8988.923828125,9320.3525390625,15562951919,0.03622932707487103,0.03250053398933131,0.01876260807326725,8313.074389648438,7558.1324609375,1.0998847178999158,68.67701917380165,333.5782242424784,261.6724728297784
2019-06-18,9335.466796875,9348.3740234375,9004.9013671875,9081.7626953125,15848210536,-0.025598800340442818,0.03308887413653731,0.030300883944685345,8334.188159179688,7634.8206640625,1.0916023474407393,75.32642045889222,353.55797841854655,280.04957394753205
2019-06-19,9078.7275390625,9299.62109375,9070.3955078125,9273.521484375,15546809946,0.021114710381221036,0.03176655140383675,0.023075933454114298,8381.890600585937,7713.2765625,1.0866835297124662,75.99283725886437,380.47947864218077,300.1355548864618
2019-06-20,9273.060546875,9594.419921875,9232.484375,9527.16015625,17846823784,0.027350847496536934,0.031639542291135705,0.02395492268618426,8429.523510742187,7795.7658203125,1.0812951164821267,78.05151791090528,417.4691580137769,323.60227551192486
2019-06-21,9525.07421875,10144.556640625,9525.07421875,10144.556640625,20624008643,0.06480383180815696,0.03421239420404127,0.03275309653931883,8508.550512695312,7888.551279296875,1.0785948156318126,80.57860262629514,490.9431943603122,357.0704592816024
2019-06-22,10175.923828125,11157.345703125,10107.03515625,10701.69140625,29995204861,0.0549195775982847,0.0356475243874558,0.035350049189908146,8606.487182617188,7987.21931640625,1.0775323478270995,85.20643938208961,587.3573272815538,403.1278328815927
2019-06-23,10696.69140625,11246.14453125,10556.095703125,10855.37109375,20998326502,0.014360317604584338,0.03138204254237638,0.02208487555363843,8738.805981445312,8087.703388671875,1.0805052511798852,91.78814309020353,668.4612831055274,456.19452292637976
2019-06-24,10853.744140625,11065.896484375,10610.427734375,11011.1025390625,19271652365,0.014346026862422256,0.025867092715945186,0.02343090226717613,8903.97255859375,8192.01126953125,1.086909217484907,91.43436845622873,736.8094973161278,512.3175178043294
2019-06-25,11007.2021484375,11790.9169921875,11007.2021484375,11790.9169921875,24879684533,0.07082074209722089,0.028382089653417632,0.027518836019897068,9102.3068359375,8312.893466796875,1.0949625268618774,94.50302240844773,844.1693993279532,578.6878941090542
2019-06-26,11778.5810546875,13796.4892578125,11755.59765625,13016.2314453125,45105733173,0.10392020009443503,0.03337661491717436,0.03838126301234359,9362.017236328125,8456.62806640625,1.1070626688098666,95.53833665546911,1016.4090008762141,666.2321154624863
2019-06-27,13017.125,13311.14453125,10491.8525390625,11182.806640625,39977475223,-0.14085680731712602,0.0500904566439243,0.09392036421091493,9518.960009765626,8560.635048828124,1.1119455455665859,70.79988285508794,993.5154393121611,731.6887802324213
2019-06-28,11162.16796875,12445.1748046875,10914.4951171875,12407.33203125,35087757766,0.1095007210601795,0.05355962220821164,0.10353264676937235,9741.62021484375,8685.29111328125,1.1216227628740272,73.63019814919237,1061.9397121045713,797.7389666068514
2019-06-29,12400.763671875,12400.91015625,11508.37890625,11959.37109375,29923961128,-0.03610453370408184,0.05371233127241429,0.10799045956188606,9955.184912109375,8796.901552734374,1.1316694693502585,69.12153082336442,1067.7118201373214,851.7335373129455
2019-06-30,11931.9912109375,12178.3837890625,10799.0087890625,10817.1552734375,27256473494,-0.09550801721584046,0.05974708682310267,0.11440982386803092,10096.026196289062,8869.149228515626,1.1383308518283632,59.96314129203415,968.9495393957459,875.1767377295058
2019-07-01,10796.9306640625,11206.439453125,10089.314453125,10583.134765625,29378589324,-0.021634200665230252,0.06009977882544907,0.09474803939569915,10228.797216796875,8941.3644921875,1.1439861584587303,56.972686314017174,861.8612215032499,872.5136344842547
2019-07-02,10588.68359375,10912.1884765625,9737.884765625,10801.677734375,31015895223,0.020650116774459715,0.06005197116189416,0.07616348917627415,10361.588232421875,9001.09974609375,1.1511469181217042,59.51790115070217,785.5719645760419,855.1253005026123
2019-07-03,10818.15625,11968.078125,10818.15625,11961.26953125,30796494294,0.1073529339969792,0.06339947000975553,0.07536077928756779,10548.105517578126,9080.43681640625,1.1616297465470093,63.434720314155996,809.3518414968803,845.970608701466
2019-07-04,11972.71875,12006.0751953125,11166.5693359375,11215.4375,25920294033,-0.06235391898004139,0.06542493649780184,0.07889645648038505,10674.1857421875,9140.64220703125,1.1677719683608887,58.04310384132606,759.2628440958597,828.6290557803447
2019-07-05,11203.1025390625,11395.6611328125,10874.96484375,10978.4599609375,23838480210,-0.02112958491922401,0.06591477768963797,0.06451519424873485,10781.189990234376,9202.51322265625,1.171548437843206,54.122207427819845,692.4625684394123,801.3957583121584
2019-07-06,10982.5439453125,11620.96484375,10982.5439453125,11208.55078125,21092024306,0.02095838770931313,0.06593118393644395,0.06298279996068219,10891.893115234376,9279.806328125,1.173719874112405,52.58926102016357,650.589682084621,771.234543066651
2019-07-07,11217.6162109375,11541.6201171875,11148.8046875,11450.8466796875,19369044277,0.021617058544519452,0.06574274681932252,0.06301327226387435,10998.417822265625,9363.3991015625,1.1746180743732566,53.01465752616017,629.6976099488547,742.9271564430918
2019-07-08,11446.5966796875,12345.8330078125,11393.3740234375,12285.9580078125,23482551458,0.07293009429655473,0.06643137915177975,0.050879117264272855,11158.627587890625,9445.16447265625,1.1814116758045718,56.0386957010862,672.7717037105849,728.8960658965905
2019-07-09,12284.326171875,12779.1318359375,12233.26171875,12573.8125,28167921523,0.023429552014133215,0.06644029414101708,0.03333588768026086,11323.642138671876,9537.074541015625,1.1873286813448765,53.889677426804816,721.8150505792,727.4798628331124
2019-07-10,12571.537109375,13129.529296875,11710.978515625,12156.5126953125,33627574244,-0.03318800918078746,0.0673393350085563,0.03754746536628395,11455.109765625,9620.9382421875,1.1906437269698622,45.35575564245261,718.724639340744,725.7288181346388
2019-07-11,12139.7138671875,12144.623046875,11158.9228515625,11358.662109375,28595327690,-0.06563153479411477,0.0685111786833619,0.054015235656296186,11515.8150390625,9694.51015625,1.1878697173408306,51.06965835512733,644.4665822063052,709.4763709489722
2019-07-12,11354.2998046875,11905.4873046875,11179.14453125,11815.986328125,23534692797,0.04026215537942113,0.06805886071662302,0.056151411141274324,11571.52978515625,9773.19294921875,1.1840070942302694,46.032817773957525,615.4245482581682,690.6660064108115
2019-07-13,11813.126953125,11841.95703125,10908.4794921875,11392.37890625,21042616384,-0.03585036493032401,0.06870335666188962,0.04431871789623949,11598.38017578125,9841.293095703126,1.1785422975406858,46.183728934591244,551.8653877417291,662.9058826769951
2019-07-14,11381.0205078125,11451.2041015625,10234.576171875,10256.05859375,22486000001,-0.09974390088768914,0.07249035489783023,0.05178104121259764,11560.627978515626,9885.363388671874,1.1694691964246373,46.22041044012754,405.13262579589536,611.3512313007752
2019-07-15,10257.8388671875,11052.7666015625,9992.0068359375,10895.08984375,25384047207,0.06230768322534974,0.0720700404425937,0.06909826619776613,11515.83662109375,9929.800869140625,1.1597248296168892,51.992627871963606,336.53101600020454,556.3871882406611
2019-07-16,10896.6533203125,10996.6328125,9448.1064453125,9477.6416015625,24151199070,-0.13009972955850602,0.07305212526272983,0.0841745574703772,11338.90712890625,9943.238134765625,1.140363629556532,42.665949027806704,165.87541047579907,478.28483268768866
2019-07-17,9471.2138671875,9963.134765625,9163.134765625,9693.802734375,24569921549,0.022807481217359316,0.06690203482738649,0.08068568617362278,11264.45693359375,9962.714951171874,1.1306613697974723,35.9742096423405,47.52418129527359,392.13270240920565
2019-07-18,9698.5029296875,10736.8427734375,9376.798828125,10666.482421875,25187024648,0.10034036323545137,0.06610369395742038,0.10118218932281692,11177.414453125,10002.854853515624,1.1174224375750652,46.69704215080239,31.849954800045452,320.0761528873736
2019-07-19,10653.9560546875,10716.98046875,10229.62890625,10530.732421875,20727426310,-0.012726782329064878,0.06573840929090025,0.0883106464487804,11105.98251953125,10047.080048828126,1.1053940513618812,47.27288906506277,8.377555639393904,257.7364334377777
2019-07-20,10525.8193359375,11048.662109375,10451.2763671875,10767.1396484375,20206615155,0.02244926725812757,0.062323789260193746,0.08393258406170527,11103.48173828125,10090.932802734374,1.1003424515196951,47.313429553493364,8.750724733452444,207.93929169691262
2019-07-21,10777.529296875,10841.8876953125,10389.599609375,10599.10546875,17130580467,-0.015606204170657723,0.062219813082153456,0.046764540195768645,11104.2802734375,10131.634580078126,1.0960008659680534,44.768739846317196,-4.4610656634686165,165.45922022483637
2019-07-22,10596.9482421875,10651.791015625,10154.921875,10343.1064453125,16334414913,-0.024152889523769483,0.0623171391832401,0.051411382945672025,11081.351708984375,10163.637548828125,1.0902938692714463,37.15345623607658,-35.182919659904655,125.33079224788817
2019-07-23,10346.748046875,10346.748046875,9883.5947265625,9900.767578125,17851916995,-0.04276653919461193,0.05752442563831164,0.023779053145309,10978.326611328124,10197.472998046875,1.0765732464730042,32.67912363338236,-94.13809473577385,81.43701485115577
2019-07-24,9887.73046875,9908.796875,9614.306640625,9811.92578125,17398734322,-0.00897322315406024,0.0560806232190714,0.02391031026342291,10908.151025390625,10239.55609375,1.065295304358821,34.13202282428219,-146.34234282529178,35.88114331586625
2019-07-25,9809.0966796875,10154.25390625,9773.95703125,9911.841796875,15821952090,0.01018311979244002,0.05604776741090503,0.019478561456960284,10854.8201171875,10281.30830078125,1.0557819880143728,39.1864669240525,-177.6048796224859,-6.8160612718041955
2019-07-26,9913.126953125,9916.517578125,9717.982421875,9870.3037109375,14495714483,-0.004190753523789725,0.055749758614562446,0.020229347734852045,10787.907763671876,10322.27390625,1.0451096203850918,34.49426280120119,-203.38791240593127,-46.130431498629626
2019-07-27,9871.1650390625,10167.3203125,9411.521484375,9477.677734375,16817809536,-0.039778510171619375,0.05590694214144562,0.023184842546919975,10689.24931640625,10350.9484375,1.0326830802944236,34.66544114541604,-252.59107397166918,-87.42255999323756
2019-07-28,9491.626953125,9575.544921875,9252.296875,9552.8603515625,13738687093,0.007932599028432463,0.05276166821719222,0.020027807681651376,10552.59443359375,10382.9230859375,1.0163413853932954,43.21493177664902,-282.26455503560464,-126.39095900171101
2019-07-29,9548.1787109375,9681.6484375,9472.9482421875,9519.1455078125,13791445323,-0.0035292930608459283,0.05217283019887188,0.020039336435532087,10399.861083984375,10419.544453125,0.998110918454336,34.96773802581342,-304.9858219798789,-162.1099315973446
2019-07-30,9522.3291015625,9701.759765625,9437.3359375,9607.423828125,13829811132,0.00927376519668166,0.052150512042968444,0.019860473676881586,10272.406640625,10451.686337890626,0.9828468161529417,51.998206535320335,-312.2696172875876,-192.14186873539322
2019-07-31,9604.05078125,10085.6279296875,9598.09765625,10085.6279296875,16631520648,0.04977443590680308,0.05209935240180101,0.03205123610195153,10208.754931640626,10494.844609375,0.9727399796392591,55.582333608534185,-276.27033066855256,-208.9675611220251
2019-08-01,10077.4423828125,10446.919921875,9922.01953125,10399.6689453125,17165337858,0.031137477786643997,0.051724380672099245,0.021324906443229454,10137.9390625,10539.92083984375,0.9618610250065494,45.32049369487749,-219.86567659331558,-211.1471842162832
2019-08-02,10402.04296875,10657.953125,10371.013671875,10518.1748046875,17489094082,0.01139515690337567,0.05132148154748205,0.020931580312940814,10094.228857421875,10585.665859375,0.9535752395284711,49.7784180298349,-163.71494542646724,-201.66073645832003
2019-08-03,10519.2783203125,10946.78125,10503.5048828125,10821.7265625,15352685061,0.028859736926716506,0.04633693381846757,0.016528952838075796,10122.512255859376,10628.22373046875,0.9524180627511998,50.94090306629666,-93.64155490983103,-180.05690014862225
2019-08-04,10821.6328125,11009.20703125,10620.2783203125,10970.1845703125,16530894787,0.013718514042569074,0.044334659078738674,0.015485143217158782,10126.2669921875,10670.859921875,0.9489644758084493,56.439670614792504,-25.830806105090232,-149.21168133991586
2019-08-05,10960.7353515625,11895.091796875,10960.7353515625,11805.6533203125,23875988832,0.07615813067183441,0.03521021351971022,0.02607199603275151,10242.667578125,10727.08322265625,0.9548418116577919,71.13100293984687,94.23872137560465,-100.52160079681174
2019-08-06,11811.544921875,12273.8212890625,11290.7314453125,11478.1689453125,23635107660,-0.027739623222421628,0.03616571320084163,0.03749552754380692,10331.885888671875,10770.23955078125,0.9592995438919854,73.57277683063975,161.11223326075742,-48.194833985297905
2019-08-07,11476.193359375,12036.990234375,11433.701171875,11941.96875,22194988641,0.040407124768529146,0.030197162676479584,0.03798015677853539,10395.660205078126,10827.443671875,0.9601213841528947,78.62368860608262,248.66824855028426,11.177782521818544
2019-08-08,11954.0400390625,11979.419921875,11556.16796875,11966.4072265625,19481591730,0.002046436150864972,0.029891763578016487,0.03939172133404155,10467.4439453125,10881.30138671875,0.9619661815533034,78.18108170882873,316.38194813480914,72.21861564441669
2019-08-09,11953.4697265625,11970.4580078125,11709.7451171875,11862.9365234375,18339989960,-0.008646764326666112,0.029845258529769176,0.04162042048467779,10522.2337890625,10928.0169140625,0.9628676338816948,76.87499440229408,357.5744264986406,129.28977781526152
2019-08-10,11861.556640625,11915.6552734375,11323.8984375,11354.0244140625,18125355447,-0.042899336801604404,0.03143209332259645,0.031820623454897,10559.979736328125,10952.20626953125,0.964187441000423,74.53696100529336,345.1758361327138,172.466989478752
2019-08-11,11349.740234375,11523.5791015625,11248.294921875,11523.5791015625,15774371518,0.014933443976921312,0.030804237075780574,0.030692946184603043,10619.003369140624,10968.6440234375,0.9681236209735886,75.15030239945442,345.053943126557,206.984380208313
2019-08-12,11528.189453125,11528.189453125,11320.951171875,11382.6162109375,13647198229,-0.01223256154903185,0.02896914045979123,0.0215286183584622,10693.09580078125,10979.18892578125,0.9739422349925868,73.147951808632,329.78130128410885,231.5437644234722
2019-08-13,11385.052734375,11420.0498046875,10830.3271484375,10895.830078125,16681503537,-0.0427657511938907,0.030895289536384336,0.024688856072046995,10747.291015625,10976.8834765625,0.9790840030845077,64.56274286360167,275.2254225645647,240.28009605169072
2019-08-14,10889.4873046875,10889.556640625,10028.1357421875,10051.7041015625,19990838300,-0.07747238810719048,0.03601867946817979,0.0349853422353375,10754.284130859374,10942.09921875,0.9828355524716142,49.645856568749984,162.00805594951453,224.6256880312555
2019-08-15,10038.421875,10437.4111328125,9675.31640625,10311.5458984375,22899115082,0.025850521886593203,0.03640117760310587,0.04239835407353768,10776.346240234376,10888.0055078125,0.9897447454909896,49.06952140746256,92.18686583430826,198.13792359186604
2019-08-16,10319.419921875,10524.349609375,9855.478515625,10374.3388671875,20228207096,0.006089578552864294,0.034993703088176974,0.04081840296127197,10821.179296875,10871.83615234375,0.9953405427787071,48.463175819497664,41.442217344227174,166.79878234233828
2019-08-17,10358.72265625,10452.625,10086.6982421875,10231.744140625,13778035685,-0.013744945908168327,0.03523669565256961,0.040751019106405495,10855.123486328124,10828.32439453125,1.0024749066264038,43.47175577138362,-10.162339772294217,131.4065579194118
2019-08-18,10233.005859375,10487.0703125,10119.0947265625,10345.810546875,12999813869,0.011148285637548438,0.03522379963605771,0.04048836886235407,10896.45673828125,10796.05318359375,1.0093000240902923,43.03822167749764,-41.3781359915356,96.8496191372223
2019-08-19,10350.283203125,10916.0537109375,10313.2041015625,10916.0537109375,16038264603,0.05511826854733437,0.03698056537441558,0.02564082554852965,10961.888232421876,10798.03115234375,1.015174718220975,39.45740743998378,-19.873927508842826,73.50490980800929
2019-08-20,10916.3466796875,10947.0419921875,10618.9609375,10763.232421875,15053082175,-0.013999682770833077,0.035835077329776116,0.028223519288395147,10995.76845703125,10801.63310546875,1.0179727777889633,41.16142622547463,-14.99028947743136,55.805869950921156
2019-08-21,10764.572265625,10798.7294921875,9962.7216796875,10138.0498046875,19473084768,-0.0580850243386819,0.037763416654291934,0.041365896404078235,10982.6875,10788.360546875,1.018012649121306,28.554358953759163,-60.865365445246425,32.471622871687636
2019-08-22,10142.521484375,10232.99609375,9831.462890625,10131.0556640625,17097508856,-0.0006898901425563819,0.037658036893444574,0.04100053046582922,10963.33154296875,10751.75626953125,1.0196782058794498,28.089799877356967,-96.67169127677698,6.642960041994703
2019-08-23,10136.3095703125,10442.443359375,10078.1923828125,10407.96484375,15627023886,0.027332707357414776,0.03759538492242756,0.04282730168039467,10942.64345703125,10735.60681640625,1.0192850431434024,33.321385048733106,-101.53378759391126,-14.992389485186495
2019-08-24,10407.64453125,10418.0205078125,9982.296875,10159.9609375,15451030650,-0.0238282805498643,0.037744504536574096,0.03132702372267643,10902.132275390624,10719.2368359375,1.017062356420743,35.44137464782828,-123.9698295079761,-36.787877489744425
2019-08-25,10160.7373046875,10304.6220703125,10008.7890625,10138.517578125,14153856610,-0.0021105749822180053,0.032825817454558946,0.031761403868274335,10818.77548828125,10697.836171875,1.0113050260317318,32.47985552056943,-141.8457448095014,-57.799450953695825
2019-08-26,10126.2998046875,10512.328125,10126.2998046875,10370.8203125,18438654080,0.022912889639430167,0.03309956514295756,0.02081612175074357,10763.408056640625,10676.23564453125,1.0081650888020655,37.490494829114596,-135.70334357355023,-73.38022947766672
2019-08-27,10372.826171875,10381.328125,10087.30078125,10185.5,14762609503,-0.017869397686568034,0.03145976567072773,0.023212854082007843,10675.584619140625,10634.226484375,1.00388915308757,40.51031372489671,-144.12783085508818,-87.52974975315102
2019-08-28,10203.4267578125,10279.3662109375,9716.65625,9754.4228515625,17603790323,-0.0423226300562074,0.03230813484674629,0.024538028838136175,10564.985400390626,10577.83869140625,0.9987848849476153,45.53577294527298,-183.4736508985443,-106.7185299822297
2019-08-29,9756.7861328125,9756.7861328125,9421.6298828125,9510.2001953125,17045878501,-0.02503712008044423,0.03248834553821793,0.024681316022965794,10447.348583984374,10524.91244140625,0.9926304510509056,37.90959802682178,-231.6914294836024,-131.71310988250426
2019-08-30,9514.8447265625,9656.1240234375,9428.302734375,9598.173828125,13595263986,0.009250450148868827,0.03183595407730316,0.02638538001234527,10359.5560546875,10489.70267578125,0.9875929161086489,38.37782349870368,-259.8106935126798,-157.33262660853939
2019-08-31,9597.5390625,9673.220703125,9531.7998046875,9630.6640625,11454806419,0.0033850433381186207,0.031503467750524546,0.021097626565906944,10264.910302734375,10445.99623046875,0.9826645612597307,40.69261961417163,-276.28883673617383,-181.1238686340663
2019-09-01,9630.5927734375,9796.755859375,9582.9443359375,9757.970703125,11445355859,0.013218884990569668,0.03185487202480436,0.024214104816391586,10183.67802734375,10413.30806640625,0.9779484062511032,40.93480750313394,-275.89495668493873,-200.0780862442408
2019-09-02,9757.4736328125,10396.591796875,9730.650390625,10346.7607421875,17248102294,0.06033939401703048,0.03405963065660128,0.030787338680518063,10156.224560546874,10415.122109375,0.9751421494525655,41.27075635396146,-225.47325316761635,-205.15711962891595
2019-09-03,10345.7255859375,10736.1044921875,10308.5478515625,10623.5400390625,19384917989,0.02675033314982045,0.029588269361426268,0.022786601659513205,10184.816357421874,10409.69111328125,0.9783975572942345,47.936472582039805,-161.32031358803215,-196.3897584207392
2019-09-04,10621.1806640625,10762.64453125,10434.7099609375,10594.4931640625,16742664769,-0.002734199230500889,0.029122544984072265,0.025057602221328402,10198.963720703125,10432.02814453125,0.9776587619781006,58.183918688550314,-111.53676048621492,-179.41915883383436
2019-09-05,10588.18359375,10627.26953125,10516.41796875,10575.533203125,14551239508,-0.0017896052830365106,0.029114131547725634,0.02601391152724209,10209.0234375,10449.66275390625,0.9769715710378983,57.93532486633673,-72.77395353836619,-158.09011777474075
2019-09-06,10578.1982421875,10898.76171875,10292.2998046875,10353.302734375,19536574783,-0.021013642005712985,0.029356996717369795,0.03182348906951444,10215.1013671875,10443.39916015625,0.9781395128666772,49.004676636378186,-59.302686872239065,-138.3326315942404
2019-09-07,10353.931640625,10558.673828125,10348.9189453125,10517.2548828125,15307366476,0.015835734030373416,0.0294608176136293,0.01844228419600146,10223.673583984375,10443.129609375,0.9789856074185256,56.711269173862455,-34.99365770720942,-117.66483681683421
2019-09-08,10518.1142578125,10595.6376953125,10409.0908203125,10441.2763671875,13670567493,-0.007224177456150227,0.026620580854581667,0.013209028588032358,10199.934716796875,10436.61234375,0.9773223705971164,55.572731766503395,-21.610298123987377,-98.45392907826485
2019-09-09,10443.228515625,10450.3115234375,10144.9296875,10334.974609375,17595943368,-0.010180916017754393,0.026542687178272607,0.013533119640231451,10178.521826171875,10431.3297265625,0.975764556675179,49.30811279499359,-19.35840108942466,-82.63482348049682
2019-09-10,10336.408203125,10394.353515625,10020.5732421875,10115.9755859375,14906809639,-0.02119008819226731,0.02352801791324304,0.015116105448715875,10177.418115234375,10426.787109375,0.9760838126332885,48.67527549349909,-34.843493304199,-73.07655744523726
2019-09-11,10123.03515625,10215.9482421875,9980.7763671875,10178.3720703125,15428063426,0.006168113381149309,0.023565051765474937,0.014479479004509264,10179.783935546875,10432.33919921875,0.9757911184779356,59.398421689344886,-41.60111388353653,-66.78146873289711
2019-09-12,10176.8193359375,10442.25390625,10099.2421875,10410.126953125,15323563925,0.022769346729666573,0.023312252449327855,0.016901879218927777,10179.892041015624,10444.30322265625,0.974683693492635,70.06114182788073,-27.93389019417191,-59.01195302515207
2019-09-13,10415.3623046875,10441.4892578125,10226.5966796875,10360.546875,14109864675,-0.004762677568511009,0.022655685158824993,0.016744294835096173,10189.921337890624,10453.27732421875,0.9748063714221025,67.29077075459496,-20.86272242251289,-51.38210690462424
2019-09-14,10345.4033203125,10422.1337890625,10291.6943359375,10358.048828125,13468713124,-0.00024111148814232042,0.022645075690265918,0.01602142622991026,10200.897900390624,10463.0322265625,0.9749466196322711,66.72476292952464,-15.284156284631536,-44.1625167806257
2019-09-15,10356.4658203125,10387.03515625,10313.0927734375,10347.712890625,12043433567,-0.0009978652998753335,0.0220685526681163,0.010897425195737656,10199.742529296875,10480.4329296875,0.9732176712284923,64.3308023878659,-11.563825620654825,-37.642778548631526
2019-09-16,10347.22265625,10386.8671875,10189.744140625,10276.7939453125,15160167779,-0.006853586494147135,0.021730884172765697,0.011932035312348708,10204.3072265625,10494.9116015625,0.9723099740109545,47.72795597855248,-14.174606913175012,-32.94914422154022
2019-09-17,10281.513671875,10296.771484375,10199.7392578125,10241.2724609375,15304603363,-0.003456475294145833,0.019284089039216558,0.0027129974245256516,10228.64970703125,10509.354140625,0.97329003953643,35.2801288771831,-18.892179535085234,-30.137751284249223
2019-09-18,10247.7958984375,10275.9287109375,10191.4697265625,10198.248046875,16169268880,-0.004201080893668663,0.018246689090290178,0.002646156042715736,10263.052099609375,10521.170625,0.9754667484645392,34.9043975561609,-25.80513493860235,-29.27122801511985
2019-09-19,10200.49609375,10295.6689453125,9851.6923828125,10266.4150390625,19937691247,0.0066841865263698175,0.018214254102736062,0.005163974726379445,10296.46416015625,10524.7863671875,0.9783062383343879,38.64920941033709,-25.489369739065296,-28.51485635990894
2019-09-20,10266.318359375,10285.8720703125,10132.1865234375,10181.6416015625,14734189639,-0.008257355384274523,0.0184040264022426,0.005867052110858877,10324.013037109375,10520.4258203125,0.9813303390416102,42.98885674103749,-31.71405162274459,-29.154695412476077
2019-09-21,10183.6484375,10188.09765625,10000.7080078125,10019.716796875,13425266806,-0.015903604843314323,0.018697958873017312,0.00820116316161635,10337.100341796875,10510.45666015625,0.9835063000624373,29.645379530438106,-49.14660388135053,-33.15307710625097
2019-09-22,10024.115234375,10074.4443359375,9922.533203125,10070.392578125,13199651698,0.005057606145695059,0.012647039992747761,0.009404371900495515,10323.28193359375,10495.42998046875,0.9835978090278,34.50612232242736,-58.20199869784847,-38.16286142457047
2019-09-23,10067.962890625,10074.23828125,9727.1435546875,9729.32421875,15144925408,-0.033868427345709606,0.012838954619818077,0.01665779379841625,10278.571142578125,10470.6127734375,0.981658988350084,28.847651906755658,-91.8411429777534,-48.898517735207065
2019-09-24,9729.3212890625,9804.3173828125,8370.8017578125,8620.56640625,25002886689,-0.1139604136496184,0.027658204955648334,0.04718967748428481,10179.8748046875,10406.91103515625,0.9781840903893784,17.790755248703164,-205.59789185257432,-80.23839255868053
2019-09-25,8603.4287109375,8744.828125,8325.396484375,8486.9931640625,21744728353,-0.015494717619790932,0.027617235295621826,0.04632933631138862,10075.447802734376,10347.08751953125,0.9737472292290826,14.65357494461216,-303.03596921558164,-124.79790789006078
2019-09-26,8487.669921875,8515.685546875,7895.62939453125,8118.9677734375,19258205289,-0.043363460239767226,0.028500764484218285,0.04513650843325436,9963.7310546875,10270.6275,0.9701190170403414,4.699488750305562,-405.2810926784423,-180.8945448477371
2019-09-27,8113.10107421875,8271.5205078125,7965.9228515625,8251.845703125,16408941156,0.01636635757099958,0.028527953036646653,0.04816115926236955,9850.460595703125,10196.33626953125,0.9660784359513847,9.636560623948995,-470.1691341323567,-238.74946270466106
2019-09-28,8251.2734375,8285.6171875,8125.431640625,8245.9150390625,14141152736,-0.0007187075808087195,0.02861796349130465,0.05107662152690478,9740.692529296875,10123.99583984375,0.9621391280073076,9.623913836471644,-516.1223918447395,-294.22404853267676
2019-09-29,8246.037109375,8261.70703125,7990.4970703125,8104.185546875,13034629109,-0.017187842891431715,0.028646157685220077,0.022105878539204173,9629.153076171875,10058.9990625,0.9572675189989238,9.163580878923355,-557.5499761318515,-346.88923405251177
2019-09-30,8104.2265625,8314.2314453125,7830.7587890625,8293.8681640625,17115474183,0.023405512631758718,0.029586375261813923,0.026923826995986513,9538.047705078125,9994.40484375,0.9543387379432344,15.402810009166771,-568.5222624372036,-391.2158397294502
2019-10-01,8299.720703125,8497.6923828125,8232.6796875,8343.2763671875,15305343413,0.005957196587605074,0.029580555771181127,0.015750268837970583,9446.292919921874,9933.618046875,0.9509418295878174,17.044320775384662,-566.6985017441075,-426.3123721323817
2019-10-02,8344.212890625,8393.0419921875,8227.6953125,8393.0419921875,13125712443,0.005964758065035269,0.02884672698089571,0.014612711648126699,9345.438671875,9883.56228515625,0.9455536781419956,18.72867842523074,-554.8416194148249,-452.0182215888704
2019-10-03,8390.7744140625,8414.2275390625,8146.43701171875,8259.9921875,13668823409,-0.015852393543526522,0.028841439637487806,0.017062814765161288,9240.4109375,9847.728046875,0.9383292159892941,16.007158000485106,-549.8427174576682,-471.58312076263
2019-10-04,8259.494140625,8260.0556640625,8151.23681640625,8205.939453125,13139456229,-0.006543920762636879,0.028753765175782018,0.014828712756426082,9132.80546875,9805.61591796875,0.9313851924399948,16.175535801164656,-543.9720839945658,-486.0609134090172
2019-10-05,8210.1494140625,8215.5263671875,8071.12060546875,8151.50048828125,12200497197,-0.006634092921928403,0.028676429037956423,0.009362947839165716,9022.994848632812,9761.159150390626,0.9243773930549761,16.793601359740563,-537.5161822204736,-496.35196717130856
2019-10-06,8149.876953125,8161.41015625,7958.8505859375,7988.15576171875,13160830305,-0.02003860844973604,0.028716896716997842,0.010045661145607954,8908.562939453124,9716.2873828125,0.9168690250158523,14.41479210493597,-539.362947539541,-504.9541632449551
2019-10-07,7989.12060546875,8308.4501953125,7905.76611328125,8245.623046875,18009742607,0.03223112979219778,0.030345001839921965,0.020747416375100185,8808.78046875,9674.2836328125,0.910535684406962,23.897842673387586,-514.1245563378616,-506.7882418635365
2019-10-08,8246.849609375,8332.71484375,8185.76318359375,8228.783203125,15592264032,-0.0020422766908295698,0.03037173288807381,0.01955481437617286,8710.3072265625,9620.53822265625,0.9053866867915801,38.80738715906955,-489.83526807343696,-503.3976471055166
2019-10-09,8229.8408203125,8627.7060546875,8169.298828125,8595.740234375,19384942333,0.0445943248463081,0.03258401211102374,0.027451338111674297,8626.773486328126,9577.18837890625,0.9007626398295128,52.7411952484669,-435.9501050534618,-489.90813869510566
2019-10-10,8585.2802734375,8625.2724609375,8471.93359375,8586.4736328125,17618660671,-0.0010780457889411066,0.03262419523171903,0.026731812921052527,8547.015087890624,9546.15685546875,0.8953357060118133,64.38646429543812,-389.5035084524461,-469.82721264657374
2019-10-11,8585.2626953125,8721.7802734375,8316.181640625,8321.7568359375,19604381101,-0.030829512579344187,0.032984313399125526,0.030065044935943027,8462.11708984375,9509.97087890625,0.8898152473435319,51.98989887759131,-369.7919478068925,-449.82015967863754
2019-10-12,8315.6650390625,8415.2421875,8313.3408203125,8336.5556640625,14532641605,0.0017783297946283305,0.03292040481529792,0.02700343912712274,8375.425244140624,9468.5426953125,0.8845527251291758,52.5669689157145,-348.95373083750746,-429.6468739104115
2019-10-13,8336.90234375,8470.98828125,8276.6123046875,8321.005859375,13808286059,-0.0018652553061611066,0.03241504711164698,0.026996135245811015,8305.009326171876,9431.76359375,0.8805362055167739,56.613041294872225,-329.89125203784533,-409.6957495358983
2019-10-14,8320.83203125,8390.208984375,8284.130859375,8374.6865234375,15151387859,0.006451222961466829,0.020575132942689908,0.014742704168914877,8292.71533203125,9396.48697265625,0.8825335847496014,52.68796563893993,-306.9145988418095,-389.13951939708056
2019-10-15,8373.4580078125,8410.71484375,8182.70654296875,8205.369140625,15220412632,-0.020217757684260373,0.020773441473117417,0.01587579030851793,8278.634130859375,9353.17794921875,0.8851145755813263,45.75211586544131,-298.9221449799097,-371.09604451364646
2019-10-16,8204.6748046875,8216.8125,7985.08984375,8047.52685546875,16071646996,-0.019236463643636514,0.018822158410291806,0.01232954336904558,8275.062084960937,9310.418486328124,0.8887959329768521,40.02164281792084,-301.8451381207433,-357.2458632350659
2019-10-17,8047.8125,8134.83154296875,8000.94287109375,8103.9111328125,14313052244,0.007006410585064904,0.018500222938126802,0.013395242099229094,8267.665356445312,9277.408251953126,0.891161101453605,45.28358344610885,-296.1975107578419,-345.03619273962113
2019-10-18,8100.93359375,8138.41357421875,7902.1640625,7973.20751953125,15651592610,-0.016128460830725944,0.018817337598853213,0.01391699169119818,8254.02998046875,9246.6683984375,0.8926490736775544,43.2787256971012,-298.8237603420166,-335.79370626010024
2019-10-19,7973.8037109375,8082.62939453125,7944.77685546875,7988.560546875,13797825640,0.0019255772919670733,0.01846136741056002,0.012810802959451997,8248.24873046875,9214.4761328125,0.895140278360151,45.18562206279823,-296.25122139231644,-327.8852092865435
2019-10-20,7997.80712890625,8281.818359375,7949.439453125,8222.078125,15504249442,0.029231496307097427,0.018900128409350223,0.01959515506788004,8244.659228515626,9186.3044140625,0.8974946678116399,56.63649070409502,-272.2314342577374,-316.7544542807823
2019-10-21,8225.115234375,8296.6943359375,8196.416015625,8243.720703125,15868748866,0.002632251578733369,0.01885707885889122,0.016222200222011766,8239.6814453125,9156.0194140625,0.8999196127366638,49.93769223289544,-248.5836867177386,-303.12030076817354
2019-10-22,8243.40234375,8296.6513671875,8074.462890625,8078.203125,16803377857,-0.020078018662405217,0.01928635441916003,0.019539719341716735,8223.939501953126,9110.64826171875,0.9026733626089584,45.505737839662274,-240.4270681055723,-290.5816542356533
2019-10-23,8076.228515625,8092.99951171875,7469.32275390625,7514.671875,21942878958,-0.06975948008239763,0.02444119501421804,0.03710238979960662,8186.673486328125,9048.4708984375,0.9047576743316719,21.122569187571017,-276.250705168909,-287.7154644223044
2019-10-24,7509.72802734375,7532.86767578125,7446.98876953125,7493.48876953125,16268708849,-0.002818899590176671,0.02443843164449416,0.036741386557508,8151.050952148437,8986.450810546876,0.9070378421903809,20.988948123809422,-302.8593214790708,-290.7442358336577
2019-10-25,7490.703125,8691.5400390625,7479.984375,8660.7001953125,28705065488,0.15576341830619223,0.043301545375913,0.08467924621135607,8176.5109375,8948.154150390625,0.9137650961391921,56.0824653018135,-227.14425674261383,-278.0242400154489
2019-10-26,8667.5771484375,10021.744140625,8662.6220703125,9244.97265625,44496255609,0.0674624969992299,0.04513952209450321,0.08758026221857265,8239.351782226562,8925.987548828125,0.9230745323309677,63.53540377225831,-118.62616917638479,-246.1446258476361
2019-10-27,9241.70703125,9749.529296875,9112.5419921875,9551.71484375,32593129501,0.03317935043243514,0.04516652433053506,0.08371106068957293,8304.656372070312,8906.676748046875,0.9324079684256444,66.87336069140497,-7.783548072628037,-198.4724102926345
2019-10-28,9565.1015625,9805.1181640625,9256.1484375,9256.1484375,30948255332,-0.030943805493041765,0.04596998304862927,0.07239789984736957,8356.024633789062,8882.974189453125,0.9406787023776656,61.33338406013285,55.569715804360385,-147.66398507323552
2019-10-29,9248.4404296875,9516.1806640625,9232.6484375,9427.6875,28426779937,0.018532445072405368,0.04520689989770586,0.06947781252184462,8397.621997070313,8864.828447265625,0.9472966168522502,65.70696751398143,118.25621851933283,-94.47994435472184
2019-10-30,9422.462890625,9426.8740234375,9085.3701171875,9205.7265625,27706531577,-0.02354351875791383,0.04565712922763096,0.04083639589383066,8428.584643554688,8846.623466796875,0.9527459459746231,64.64175675920919,148.31564052087015,-45.92082737960343
2019-10-31,9202.4580078125,9383.1611328125,9028.7177734375,9199.5849609375,26583653947,-0.000667150118005666,0.04492351998429747,0.027176331021235813,8472.476049804687,8827.047724609374,0.9598312271705342,64.02953533736809,169.68633466499887,-2.7993949706829606
2019-11-01,9193.9921875,9275.6572265625,9132.0478515625,9261.1044921875,24324691031,0.006687207250242189,0.04491302196940552,0.02074375213260546,8518.703491210938,8804.067275390626,0.9675872781007314,66.78829677661963,189.40354955381736,35.641193934217114
2019-11-02,9259.783203125,9377.486328125,9249.587890625,9324.7177734375,21242676385,0.006868865512063227,0.04487311588359619,0.015633952143755035,8568.889086914063,8783.350693359374,0.975583167070005,67.20096983435977,207.76762867407342,70.06648088218839
2019-11-03,9324.787109375,9379.806640625,9141.251953125,9235.3544921875,21132220847,-0.009583483749455834,0.04501924628102213,0.012811807098161059,8611.922485351562,8760.896806640625,0.982995539774405,63.547182966189325,212.6590228859659,98.5849892829439
2019-11-04,9235.607421875,9505.0517578125,9191.4853515625,9412.6123046875,26170255634,0.01919339562438549,0.04468102389931032,0.010622325886263842,8672.284643554687,8742.194794921876,0.9920031350241935,65.00340945270763,228.20807150911787,124.50960572817871
2019-11-05,9413.0048828125,9457.41796875,9256.931640625,9342.52734375,26198609048,-0.007445856545328811,0.04438250292035918,0.011812556294566076,8737.03466796875,8723.509462890624,1.0015504316394293,66.63590056196219,232.19888968313535,146.04746251917004
2019-11-06,9340.8642578125,9423.2373046875,9305.9091796875,9360.8798828125,23133895765,0.001964408386214478,0.04440500415313726,0.011646054479578337,8799.88310546875,8705.901611328125,1.010795147744185,78.36123775999692,234.14347809587707,163.66666563451145
2019-11-07,9352.3935546875,9368.4765625,9202.353515625,9267.5615234375,22700383839,-0.009968973060571096,0.04424903514661937,0.012370199981940899,8864.600805664062,8687.287880859374,1.0204106191985833,76.66219862947253,225.5545146731456,176.0442354422383
2019-11-08,9265.3681640625,9272.759765625,8775.5341796875,8804.880859375,24333037836,-0.049924746967407674,0.04612926676501508,0.025460732883358574,8905.416821289062,8658.057197265625,1.0285698764038609,52.74900748542742,179.34584916404674,176.7045581866
2019-11-09,8809.46875,8891.818359375,8793.1630859375,8813.58203125,17578630606,0.0009882214210468199,0.04580663982826238,0.02134830943218794,8934.992016601562,8630.696005859376,1.035257412673972,39.4620428003126,141.79276198695698,169.7221989466714
2019-11-10,8812.4892578125,9103.826171875,8806.162109375,9055.5263671875,20587919881,0.02745130584586919,0.046090768402684425,0.028179518189969728,8975.582299804688,8611.412197265625,1.0422892429484094,37.48290930339922,130.0553585242851,161.78883086219415
2019-11-11,9056.91796875,9081.279296875,8700.6083984375,8757.7880859375,20265510765,-0.032879179981060824,0.04655367599280973,0.02999873107488927,9009.561547851563,8585.160107421874,1.049434307004105,37.44188141076277,95.62607287946594,148.5562792656485
2019-11-12,8759.751953125,8853.7685546875,8685.427734375,8815.662109375,20309769107,0.006608292284490114,0.04310050001221806,0.03128742550282948,9074.611059570312,8566.886865234375,1.0592658923040472,33.64050319403752,72.17853673247555,133.28073075901392
2019-11-13,8812.033203125,8836.841796875,8761.6513671875,8808.2626953125,17545755405,-0.0008393486468396549,0.04307456713214263,0.021677245446803047,9140.349755859375,8570.640791015625,1.0664721552023229,37.99920152524012,52.39514590312319,117.10361378783577
2019-11-14,8811.9365234375,8826.943359375,8692.5517578125,8708.0947265625,19084739975,-0.011372046022572246,0.025867501923156788,0.022270920749267776,9142.719482421875,8575.062822265625,1.0661985424389309,35.95754725404237,28.307635399749415,99.3444181102185
2019-11-15,8705.7080078125,8730.873046875,8484.84375,8491.9921875,21796856471,-0.024816282533459022,0.02110239289826281,0.016349649500443205,9105.070458984375,8582.523310546874,1.0608850252460549,29.80907128049965,-8.125888884513188,77.85035671127217
2019-11-16,8491.166015625,8591.9970703125,8473.9736328125,8550.7607421875,16495389808,0.006920467352055093,0.01941519105418519,0.013481453794020227,9055.02275390625,8588.501611328125,1.0543192705422317,29.63007132914008,-31.889980312960688,55.902289306425594
2019-11-17,8549.470703125,8727.7890625,8500.9677734375,8577.9755859375,18668638897,0.0031827394743637605,0.01852564550880974,0.01283465127684559,9021.114111328125,8595.142822265625,1.0495595358763585,32.11316527325174,-47.974167197777206,35.12699800558503
2019-11-18,8573.98046875,8653.2802734375,8273.5732421875,8309.2861328125,21579470673,-0.031323177646423006,0.01873925612611385,0.016771947552924105,8965.19404296875,8599.244833984376,1.042555970442676,21.402152749864072,-81.4629404514344,11.809010314181135
2019-11-19,8305.134765625,8408.5166015625,8099.96337890625,8206.1455078125,21083613816,-0.012412693864603863,0.01835608166876969,0.016776703478176554,8915.214990234375,8597.490380859375,1.0369555062349767,21.04158755076068,-114.9999728814928,-13.55278632495366
2019-11-20,8203.61328125,8237.240234375,8010.51171875,8027.26806640625,20764300437,-0.021797985575073398,0.01866465906398084,0.01623175824785429,8856.599145507813,8591.17021484375,1.0308955502017008,18.58568003973204,-154.23431016387076,-41.689091092737094
2019-11-21,8023.64453125,8110.09814453125,7597.3818359375,7642.75,22514243371,-0.04790148568918984,0.020515159685235044,0.01926086353752007,8775.681420898438,8576.164375,1.0232641350112226,16.34352840842658,-213.88961321621719,-76.12919551743312
2019-11-22,7643.5693359375,7697.3828125,6936.70654296875,7296.57763671875,34242315785,-0.045294215208040334,0.021629649068163323,0.015144903012268486,8674.2744140625,8556.896083984375,1.013717395761977,17.172392377375957,-285.80549942250036,-118.06445629844659
2019-11-23,7296.16455078125,7442.2587890625,7151.41796875,7397.796875,21008924418,0.013872152579023078,0.022388031791365556,0.025444929992590164,8582.396533203126,8540.733232421875,1.0048781878144948,20.37892139656087,-330.8183428332204,-160.6152336054014
2019-11-24,7398.6337890625,7408.5771484375,7029.2890625,7047.9169921875,30433517289,-0.047295145936607,0.022636572558828963,0.026669438097146905,8464.161767578125,8518.6615625,0.9936023054182845,9.811847242981898,-390.22545190833443,-206.53727726598802
2019-11-25,7039.97705078125,7319.85693359375,6617.1669921875,7146.1337890625,42685231262,0.013935577984796277,0.023458067761545416,0.03327945726792442,8354.34208984375,8501.821123046875,0.9826532420444208,14.937224839476855,-424.4875113827593,-250.12732408934235
2019-11-26,7145.1591796875,7320.23046875,7098.572265625,7218.37109375,21129505542,0.010108585540066883,0.023800519061488737,0.03232409643840903,8247.216650390625,8481.276083984376,0.9724028045690274,15.465538508183954,-440.73102072374513,-288.2480634162229
2019-11-27,7220.880859375,7619.693359375,6974.17431640625,7531.66357421875,23991412764,0.04340210227484875,0.026905061367639753,0.033082764206131536,8160.4217529296875,8467.33369140625,0.96375341404248,25.623442593940382,-423.4428484523787,-315.2870204234541
2019-11-28,7536.8203125,7730.07275390625,7454.12158203125,7463.10595703125,19050116751,-0.009102586236349741,0.025209395440479735,0.033449215998145695,8093.3330078125,8444.681005859375,0.9583941657709639,25.93654709514726,-410.5414083179485,-334.33789800235303
2019-11-29,7466.72705078125,7781.1796875,7460.75634765625,7761.24365234375,19709695456,0.039948206152910615,0.027349122147872156,0.021946432561814316,8040.716088867188,8428.17640625,0.9540279772626155,36.31004511015736,-371.97184381940133,-341.86468716576275
2019-11-30,7764.05712890625,7836.10205078125,7515.849609375,7569.6298828125,17158194786,-0.02468853937775628,0.026465389141899217,0.029841739623668317,7966.4212646484375,8413.1338671875,0.9469029484623668,32.490859216245326,-352.79995759289704,-344.05174125118964
2019-12-01,7571.6162109375,7571.6162109375,7291.341796875,7424.29248046875,18720708479,-0.019200067188720915,0.0259768086333237,0.03300109888039659,7899.746484375,8394.888603515625,0.9410186194807555,30.244409011134735,-345.3526035272698,-344.31191370640573
2019-12-02,7424.0361328125,7474.81884765625,7233.3994140625,7321.98828125,17082040706,-0.013779656376399996,0.025776631706517433,0.025994571076247093,7825.06279296875,8374.908251953126,0.9343460916295835,32.07197928492414,-343.74315850153835,-344.1981626654323
2019-12-03,7323.9755859375,7418.85888671875,7229.35693359375,7320.1455078125,14797485769,-0.00025167664392733435,0.02578666411175475,0.025977737401257705,7750.65693359375,8353.817431640626,0.9277982188403632,33.296929885929316,-338.71189821711687,-343.10090977576925
2019-12-04,7320.125,7539.78466796875,7170.9228515625,7252.03466796875,21664240918,-0.00930457458407874,0.025780347534318123,0.009365586937447982,7677.853930664062,8334.7507421875,0.9211857880526093,34.748149329378066,-336.34340632122075,-341.74940908485956
2019-12-05,7253.24169921875,7743.431640625,7232.6767578125,7448.3076171875,18816085231,0.02706453543109233,0.026677425925028725,0.01823304657854144,7625.669702148438,8322.766357421875,0.9162421933601684,45.86854559458715,-314.9976756238375,-336.3990623926552
2019-12-06,7450.5615234375,7546.99658203125,7392.17529296875,7546.99658203125,18104466307,0.013249850827323328,0.026877999952694805,0.016784749452566014,7575.481494140625,8311.62806640625,0.9114317235583524,55.94618246779476,-286.81147146457715,-326.48154420703963
2019-12-07,7547.265625,7589.95166015625,7525.71142578125,7556.23779296875,15453520564,0.0012244885547587625,0.026846799143237815,0.01406776283132425,7524.394604492188,8303.288671875,0.9061945094091343,53.934008336794676,-260.7225656642786,-313.32974849848745
2019-12-08,7551.3388671875,7634.6064453125,7476.09130859375,7564.34521484375,15409908086,0.0010729442478032425,0.026206748671940894,0.013922991847019433,7487.14755859375,8294.804365234375,0.9026309999515215,65.44378400999715,-236.664596518297,-297.9967181024494
2019-12-09,7561.79541015625,7618.091796875,7365.9853515625,7400.8994140625,17872021272,-0.021607395767781146,0.026435149351449836,0.01795369459830169,7446.88525390625,8278.380791015625,0.8995581916198175,57.33269135744172,-228.15713931219125,-284.0288023443978
2019-12-10,7397.13427734375,7424.02294921875,7246.0439453125,7278.11962890625,18249031195,-0.01658984648851669,0.026284293544275496,0.014297793201647967,7409.42783203125,8259.06876953125,0.8971263030725167,51.67106995728538,-228.68607006845104,-272.96025588920844
2019-12-11,7277.19775390625,7324.15625,7195.52734375,7217.42724609375,16350490689,-0.008339019679128423,0.024261410314650744,0.010281993830931119,7388.161694335938,8241.853251953125,0.8964199517365973,39.76517453192669,-231.33592304978356,-264.6353893213235
2019-12-12,7216.73876953125,7266.6396484375,7164.7412109375,7243.13427734375,18927080224,0.0035617998454939848,0.022097214559679237,0.010889582126858085,7385.489526367188,8236.4225,0.8966865804136671,42.62968908387361,-228.72500852746816,-257.45331316255243
2019-12-13,7244.662109375,7293.560546875,7227.12255859375,7269.6845703125,17125736940,0.0036655806660659263,0.021873400906374317,0.011497033047558673,7379.083911132812,8231.946416015626,0.8963960086980728,29.86560308610099,-221.9548953341009,-250.35362959686213
2019-12-14,7268.90283203125,7308.83642578125,7097.208984375,7124.673828125,17137029730,-0.01994732244362929,0.019533350648309238,0.011014697883788126,7382.9217529296875,8201.225888671876,0.9002217294279763,31.05105342393972,-225.68908357266992,-245.4207203920237
2019-12-15,7124.23974609375,7181.07568359375,6924.3759765625,7152.3017578125,16881129804,0.003877781685729609,0.019303352863145155,0.010601372832252664,7383.230151367187,8159.372470703125,0.9048772044513548,37.12631230092754,-223.83883684921057,-241.10434368346108
2019-12-16,7153.6630859375,7171.1689453125,6903.6826171875,6932.48046875,20213265950,-0.030734342104957735,0.02033483783433411,0.016358450722663176,7368.935620117188,8106.987783203125,0.9089609873823778,33.409659812673596,-237.3739448190172,-240.35826391057233
2019-12-17,6931.3154296875,6964.0751953125,6587.97412109375,6640.51513671875,22363804217,-0.04211556503438585,0.0192886285438668,0.020561162250147917,7324.378198242188,8054.6751171875,0.9093325418691357,26.788928588938404,-268.5639397172945,-245.99939907191677
2019-12-18,6647.6982421875,7324.98486328125,6540.04931640625,7276.802734375,31836522778,0.0958190117115909,0.029821368842136934,0.05545947997295588,7315.063037109375,8011.657421875,0.913052400011058,50.60939085422362,-239.18200269103454,-244.63591979574034
2019-12-19,7277.5908203125,7346.6025390625,7041.3818359375,7202.84423828125,25904604416,-0.010163597776861044,0.02827802450512515,0.054686088486559585,7287.14306640625,7971.599775390625,0.9141380992185053,43.57386775162006,-219.33606878117462,-239.57594959282724
2019-12-20,7208.63671875,7257.921875,7086.1240234375,7218.81640625,22633815180,0.0022174806840695727,0.027846622222569423,0.054687022038982416,7269.602392578125,7931.984404296875,0.916492270035235,41.019428178060146,-200.01357076561453,-231.6634738273847
2019-12-21,7220.59375,7223.22607421875,7112.73583984375,7191.15869140625,19312552168,-0.0038313365082680573,0.02755796216771388,0.05178402534629038,7257.945703125,7890.58548828125,0.9198234673338476,40.109388013406154,-184.8018179971914,-222.29114266134604
2019-12-22,7191.1884765625,7518.033203125,7167.17919921875,7511.5888671875,23134537956,0.0445589076158448,0.02919999873118581,0.04467118303808623,7267.425732421875,7854.32291015625,0.9252771773649042,48.77760362113077,-145.21639291120937,-206.87619271131868
2019-12-23,7508.90234375,7656.17626953125,7326.1923828125,7355.62841796875,27831788041,-0.020762644491902904,0.0296281437362581,0.025052885949220862,7269.199877929687,7816.728388671875,0.9299542617425886,48.94739244193373,-124.98857270561075,-190.49866871017713
2019-12-24,7354.39306640625,7535.716796875,7269.52880859375,7322.5322265625,22991622105,-0.004499437644974069,0.029562618482268436,0.02446368466828451,7272.724755859375,7774.926787109375,0.9354074906425308,51.07758973043019,-110.35634624410795,-174.4702042169633
2019-12-25,7325.755859375,7357.02001953125,7220.9912109375,7275.15576171875,21559505149,-0.006469956481979233,0.02894422255977348,0.02488565926745106,7264.067163085938,7733.57935546875,0.9392891479091374,51.40978555347808,-101.41404810660333,-159.85897299489133
2019-12-26,7274.79931640625,7388.302734375,7200.38671875,7238.966796875,22787010034,-0.004974321654276248,0.028765251779845975,0.024955461857980723,7248.665673828125,7691.14109375,0.9424694704558936,49.89874452704382,-96.13912740969317,-147.1150038778517
2019-12-27,7238.14111328125,7363.529296875,7189.93408203125,7290.08837890625,22777360996,0.007061999794407026,0.02882605925039927,0.009900136080816274,7235.358203125,7651.591630859375,0.9456017195094837,50.48989321929261,-86.83267727247403,-135.05853855677617
2019-12-28,7289.03125,7399.041015625,7286.9052734375,7317.990234375,21365673026,0.003827368615925586,0.028845119648398313,0.006046909501330647,7223.040454101562,7621.853818359375,0.9476750179467942,54.918075958927425,-76.32596373985234,-123.3120235933914
2019-12-29,7317.6474609375,7513.9482421875,7279.865234375,7422.65283203125,22445257702,0.014302095835631912,0.02862952526352674,0.008629567262062795,7224.128125,7594.035234375,0.9512897823148639,56.61846254109352,-58.87524348114766,-110.42466757094266
2019-12-30,7420.27294921875,7454.82421875,7276.30810546875,7292.9951171875,22874131672,-0.017467840376992116,0.028657806234585255,0.012221171463209694,7224.871899414063,7558.784609375,0.9558245502131661,59.23337156737737,-54.875149380169205,-99.31476393278797
2019-12-31,7294.43896484375,7335.2900390625,7169.77783203125,7193.59912109375,21167946112,-0.013628967865274233,0.028767680081132074,0.013720150617575007,7223.680493164063,7527.500830078125,0.9596386179460695,65.71557800099893,-59.04484002215031,-91.26077915066044
2020-01-01,7194.89208984375,7254.33056640625,7174.9443359375,7200.17431640625,18565664997,0.0009140341575637478,0.0287575574495463,0.01305614713593947,7221.532495117188,7495.19107421875,0.963488778819413,46.609228705671065,-61.11429898997358,-85.23148311852307
2020-01-02,7202.55126953125,7212.1552734375,6935.27001953125,6985.47021484375,20802083465,-0.029819292162590716,0.029503040327341495,0.01708619575998504,7207.32177734375,7458.735224609375,0.9662927507553679,41.44668989654149,-79.16660344564843,-84.01850718394816
2020-01-03,6984.4287109375,7413.71533203125,6914.99609375,7344.88427734375,28111481032,0.05145166344511276,0.03142237807736517,0.031676298906600155,7218.332299804688,7431.471015625,0.9713194446466684,53.905102147309314,-63.73675604259461,-79.96215695567746
2020-01-04,7345.37548828125,7427.3857421875,7309.51416015625,7410.65673828125,18444271275,0.008954866877941559,0.03145901941943101,0.0305751282391923,7231.250048828125,7409.844306640625,0.9758977044021767,56.64236674247832,-45.67469346065627,-73.10466425667322
2020-01-05,7410.45166015625,7544.4970703125,7400.53564453125,7411.3173828125,19725074095,8.914790612779555e-05,0.030499383505389218,0.02923142988698699,7255.19189453125,7387.055439453125,0.9821493765678796,46.23743466318008,-30.950294512648725,-64.67379030786832
2020-01-06,7410.4521484375,7781.8671875,7409.29296875,7769.21923828125,23276261598,0.04829126010697582,0.030036336041747595,0.03428384976478993,7311.627099609375,7370.8803125,0.9919611755477646,63.477020931025876,9.489200763356166,-49.84119209362341
2020-01-07,7768.68212890625,8178.2158203125,7768.2275390625,8163.6923828125,28767291327,0.050773846435889336,0.02426158046950404,0.025226829649306382,7355.97158203125,7367.9684375,0.9983717553121305,72.18475603537,72.53237012154113,-25.366479650590502
2020-01-08,8161.935546875,8396.73828125,7956.7744140625,8079.86279296875,31672559265,-0.010268587535248286,0.024265282337444214,0.028200694815049766,7399.822509765625,7365.442783203125,1.0046677066911582,70.8229515918558,114.41132618247957,2.5890815160235188
2020-01-09,8082.2958984375,8082.2958984375,7842.40380859375,7879.0712890625,24045990466,-0.024850855645838776,0.02522536047203122,0.03468773103505084,7432.83525390625,7362.47884765625,1.0095560758415485,65.2633887965976,129.901085449299,28.05148230267862
2020-01-10,7878.3076171875,8166.55419921875,7726.77490234375,8166.55419921875,28714583844,0.03648690303834745,0.026104855530096605,0.03516742887780132,7481.605029296875,7372.954931640625,1.014736302969924,68.78229347557216,163.48969211868098,55.139124265879104
2020-01-11,8162.19091796875,8218.359375,8029.64208984375,8037.53759765625,25521165085,-0.015798168776598898,0.02496138925471071,0.03397684468615688,7507.9024658203125,7387.774130859375,1.0162604233471555,64.77911553948681,177.6504990185531,79.6413992164139
2020-01-12,8033.26171875,8200.0634765625,8009.05908203125,8192.494140625,22903438381,0.019279106453440997,0.024499213488304524,0.02584021913721125,7549.745751953125,7403.668076171875,1.0197304463515038,65.49205693514057,199.08184689466634,103.52948875206441
2020-01-13,8189.77197265625,8197.7880859375,8079.70068359375,8144.1943359375,22482910688,-0.005895616628883604,0.02453172158356521,0.025435589094066978,7590.828857421875,7425.593623046875,1.0222521245792604,67.70915576201577,209.75107409438897,124.77380582052933
2020-01-14,8140.93310546875,8879.51171875,8140.93310546875,8827.7646484375,44841784107,0.08393344808628167,0.029924263847604833,0.03951921825445571,7668.459301757813,7459.226240234375,1.0280502366847186,77.35052003867091,270.249655101642,153.8689756767519
2020-01-15,8825.34375,8890.1171875,8657.1875,8807.0107421875,40102834650,-0.002350980919464507,0.029860239130335028,0.04016487102725486,7746.861499023437,7490.999033203125,1.0341559870300647,76.76608701692263,312.9134778412099,185.6778761096435
2020-01-16,8812.4814453125,8846.4609375,8612.095703125,8723.7861328125,31313981931,-0.009449813541879348,0.030179988442035007,0.038998364958980763,7818.54638671875,7514.841484375,1.0404140131199333,80.28268836179538,336.1345840506565,215.7692176978461
2020-01-17,8725.2099609375,8958.1220703125,8677.31640625,8929.0380859375,36372139320,0.02352785247141642,0.030308427543168696,0.03910377493299894,7899.098779296875,7544.160126953125,1.0470481334397526,79.16351376642092,366.8705400589042,245.98948217005773
2020-01-18,8927.2119140625,9012.1982421875,8827.33203125,8942.80859375,32337772627,0.0015422162701026476,0.030356749899406756,0.03809827496345107,7975.1065673828125,7567.79142578125,1.0538221944402377,78.7567778301376,387.86905846569516,274.36539742918524
2020-01-19,8941.4453125,9164.3623046875,8620.080078125,8706.2451171875,34217320471,-0.026452928527155417,0.030843884805435966,0.01813670339396372,8045.769067382813,7590.52373046875,1.0599754843116669,72.32721240457938,381.0295683923441,295.698231621817
2020-01-20,8704.6318359375,8745.5908203125,8560.4736328125,8657.642578125,26422375678,-0.005582491465413786,0.0305799094418731,0.018181497191548678,8118.971240234375,7615.190732421875,1.066154680232452,67.14714081910492,367.4516506217169,310.048915421797
2020-01-21,8658.9912109375,8755.7060546875,8544.5205078125,8745.89453125,24097418512,0.010193531591149663,0.030509283802650517,0.01863252377029756,8196.257250976563,7643.668857421875,1.0722936071488933,62.74318770891304,359.6662395051644,319.9723802384705
2020-01-22,8744.2109375,8792.994140625,8636.7470703125,8680.8759765625,22600204051,-0.007434180055016837,0.029352444626036447,0.013588983383787848,8281.0275390625,7670.883466796875,1.0795402608977975,63.26414801145811,344.28113253558513,324.83413069789344
2020-01-23,8680.650390625,8687.7470703125,8333.6376953125,8406.515625,25770680779,-0.03160514587505292,0.029251346541048648,0.01693869499181083,8334.109106445312,7693.9730859375,1.0831996698399955,61.27439867772349,306.417546237788,321.15081380587236
2020-01-24,8405.5673828125,8514.6669921875,8266.8408203125,8445.4345703125,24397913026,0.004629616722148233,0.02925343834701747,0.016070670422504284,8385.847998046875,7713.915625,1.0871065235493647,56.669991850924,276.36505065916936,312.1936611765318
2020-01-25,8440.119140625,8458.453125,8296.21875,8367.84765625,19647331549,-0.00918684685986848,0.029440920079838246,0.01613024691811,8433.67451171875,7730.332646484375,1.0909846829882854,58.09928740398727,243.4809193756737,298.4511128163602
2020-01-26,8364.41015625,8602.4013671875,8325.498046875,8596.830078125,22177678796,0.027364554337216074,0.02822378217714124,0.0215412803886666,8475.055053710938,7751.1444921875,1.0933940222960723,59.567109329941886,233.2086915467171,285.4026285624316
2020-01-27,8597.30859375,8977.7265625,8597.30859375,8909.8193359375,28647338393,0.036407519395889265,0.027172592092558207,0.027507198935001084,8512.361401367187,7778.053974609375,1.0944076023584923,66.099131221883,247.47080493589056,277.81626383712336
2020-01-28,8912.5244140625,9358.58984375,8908.447265625,9358.58984375,34398744403,0.05036808165148732,0.028748779662147336,0.02405939503071364,8576.29775390625,7817.207783203125,1.0971050011404566,62.38483029457105,291.6240020328405,280.5778114762668
2020-01-29,9357.470703125,9406.431640625,9269.4677734375,9316.6298828125,30682598115,-0.004483577295090302,0.02788057370147574,0.025966021998970693,8648.17568359375,7857.97798828125,1.1005599273109363,61.77356314474274,319.5463789196765,288.3715249649487
2020-01-30,9316.0166015625,9553.1259765625,9230.8974609375,9508.9931640625,32378792851,0.02064730312029206,0.027270234218931905,0.020382978509790938,8715.297631835938,7903.809306640625,1.102670534385681,67.26951414805804,353.12654986896814,301.3225299457526
2020-01-31,9508.3134765625,9521.7060546875,9230.7763671875,9350.529296875,29432489719,-0.016664631518128026,0.027310660595433793,0.02782943604014252,8780.947216796874,7945.95720703125,1.1050836278134943,59.46489558740391,362.7705741719019,313.6121387909825
2020-02-01,9346.357421875,9439.3232421875,9313.2392578125,9392.875,25922656496,0.00452869583961979,0.027187202137674567,0.025931612448221803,8840.966259765624,7988.421015625,1.1067226229655502,59.978512987907166,369.5703008787932,324.8037712085447
2020-02-02,9389.8203125,9468.7978515625,9217.82421875,9344.365234375,30835736946,-0.0051645279666768795,0.027169150673004093,0.01388386235607128,8900.9748046875,8032.81484375,1.108076680195483,65.43497414650393,366.8163698342905,333.2062909336939
2020-02-03,9344.68359375,9540.3720703125,9248.6337890625,9293.521484375,30934096509,-0.005441113304621492,0.020396514848392833,0.01396362258084995,8924.262646484374,8075.63923828125,1.1050843633752685,65.36410527458318,356.42257633977533,337.8495480149102
2020-02-04,9292.841796875,9331.265625,9112.8115234375,9180.962890625,29893183716,-0.012111511652417528,0.020640791734631746,0.008034896549408949,8942.96025390625,8120.60888671875,1.1012672052870882,60.39007985372589,335.23846197695093,337.3273308073184
2020-02-05,9183.416015625,9701.2998046875,9163.7041015625,9613.423828125,35222060874,0.047104093835473426,0.02271831239222345,0.02384873534351607,8987.442138671875,8180.067060546875,1.0987003006392253,68.94564318991374,349.31914845078427,339.7256943360116
2020-02-06,9617.8212890625,9824.619140625,9539.818359375,9729.8017578125,37628823716,0.012105773319493585,0.022371854490532896,0.023989417161272553,9027.480322265625,8229.127041015625,1.0970155494344476,78.7279718895,365.6538898118979,344.9113334311889
2020-02-07,9726.0029296875,9834.716796875,9726.0029296875,9795.943359375,34522718159,0.006797836503646293,0.02236567662639087,0.02301234170483064,9070.137060546875,8280.9890234375,1.0952963510609501,78.97646674765734,379.56102131847547,351.84127100864623
2020-02-08,9793.0703125,9876.7490234375,9678.91015625,9865.119140625,35172043762,0.007061676319697785,0.02112168669340616,0.021592473397215043,9128.08076171875,8333.915078125,1.095293229670445,82.24177451033995,391.649736287236,359.80296406436423
2020-02-09,9863.89453125,10129.435546875,9850.392578125,10116.673828125,35807884663,0.02549940694219166,0.021330137248698634,0.017091531972778976,9201.03232421875,8392.425380859375,1.096349613688978,82.41274516991116,416.7247474589203,371.1873207432755
2020-02-10,10115.5595703125,10165.765625,9784.5634765625,9856.611328125,39386548075,-0.025706324471686526,0.022610661801530766,0.018847836498921935,9256.5681640625,8439.325830078125,1.0968373955976067,70.65798114453034,410.8756850155496,379.1249935977304
2020-02-11,9855.8916015625,10210.052734375,9729.3349609375,10208.236328125,37648059389,0.03567402510806805,0.023283629190050954,0.023415409974937886,9332.936181640625,8496.37798828125,1.0984605669042984,69.35904339351434,429.66059979620695,389.23211483742574
2020-02-12,10202.3876953125,10393.611328125,10202.3876953125,10326.0546875,43444303830,0.011541499979814906,0.02129683881904655,0.023356076908135993,9428.913134765626,8556.4484375,1.1019657517530184,72.23107129292164,448.8803240924899,401.16175668843863
2020-02-13,10323.9609375,10457.626953125,10116.1611328125,10214.3798828125,49356071373,-0.010814856987217514,0.02179689400616827,0.025356659761365342,9517.360400390626,8615.232919921875,1.104713069147866,66.10756394269109,449.9145359268441,410.9123125361198
2020-02-14,10211.55078125,10321.99609375,10125.5341796875,10312.1162109375,43338264162,0.009568503349817403,0.02133669836087701,0.023415049655675254,9614.573828125,8676.695908203124,1.1080915972905292,72.58427718799126,453.39421483920887,419.4086929967377
2020-02-15,10313.8564453125,10341.5556640625,9874.427734375,9889.4248046875,43865054831,-0.0409897830477971,0.023855133264081622,0.028677356615180994,9679.203564453124,8728.68263671875,1.1088962638801692,59.894460027095256,417.23460078377684,418.9738745541456
2020-02-16,9889.1796875,10053.96875,9722.38671875,9934.43359375,43374780305,0.004551203932625647,0.022851486360762334,0.02182832772973327,9730.43427734375,8781.01150390625,1.1081222559627837,61.77437810518702,387.7400532777119,412.7271102988589
2020-02-17,9936.560546875,9938.8154296875,9507.6376953125,9690.142578125,45998298413,-0.024590331529186438,0.021229925048058575,0.020847277136319096,9747.0119140625,8826.361298828126,1.1043069260439868,57.34707256767288,340.7254971102502,398.32678766113725
2020-02-18,9691.23046875,10161.935546875,9632.3828125,10141.99609375,47271023953,0.0466302236506857,0.023381510510381284,0.03378915527028924,9788.280224609374,8883.341318359375,1.1018692036947566,65.81441256593504,336.05311392793556,385.872052914497
2020-02-19,10143.798828125,10191.67578125,9611.2236328125,9633.38671875,46992019710,-0.05014884351152826,0.026020204534911183,0.03924782701198201,9794.49990234375,8932.1370703125,1.0965460813288974,50.3204706130235,287.98992210215874,366.29562675202936
2020-02-20,9629.3251953125,9643.216796875,9507.900390625,9608.4755859375,44925260237,-0.0025859164113087862,0.025706521775082335,0.036002329288528596,9807.397216796875,8980.303095703124,1.0921009137753377,47.99338439324097,245.06442592196436,342.0493865860164
2020-02-21,9611.7822265625,9723.0146484375,9589.7431640625,9686.44140625,40930547513,0.008114275736580634,0.025739948838390984,0.036278507669102567,9822.075537109375,9034.32251953125,1.0871955828314837,48.196001181536374,214.86007781800072,316.6115248324133
2020-02-22,9687.70703125,9698.2314453125,9600.728515625,9663.181640625,35838025154,-0.002401270461409255,0.02570768463815793,0.03452371698628621,9838.016357421875,9080.688466796875,1.083399831785237,46.62205959226346,186.89167474859278,290.6675548156492
2020-02-23,9663.318359375,9937.404296875,9657.791015625,9924.515625,41185185761,0.02704430011708836,0.02623412511104607,0.028481465335841605,9869.566064453125,9130.96564453125,1.080889628619317,46.796126369099525,183.69644403468556,269.2733326594565
2020-02-24,9921.5830078125,9951.74609375,9537.04296875,9650.1748046875,45080496648,-0.027642741538078885,0.0269444728012311,0.019827575817724524,9893.02666015625,9175.74279296875,1.078171749510802,46.57437281939175,157.21491357538798,246.8616488426428
2020-02-25,9651.3125,9652.7373046875,9305.021484375,9341.705078125,42515259129,-0.031965195740564556,0.025888101835147007,0.024721980863774043,9879.44072265625,9207.192509765626,1.0730133764638465,35.41175913540644,110.06838116980907,219.50299530807604
2020-02-26,9338.2900390625,9354.7783203125,8704.4267578125,8820.5224609375,50420050762,-0.05579095174048332,0.028393985826791826,0.03157673297490954,9833.9767578125,9220.329111328125,1.0665537682088209,27.684771019448576,30.30005291492671,181.66240682944616
2020-02-27,8825.09375,8932.892578125,8577.19921875,8784.494140625,45470195695,-0.0040846016176541156,0.028269933327335458,0.0313751595414009,9783.404296875,9234.42173828125,1.0594495870074838,28.31983989703943,-35.41585435146044,138.24675459326485
2020-02-28,8788.728515625,8890.4560546875,8492.9326171875,8672.455078125,44605450443,-0.012754184897438958,0.028170113944942593,0.019877863512063096,9723.77109375,9250.2894140625,1.0511856071192436,25.246552161848257,-95.43666583536469,91.51007050753893
2020-02-29,8671.212890625,8775.6318359375,8599.5087890625,8599.5087890625,35792392544,-0.008411261679117432,0.027174647859115404,0.02139174203080571,9647.912841796875,9258.948505859375,1.0420095581794575,28.22735643354804,-147.19299799628425,43.769456806774286
2020-03-01,8599.7587890625,8726.796875,8471.212890625,8562.4541015625,35349164300,-0.0043089307085921735,0.026849265817019602,0.02193386407820799,9583.20498046875,9269.4468359375,1.0338486373658042,26.779847473992533,-189.0213472904943,-2.7887040126794442
2020-03-02,8563.2646484375,8921.30859375,8532.630859375,8869.669921875,42857674409,0.03587941221856461,0.026866347184539154,0.01967239217373488,9516.27666015625,9282.9903515625,1.0251305128798809,36.40345880275399,-195.13151167224714,-41.257265544593
2020-03-03,8865.3876953125,8901.5986328125,8704.990234375,8787.7861328125,42386715821,-0.009231886844013548,0.026525101482443896,0.020151117461858624,9439.363232421874,9295.8621875,1.0154370882471597,24.42224087207532,-204.22699672080307,-73.85121177983503
2020-03-04,8788.5419921875,8843.3662109375,8712.431640625,8755.24609375,34746706368,-0.0037028710724991143,0.02652876997081902,0.019070130391716983,9366.40654296875,9294.41181640625,1.007746022877469,29.77726602137382,-211.62150240519077,-101.40526990490619
2020-03-05,8760.28515625,9142.0546875,8757.25390625,9078.7626953125,39698054597,0.03695117168590434,0.0281070454385635,0.023196155917967896,9304.7388671875,9299.84685546875,1.0005260314276974,39.2761002937069,-189.19568533919482,-118.96335299176394
2020-03-06,9078.30859375,9167.6953125,9032.0791015625,9122.5458984375,40826885651,0.004822595830994203,0.026945798624821497,0.022006947226915978,9266.394921875,9307.82205078125,0.9955492134808517,38.42386416626137,-165.97684738476346,-128.36605187036383
2020-03-07,9121.6005859375,9163.220703125,8890.744140625,8909.9541015625,36216930370,-0.02330399860322019,0.027216409828847196,0.022497414239983436,9215.170947265626,9307.44037109375,0.9900864877829691,35.65240845633714,-162.8528658619507,-135.2634146686812
2020-03-08,8908.2060546875,8914.34375,8105.2529296875,8108.1162109375,39973102121,-0.08999349283790192,0.03299958063580585,0.04720289916624305,9136.06962890625,9290.7465234375,0.9833515106519105,21.30881060380989,-222.51370505077648,-152.71347274510026
2020-03-09,8111.146484375,8177.79345703125,7690.09814453125,7923.64453125,46936995808,-0.022751484424786028,0.030465825953962602,0.046825790664056385,9025.15205078125,9275.09451171875,0.9730523003704483,21.931462591784083,-281.43644860625864,-178.45806791733196
2020-03-10,7922.14697265625,8136.9453125,7814.76318359375,7909.7294921875,42213940994,-0.0017561412564156553,0.02915440179505715,0.03757993619092998,8938.969189453124,9260.13625,0.96531724243832,24.25436774493275,-325.5037699084878,-207.86720831556315
2020-03-11,7910.08984375,7950.814453125,7642.8125,7911.43017578125,38682762605,0.00021501160000858555,0.029195522968402863,0.03666216708736647,8854.116918945312,9243.446962890624,0.9578804264785266,29.90090040100587,-356.1843372528019,-237.53063410301093
2020-03-12,7913.6162109375,7929.1162109375,4860.35400390625,4970.7880859375,53980357243,-0.37169538560117077,0.08585324664010661,0.15775094811248788,8618.334252929688,9169.245205078125,0.9399175243079626,13.089395224234735,-610.7438733961062,-312.17328196163
2020-03-13,5017.8310546875,5838.11474609375,4106.98095703125,5563.70703125,74156772075,0.11928067241286833,0.09188098708467239,0.1854674565801069,8413.360522460938,9112.389033203124,0.9232881181658167,22.474430385088098,-755.9266838721032,-400.92396234372467
2020-03-14,5573.07763671875,5625.2265625,5125.0693359375,5200.3662109375,36154506008,-0.06530552710121185,0.09159816394416903,0.18457228675547926,8177.153051757812,9047.487666015624,0.9038037247039328,21.375222433354693,-890.0438038554657,-498.7479306460729
2020-03-15,5201.06689453125,5836.64501953125,5169.283203125,5392.31494140625,33997889639,0.036910617960911996,0.09269682294362917,0.18859077601561966,7964.26005859375,8987.97701171875,0.8861015163044751,23.982441355304886,-969.6662207411582,-592.9315886650901
2020-03-16,5385.2294921875,5385.2294921875,4575.35791015625,5014.47998046875,45368026430,-0.07006915676163483,0.09326869873794008,0.1859428993554258,7747.8988037109375,8916.330009765625,0.8689560385523011,18.72273192309767,-1051.138809535605,-684.5730328391932
2020-03-17,5002.578125,5371.3486328125,4981.9091796875,5225.62939453125,38622642935,0.04210793838741411,0.09415754658911174,0.08022772266162348,7568.154150390625,8842.6462109375,0.8558698346462791,21.69383262629644,-1086.1479921184546,-764.8880246950455
2020-03-18,5227.11376953125,5331.833984375,5069.3359375,5238.4384765625,37878801016,0.0024512036855608432,0.09422905181192681,0.05416371255198274,7390.8513671875,8760.24318359375,0.8436810728073328,21.96628522497275,-1100.1772768618584,-831.9458751284081
2020-03-19,5245.41650390625,6329.73583984375,5236.96875,6191.19287109375,51000731797,0.18187755736638023,0.10452950975232789,0.09173238757369129,7266.788256835937,8697.734443359375,0.8354805845313029,29.0807311577433,-1022.6280493693048,-870.0823099765876
2020-03-20,6191.65380859375,6844.26171875,5865.78173828125,6198.7783203125,54442976103,0.001225199953657663,0.10456185701599614,0.09327730978982018,7146.751733398438,8631.530146484374,0.8279820161792881,28.706815510578323,-949.6111196369566,-885.9880719086614
2020-03-21,6206.521484375,6378.13525390625,5932.8232421875,6185.06640625,42494390880,-0.00221203491300348,0.10456893584776081,0.07858021169938263,7027.882348632813,8568.220888671874,0.8202265604431886,29.56320258048639,-882.6761721691673,-885.3256919607625
2020-03-22,6185.55810546875,6359.697265625,5823.7138671875,5830.2548828125,40099664740,-0.05736583896317804,0.10449837547158515,0.09111626235298695,6875.911596679687,8496.968486328125,0.8092193830944805,31.6880244753186,-848.4793271946128,-877.9564190075325
2020-03-23,5831.37451171875,6443.9345703125,5785.00439453125,6416.31494140625,46491916000,0.10052048673231173,0.10762873449467256,0.09544865405064469,6757.338037109375,8438.40748046875,0.8007835664193368,38.61736969183971,-765.2664174584133,-855.4184186977086
2020-03-24,6436.642578125,6789.02294921875,6411.06640625,6734.8037109375,48221910672,0.04963733427047878,0.1084271596989186,0.05953954545851499,6656.31591796875,8387.233125,0.7936247650167407,41.517708395757175,-665.9436214636462,-817.5234592508962
2020-03-25,6738.716796875,6892.51123046875,6536.92626953125,6681.06298828125,44590107888,-0.007979552925792555,0.10794558231124864,0.060338781113922074,6536.430932617188,8337.235126953125,0.7840046290029429,41.18369874087227,-584.8245241700824,-770.9836722347335
2020-03-26,6675.1708984375,6735.4638671875,6590.962890625,6716.4404296875,35319797642,0.005295181540467819,0.107948742782896,0.05984753252893237,6416.125659179687,8279.295458984376,0.7749603442666311,71.43202615272429,-511.78287684305906,-719.1435131563986
2020-03-27,6719.38916015625,6793.83642578125,6466.70166015625,6469.79833984375,34585598367,-0.03672214358569481,0.10808625026034328,0.053747769467211215,6294.11787109375,8214.095390625,0.7662581905583201,62.1582019796967,-468.3993839465393,-668.9946873144268
2020-03-28,6467.25390625,6467.5009765625,6117.837890625,6242.19384765625,34885225901,-0.035179534234601295,0.10661786184729223,0.03541611550209227,6200.821752929687,8143.020400390625,0.7614891585721965,64.50803664109431,-447.2280668494477,-624.641363221431
2020-03-29,6245.62451171875,6250.46728515625,5920.0859375,5922.04296875,28373690931,-0.051288198783903005,0.10703585985946547,0.0231270498769592,6100.741674804687,8064.158876953125,0.7565254811931142,57.12244882149166,-451.083337904367,-589.9297581580182
2020-03-30,5925.53857421875,6517.19580078125,5903.234375,6429.841796875,37101651525,0.08574723804008189,0.10907361231177248,0.055656380526900334,6026.747290039062,7990.422236328125,0.7542464104886353,68.38760245198397,-408.45512992996737,-553.634832512408
2020-03-31,6430.6064453125,6504.51513671875,6374.162109375,6438.64453125,32786468812,0.0013690436954885143,0.1090760572388449,0.0554770156366185,5953.1080078125,7922.062900390625,0.7514593209704206,66.63333199869679,-369.6999895448389,-516.8478639188942
2020-04-01,6437.3193359375,6612.57373046875,6202.37353515625,6606.7763671875,40346426266,0.026112924097839496,0.06629524868240415,0.0542245138177794,6034.907421875,7850.033701171875,0.7687747150657573,67.9965789009276,-321.71094404529595,-477.8204799441745
2020-04-02,6606.7763671875,7088.24755859375,6595.91845703125,6793.62451171875,47660646124,0.028281287899985408,0.0618293023458587,0.049594974532886194,6096.403295898437,7779.38509765625,0.7836613330448371,59.922270800514575,-265.5412023489125,-435.3646244251222
2020-04-03,6797.396484375,7003.220703125,6673.3359375,6733.38720703125,38976504903,-0.008866740365705117,0.059365186556306654,0.036728480725395876,6173.054345703125,7709.765244140625,0.8006799364474306,58.655091962017096,-223.31271447241397,-392.9542424345806
2020-04-04,6738.3828125,6878.95361328125,6696.48486328125,6867.52734375,33185988584,0.01992164308903499,0.0591501910905783,0.016325961075101637,6246.814965820313,7640.873466796875,0.8175524687021203,60.63409221427534,-176.98220492240853,-349.7598349321462
2020-04-05,6862.53759765625,6883.4140625,6715.92919921875,6791.12939453125,29510409856,-0.011124520572645125,0.05614657830054687,0.019304984138767464,6335.647436523437,7578.90755859375,0.8359578722317867,66.39481809806644,-144.76090472920077,-308.7600488915571
2020-04-06,6788.0498046875,7271.78125,6782.8896484375,7271.78125,46896904615,0.0707764242948763,0.05718597460750536,0.0333491035219411,6437.955029296875,7525.65451171875,0.8554677894489924,65.14092595322859,-79.52400123867756,-262.9128393609812
2020-04-07,7273.64404296875,7427.939453125,7136.71435546875,7176.41455078125,44243482668,-0.013114627068677276,0.05751547797874721,0.03576719782179592,6534.853833007813,7475.379951171875,0.8741835031386437,58.486343598115326,-35.11381067821003,-217.35303362442696
2020-04-08,7179.283203125,7356.2236328125,7153.3056640625,7334.0986328125,37563249549,0.02197254365887824,0.042627346645741485,0.0339878302905365,6591.99912109375,7419.222001953125,0.8885027458887728,62.06717652410906,12.659442722691892,-171.35053835500318
2020-04-09,7337.96630859375,7341.4482421875,7179.09423828125,7302.08935546875,34815139178,-0.004364445986660415,0.0427016811104164,0.0352986044030892,6647.1646728515625,7372.5960546875,0.9016043498850438,60.83545285872587,47.39091608090257,-127.60224746782202
2020-04-10,7303.8154296875,7303.8154296875,6802.47509765625,6865.4931640625,43622840992,-0.05979058460566089,0.045360581070541466,0.04798470834752837,6681.186010742187,7317.73640625,0.9130126640030185,56.840202462085635,39.23393075272543,-94.23501182371254
2020-04-11,6867.4404296875,6926.06982421875,6789.9208984375,6859.0830078125,31222085946,-0.0009336774645052337,0.042886645366952005,0.030071747064579005,6732.627416992187,7261.18923828125,0.9272072653743183,61.54692906957848,31.884668464233982,-69.01107576612324
2020-04-12,6858.06787109375,7119.947265625,6811.078125,6971.091796875,35759567632,0.016329994685138294,0.03718490347321086,0.03240677310974575,6760.366259765625,7207.34744140625,0.9379825677512483,71.29543358610228,34.69851544588164,-48.26915752372226
2020-04-13,6965.61669921875,6965.61669921875,6668.259765625,6845.03759765625,38619308647,-0.018082418492216368,0.03595031889553382,0.0287007375908687,6765.877954101563,7145.757880859375,0.9468383993564408,59.9742456627824,26.452066101279343,-33.32491279872194
2020-04-14,6843.28173828125,6958.55712890625,6793.8212890625,6842.427734375,34110434052,-0.0003812781513637953,0.03588587171116406,0.02906608414760693,6773.94619140625,7089.602939453125,0.9554761034231878,59.729028918327494,19.481530471519363,-22.763624144673674
2020-04-15,6845.5615234375,6928.66455078125,6633.40283203125,6642.10986328125,32288311031,-0.029275847531044064,0.03653528170207773,0.017624685063017374,6770.229663085937,7035.61103515625,0.9622802666684914,50.838346482253534,-2.1815003281817553,-18.64719938137529
2020-04-16,6640.4541015625,7134.45068359375,6555.50439453125,7116.80419921875,46783242377,0.07146740203164859,0.038743778735029384,0.039489006222394665,6802.5799560546875,7001.536669921875,0.9715838503393274,56.7464629262153,18.738254479923853,-11.170108609115461
2020-04-17,7116.552734375,7167.18310546875,7050.33203125,7096.1845703125,32513423567,-0.002897315751431484,0.03761681978601938,0.03941254931824222,6845.2794921875,6967.770478515625,0.9824203471245483,57.70086951402608,33.269963724750596,-2.2820941423422476
2020-04-18,7092.29150390625,7269.95654296875,7089.2470703125,7257.6650390625,32447188386,0.02275595669052466,0.03513007634618092,0.037849792292707456,6912.060595703125,6939.474677734375,0.9960495450586181,58.18619059699002,57.15769395958978,9.605863478044162
2020-04-19,7260.92236328125,7280.52197265625,7167.0546875,7189.4248046875,31311210215,-0.009402505352301915,0.03059564738164202,0.03881025656276677,6950.03974609375,6911.272998046875,1.0056092051432248,58.38607168742515,69.77811696882691,21.640314176200715
2020-04-20,7186.87353515625,7240.29052734375,6835.5029296875,6881.95849609375,37747113936,-0.04276646838190479,0.0324835417375257,0.042557432568058495,6972.2054443359375,6877.6630859375,1.0137462910318689,41.14666215400093,54.34349366124843,28.18095007321026
2020-04-21,6879.7841796875,6934.5517578125,6834.4423828125,6880.3232421875,32589741511,-0.00023761461322069355,0.03206389607101538,0.02362090500399136,6985.882788085937,6837.87615234375,1.0216451179349681,42.9763838224771,41.50109339457049,30.844978737482307
2020-04-22,6879.4404296875,7145.86572265625,6867.78173828125,7117.20751953125,33249153866,0.034429236680519004,0.032352110808216525,0.030066897393873335,7002.061938476562,6804.464580078125,1.0290393690896644,45.041416324200476,49.86318831967128,34.648620653920105
2020-04-23,7121.30615234375,7491.78515625,7081.5947265625,7429.724609375,43500782316,0.043910071328696176,0.033481327771306406,0.03498714013086791,7036.87880859375,6777.954150390625,1.0382010046775254,52.58629099649728,80.7765839514359,43.87421331342327
2020-04-24,7434.181640625,7574.19580078125,7434.181640625,7550.90087890625,34636526286,0.016309658285092787,0.03340887655340373,0.03418720572172622,7071.0474853515625,6747.3969140625,1.0479667307868803,65.9240513566439,113.742432982217,57.84785724718202
2020-04-25,7550.48291015625,7641.36376953125,7521.67236328125,7569.93603515625,32941541447,0.002520911948821203,0.03319490236070738,0.019408183629241196,7109.987817382813,6716.344716796875,1.0586097225774427,66.41890274862087,139.79264131992568,74.23681406173075
2020-04-26,7570.13916015625,7700.59423828125,7561.40771484375,7679.8671875,33070154491,0.014522071498782596,0.029602795821705358,0.01659592484700979,7130.392114257813,6691.742978515625,1.0655508044989932,66.38664189732887,167.37870682766152,92.86519261491692
2020-04-27,7679.4189453125,7795.60107421875,7679.4189453125,7795.60107421875,36162144725,0.015069777105927384,0.029458348298880725,0.015275677636849871,7161.3514404296875,6685.49267578125,1.0711778155665737,72.08207539208293,196.31660430755164,113.55547495344389
2020-04-28,7796.97021484375,7814.52734375,7730.806640625,7807.05859375,33187959921,0.001469741643032707,0.029175814494605667,0.007325696179546334,7184.999438476562,6683.16095703125,1.0750899888049734,72.31712860666102,217.66551010987314,134.37748198472974
2020-04-29,7806.71240234375,8871.75390625,7786.04931640625,8801.0380859375,60201052203,0.1273180520232342,0.04010957812888133,0.05356909692521517,7259.946875,6700.98712890625,1.0834145380883584,86.53192950218416,311.2031535185597,169.74261629149575
2020-04-30,8797.669921875,9440.650390625,8533.255859375,8658.5537109375,66964629541,-0.01618949646720247,0.03718850742807053,0.05671976625755821,7349.59990234375,6715.929599609375,1.0943533271657928,79.39307067046299,369.5748823599124,209.7090695051791
2020-05-01,8672.7822265625,9048.0234375,8667.763671875,8864.7666015625,44068389997,0.023816089558295506,0.037136828745683755,0.05630044456074264,7449.88408203125,6793.809169921875,1.0965695231791328,81.48921697908494,427.5460699366413,253.2764695914716
2020-05-02,8869.0576171875,9007.1875,8811.3662109375,8988.5966796875,40134388683,0.013968791699848548,0.03713122607806784,0.056376988874393116,7550.759326171875,6862.306962890625,1.1003237492878417,81.23766776944447,477.9709545273936,298.215366578656
2020-05-03,8983.6142578125,9167.78125,8830.9716796875,8897.46875,47101785174,-0.010138170944239966,0.03681770188753005,0.058063299632589334,7653.380883789063,6936.249013671875,1.10338900300489,80.57206482049561,504.76120356755746,339.5245339764363
2020-05-04,8895.7451171875,8956.90625,8645.0244140625,8912.654296875,45718796276,0.0017067266322232655,0.036778272129141226,0.01654894724271992,7756.8922119140625,7006.65580078125,1.1070748203514094,90.59457809063221,521.2098331523848,375.86159381162605
2020-05-05,8912.83203125,9062.4150390625,8856.8271484375,9003.0703125,43148462663,0.010144678859214995,0.03537098637518162,0.012834747446058675,7874.940234375,7086.427607421875,1.111270822286717,90.98012126851954,535.3698965162548,407.7632543525519
2020-05-06,9007.44140625,9411.4677734375,8966.7060546875,9268.76171875,49371886931,0.029511199738283755,0.03307058335154597,0.014715318987391849,7982.538110351563,7167.29025390625,1.1137456175994818,91.07934187030685,561.5576378666792,438.5221310553774
2020-05-07,9261.8955078125,9992.6640625,9138.322265625,9951.5185546875,61112700562,0.07366214135771076,0.035387019389185564,0.032807747425012176,8125.3048095703125,7261.55185546875,1.1189488102947391,92.18431400095729,630.1405145793578,476.84580776017356
2020-05-08,9936.162109375,9996.7431640625,9767.1728515625,9842.666015625,51780748042,-0.010938284289408906,0.03592752178715915,0.032998852786128505,8254.554858398438,7334.581318359375,1.1254295916982002,88.49513087590758,668.0090557301264,515.0784573541641
2020-05-09,9840.90625,9913.86328125,9580.64453125,9593.896484375,46566121841,-0.025274608612654736,0.03668398104405962,0.03863077875443136,8374.778442382812,7402.483681640625,1.131347099508458,81.56097208870057,670.2206389738312,546.1068936780975
2020-05-10,9591.1689453125,9595.5810546875,8395.107421875,8756.4306640625,63325279337,-0.0872915214038874,0.0414275352765552,0.06039994429746328,8468.50205078125,7453.910966796875,1.1361152673413764,63.68293549340814,597.509128624466,556.3873406673713
2020-05-11,8755.53515625,9033.470703125,8374.3232421875,8601.7958984375,57119858802,-0.017659566044374797,0.041899121410299285,0.05745636018215512,8554.57568359375,7509.341787109375,1.1391911469895584,60.146265676567864,521.3966633877899,549.3892052114551
2020-05-12,8610.3857421875,8949.8984375,8569.6435546875,8804.4775390625,42142717533,0.023562712138033515,0.041663347126532836,0.04024708570776186,8638.939184570312,7557.1050390625,1.1431545730694277,61.97643682837843,471.9908837406765,533.9095409172994
2020-05-13,8805.3876953125,9317.87890625,8805.3876953125,9269.9873046875,45558144023,0.05287193516704303,0.04207641110181374,0.05325040696736751,8730.952319335938,7607.8087109375,1.1476303691473908,56.449372178591055,465.03852049162015,520.1353368321636
2020-05-14,9271.3291015625,9793.2685546875,9255.03515625,9733.7216796875,56426907637,0.05002535168149658,0.042927157841780444,0.05850709800792046,8840.093359375,7668.861884765625,1.1527255924293087,63.58609459321384,491.28498352450515,514.3652661706319
2020-05-15,9734.291015625,9755.828125,9261.3984375,9328.197265625,48158802327,-0.04166180495059313,0.04463217504885268,0.041830688296282906,8928.006420898437,7721.097021484375,1.1563132021338123,55.57519874039252,473.90023653360913,506.2722602432274
2020-05-16,9333.240234375,9564.205078125,9260.6943359375,9377.013671875,36164766408,0.005233209039209763,0.0446465760644431,0.03871414632636603,9012.863745117187,7779.241328125,1.1585787565854475,54.758651054110736,458.7733220218397,496.77247259894995
2020-05-17,9374.9296875,9823.001953125,9349.5458984375,9670.7392578125,40084250663,0.03132400103227817,0.044872684991521646,0.03914581946996121,9106.620654296876,7847.812236328125,1.1604024637773098,59.02559513971607,465.12466568972195,490.4429112171044
2020-05-18,9675.6953125,9906.0302734375,9570.359375,9726.5751953125,41827139896,0.005773698991511145,0.044830973244569375,0.03451873169205925,9202.596484375,7923.902880859375,1.1613716905345195,59.410762971238206,469.254372515672,486.2052034768179
2020-05-19,9727.0634765625,9836.0478515625,9539.6240234375,9729.0380859375,39254288955,0.00025321252090737545,0.03570049608609578,0.02635106777860437,9248.996484375,7989.886806640625,1.1575879243605671,58.568090403783934,467.33873953724833,482.4319106889041
2020-05-20,9725.3291015625,9804.7939453125,9447.201171875,9522.9814453125,36546239703,-0.02117954918100662,0.03587804600166963,0.01870107880380192,9292.21787109375,8051.573544921875,1.1540871879577315,53.043215789497076,444.0745231135588,474.7604331738351
2020-05-21,9522.740234375,9555.2421875,8869.9306640625,9081.76171875,39326160532,-0.04633209978369557,0.03737888250569239,0.029274116241541276,9303.067626953125,8101.073251953125,1.1483747075994166,38.94926641614577,385.5898793736178,456.9263224137917
2020-05-22,9080.3349609375,9232.9365234375,9008.638671875,9182.5771484375,29810773699,0.01110086707949609,0.03733553384528713,0.02368627694293996,9312.766650390626,8148.8523046875,1.1428316899342503,41.5960484465152,343.4166471379249,434.2243873586183
2020-05-23,9185.0625,9302.501953125,9118.1083984375,9209.287109375,27727866812,0.0029087652089092586,0.03723100132381516,0.023237383816918533,9328.357568359375,8198.370302734374,1.1378307180450389,44.80986094791991,308.5920700806091,409.09792390301646
2020-05-24,9212.283203125,9288.404296875,8787.2509765625,8790.3681640625,32518803300,-0.045488748514099786,0.03874142393335287,0.026628550756740303,9322.24326171875,8236.827119140626,1.131776001472199,50.51629373833392,244.3731030155559,376.1529597255244
2020-05-25,8786.107421875,8951.005859375,8719.66796875,8906.9345703125,31288157264,0.013260696716498988,0.03879048765812553,0.03037298160336393,9317.436474609374,8279.14322265625,1.125410712682417,54.69649582269166,200.5729634715335,341.03696047472624
2020-05-26,8909.5859375,8991.9677734375,8757.2939453125,8835.052734375,29584186947,-0.008070322664891605,0.038200784132807204,0.023998296807479527,9295.751025390626,8310.40865234375,1.1185672587555586,50.49033626145421,158.23671949790878,304.47691227936275
2020-05-27,8837.380859375,9203.3203125,8834.1572265625,9181.017578125,32740536902,0.039158209254817056,0.035286339560689876,0.031029836869508266,9257.2259765625,8350.500712890625,1.1085833406698795,48.516297520252,150.86236523654588,273.7540028707994
2020-05-28,9184.9453125,9546.3193359375,9148.45703125,9525.7509765625,34367073114,0.037548495632866885,0.036391041191632396,0.035314104824301175,9241.380224609375,8394.333759765625,1.1009069318763185,46.388434960218206,170.8656081807876,253.17632393279706
2020-05-29,9528.35546875,9573.6669921875,9379.3388671875,9439.1240234375,32896642044,-0.009093976247976698,0.036000667432524974,0.023488684048708637,9233.6416015625,8437.074453125,1.0944127200563531,52.16625479683101,177.68006598547072,238.07707234333182
2020-05-30,9438.9140625,9704.0302734375,9366.7294921875,9700.4140625,32722975141,0.02768159825145977,0.030047000212898557,0.02416480336849366,9280.840771484374,8493.77287109375,1.0926641096171992,55.83163928721865,201.83783443588618,230.8292247618427
2020-05-31,9700.10546875,9700.34375,9432.296875,9461.05859375,27773290299,-0.024674768232348376,0.030371529456372972,0.029170387109088446,9323.80390625,8545.8123828125,1.0910377490854128,46.143361972869734,199.37083119121598,224.53754604771737
2020-06-01,9463.60546875,10199.5654296875,9450.8994140625,10167.2685546875,35198901068,0.07464386293982206,0.0339348708514449,0.03933112016787367,9391.94345703125,8609.73591796875,1.09085151350926,56.5407819428211,251.5017989667158,229.93039663151706
2020-06-02,10162.9736328125,10182.3408203125,9460.5712890625,9529.8037109375,39137252109,-0.06269774820259899,0.03564612530341305,0.05232987644485021,9404.93427734375,8663.431240234375,1.085589995066356,47.51194295674096,238.62713605331373,231.66974451587637
2020-06-03,9533.7607421875,9682.859375,9471.8466796875,9656.7177734375,25007459262,0.013317594606312655,0.03394694437205288,0.052190378951148336,9401.08408203125,8719.717041015625,1.0781409577639531,51.703789926705646,235.94495059633664,232.52478573196845
2020-06-04,9655.8544921875,9887.6103515625,9525.2470703125,9800.63671875,25921805072,0.014903505382374727,0.03261008352754648,0.051144471134925575,9424.7060546875,8782.887578125,1.0730760209388353,59.90903579232119,242.63540548435958,234.54690968244668
2020-06-05,9800.2158203125,9869.2373046875,9663.216796875,9665.533203125,23509628646,-0.013785177382049874,0.032817507025026185,0.049882400302130654,9439.13203125,8833.862158203125,1.0685170157975379,56.59477071714682,234.33465059766058,234.50445786548948
2020-06-06,9664.904296875,9773.431640625,9591.0244140625,9653.6796875,20438419222,-0.0012263695520872142,0.0320871509246199,0.03174980013475544,9438.279052734375,8885.012060546875,1.0622696951244708,56.092906725336775,224.21515021665618,232.44659633572283
2020-06-07,9653.0029296875,9768.498046875,9458.150390625,9758.8525390625,25015250846,0.010894586827723485,0.03215265191438131,0.012180907260620929,9439.892919921875,8935.035810546875,1.0565030874055445,64.52847160164663,222.12146542493792,230.38157015356586
2020-06-08,9760.0634765625,9782.306640625,9675.8857421875,9771.4892578125,21486346312,0.0012948980117710729,0.03215280858687013,0.011234167737755412,9442.015478515625,8986.677099609375,1.0506681584148654,63.386817862074516,218.9578726772961,228.09683065831194
2020-06-09,9774.3603515625,9836.369140625,9664.7197265625,9795.7001953125,23717842783,0.0024777121338637187,0.031737685097322416,0.008916546735981395,9455.651416015626,9044.95193359375,1.0454064858981176,65.09760695141615,215.9153847960697,225.66054148586352
2020-06-10,9794.119140625,9908.896484375,9728.291015625,9870.0947265625,25706567601,0.007594610876882513,0.029647031662213517,0.00492930025958189,9495.06806640625,9104.74736328125,1.0428700201720185,61.84027844198941,217.00570151537977,223.92957349176675
2020-06-11,9870.078125,9938.2978515625,9263.0693359375,9321.78125,30247143440,-0.05555301055894357,0.03248667090795545,0.02760734549626677,9502.028271484374,9148.838837890626,1.0386048371658911,46.72439431915736,171.64683242135834,213.47302527768505
2020-06-12,9320.6904296875,9540.4658203125,9285.8515625,9480.84375,22610564515,0.01706353064227928,0.03267822120842868,0.028703970140419265,9515.606103515625,9189.861220703126,1.0354461155603367,50.65475546406086,146.8419141007289,200.14680304229384
2020-06-13,9480.7353515625,9493.2119140625,9396.009765625,9475.27734375,17564322315,-0.0005871213994007585,0.030731033642278423,0.02860600160572436,9549.8515625,9228.34875,1.0348386066900648,46.15830950954207,125.29040535549757,185.1755235049346
2020-06-14,9477.5537109375,9482.2705078125,9347.59375,9386.7880859375,18991732746,-0.009338962291258746,0.030796054950753132,0.028236811374358337,9573.84423828125,9264.685791015625,1.0333695555617688,48.663868602238566,99.91853713581077,168.12412623110984
2020-06-15,9386.03515625,9504.8603515625,8990.17578125,9450.7021484375,26699704768,0.006808938469139436,0.03069212256569988,0.02812917249207635,9604.626708984375,9300.102490234374,1.0327441787947786,33.23441350013526,84.00017770858176,151.29933652660424
2020-06-16,9454.2666015625,9579.4306640625,9400.4453125,9538.0244140625,21565537209,0.009239764861221245,0.02958844146277231,0.010036687588326421,9622.47705078125,9334.95095703125,1.0308010288509797,50.25902207933991,77.53714034156656,136.5468972895967
2020-06-17,9533.7841796875,9540.4228515625,9327.33984375,9480.2548828125,20177709879,-0.006056760681470541,0.028440688067232864,0.007999676688068516,9620.20224609375,9368.4148828125,1.0268761969266738,44.18661213753592,66.98149728659337,122.63381728899603
2020-06-18,9481.5673828125,9482.7822265625,9328.3955078125,9411.8408203125,17770083003,-0.007216479234543938,0.028411670324712656,0.00864721246180679,9618.8380859375,9380.6309375,1.0253935103112566,36.52095661200255,52.49055261632748,108.60516435446233
2020-06-19,9410.2939453125,9440.8759765625,9274.2958984375,9288.0185546875,19632223107,-0.013156009327927487,0.027796439513336227,0.00964399106965215,9598.218310546876,9393.220234375,1.0218240466056225,36.80888018371852,30.661505800690065,93.01643264370787
2020-06-20,9290.9599609375,9394.9716796875,9247.3798828125,9332.3408203125,17130541557,0.004771982890003024,0.027296555185070407,0.009207995311963145,9591.782421875,9402.57171875,1.020123292731465,39.0208957693958,16.745236683871553,77.76219345174061
2020-06-21,9330.9267578125,9401.107421875,9300.4306640625,9303.6298828125,15324301169,-0.0030764990320015784,0.02082676072331221,0.006552238947389825,9548.60048828125,9408.8723828125,1.014850674956969,33.58906547925838,3.3610167298538727,62.88195810736327
2020-06-22,9300.9150390625,9655.0732421875,9296.8720703125,9648.7177734375,21104009514,0.03709174751916078,0.017814413477990794,0.01978239118771059,9554.54619140625,9423.89736328125,1.013863566536076,46.4298168988326,20.364881069528565,54.37854269979633
2020-06-23,9644.076171875,9670.541015625,9547.2470703125,9629.658203125,17006433272,-0.0019753474772544743,0.01757421837259298,0.019190472243804466,9553.193212890625,9438.23744140625,1.012179792275627,45.157004906599155,31.934497025031305,49.889733564843326
2020-06-24,9632.1494140625,9680.3671875,9278.2333984375,9313.6103515625,18961716076,-0.03282025643027875,0.018652212901061976,0.024929495647001417,9528.84189453125,9444.4482421875,1.008935794890248,35.774229046296156,15.423290631624695,42.996444978199605
2020-06-25,9314.126953125,9340.1611328125,9095.32421875,9264.8134765625,18616048626,-0.005239308190707503,0.01847416792828486,0.024932593579706702,9508.805908203125,9444.36927734375,1.0068227563924201,48.044207252676955,-1.5812319345113792,34.08090959565741
2020-06-26,9260.9951171875,9310.5166015625,9101.73828125,9162.91796875,18341465837,-0.010998117562784016,0.018582908118035212,0.025329854098082284,9484.267822265625,9428.597265625,1.005904436797146,38.6391680625349,-23.01426041513696,22.661875593498532
2020-06-27,9167.82421875,9207.810546875,8998.216796875,9045.390625,17273093144,-0.012826410118569775,0.01844357574320857,0.012024884165598061,9448.5947265625,9412.6517578125,1.0038185805312692,35.77645258515956,-48.91964906331668,8.345570662135486
2020-06-28,9048.4609375,9197.546875,8975.525390625,9143.58203125,14560870760,0.010855408054862181,0.01869991829391379,0.015709467923459782,9417.199365234375,9403.64546875,1.0014413449049537,42.00443949882592,-60.825472160173376,-5.488637902326291
2020-06-29,9140.029296875,9237.5732421875,9041.8759765625,9190.8544921875,16460547078,0.005170015512075743,0.01875215781737516,0.010289492724580462,9386.957080078126,9412.3339453125,0.9973038711352764,41.362827216293525,-65.6892059400725,-17.528751509875537
2020-06-30,9185.5810546875,9217.8359375,9084.837890625,9137.9931640625,15735797744,-0.005751513982724221,0.01859161209884076,0.01032473236720697,9350.352001953124,9423.057890625,0.9922842574548746,36.391451735286566,-72.96808671845429,-28.616618551591294
2020-07-01,9145.9853515625,9309.7548828125,9104.7353515625,9228.3251953125,15971550355,0.00988532488788163,0.014228171101368274,0.010357741544310404,9345.67919921875,9431.53484375,0.9908969594076044,41.61543371741253,-70.63339438848561,-37.019973718970164
2020-07-02,9231.1396484375,9274.962890625,9036.623046875,9123.41015625,16338916796,-0.011368806022981404,0.013804751980974615,0.009863619132822103,9327.80751953125,9428.60330078125,0.9893095744900364,40.62832574447494,-76.36857138408232,-44.8896932519926
2020-07-03,9124.8427734375,9202.3447265625,9058.794921875,9087.3037109375,13078970999,-0.00395756024273064,0.013809359996654365,0.008590495588807258,9308.408837890625,9415.67494140625,0.9886077095712053,43.0841735343086,-82.87193280004612,-52.48614116160331
2020-07-04,9084.2333984375,9183.2958984375,9053.6298828125,9132.48828125,12290528515,0.004972274697731871,0.013779700603153415,0.008554190962041859,9295.69384765625,9411.76076171875,0.9876678852128723,43.117974599771195,-83.41828234261084,-58.672569397804814
2020-07-05,9126.0908203125,9162.18359375,8977.015625,9073.9423828125,12903406143,-0.00641072801130238,0.013687903515062454,0.008645622323823687,9276.855859375,9405.6993359375,0.9863015527117467,42.24983985638479,-87.56602636279422,-64.4512607908027
2020-07-06,9072.849609375,9375.474609375,9058.6640625,9375.474609375,17889263252,0.0332305643833104,0.01563259127383556,0.017753726662384773,9268.728369140625,9399.79404296875,0.9860565377040187,40.500968571830136,-65.76392709313404,-64.71379405126898
2020-07-07,9349.1611328125,9360.6171875,9201.8154296875,9252.27734375,13839652595,-0.01314037643510968,0.01583819272219678,0.018133114612893023,9257.3294921875,9390.3080859375,0.9858387400569804,37.76648955568612,-57.76076592495883,-63.32318842600695
2020-07-08,9253.0205078125,9450.3359375,9249.5,9428.3330078125,19702359883,0.019028359994139876,0.016382458320111027,0.0188472904499181,9258.1541015625,9384.293984375,0.9865584046042757,54.090184893236554,-36.78791413379804,-58.01613356756518
2020-07-09,9427.994140625,9431.37890625,9234.9990234375,9277.9677734375,18000702524,-0.015948231171979632,0.016513767682592627,0.021669593525442257,9257.6515625,9379.3937109375,0.9870202539535647,50.43731551259093,-31.931904627801487,-52.79928777961245
2020-07-10,9273.357421875,9287.4716796875,9118.001953125,9278.8076171875,16860035605,9.052022711308894e-05,0.016476818206811322,0.021125573069257296,9254.97490234375,9383.33462890625,0.9863204573172659,54.1302814916083,-27.696446343870775,-47.77871949246412
2020-07-11,9277.51171875,9293.5322265625,9199.4853515625,9240.3466796875,13249910444,-0.004145030168397623,0.016488502882702833,0.013842310566550631,9251.8107421875,9384.49001953125,0.9858618553520101,57.36316539948496,-27.130547302684136,-43.64908505450813
2020-07-12,9241.0546875,9319.4189453125,9197.4501953125,9276.5,14452361907,0.003912550206798482,0.014022322864521965,0.012720018791191876,9233.199853515625,9385.83427734375,0.9837377883182354,55.266905346774955,-23.493973529786672,-39.61806274956384
2020-07-13,9277.205078125,9306.4052734375,9224.29296875,9243.6142578125,17519821266,-0.003545059255915528,0.014027324840977394,0.007454904945473189,9213.89765625,9394.89919921875,0.9807340622681932,52.114729123968395,-23.000432502960393,-36.29453670024315
2020-07-14,9238.703125,9283.841796875,9171.6611328125,9243.2138671875,18085038362,-4.331537576462985e-05,0.01199894344714201,0.0032512982246410025,9210.37783203125,9401.62478515625,0.9796580955424908,54.40263342415421,-22.38358186225014,-33.51234573264455
2020-07-15,9241.8974609375,9275.3251953125,9171.93359375,9192.8369140625,15844731575,-0.005450155524782674,0.01200359268401732,0.003793827720451215,9206.77900390625,9408.78046875,0.9785305369261542,48.4637367468759,-25.663885092608325,-31.942653604637304
2020-07-16,9191.98046875,9214.3125,9088.947265625,9132.2275390625,15713967523,-0.006593108913667822,0.011836641928724785,0.004289033752050753,9205.244482421875,9407.80466796875,0.97846892099742,50.39692413469308,-32.77639320650451,-32.109401525010746
2020-07-17,9131.8125,9182.25390625,9089.2021484375,9151.392578125,13944570749,0.002098616025556055,0.011456560933145227,0.0036578083745346045,9210.544580078125,9400.3175,0.9798120733771094,52.929716621890805,-36.446515898087455,-32.97682439962609
2020-07-18,9151.18359375,9230.9833984375,9100.82421875,9159.0400390625,12252601475,0.0008356608977502233,0.011202811819971351,0.003921885558342692,9211.31748046875,9394.7158203125,0.9804785644024249,51.25690537498208,-38.29656937484833,-34.04077339467054
2020-07-19,9158.005859375,9201.3984375,9097.6328125,9185.8173828125,12939002784,0.002923597193133398,0.01116094606354773,0.004448915840155057,9211.065625,9384.42388671875,0.9815270213908287,55.46015743708141,-37.17352892929193,-34.66732450159482
2020-07-20,9187.220703125,9214.2705078125,9137.509765625,9164.2314453125,13755604146,-0.0023499201650132306,0.01109390343612646,0.0038967137631491303,9212.3775390625,9378.48734375,0.9822882093242683,35.81347579778827,-37.591979105232895,-35.252255422322435
2020-07-21,9162.5146484375,9407.2626953125,9149.3896484375,9374.8876953125,18069581956,0.02298678850016933,0.012042110289422233,0.010089229823487813,9219.7056640625,9362.6397265625,0.9847335722964448,57.368592177682416,-20.686938882903632,-32.339192114438674
2020-07-22,9375.080078125,9530.5185546875,9319.6533203125,9525.36328125,16532254884,0.016050921443329758,0.012137513527307114,0.01088117253479273,9239.8033203125,9362.55091796875,0.9868895134742955,56.016266365365915,4.797249786390239,-24.91190373427289
2020-07-23,9527.1416015625,9610.2470703125,9483.00390625,9581.072265625,18146399002,0.00584848921034431,0.012072408039356807,0.010258884291294998,9264.491748046876,9361.0380078125,0.9896863724209806,71.29310877096697,29.152846502658576,-14.098953686886595
2020-07-24,9585.5146484375,9623.3369140625,9481.4541015625,9536.892578125,16552768325,-0.004611142289210002,0.012168018680026432,0.011825300313641903,9284.711962890626,9355.763125,0.9924056262263081,67.08984033988398,44.37833499543012,-2.4034959504232485
2020-07-25,9539.4853515625,9704.556640625,9530.2119140625,9677.11328125,16610070933,0.014702976045533722,0.012293386317862065,0.01064369141848319,9314.8705078125,9355.9947265625,0.9956045059930139,75.48697468791565,66.98709762514773,11.47462276469095
2020-07-26,9680.234375,10023.8076171875,9652.84765625,9905.1669921875,20507998997,0.023566295475673238,0.011195676755272891,0.010808784365592287,9341.355126953125,9361.02447265625,0.9978988041575385,79.9723999988826,102.12944873318702,29.605587958390174
2020-07-27,9905.2177734375,11298.2216796875,9903.9697265625,10990.873046875,35359749590,0.1096100707382146,0.025934889188958175,0.045810002879009507,9428.284912109375,9385.6648828125,1.0045409707068194,91.5704500137314,215.1077914426678,66.70602865524572
2020-07-28,11017.4638671875,11204.3271484375,10632.6318359375,10912.8232421875,28766551142,-0.007101328925793737,0.026058237962077853,0.04782604820073711,9502.509423828125,9408.4915625,1.0099928730023906,88.30762433038736,294.9460209243971,112.35402710907601
2020-07-29,10912.953125,11304.3974609375,10856.1416015625,11100.4677734375,24617249715,0.017194865809297744,0.025527530250779373,0.04511352781608218,9593.634423828125,9434.5869140625,1.0168579198235548,91.175198433777,369.1049266189202,163.70420701104487
2020-07-30,11099.8330078125,11169.3564453125,10895.455078125,11111.2138671875,22857247901,0.0009680757576464583,0.025511618309003996,0.04678634532166,9685.254736328125,9459.409296875,1.0238752159215412,93.65506312752692,423.8575476574333,215.73487514032257
2020-07-31,11110.2109375,11415.8642578125,10987.0537109375,11323.466796875,23160469766,0.0191025870102548,0.025394063809155532,0.046954596576148075,9789.4107421875,9499.4430078125,1.0305247090946832,94.15314335988896,478.8564725184351,268.3591946159451
2020-08-01,11322.5703125,11794.775390625,11239.6826171875,11759.5927734375,26075670303,0.03851523428168302,0.02609046082396895,0.01769172565472357,9913.565380859374,9545.01798828125,1.0386114927211874,95.02055790363482,551.2804206393794,324.94343982063197
2020-08-02,11758.7646484375,12034.14453125,11018.1298828125,11053.6142578125,27410067336,-0.060034265575901635,0.030563026384884544,0.037747368421622775,10004.065380859374,9576.5847265625,1.0446381112372112,76.17879760262929,545.4230577140315,369.0393633993119
2020-08-03,11043.7685546875,11453.0791015625,11012.4150390625,11246.3486328125,20271713443,0.017436321777176023,0.030528344235099404,0.03776997717584238,10104.222119140624,9613.7759375,1.051014937817259,77.84671252564482,549.9931302629575,405.2301167720411
2020-08-04,11246.203125,11385.3818359375,11094.1455078125,11205.892578125,21250197042,-0.00359726129861071,0.03048085380441884,0.03789233273142817,10204.87490234375,9648.87974609375,1.0576227677078358,75.65630616318184,544.0786798317677,432.9998293839864
2020-08-05,11203.8232421875,11786.6171875,11158.28515625,11747.0224609375,24411254471,0.04828976175167332,0.03133123463647941,0.043030721545886406,10335.6146484375,9693.05970703125,1.0662902077184304,78.05842768246595,576.41158048945,461.68217960507917
2020-08-06,11749.87109375,11902.3359375,11598.7138671875,11779.7734375,23400740340,0.002788023660583505,0.03131884549002936,0.039547392129774546,10467.03369140625,9739.050078125,1.0747489341816183,77.93044723550017,597.7874457391772,488.90323283189883
2020-08-07,11778.89453125,11898.0380859375,11408.59375,11601.47265625,23132312867,-0.01513618086086388,0.031848690393163126,0.02444443096505242,10589.155322265626,9782.84271484375,1.0824210948621753,75.36245445475996,593.4991018238416,509.82240663028745
2020-08-08,11604.5537109375,11800.064453125,11558.431640625,11754.0458984375,17572057837,0.013151196120374076,0.03177125460081215,0.02419040907412622,10717.566748046875,9832.16326171875,1.090051747795464,75.43700093984356,595.5468505339231,526.9672954110147
2020-08-09,11737.3251953125,11806.056640625,11548.7841796875,11675.7392578125,17489608833,-0.006662100973708895,0.03189436432551978,0.024627438104811106,10843.142138671876,9879.03123046875,1.0975916449408145,72.51057946305345,584.1176697807496,538.3973702849617
2020-08-10,11662.2568359375,12045.140625,11662.2568359375,11878.111328125,26114112569,0.017332698670629254,0.03182292972642275,0.01349359266029781,10968.3033203125,9930.520859375,1.1045043332201223,64.54764735118849,584.6502127508484,547.6479387781391
2020-08-11,11881.6474609375,11932.7109375,11195.708984375,11410.525390625,27039782640,-0.03936534391564839,0.03383459084670861,0.022957815043527847,11062.56142578125,9965.75701171875,1.1100573105257099,57.236234744751734,541.1044640778382,546.3392438380789
2020-08-12,11404.5966796875,11748.396484375,11249.60546875,11584.9345703125,25064548486,0.015284938573538076,0.03384531729384068,0.02398440256081662,11162.754541015625,10004.8625390625,1.1157329246086398,57.07101603790259,514.7339748751638,540.0181900454959
2020-08-13,11588.4052734375,11796.396484375,11216.8720703125,11784.1376953125,27522199497,0.017195015111304723,0.033698338071374394,0.024601161898122465,11275.116796875,10054.2730859375,1.121425358203672,59.30949601720654,504.09826852121296,532.8342057406393
2020-08-14,11772.6591796875,12150.994140625,11685.455078125,11768.87109375,24237958589,-0.0012955213149429268,0.03379959361580934,0.024311920793309343,11379.7046875,10104.35423828125,1.1262179075617689,56.517107023707666,488.8028919822664,524.0279429889647
2020-08-15,11768.697265625,11963.203125,11768.697265625,11865.6982421875,23354924400,0.008227394765919493,0.033657940173147514,0.023174857936166027,11477.73125,10158.40984375,1.1298747960106885,51.72366966562217,478.97303454668327,515.0169613005085
2020-08-16,11866.685546875,11934.9013671875,11737.1884765625,11892.8037109375,20583375490,0.0022843551383793237,0.024060031679536197,0.008002659669387804,11522.827783203125,10215.35810546875,1.1279905867455031,67.49024463913102,467.9754567461896,505.6086603896447
2020-08-17,11895.658203125,12359.056640625,11806.6962890625,12254.40234375,28227687027,0.03040482644811049,0.024586351660173988,0.012738676629635586,11589.90673828125,10277.57451171875,1.127688904134545,69.62808730887635,482.87154220667435,501.0612367530506
2020-08-18,12251.8955078125,12335.70703125,11954.525390625,11991.2333984375,26043227672,-0.021475461465219614,0.02518160629909211,0.01867071960166516,11634.44501953125,10333.58208984375,1.125886930434901,64.07118908248364,468.04592073675303,494.4581735497912
2020-08-19,11990.884765625,12028.923828125,11687.3330078125,11758.283203125,24502851117,-0.019426708460436926,0.02572520445625978,0.021424017944903343,11666.798486328125,10385.987890625,1.1233210176240682,50.226809866416055,432.5136271301253,482.06926426585807
2020-08-20,11761.5,11900.4111328125,11710.0634765625,11878.3720703125,20175242945,0.01021312934149976,0.02551099425092278,0.021631990746515155,11694.54375,10438.988828125,1.1202755307575625,51.918442854857304,409.32574402729733,467.52056021814593
2020-08-21,11878.0263671875,11899.259765625,11564.9794921875,11592.4892578125,23762425999,-0.024067507803910648,0.0247132588667099,0.024124663669365304,11686.18857421875,10488.37041015625,1.1142044109066371,49.83223269666016,363.6884517783292,446.7541385301826
2020-08-22,11585.4775390625,11689.4072265625,11448.8056640625,11681.8251953125,20224191306,0.007706363621583279,0.020374458369649948,0.01687297730503169,11717.59912109375,10540.26083984375,1.1116991599296564,48.618632417327895,330.914654269558,423.5862416780577
2020-08-23,11679.6962890625,11713.4296875,11559.9208984375,11664.84765625,18482062658,-0.0014533293195752028,0.02010432170654431,0.01562327610593041,11738.524072265625,10590.90802734375,1.1083586073978684,49.786671124646574,300.1117368173054,398.8913407059073
2020-08-24,11663.689453125,11807.6318359375,11623.25,11774.595703125,20681511755,0.00940844236539995,0.020123397668638597,0.014430166459324541,11766.959228515625,10644.92109375,1.1054059607284843,47.89615082931352,281.31315011035804,375.3757025867975
2020-08-25,11773.5888671875,11778.2998046875,11189.8505859375,11366.134765625,26301509932,-0.034690018052305094,0.018728574784410142,0.019756058484335797,11747.91484375,10684.734296875,1.0995046313117915,49.07558951098327,230.79528630736058,346.45961933091013
2020-08-26,11366.89453125,11530.052734375,11296.9931640625,11488.36328125,22466660958,0.010753745063331488,0.01890793112030974,0.019074622726583338,11733.3443359375,10729.456015625,1.0935637667790954,47.94427940953303,198.336040570739,316.8349035788759
2020-08-27,11485.6083984375,11570.7861328125,11185.94140625,11323.3974609375,23240415076,-0.01435938403704018,0.018878313591468958,0.018919259547687268,11719.440576171875,10767.3573046875,1.0884231148408061,40.04711082308506,157.4851012299896,284.96494310909867
2020-08-28,11325.2958984375,11545.615234375,11316.4228515625,11542.5,19807127588,0.01934954061432026,0.01917216557583854,0.02219212900875671,11708.86328125,10812.64794921875,1.08288583298377,45.50573038570172,141.16294274031497,256.20454303534194
2020-08-29,11541.0546875,11585.640625,11466.29296875,11506.865234375,17485597759,-0.0030872658111327222,0.01913058603338844,0.02128423266774009,11700.419580078125,10857.2091015625,1.0776636491595504,42.69848101698459,123.92357295934016,229.74834902014157
2020-08-30,11508.7138671875,11715.2646484375,11492.3818359375,11711.505859375,19760127945,0.017784220187846422,0.01915305713596656,0.014463058283610455,11692.089306640624,10906.63228515625,1.0720164575964817,46.55953127090655,125.3293180259916,208.8645428213116
2020-08-31,11713.306640625,11768.876953125,11598.318359375,11680.8203125,22285928250,-0.0026201196706430174,0.016856449539011685,0.014620319067842946,11705.604052734376,10954.71869140625,1.0685444676837919,37.551776815855106,122.55458101381373,191.60255045981205
2020-09-01,11679.31640625,12067.0810546875,11601.12890625,11970.478515625,27311555343,0.024797762089964426,0.017397170910600942,0.013131809910622459,11724.88125,11009.2559765625,1.0650021468263604,49.554685119866036,142.0906456437133,181.7001694965923
2020-09-02,11964.8232421875,11964.8232421875,11290.7939453125,11414.0341796875,28037405299,-0.04648471948812871,0.020052548944655586,0.02779371324551634,11706.37607421875,11052.6723828125,1.0591444013506448,43.51416921216082,111.3886906135067,167.6378737199752
2020-09-03,11407.19140625,11443.0224609375,10182.46484375,10245.296875,31927261555,-0.10239476124641311,0.03019982733338574,0.05294095599897268,11630.19736328125,11073.72158203125,1.050251920921776,27.94633486690671,-7.167539947775367,132.6767909864251
2020-09-04,10230.365234375,10663.919921875,10207.9404296875,10511.8134765625,29965130374,0.02601355576262887,0.030908550453009328,0.05458110786503017,11562.503125,11101.31330078125,1.0415437175515345,35.32940990557684,-78.71121060535916,90.39919066806823
2020-09-05,10512.5302734375,10581.5712890625,9946.67578125,10169.5673828125,44916565292,-0.03255823502891142,0.031420411065003956,0.05381574552733247,11476.34130859375,11121.676796875,1.031889481972575,30.789636651621436,-161.16863286579974,40.085625961294625
2020-09-06,10167.216796875,10353.927734375,10056.8857421875,10280.3515625,37071460174,0.010893696409813414,0.030476532887241958,0.050801382039556454,11377.63876953125,11144.10302734375,1.0209559927447265,32.822004715780906,-215.09786237835579,-10.951071706635473
2020-09-07,10280.998046875,10399.1533203125,9916.4931640625,10369.5634765625,33703098409,0.00867790498409815,0.030535435666703935,0.05200501755829246,11296.5552734375,11167.77794921875,1.0115311501360715,32.47791216797006,-247.78223010681722,-58.317303386671846
2020-09-08,10369.306640625,10414.775390625,9945.1103515625,10131.5166015625,33430927462,-0.022956306264775628,0.030622467171662004,0.024688032887661526,11215.216943359375,11187.12365234375,1.002511216635184,33.919650209346784,-289.5554059042479,-104.56492389018707
2020-09-09,10134.1513671875,10350.54296875,10017.2509765625,10242.34765625,24128292755,0.010939236349907233,0.030644313584380894,0.021069166900825862,11133.41572265625,11204.4728515625,0.9936581461843302,33.72287762867771,-310.1426770991984,-145.68047453198938
2020-09-10,10242.330078125,10503.912109375,10238.1357421875,10363.138671875,54406443211,0.011793293850096198,0.030637151694266975,0.01504037612947949,11071.948193359374,11221.228359375,0.9866966288150703,37.30934756723508,-313.10216551149097,-179.1648127278897
2020-09-11,10369.0283203125,10434.9228515625,10140.8369140625,10400.9150390625,45201121775,0.0036452631180188266,0.030561000898895407,0.01453491993144422,11007.902685546875,11237.62521484375,0.9795577335153128,34.1534784366237,-308.83923779093493,-205.09969774049875
2020-09-12,10409.861328125,10578.837890625,10292.38671875,10442.1708984375,36750077324,0.003966560559340859,0.03062113217592919,0.014176085191629611,10946.76884765625,11255.73078125,0.9725506997636774,35.243837043329165,-298.6887359766406,-223.81750538772715
2020-09-13,10452.3994140625,10577.21484375,10224.330078125,10323.755859375,36506852789,-0.011340078630605377,0.03045631014870763,0.009275439416029882,10874.22685546875,11268.6636328125,0.9649970226997269,30.295481256624527,-296.77841731827175,-238.40968777383608
2020-09-14,10328.734375,10800.0107421875,10266.0087890625,10680.837890625,35453581940,0.0345883839286778,0.03096812626222778,0.016801741845002955,10839.96201171875,11284.17705078125,0.9606338116582683,37.00577948420159,-263.41446240281766,-243.41064269963243
2020-09-15,10677.7548828125,10938.6318359375,10656.4599609375,10796.951171875,32509451925,0.010871177190313608,0.03097080839217964,0.01676199080255527,10805.39140625,11280.29861328125,0.9578994117698179,34.030390964997665,-225.01013953569236,-239.73054206684446
2020-09-16,10797.76171875,11100.1240234375,10704.884765625,10974.9052734375,30769986455,0.01648188444401355,0.031123172713384495,0.016844810439695435,10787.966796875,11281.54025390625,0.9562494618710996,43.337975501205975,-178.16129568853466,-227.4166927911825
2020-09-17,10973.251953125,11037.4208984375,10774.6279296875,10948.990234375,38151810523,-0.0023612995663134795,0.030749418991753034,0.017712591638576684,10758.29130859375,11278.510703125,0.9538751694949308,66.34261842230599,-141.49332945784226,-210.23202012451446
2020-09-18,10951.8203125,11034.908203125,10829.6572265625,10944.5859375,26341903912,-0.00040225598714782596,0.03075105322162187,0.01492920228487917,10730.17734375,11275.17814453125,0.9516636638645404,61.443998498094466,-111.50374621347873,-190.48636534230735
2020-09-19,10933.7529296875,11134.0927734375,10909.6181640625,11094.3466796875,22764204008,0.013683545731443925,0.030625379090454496,0.008512442050155857,10699.319384765626,11270.5957421875,0.9493126742818482,77.22594764424399,-74.79021014993486,-167.34713430383286
2020-09-20,11095.8701171875,11095.8701171875,10814.4775390625,10938.271484375,24699523788,-0.014067993350005525,0.030739659597661003,0.012519778782711119,10662.191943359376,11254.16931640625,0.947399283198637,68.86635526581088,-57.62417656211801,-145.4025427554899
2020-09-21,10934.92578125,10988.3046875,10380.2607421875,10462.259765625,28884999244,-0.04351800185522625,0.03130084582432572,0.02150092257690479,10586.781005859375,11242.3422265625,0.9416881991766611,52.175527362721134,-81.49076397551289,-132.62018699949448
2020-09-22,10459.6240234375,10568.0771484375,10382.7265625,10538.4599609375,23621787804,0.0072833400259153525,0.029940601540769777,0.022682905998953427,10543.002294921875,11228.184453125,0.9389765851225905,60.33593077200878,-93.18233951406546,-124.73261750240867
2020-09-23,10535.4921875,10537.828125,10197.865234375,10246.1865234375,23788661867,-0.027733979972724532,0.019955787336777504,0.0238375806743119,10543.04677734375,11208.99033203125,0.9405884441897971,50.08927480515564,-124.59575878769829,-124.7052457594666
2020-09-24,10248.7861328125,10771.056640625,10231.490234375,10760.06640625,47144380902,0.050153282066164984,0.022203048707978425,0.03631047037554679,10555.459423828124,11189.2512109375,0.9433570866216817,57.803960751906956,-106.79425037273722,-121.12304668212073
2020-09-25,10761.109375,10777.6962890625,10578.9140625,10692.716796875,39348590957,-0.006259218747560857,0.020821735093604223,0.03602071957086886,10581.61689453125,11167.510078125,0.9475359162879644,55.671140111636845,-97.00278953767702,-116.29899525323198
2020-09-26,10695.5751953125,10772.9990234375,10667.28125,10750.7236328125,46852525493,0.005424892199001441,0.020744468460677696,0.02845831923616748,10605.135498046875,11150.49509765625,0.9510909968720577,55.95790145377034,-83.59864624980764,-109.75892545254712
2020-09-27,10746.892578125,10803.9765625,10622.921875,10775.26953125,53745972818,0.0022831856976197606,0.020692535521012568,0.028479851362615154,10625.42080078125,11130.9195703125,0.954586072935117,59.046295274521356,-70.18605609193764,-101.84435158042523
2020-09-28,10776.61328125,10945.34765625,10703.8935546875,10709.65234375,47762394731,-0.006089609852421796,0.019946857601585946,0.023515830623132384,10654.327587890624,11111.59783203125,0.9588474807086287,50.65365355696883,-64.11219493016506,-94.29792025037321
2020-09-29,10709.650390625,10860.0009765625,10649.4951171875,10844.640625,46582396602,0.012604356977915954,0.019985321763114006,0.008017006449302755,10684.442236328125,11090.92841796875,0.9633496704403877,51.07264575409408,-47.8545525535028,-85.00924671099914
2020-09-30,10843.87109375,10847.2568359375,10669.3212890625,10784.4912109375,44171073700,-0.00554646448346463,0.01996217601355964,0.007847021363375065,10705.50986328125,11078.407734375,0.9663401203462938,45.47748250917799,-39.36997628556492,-75.8813926259123
2020-10-01,10795.2548828125,10933.6240234375,10472.3564453125,10619.4521484375,40023134100,-0.015303370300178809,0.020335316125291013,0.010453143576799709,10716.43671875,11059.0980859375,0.9690154328567516,42.65833828293443,-45.43936480742923,-69.79298706221569
2020-10-02,10619.8212890625,10657.837890625,10416.689453125,10575.974609375,48661453918,-0.00409414143543152,0.020358214320508498,0.010121070483016657,10723.126904296874,11034.93482421875,0.9717435648792832,41.9283663847375,-53.14504993002993,-66.46339963577853
2020-10-03,10575.1005859375,10598.9404296875,10511.1298828125,10549.3291015625,44660271563,-0.0025194375739971964,0.020175346878745854,0.0100346583341543,10734.40556640625,11010.543984375,0.9749205472172296,37.38536941719791,-60.702193598819576,-65.31115842838673
2020-10-04,10550.4404296875,10686.0,10534.3916015625,10669.5830078125,71251776995,0.011399199427022166,0.01877796635064917,0.009570735623903995,10733.842822265626,10986.6216796875,0.976992121437182,43.67624717009319,-56.33836556327151,-63.51659985536369
2020-10-05,10676.529296875,10793.5078125,10634.6005859375,10793.33984375,47537578009,0.01159903211277169,0.018800602364759184,0.01141871448111445,10733.662255859375,10964.63240234375,0.978934984958091,59.341020853951804,-42.40503912942768,-59.29428771017649
2020-10-06,10796.306640625,10797.578125,10528.890625,10604.40625,42623695307,-0.017504646058134066,0.018782760563759725,0.012183499187762311,10715.1373046875,10931.63248046875,0.9801955310729613,51.749315469483015,-46.07699268832948,-56.650828705807086
2020-10-07,10603.35546875,10680.5078125,10562.5068359375,10668.96875,37799458436,0.0060882710901424275,0.018858390998711633,0.012225803144258654,10701.13623046875,10905.1871875,0.9812886332418813,62.75587382047745,-43.278500545722636,-53.9763630737902
2020-10-08,10669.37109375,10945.7373046875,10562.6064453125,10915.685546875,63314794397,0.023124708925124526,0.019624148010788437,0.015015009133954808,10699.6912109375,10888.335234375,0.982674667947223,55.59763777536104,-20.911635434897107,-47.36341754601158
2020-10-09,10927.9130859375,11102.671875,10846.8505859375,11064.4580078125,22799117613,0.013629236597062944,0.019622165910626738,0.01521235479976464,10698.19677734375,10872.056953125,0.9840085297077774,62.63166312821837,8.71845958922313,-36.14704211896464
2020-10-10,11059.142578125,11442.2109375,11056.9404296875,11296.361328125,22877978588,0.02095930231275278,0.019857730835034153,0.016390547562267023,10716.10126953125,10866.13439453125,0.9861925943898219,66.581080463495,50.33297600525293,-18.851038494121124
2020-10-11,11296.08203125,11428.8134765625,11288.6279296875,11384.181640625,19968627060,0.0077742124166433335,0.016769000646255153,0.007627072942377441,10762.19736328125,10860.1815234375,0.9909776682880678,67.81865339463343,89.36895566447492,2.792960337598093
2020-10-12,11392.6357421875,11698.4677734375,11240.6865234375,11555.36328125,26163972642,0.01503679807902314,0.0169289142612463,0.006113776364845306,10813.042529296876,10857.9918359375,0.9958602559921023,73.30808045465947,132.58976626598087,28.752321523274656
2020-10-13,11548.7197265625,11548.984375,11321.224609375,11425.8994140625,24241420251,-0.011203790312466544,0.015611710183522627,0.012352200254956815,10872.028173828125,10851.01791015625,1.00193624817928,66.06861996074694,154.61362828620804,53.92458287586134
2020-10-14,11429.0478515625,11539.9775390625,11307.8310546875,11429.5068359375,24103426719,0.0003157232305546209,0.011578814906508427,0.01260170831996717,10905.5001953125,10852.2853515625,1.004903561049686,68.40656431384483,170.39458371332694,77.21858304335447
2020-10-15,11426.6025390625,11569.9140625,11303.603515625,11495.349609375,24487233058,0.005760771167350187,0.011378441140063486,0.009782791087642318,10945.6318359375,10852.425078125,1.0085885649651132,76.49516220225699,186.0691764878393,98.98870173225144
2020-10-16,11502.828125,11540.0615234375,11223.0126953125,11322.123046875,25635480772,-0.01506927308750361,0.012112809392181902,0.012315383912266267,10974.201806640625,10852.39958984375,1.0112235285651354,70.92762858044385,182.4107507244189,115.67311153068493
2020-10-17,11322.123046875,11386.26171875,11285.345703125,11358.1015625,19130430174,0.0031777181254826203,0.0121129877402861,0.009193254453749184,11003.343408203125,10848.71162109375,1.0142534701363723,72.56593765003169,180.33578875764215,128.60564697607637
2020-10-18,11355.982421875,11483.359375,11347.578125,11483.359375,18283314340,0.011028058853915557,0.012063377190103315,0.009831709685034487,11042.028759765624,10848.24150390625,1.0178634717700186,72.64232919762651,186.64707381207518,140.21393234327613
2020-10-19,11495.0380859375,11799.0927734375,11408.2900390625,11742.037109375,23860769928,0.02252631185070797,0.012644780119412427,0.013684019440505969,11086.898583984375,10848.85212890625,1.021942086798645,74.55290166566245,210.10004149646556,154.19115417391401
2020-10-20,11745.974609375,11999.91796875,11681.48046875,11916.3349609375,30915821592,0.014843919324981414,0.012651572812531436,0.014318059325718321,11143.490771484376,10853.562421875,1.0267127361819042,84.21275132746743,239.98467337957663,171.34985801504655
2020-10-21,11913.0771484375,13184.56640625,11900.9287109375,12823.689453125,43414712626,0.07614375520341321,0.01954470904205445,0.02913287021175297,11253.70263671875,10870.626640625,1.035239550465485,89.03335899664017,333.0452456177136,203.68893553558
2020-10-22,12801.6357421875,13161.59375,12717.09375,12965.8916015625,34729759598,0.011089019970212055,0.019275750283581954,0.027798720291372342,11373.198486328125,10901.6637890625,1.0432534617090934,88.60175021632239,413.5043240771629,245.65201324389662
2020-10-23,12971.548828125,13015.9619140625,12752.6474609375,12931.5390625,28974975003,-0.0026494544392426933,0.01928036165519387,0.030336036042255408,11492.308984375,10955.3886328125,1.0490097037684605,86.73668555485742,469.08939013497184,290.3394886221117
2020-10-24,12931.57421875,13145.06640625,12885.7470703125,13108.0625,24542317940,0.0136506131750318,0.019293049883458795,0.03072953966366766,11614.232958984376,11007.31361328125,1.055137826269511,86.44119733830534,521.3748370163303,336.54655830095544
2020-10-25,13108.0634765625,13329.18359375,12910.0615234375,13031.173828125,24406920575,-0.0058657541398662305,0.01963368772293295,0.0333250191826595,11726.124658203125,11064.5457421875,1.0597926866073788,83.27451255834069,550.2640556254719,379.29005776585876
2020-10-26,13031.201171875,13225.2978515625,12822.3828125,13075.248046875,29461458313,0.003382214014740148,0.018644247428342163,0.008445229433863638,11849.666748046875,11120.443671875,1.0655749984163105,82.36899222742538,570.1431354545639,417.4606733035998
2020-10-27,13075.2421875,13759.6689453125,13060.837890625,13654.21875,33749878156,0.04427990207523247,0.02005118054979574,0.02026326344538004,11998.929248046876,11186.13677734375,1.0726606948298132,89.83046646248118,625.406252544828,459.04978915184546
2020-10-28,13654.21484375,13837.6953125,12932.2509765625,13271.28515625,35867318895,-0.02804507535445777,0.021823387435670732,0.026595341887942155,12116.709228515625,11248.9321484375,1.0771430628816319,78.98994687377318,631.029020535263,493.445635428529
2020-10-29,13271.298828125,13612.0478515625,12980.0595703125,13437.8828125,56499499598,0.012553242153156674,0.02181539361342437,0.02651547031789507,12235.38046875,11312.8428515625,1.0815478151064462,79.63585729644171,641.5329507068564,523.0630984841945
2020-10-30,13437.8740234375,13651.5166015625,13136.1982421875,13546.5224609375,30581485201,0.00808458072996765,0.02166392800762734,0.02577561287445461,12347.888525390625,11376.51052734375,1.0853845294400373,84.61831904445637,651.1180195120141,548.6740826897584
2020-10-31,13546.5322265625,14028.2138671875,13457.5302734375,13780.9951171875,30306464719,0.01730869726353168,0.021732439999148045,0.025897140985306485,12467.72919921875,11444.11212890625,1.0894448655153408,85.51335155776523,669.9119118720446,572.9216485262157
2020-11-01,13780.9951171875,13862.033203125,13628.3779296875,13737.109375,24453857900,-0.003184511845067406,0.02188352753035976,0.018098199252833708,12576.81650390625,11510.0108984375,1.092685021315972,83.8414001105054,673.5012907047239,593.0375769619174
2020-11-02,13737.0322265625,13808.3232421875,13243.16015625,13550.4892578125,30771455468,-0.013585108198026608,0.022004845282157126,0.012525368217541133,12683.04599609375,11574.54556640625,1.0957705357266718,77.7556121835695,653.7511788383927,605.1802973372124
2020-11-03,13550.451171875,13984.9814453125,13325.44140625,13950.30078125,29869951617,0.02950532012761009,0.022378232040306336,0.016877854195375474,12809.085693359375,11639.93482421875,1.1004430769412918,79.1957334702953,662.7210853274391,616.6884549352578
2020-11-04,13950.48828125,14218.7666015625,13580.4716796875,14133.70703125,35116364962,0.013147117963686394,0.02236124511315693,0.017063092546510564,12941.003564453125,11706.66994140625,1.1054384918362705,73.73754425602456,676.8271108065765,628.7161861095216
2020-11-05,14133.7333984375,15706.404296875,14102.0888671875,15579.8486328125,40856321439,0.10231863433740651,0.029523504499134136,0.045880517000528906,13153.88984375,11798.76880859375,1.1148527492266171,82.1652993940163,795.5274339042608,662.0784356684694
2020-11-06,15579.7294921875,15903.4375,15226.83984375,15565.880859375,39837841971,-0.0008965281862933772,0.02963401014316819,0.04553123626413086,13364.27880859375,11891.10662109375,1.1238885693688698,82.57958281762836,878.3461845025413,705.3319854352839
2020-11-07,15565.880859375,15737.095703125,14423.203125,14833.75390625,35024953706,-0.0470340843373509,0.03284577142354544,0.05441082667948662,13531.79853515625,11968.88998046875,1.1305809107810254,68.76348244240377,874.8197371778024,739.2295357837877
2020-11-08,14833.75390625,15637.3203125,14744.1103515625,15479.5673828125,26632075029,0.04353675277640923,0.03348354601241125,0.05541438052274849,13718.675048828125,12056.59439453125,1.1378565621358863,73.69048476220551,913.6052795730611,774.1046845416424
2020-11-09,15479.595703125,15785.13671875,14865.529296875,15332.3154296875,34149115566,-0.009512665921690977,0.033907914141264005,0.05723790537817617,13889.474072265624,12144.4752734375,1.1436866360660967,71.4117026904089,921.834762059967,803.6507000453074
2020-11-10,15332.3505859375,15450.3291015625,15124.9599609375,15290.90234375,25574938143,-0.0027010327388199418,0.030631145857775335,0.03221444507552697,14012.834716796875,12241.048125,1.1447414121490413,67.28982915301125,914.4735148503078,825.8152630063075
2020-11-11,15290.9091796875,15916.2607421875,15290.0068359375,15701.33984375,29772374934,0.02684194109497806,0.03088191425570539,0.035004109362089524,14149.60712890625,12344.30572265625,1.1462456817588875,75.52264279443017,931.0262583202257,846.8574620690913
2020-11-12,15701.298828125,16305.00390625,15534.771484375,16276.34375,34175758344,0.03662132734990031,0.03127743439177214,0.023758983894538514,14316.84736328125,12464.9088671875,1.148572164933253,77.45661856835608,979.2542036078248,873.3368103768381
2020-11-13,16276.4404296875,16463.177734375,15992.15234375,16317.80859375,31599492172,0.002547552717421464,0.031345435997190134,0.019918971838188915,14477.33466796875,12576.0637109375,1.1511817211436117,77.15979350955092,1009.1877755869082,900.5070034188522
2020-11-14,16317.80859375,16317.80859375,15749.193359375,16068.138671875,27481710135,-0.015300456580341737,0.031689095854083575,0.021497219611388466,14629.18291015625,12683.5721484375,1.1533961205052499,72.34841711256277,1001.2226000296432,920.6501227410104
2020-11-15,16068.1396484375,16123.1103515625,15793.5341796875,15955.587890625,23653867583,-0.007004593596581565,0.03190477630484119,0.022188008377262192,14773.19990234375,12787.66943359375,1.155269142595595,71.39043143151136,974.5937238092283,931.438842954654
2020-11-16,15955.5771484375,16816.181640625,15880.7060546875,16716.111328125,31526766675,0.04766502135260464,0.0321019265122532,0.02770351817338695,14926.29453125,12906.48626953125,1.156495596054441,77.48134774703776,1003.2926992911307,945.8096142219493
2020-11-17,16685.69140625,17782.919921875,16564.544921875,17645.40625,39006849170,0.05559276937282975,0.032244166252782785,0.032625560531022994,15145.0005859375,13045.20134765625,1.1609633444759753,79.37721777812561,1088.4759051967121,974.342872416902
2020-11-18,17645.19140625,18393.94921875,17352.90625,17804.005859375,49064800278,0.008988152900985202,0.03226723343228627,0.03204915209400183,15363.30673828125,13184.38865234375,1.1652650072288455,79.29555099443425,1155.4624210535458,1010.5667821442308
2020-11-19,17803.861328125,18119.546875,17382.5546875,17817.08984375,36985055355,0.0007348899162549216,0.03238753208641783,0.028489949401834205,15576.835107421875,13325.040625,1.168989689847334,73.15408403745914,1195.8208077741,1047.6175872702047
2020-11-20,17817.083984375,18773.2265625,17765.794921875,18621.314453125,36992873940,0.045137820846602006,0.03311418174475579,0.02490460961574301,15818.85107421875,13485.07787109375,1.1730633834994466,77.17651771757707,1277.9677085705553,1093.6876115302748
2020-11-21,18621.31640625,18936.62109375,18444.359375,18642.232421875,39650210707,0.0011233347035009,0.03299889049603109,0.026080087077686564,16064.1072265625,13646.40302734375,1.1771678730559487,88.78090235349524,1329.4327513333574,1140.8366394908915
2020-11-22,18642.232421875,18688.96875,17671.384765625,18370.001953125,41280434226,-0.014602889964538845,0.033047480779717295,0.0223090428172488,16305.082861328125,13802.816484375,1.1812866511545472,81.85636696819556,1332.8877445796152,1179.2468605086362
2020-11-23,18370.017578125,18711.42578125,18000.796875,18364.12109375,42741112308,-0.000320133845930215,0.03307108893997903,0.022620985567570657,16525.773876953124,13956.70724609375,1.1840739785939418,84.4892099885731,1319.935915810107,1207.3846715689303
2020-11-24,18365.015625,19348.271484375,18128.65625,19107.46484375,51469565009,0.040478046632625775,0.03357978748650187,0.02673476760991926,16774.461767578126,14122.98974609375,1.1877415525432737,87.43763842162942,1354.0445438019724,1236.7166460155388
2020-11-25,19104.41015625,19390.96484375,18581.146484375,18732.12109375,43710357371,-0.01964382784787766,0.027558268358467104,0.023606482541901484,16932.075390625,14285.54404296875,1.1852594020707845,79.9358132457138,1335.3951692223563,1256.4523506569024
2020-11-26,18729.83984375,18866.28515625,16351.03515625,17150.623046875,61396835737,-0.08442706722639481,0.03465153569374871,0.04509068738124842,17011.3125,14415.17712890625,1.1800973618206752,57.203271049844275,1179.406268940922,1241.0431343137063
2020-11-27,17153.9140625,17445.0234375,16526.423828125,17108.40234375,38886494645,-0.0024617591448197196,0.03246356338931716,0.04548989831787709,17125.044921875,14539.03146484375,1.1778669688750854,56.512966593339264,1040.3841825003,1200.9113439510252
2020-11-28,17112.93359375,17853.939453125,16910.65234375,17717.4140625,32601040734,0.03559722915754793,0.03204769929739677,0.05059637959822295,17236.937255859375,14672.0905859375,1.1748112618920277,62.82739182994294,968.1896458160481,1154.3670043240297
2020-11-29,17719.634765625,18283.62890625,17559.1171875,18177.484375,31133957704,0.02596712538731971,0.03205192648277161,0.047583859239536105,17379.195703125,14809.713046875,1.1734998273171935,66.39474934982246,937.2942400569809,1110.95245147062
2020-11-30,18178.322265625,19749.263671875,18178.322265625,19625.8359375,47728480399,0.07967832801396635,0.03556426492380409,0.060895837053368,17595.9423828125,14974.5461328125,1.1750568081830506,69.49153562443004,1017.9450383647527,1092.3509688494466
2020-12-01,19633.76953125,19845.974609375,18321.921875,18802.998046875,49633658712,-0.04192625951044282,0.03744642288898447,0.04521558522878566,17751.02529296875,15119.498828125,1.1740485246738888,57.86662362735888,1003.8929826487365,1074.6593716093046
2020-12-02,18801.744140625,19308.330078125,18347.71875,19201.091796875,37387697139,0.021171823185194727,0.03701923721795324,0.04356794726949526,17897.2626953125,15275.00267578125,1.1716700203063717,59.19485207161441,1013.1999277983123,1062.3674828471062
2020-12-03,19205.92578125,19566.19140625,18925.78515625,19445.3984375,31930317405,0.012723580680175761,0.03699653649660035,0.0432583877872477,18053.6421875,15435.3205078125,1.1696318309919287,60.40009919897328,1028.4341048423012,1055.5808072461452
2020-12-04,19446.966796875,19511.404296875,18697.193359375,18699.765625,33872388058,-0.038344949058079725,0.03814911500360494,0.04991268951990457,18185.22353515625,15579.408828125,1.1672601788539663,50.50485067395121,969.1689866591878,1038.2984431287537
2020-12-05,18698.384765625,19160.44921875,18590.193359375,19154.23046875,27242455064,0.024303237423597412,0.03813011798664561,0.03290702683743804,18345.1556640625,15736.0509765625,1.1658042854198958,53.12068832925445,947.9451467104882,1020.2277838451006
2020-12-06,19154.1796875,19390.5,18897.89453125,19345.12109375,25293775714,0.009965977245154134,0.03708086944128633,0.025458771743563226,18476.60615234375,15895.7913671875,1.1623583705611307,56.002988622888836,935.7417305488525,1003.3305731858511
2020-12-07,19343.12890625,19411.828125,18931.142578125,19191.630859375,26896357742,-0.007934312410408761,0.035474373298970165,0.02441845696710076,18553.9173828125,16049.956796875,1.1560104253006482,55.00335024951506,903.2726908646764,983.3189967216164
2020-12-08,19191.529296875,19283.478515625,18269.9453125,18321.14453125,31692288756,-0.0453576006387062,0.037178018099826314,0.0300930183954162,18579.77431640625,16181.5389453125,1.1482081141477878,45.31768203186241,798.0997738729202,946.2751521518773
2020-12-09,18320.884765625,18626.29296875,17935.546875,18553.916015625,34420373071,0.012705073309037251,0.03725128032745819,0.027219798453169356,18616.615625,16314.29056640625,1.1411232103058535,48.9205092244339,725.1728516343901,902.0546920483798
2020-12-10,18553.298828125,18553.298828125,17957.064453125,18264.9921875,25547132265,-0.015572121156616547,0.036065073894188476,0.023434682891791618,18598.79951171875,16423.11662109375,1.1324768581275593,58.003739849031305,636.7242413505337,848.9886019088106
2020-12-11,18263.9296875,18268.453125,17619.533203125,18058.904296875,27919640985,-0.011283218109780502,0.036145118587317934,0.020867418403550102,18569.63310546875,16524.976875,1.1237312612256682,56.66979605094546,543.7307207494996,787.9370256769485
2020-12-12,18051.3203125,18919.55078125,18046.041015625,18803.65625,21752580802,0.041240151721379625,0.0371782278927933,0.03249054102493308,18591.3158203125,16642.41921875,1.117104164721845,57.47981151858373,524.0866000635106,735.1669405542609
2020-12-13,18806.765625,19381.53515625,18734.33203125,19142.3828125,25450468637,0.018013866983980886,0.03734811643748791,0.023181893102945907,18630.22890625,16763.105625,1.1113828978363904,56.7571656090159,529.7443327162146,694.0824189866518
2020-12-14,19144.4921875,19305.099609375,19012.708984375,19246.64453125,22473997681,0.005446642655266398,0.03629186290125495,0.023120681874023295,18637.187890625,16887.4150390625,1.1036140136021455,46.728698273108016,536.4572309316827,662.557381375658
2020-12-15,19246.919921875,19525.0078125,19079.841796875,19417.076171875,26741982541,0.008855135259981495,0.035997226817644515,0.019268270929439512,18671.43564453125,17014.2516015625,1.0973997611988155,55.96966636034298,549.1988378348942,639.8856726675053
2020-12-16,19418.818359375,21458.908203125,19298.31640625,21310.59765625,44409011479,0.09751836309514528,0.03588504800158252,0.03804565142914513,18879.434375,17167.3791796875,1.0997272313608712,65.8878288833991,703.9730489731919,652.7031479286427
2020-12-17,21308.3515625,23642.66015625,21234.67578125,22805.162109375,71378606374,0.07013245133867341,0.03800561643416411,0.041423585190964,19164.27236328125,17358.05671875,1.1040563280669657,71.29396106280225,936.4369251972385,709.4499033823619
2020-12-18,22806.796875,23238.6015625,22399.8125,23137.9609375,40387896275,0.014593135822884129,0.037699688754689376,0.04190282260430493,19435.29970703125,17552.05828125,1.10729462012971,79.68227180103455,1134.4431515457363,794.4485530150369
2020-12-19,23132.865234375,24085.85546875,22826.47265625,23869.83203125,38487546580,0.03163075154837203,0.03781465708670141,0.0380741161580122,19719.91708984375,17758.52447265625,1.1104479496710193,80.40919615741926,1335.0309870575693,902.5650398235434
2020-12-20,23861.765625,24209.66015625,23147.7109375,23477.294921875,37844228422,-0.01644490454985592,0.03508857430401488,0.04504604823121132,19912.4900390625,17952.45046875,1.109179500242842,75.97144663429964,1445.6591686958163,1011.183865597998
2020-12-21,23474.455078125,24059.982421875,22159.3671875,22803.08203125,45852713981,-0.028717656479103182,0.03418083549070444,0.0394127284980358,20112.49423828125,18133.769921875,1.1091181990800099,71.30411539086363,1462.0755571238333,1101.3622039031652
2020-12-22,22794.0390625,23789.90234375,22430.60546875,23783.029296875,44171632681,0.042974334095805755,0.034888440390324786,0.030690260054696442,20341.59111328125,18338.42072265625,1.109233527844095,81.80911516610783,1536.448001644374,1188.379363451407
2020-12-23,23781.974609375,24024.490234375,22802.646484375,23241.345703125,51146161904,-0.022776055438033516,0.03570684153441356,0.03336276686988327,20531.3884765625,18524.24162109375,1.1083524441391,76.35069079372106,1533.9964050961426,1257.5027717803541
2020-12-24,23240.203125,23768.337890625,22777.59765625,23735.94921875,41080759713,0.021281190940612982,0.03394332058412238,0.03126842187796496,20783.19765625,18716.28646484375,1.1104338296642706,80.0602034684066,1554.0497491598253,1316.8121672562484
2020-12-25,23733.5703125,24710.1015625,23463.673828125,24664.791015625,42068395846,0.03913227940938091,0.034373296136433286,0.03404361503166226,21058.72568359375,18897.9853125,1.1143370753740895,83.62543122732018,1626.1467318759896,1378.6790801801967
2020-12-26,24677.015625,26718.0703125,24522.689453125,26437.037109375,48332647295,0.07185327832809496,0.03676275770281066,0.03486955393430169,21413.321484375,19115.4084375,1.1202126051550658,85.17606614336114,1805.4771419741119,1464.0386925389798
2020-12-27,26439.373046875,28288.83984375,25922.76953125,26272.294921875,66479895605,-0.0062314920850786715,0.036705447885121735,0.037323603980622476,21767.3546875,19344.1792578125,1.125266386202912,83.39142010962915,1912.2611105185206,1553.683176134888
2020-12-28,26280.822265625,27389.111328125,26207.640625,27084.80859375,49056742893,0.03092663485588698,0.03379270101121596,0.02835048125602125,22205.537890625,19576.28408203125,1.1343081147359881,84.42467084540542,2038.9475199775989,1650.7360449034304
2020-12-29,27081.810546875,27370.720703125,25987.298828125,27362.4375,45265946774,0.010250355112868093,0.03382604111311033,0.029729666649591906,22645.96396484375,19816.8865234375,1.142760944715523,84.56996099600987,2137.1144199671653,1748.0117199161778
2020-12-30,27360.08984375,28937.740234375,27360.08984375,28840.953125,51287442704,0.054034499850387885,0.03353779217438156,0.03166034688634413,23174.76201171875,20087.8875390625,1.1536684465528582,83.99185086102347,2307.6154949451193,1859.932474921966
2020-12-31,28841.57421875,29244.876953125,28201.9921875,29001.720703125,46754964848,0.005574281038085438,0.032818512913901594,0.023785791312275623,23721.90283203125,20353.89515625,1.1654723899246895,81.80034760853746,2427.726109835876,1973.491201904748
2021-01-01,28994.009765625,29600.626953125,28803.5859375,29374.15234375,40730301359,0.012841708408869223,0.032668491494715984,0.019968694077275823,24250.42763671875,20615.851328125,1.176300083404041,81.87408134148401,2523.873120072669,2083.5675855383324
2021-01-02,29376.455078125,33155.1171875,29091.181640625,32127.267578125,67865420765,0.09372577639540935,0.03624573033384775,0.038013253258290434,24899.671875,20932.0405078125,1.1895482366234984,84.9779078119625,2790.061615506649,2224.8663915319958
2021-01-03,32129.408203125,34608.55859375,32052.31640625,32782.0234375,78665235202,0.020380066800975483,0.03593452278700694,0.036588674829323924,25576.4408203125,21266.318203125,1.2026736633967108,88.55761643110527,3019.0495181984406,2383.703016865285
2021-01-04,32810.94921875,33440.21875,28722.755859375,31971.9140625,81163475344,-0.024712000360334718,0.037600239815162806,0.04382334235916897,26204.18271484375,21586.6447265625,1.2139071656003744,87.5713219666375,3099.426762265244,2526.847765945277
2021-01-05,31977.041015625,34437.58984375,30221.1875,33992.4296875,67547324782,0.06319658000613337,0.03484145677108557,0.046086089101866214,26838.27431640625,21932.17109375,1.2236943712359758,88.5479440336453,3288.260017448465,2679.1302162459147
2021-01-06,34013.61328125,36879.69921875,33514.03515625,36824.36328125,75289433811,0.08331071417326141,0.035865748025517855,0.049028473301333295,27539.234375,22315.750234375,1.2340716348661578,93.72388404367645,3624.6424839173887,2868.2326697802096
2021-01-07,36833.875,40180.3671875,36491.19140625,39371.04296875,84762141031,0.0691574669750421,0.03709925093841045,0.044189804649063996,28350.8884765625,22747.0909765625,1.246352270089124,94.45628192677091,4050.037468513645,3104.593629526897
2021-01-08,39381.765625,41946.73828125,36838.63671875,40797.609375,88107519480,0.0362338992996023,0.037140029188827334,0.042772832424013404,29197.27734375,23206.7013671875,1.2581399175081693,94.60887374948032,4450.970033370948,3373.8689102957082
2021-01-09,40788.640625,41436.3515625,38980.875,40254.546875,61984162837,-0.013311135341493308,0.036949666527729026,0.03815271423372732,30036.13994140625,23639.366015625,1.2705983705972974,90.99339209626616,4671.046458448651,3633.3044199262977
2021-01-10,40254.21875,41420.19140625,35984.62890625,38356.44140625,79980747690,-0.047152573214749416,0.03862961102431329,0.05510866826707839,30813.80791015625,24033.6501953125,1.2821110259883097,82.50750731028181,4638.82388847023,3834.4083136350846
2021-01-11,38346.53125,38346.53125,30549.599609375,35566.65625,123320567399,-0.07273315912449108,0.04435667884179322,0.05837740452488733,31402.9892578125,24377.58328125,1.2881912409244474,70.62307657677252,4338.16723128235,3935.1600971645385
2021-01-12,35516.359375,36568.52734375,32697.9765625,33922.9609375,74773277909,-0.046214502171538774,0.04586504242006029,0.04195051243943607,31937.07001953125,24688.760078125,1.2935874429687733,64.95784713105775,3922.051224439623,3932.5383226195554
2021-01-13,33915.12109375,37599.9609375,32584.66796875,37316.359375,69364315979,0.10003249550509552,0.049230795092620475,0.0681409259375295,32616.09052734375,25052.93796875,1.301886851275795,67.7719312615697,3822.0371203669492,3910.4380821690343
2021-01-14,37325.109375,39966.40625,36868.5625,39187.328125,63615990033,0.050138030111625875,0.049469598358435486,0.07436200122260928,33342.2173828125,25462.042109375,1.3094871668025425,69.92869962549554,3849.3735816163753,3898.225182058503
2021-01-15,39156.70703125,39577.7109375,34659.58984375,36825.3671875,67760757881,-0.06027358971670127,0.05159871676497012,0.07650217571378823,33861.63388671875,25855.5369921875,1.3096472874243676,63.5257013789116,3638.5049954828355,3846.2811447433696
2021-01-16,36821.6484375,37864.3671875,35633.5546875,36178.140625,57706187875,-0.017575563040677422,0.05193984779358498,0.06793672557153188,34356.926171875,26236.9317578125,1.309487194959244,57.96200849051802,3380.1995113840967,3753.0648180715157
2021-01-17,36163.6484375,36722.3515625,34069.3203125,35791.27734375,52359854336,-0.010693288117263444,0.05220211352654073,0.06288257011873152,34792.249609375,26598.4090234375,1.3080575450478036,55.97765149851569,3108.441739168462,3624.140202290905
2021-01-18,35792.23828125,37299.28515625,34883.84375,36630.07421875,49511702429,0.023435790428599335,0.05221810277280756,0.04205472286746524,35255.6314453125,26967.4608203125,1.307339674292107,59.24254315590536,2927.0148394078496,3484.7151297142946
2021-01-19,36642.234375,37755.890625,36069.8046875,36069.8046875,57244195486,-0.015295342507474663,0.051858170860465645,0.02977599757164974,35617.0740234375,27296.3401953125,1.3048296500039183,54.37538997812174,2706.821096767395,3329.136323124915
2021-01-20,36050.11328125,36378.328125,33570.4765625,35547.75,66834573161,-0.014473454791977813,0.052191835182213646,0.017149736005229666,35944.37548828125,27631.235234375,1.3008602468688835,47.02135552098229,2461.812279493337,3155.6715143986
2021-01-21,35549.3984375,35552.6796875,30250.75,30825.69921875,75643067688,-0.1328368400602007,0.0613558378077879,0.05970939060919506,36016.95283203125,27863.7273828125,1.2926107242295228,31.899143282203866,1865.1111520194463,2897.5594419227696
2021-01-22,30817.625,33811.8515625,28953.373046875,33005.76171875,77207272511,0.07072224005462169,0.05978509942468779,0.07533742597001566,36060.8775390625,28134.9346484375,1.2817117931733024,34.00576516764289,1550.263560385829,2628.1002656153814
2021-01-23,32985.7578125,33360.9765625,31493.16015625,32067.642578125,48354737975,-0.02842289017956734,0.060036685405569855,0.07246349052463182,36025.15849609375,28402.2921875,1.2683891236056155,33.46304269488695,1211.0855607325866,2344.6973246388225
2021-01-24,32064.376953125,32944.0078125,31106.685546875,32289.37890625,48643830599,0.006914643868341619,0.05974998265354555,0.07380352013433887,36041.03173828125,28664.99515625,1.257318605561425,36.85473505888661,949.2346349204163,2065.6047866951412
2021-01-25,32285.798828125,34802.7421875,32087.787109375,32366.392578125,59897054838,0.0023851084933719235,0.058004840057541696,0.07447937471995184,35959.7298828125,28925.4205859375,1.2431877965603317,42.14243370173191,739.406827725179,1800.3651949011487
2021-01-26,32358.61328125,32794.55078125,31030.265625,32569.849609375,60255421470,0.006286058316783416,0.054580026430380006,0.0361675722628515,35747.00419921875,29192.9849609375,1.2245066493560366,46.42487617757605,582.8157239799039,1556.8553007168998
2021-01-27,32564.029296875,32564.029296875,29367.138671875,30432.546875,62576762015,-0.06562212475675022,0.05328832599466106,0.03152764726676135,35300.07939453125,29435.2130078125,1.1992466093301968,30.518852844298607,282.9915274318337,1302.0825460598867
2021-01-28,30441.041015625,33858.3125,30023.20703125,33466.09765625,76517157706,0.09968113394222766,0.05795865807835473,0.058827471612433485,34933.50380859375,29733.456640625,1.1748887534611059,34.808578767908315,286.8542103792861,1099.0368789237666
2021-01-29,34318.671875,38406.26171875,32064.814453125,34316.38671875,117894572511,0.02540747568580648,0.058425482731613805,0.059170911136044266,34636.59580078125,30054.48453125,1.1524601516544684,42.756479988884905,354.4408620004615,950.1176755391056
2021-01-30,34295.93359375,34834.70703125,32940.1875,34269.5234375,65141828798,-0.0013656239986477026,0.057632742036494954,0.05937250190081763,34432.24990234375,30378.6969140625,1.1334340640004488,44.291876620066084,399.6157733190339,840.0172950950913
2021-01-31,34270.87890625,34288.33203125,32270.17578125,33114.359375,52754542671,-0.03370820328466961,0.05581608591136157,0.06306195186296805,34309.63505859375,30664.9109765625,1.118856502952738,42.34585912577015,338.30535670745303,739.6749074175638
2021-02-01,33114.578125,34638.21484375,32384.228515625,33537.17578125,61400400660,0.012768370405776608,0.054912000118185166,0.04942198945629446,34290.34580078125,30952.8068359375,1.1078266983196086,40.94094155939253,320.1437424054093,655.7686744151329
2021-02-02,33533.19921875,35896.8828125,33489.21875,35510.2890625,63088585433,0.05883361479570781,0.05167375916791073,0.034061960781327755,34200.04228515625,31278.0797265625,1.0934188602413564,48.4864533581301,459.665545745338,616.5480486811739
2021-02-03,35510.8203125,37480.1875,35443.984375,37472.08984375,61166818159,0.055245981743407446,0.051952643027757886,0.03914764797214385,34114.28037109375,31639.18,1.0782289670937664,54.8293605862314,720.2360745501792,637.285653854975
2021-02-04,37475.10546875,38592.17578125,36317.5,36926.06640625,68838074392,-0.014571470120209207,0.05017988558449397,0.041202303854665,34119.31533203125,31951.489375,1.0678474149229311,69.36955016133706,872.6215300291879,684.3528290898176
2021-02-05,36931.546875,38225.90625,36658.76171875,38144.30859375,58598066402,0.032991388091470286,0.05044901671646001,0.030646173348418904,34217.62373046875,32258.2723046875,1.0607395029490323,67.37698958491299,1079.2491522132623,763.3320937145066
2021-02-06,38138.38671875,40846.546875,38138.38671875,39266.01171875,71326033653,0.029406828078771152,0.05063567944593918,0.02930998525214704,34391.36044921875,32580.8333203125,1.0555703137211496,74.04413291098693,1318.3183459219945,874.3293441560043
2021-02-07,39250.19140625,39621.8359375,37446.15234375,38903.44140625,65500641143,-0.009233693380855112,0.05056674517661315,0.029756292123128598,34505.02880859375,32881.5055078125,1.0493749685638787,71.88650505398334,1461.676710982436,991.7988175212907
2021-02-08,38886.828125,46203.9296875,38076.32421875,46196.46484375,101467222687,0.18746473766529936,0.06477111952409403,0.08242175837500447,35011.36181640625,33335.88890625,1.050260333986238,80.97312969414142,2139.1168813462355,1221.2624302862798
2021-02-09,46184.9921875,48003.72265625,45166.9609375,46481.10546875,91809846886,0.006161523959955284,0.06445064534705917,0.07911748907532692,35558.02958984375,33809.449375,1.0517186835978678,81.04206630204202,2668.2038238666355,1510.650709002351
2021-02-10,46469.76171875,47145.56640625,43881.15234375,44918.18359375,87301089896,-0.03362488605290981,0.05565680248674924,0.08770558278750012,36262.65380859375,34232.1524609375,1.0593156200146419,83.17414173857797,2927.6462210109166,1794.0498114040645
2021-02-11,44898.7109375,48463.46875,44187.76171875,47909.33203125,81388911810,0.0665910372634968,0.05546750056039026,0.08857523632505522,37007.83232421875,34725.5121875,1.0657245924666392,83.14139986899286,3336.159698448617,2102.4717888129753
2021-02-12,47877.03515625,48745.734375,46424.9765625,47504.8515625,76555041196,-0.008442623839676311,0.05472096866287855,0.0884581868184231,37779.6927734375,35200.890234375,1.0732595829790748,80.89427628406379,3585.934953082724,2399.164421666925
2021-02-13,47491.203125,48047.74609375,46392.28125,47105.515625,70250456155,-0.008406213773231364,0.05503748195172364,0.03756872565753438,38520.499609375,35649.7047265625,1.0805278726663192,79.58012958310019,3708.9066025472566,2661.1128578429916
2021-02-14,47114.5078125,49487.640625,47114.5078125,48717.2890625,71248675228,0.03421623595697554,0.05494890653188606,0.039909269268267634,39338.04443359375,36095.309765625,1.089838117168811,85.21534669177547,3891.5596892781905,2907.2022241300315
2021-02-15,48696.53515625,48875.5703125,46347.4765625,47945.05859375,77069903166,-0.01585126109458379,0.055502359980505914,0.0356040882780746,40106.8048828125,36528.7650390625,1.0979512950937098,82.01323781369504,3928.713270386157,3111.504433381257
2021-02-16,47944.45703125,50341.1015625,47201.3046875,49199.87109375,77049582886,0.026171883752032166,0.05163162296477755,0.02288884994044823,41045.17109375,36971.0662890625,1.1101971139494233,81.42016555837174,4013.149543101659,3291.8334553253385
2021-02-17,49207.27734375,52533.9140625,49072.37890625,52149.0078125,80820545404,0.05994196027730325,0.049339887264939396,0.031323691997903726,41979.3166015625,37466.7976953125,1.120440474869155,82.22573835138789,4268.828189681022,3487.2324021964755
2021-02-18,52140.97265625,52474.10546875,51015.765625,51679.796875,52054723579,-0.008997504596578998,0.04986683273394571,0.031454881161067275,42847.487109375,37923.5745703125,1.1298377749157922,82.50403314710776,4383.0686705944245,3666.3996558760655
2021-02-19,51675.98046875,56113.65234375,50937.27734375,55888.1328125,63495496918,0.08143096900475189,0.05126152712125269,0.042334365460769095,43928.417578125,38461.3028125,1.1421458548161343,84.54078303165277,4758.331530477059,3884.7860307962646
2021-02-20,55887.3359375,57505.2265625,54626.55859375,56099.51953125,68145460026,0.0037823185014820293,0.04962568249871788,0.03786188148999697,45077.6755859375,38995.81015625,1.1559620227229137,83.97275984713679,5014.97765147654,4110.824354932321
2021-02-21,56068.56640625,58330.5703125,55672.609375,57539.9453125,51897585191,0.025676258785917394,0.04950377154520815,0.03788312211091118,46277.8140625,39504.0637109375,1.1714697100816758,86.04340398103268,5273.808690063299,4343.421221958516
2021-02-22,57532.73828125,57533.390625,48967.56640625,54207.3203125,92052420332,-0.05791845963531039,0.05252275353935041,0.05087569847970476,47212.665625,39932.5696484375,1.18230972964314,68.29591945430711,5150.645729525138,4504.866123471841
2021-02-23,54204.9296875,54204.9296875,45290.58984375,48824.42578125,106102492824,-0.09930198541853996,0.05849641214663959,0.07087083453388734,47780.282421875,40269.6198828125,1.1865093974296026,54.340974270090534,4566.049023140244,4517.102703405521
2021-02-24,48835.0859375,51290.13671875,47213.5,49705.33203125,63695521388,0.018042326886684945,0.05808549554985678,0.05432968457112493,48419.245703125,40583.8779296875,1.1930660196399283,59.09803196066891,4126.268637532252,4438.935890230868
2021-02-25,49709.08203125,51948.96875,47093.8515625,47093.8515625,54506565949,-0.052539242009451814,0.05992719714195853,0.05349455715313197,48866.7228515625,40789.2676953125,1.198028932918996,48.4274762561818,3526.365122668074,4256.421736718309
2021-02-26,47180.46484375,48370.78515625,44454.84375,46339.76171875,350967941479,-0.016012490351298148,0.06010229175066157,0.044517949953319806,49220.4103515625,40928.6420703125,1.2025908474316187,47.78320026673275,2956.0134340546283,3996.340076185573
2021-02-27,46344.7734375,48253.26953125,45269.02734375,46188.453125,45910946382,-0.003265200081699504,0.06001674337263443,0.04617183843112246,49584.6609375,41036.4589453125,1.2083074956243012,48.238492592406956,2463.399733969396,3689.752007742338
2021-02-28,46194.015625,46716.4296875,43241.6171875,45137.76953125,53443887451,-0.022747754528746222,0.04347716509337114,0.02597732139173068,49531.726171875,41134.1233984375,1.204151737770021,42.97293686895139,1965.5606824471324,3344.9137426832963
2021-03-01,45159.50390625,49784.015625,45115.09375,49631.2421875,53891300112,0.09955017057586457,0.04888158503859605,0.057987410526296634,49689.2330078125,41359.6194140625,1.2013948317647691,52.888213673066865,1911.5699487621969,3058.244983899077
2021-03-02,49612.10546875,50127.51171875,47228.84375,48378.98828125,47530897720,-0.025231161886280384,0.04857285399498377,0.05273233082059487,49862.2732421875,41615.8660546875,1.1981553664331621,48.59381101798645,1747.5903449633188,2796.1140561119255
2021-03-03,48415.81640625,52535.13671875,48274.3203125,50538.2421875,53220811975,0.04463205996986197,0.047335857774155436,0.0532435254938227,49993.71875,41948.1716796875,1.1917973238916724,47.16397807309299,1771.448911773732,2591.181027244287
2021-03-04,50522.3046875,51735.08984375,47656.9296875,48561.16796875,52343816680,-0.039120359814156846,0.04823970262269329,0.05902338291380174,50046.5345703125,42173.0678515625,1.1866941894401049,44.7859811637562,1612.2387468186498,2395.3925711591596
2021-03-05,48527.03125,49396.4296875,46542.515625,48927.3046875,48625928883,0.007539701660092213,0.048186879907425526,0.056123526028986466,50137.6240234375,42367.8673828125,1.183387956972717,36.6466578202507,1498.3358344969383,2215.9812238267154
2021-03-06,48899.23046875,49147.21875,47257.52734375,48912.3828125,34363564661,-0.0003049805235605385,0.04762485585164138,0.032345019802038195,50147.3787109375,42609.6076953125,1.176903084147715,36.107801060300176,1390.8302597776783,2050.951031016908
2021-03-07,48918.6796875,51384.3671875,48918.6796875,51206.69140625,43137459378,0.046906498146797926,0.0484966367617921,0.03559455313759732,50310.4603515625,42910.1787109375,1.1724598186942232,38.14947663836393,1473.7740960685478,1935.515644027236
2021-03-08,51174.1171875,52314.0703125,49506.0546875,52246.5234375,48597428048,0.020306565464276005,0.04837570802518272,0.031425759517857456,50462.79296875,43239.2836328125,1.1670589503119306,45.98668058050512,1604.9130005435218,1869.3951153304934
2021-03-09,52272.96875,54824.1171875,51981.83203125,54824.1171875,50912227385,0.049335220420617,0.04778605887054599,0.022577830851573433,50596.5484375,43603.1644921875,1.160387073432836,63.87319894305355,1894.9875638724188,1874.5136050388785
2021-03-10,54824.01171875,57258.25390625,53290.890625,56008.55078125,57295577614,0.021604243798385436,0.04785174404804637,0.020694125052999605,50812.9861328125,44001.9394140625,1.154789693578217,64.37329243977487,2195.1433908950858,1938.6395622101202
2021-03-11,55963.1796875,58091.0625,54484.59375,57805.12109375,56772343595,0.032076714848716215,0.04489011900393355,0.013661992134094275,50908.835546875,44447.0868359375,1.1453807025596305,75.3678079359367,2548.608483822878,2060.633346532672
2021-03-12,57821.21875,57996.62109375,55376.6484375,57332.08984375,55689944702,-0.008183206626845796,0.04495393134753186,0.02096140377805791,50970.4640625,44977.2146484375,1.1332507906705314,76.38470089470557,2758.7611665005097,2200.2589105262396
2021-03-13,57343.37109375,61683.86328125,56217.97265625,61243.0859375,60669829814,0.06821652767950437,0.047086369351777305,0.028866306401157574,51155.62109375,45541.9611328125,1.1232634656326408,80.61059057209448,3203.9601228975152,2400.999153000495
2021-03-14,61221.1328125,61597.91796875,59302.31640625,59302.31640625,43901225564,-0.031689610370558396,0.045607853015474396,0.038323428326080704,51410.3708984375,46086.654609375,1.1155153554577932,77.7947143098485,3361.4311361242508,2593.085549625246
2021-03-15,59267.4296875,60540.9921875,55393.1640625,55907.19921875,66419369890,-0.05725100456855314,0.04128721545672969,0.050073134110346966,51764.5095703125,46559.011015625,1.1118043197468381,62.86990735304037,3175.6633949358,2709.601118687357
2021-03-16,55840.78515625,56833.1796875,53555.02734375,56804.90234375,59749798599,0.01605702194966918,0.04126315050540088,0.048029081047358244,52119.4880859375,47047.7812109375,1.1077990660656478,67.53371997407945,3065.540617424216,2780.7890184347293
2021-03-17,56825.828125,58969.81640625,54528.62890625,58870.89453125,60258313191,0.036369962842253134,0.03919243717091894,0.05078137204439492,52708.340234375,47573.802109375,1.1079278488861453,67.40721373632803,3109.135645813447,2846.458343910473
2021-03-18,58893.078125,60116.25,54253.578125,57858.921875,55746041000,-0.017189693893861602,0.03923748359006243,0.03735367202209967,53284.2982421875,48122.329609375,1.1072676380115825,70.2394543278662,3027.1323861233686,2882.5931523530526
2021-03-19,57850.44140625,59498.375,56643.703125,58346.65234375,49063873786,0.008429650137686817,0.03908674422164228,0.036013604708302,53892.208203125,48619.940703125,1.1084383778292253,70.39616909273087,2967.294856681023,2899.533493218647
2021-03-20,58332.26171875,60031.28515625,58213.296875,58313.64453125,50361731222,-0.0005657190459794625,0.03834259879341929,0.019848952738647348,54551.001953125,49099.885859375,1.1110209524592853,70.3410746496022,2883.965173566008,2896.4198292881197
2021-03-21,58309.9140625,58767.8984375,56005.6171875,57523.421875,51943414539,-0.013551247955811196,0.03295716571261739,0.021429320933970472,54945.6109375,49564.963828125,1.1085574707172856,64.61869581890599,2722.774980044953,2861.6908594394868
2021-03-22,57517.890625,58471.48046875,54288.15625,54529.14453125,56521454974,-0.05205318540083803,0.03486749252902065,0.02311454189413014,55253.11875,49993.25953125,1.1052113678537434,54.84439194715622,2326.597861060698,2754.6722597637295
2021-03-23,54511.66015625,55985.44140625,53470.6953125,54738.9453125,56435023914,0.0038474981233158623,0.03369780161939896,0.024487045216520793,55463.15390625,50417.294921875,1.1000819062624025,49.799043549043546,2006.4249912888772,2605.022806068759
2021-03-24,54710.48828125,57262.3828125,52514.33203125,52774.265625,70567223787,-0.035891807492523076,0.03348470504772902,0.02380808400646642,55673.8087890625,50762.574453125,1.0967491185946965,42.63994144501874,1575.9854744729018,2399.2153397495877
2021-03-25,52726.74609375,53392.38671875,50856.5703125,51704.16015625,67999812841,-0.020277031922222966,0.03393523948979611,0.021366187520987897,55812.6515625,51047.215859375,1.093353488978769,35.64169386617401,1135.4220495518603,2146.456681710042
2021-03-26,51683.01171875,55137.3125,51579.85546875,55137.3125,56652197978,0.06639992475218648,0.03672461744175623,0.04621756470605254,56123.898046875,51411.44078125,1.0916616456184527,45.466371559311014,1051.1816950604261,1927.401684380119
2021-03-27,55137.56640625,56568.21484375,54242.91015625,55973.51171875,47266542233,0.015165759461888806,0.03556053835887552,0.03931312458651864,56362.2390625,51768.02484375,1.0887461755131007,37.53101738119485,1039.9074895322628,1749.9028454105478
2021-03-28,55974.94140625,56610.3125,55071.11328125,55950.74609375,47686580918,-0.0004067213991215679,0.035394298692185355,0.03941317769665388,56547.4501953125,52101.71953125,1.0853279067190096,41.27773379380285,1017.4075636679481,1603.403789062028
2021-03-29,55947.8984375,58342.09765625,55139.33984375,57750.19921875,57625587027,0.03216137854506651,0.034432364300755636,0.03298945474206406,56693.754296875,52478.6546875,1.0803202680113484,55.23072447520691,1131.731146666927,1509.069260583008
2021-03-30,57750.1328125,59447.22265625,57251.55078125,58917.69140625,54414116432,0.020216245195582738,0.03439461799962423,0.02507868885822669,56839.211328125,52733.07921875,1.0778663444313907,55.905983663803326,1301.5369642967053,1467.5628013257476
2021-03-31,58930.27734375,59930.02734375,57726.41796875,58918.83203125,65520826225,1.9359634988669328e-05,0.03371309429783813,0.013885519919935627,56894.896875,52981.83375,1.0738566947958836,50.15149001390468,1419.8343702539642,1458.0171151113911
2021-04-01,58926.5625,59586.0703125,58505.27734375,59095.80859375,61669163792,0.0030037350775407035,0.033636851610942514,0.014554819810278265,56983.0828125,53265.38625,1.069795730853261,54.12653098139977,1510.4548628671691,1468.504664662547
2021-04-02,59098.87890625,60267.1875,58869.28125,59384.3125,58727860620,0.004881969011259368,0.029847714553054752,0.013684907551554498,56890.144140625,53494.885859375,1.0634688386881563,53.50850615386281,1587.255220109786,1492.2547757519949
2021-04-03,59397.41015625,60110.26953125,57603.890625,57603.890625,59641344484,-0.029981350293480258,0.029757929245365626,0.01830124589395501,56805.2228515625,53696.866640625,1.0578871059970907,47.85380801222015,1487.3101057544627,1491.2658417524885
2021-04-04,57604.83984375,58913.74609375,57168.67578125,58758.5546875,50749662970,0.0200448971410081,0.026959899805025576,0.018253153007427095,56947.790625,53929.927421875,1.0559589702303382,53.65431848787395,1484.1660797694785,1489.8458893558868
2021-04-05,58760.875,59891.296875,57694.82421875,59057.87890625,60706272115,0.005094138552963257,0.026787800773314937,0.018423036641233893,57060.439453125,54136.73921875,1.0540058429186365,65.94099435760333,1488.6669534448447,1489.6101021736786
2021-04-06,59171.93359375,59479.578125,57646.80859375,58192.359375,66058027988,-0.014655445594718208,0.025781719504353515,0.019509747250006634,57026.5126953125,54341.685234375,1.0494064077946401,61.61952042209501,1406.1841203164804,1472.9249058022392
2021-04-07,58186.5078125,58731.14453125,55604.0234375,56048.9375,75645303584,-0.036833390122360865,0.026813917519231487,0.02378797242672501,56936.0134765625,54478.6665625,1.045106590691667,60.887164222523516,1154.5507069501982,1409.2500660318312
2021-04-08,56099.9140625,58338.73828125,55879.0859375,58323.953125,53053855641,0.04058980823677527,0.028345370865095868,0.030025846484276177,56934.878515625,54602.16546875,1.0427219877975364,70.37605354075542,1125.727476170905,1352.545548059646
2021-04-09,58326.5625,58937.046875,57807.86328125,58245.00390625,46655208546,-0.0013536328475677317,0.028347273308027332,0.02844532882946863,56931.446484375,54733.469609375,1.0401578209948437,62.05480269870819,1084.0184263304836,1298.8401237138137
2021-04-10,58253.77734375,61276.6640625,58038.70703125,59793.234375,58238470525,0.026581343719059625,0.02873144408447799,0.03117030304807681,57044.937109375,54811.571640625,1.040746240290156,64.04115814652215,1162.4924739474736,1271.5705937605458
2021-04-11,59846.23046875,60790.5546875,59289.796875,60204.96484375,46280252580,0.006885903949730876,0.025725504864237126,0.029591870239329257,57328.728125,54893.680546875,1.0443593425302509,65.20358180685136,1243.5718082035455,1265.970836649146
2021-04-12,60175.9453125,61253.03515625,59589.875,59893.453125,51828688519,-0.005174186540237491,0.025830726211223263,0.01948127954677744,57586.453515625,54940.750703125,1.0481555635596642,58.57102554000743,1268.0738069574072,1266.3914307107982
2021-04-13,59890.01953125,63742.28515625,59869.95703125,63503.45703125,69983454362,0.06027376479221824,0.026785599062274405,0.026899286925389714,58122.9130859375,55126.6734375,1.0543519037446454,65.34171487595745,1560.7970656596372,1325.272557700566
2021-04-14,63523.75390625,64863.09765625,61554.796875,63109.6953125,77451779687,-0.00620063437737306,0.02613539429854394,0.02781767603748396,58693.18984375,55412.378828125,1.0592071859214207,63.6616693030016,1740.9405977265124,1408.4061657057555
2021-04-15,63075.1953125,63821.671875,62208.96484375,63314.01171875,60954381579,0.003237480473297971,0.022578312155138624,0.027655545107391155,59102.0248046875,55684.552421875,1.0613720005670726,63.726326643508536,1878.5376584173646,1502.4324642480774
2021-04-16,63258.50390625,63594.72265625,60222.53125,61572.7890625,84293007468,-0.027501379378466195,0.0237681934390669,0.03295290903193044,59381.988671875,55974.131171875,1.0608827225836839,56.50631574253176,1826.0328341475906,1567.1525382279801
2021-04-17,61529.921875,62572.17578125,60361.3515625,60683.8203125,66138759198,-0.014437688523377457,0.024141687462567684,0.0339093339642087,59618.6423828125,56261.01234375,1.0596795169370161,59.6691127778241,1693.1721987892597,1592.3564703402362
2021-04-18,60701.88671875,61057.45703125,52829.53515625,56216.18359375,97468872758,-0.0736215468265391,0.028854103176739053,0.03010090229161514,59541.9416015625,56461.566953125,1.0545570166516076,43.39287371168818,1213.391026015197,1516.5633814752287
2021-04-19,56191.5859375,57520.0546875,54368.59375,55724.265625,65344865159,-0.008750468945115109,0.02846023170926955,0.029749762112272423,59382.2703125,56673.296875,1.0477998208481674,41.42245326048392,784.4249583743585,1370.1356968550547
2021-04-20,55681.79296875,57062.1484375,53448.046875,56473.03125,67849323955,0.013436976092944253,0.02867745135749426,0.03233965971401687,59259.9802734375,56810.13265625,1.0431234271535885,45.54934560977326,499.1317078480788,1195.9348990536596
2021-04-21,56471.12890625,56757.97265625,53695.46875,53906.08984375,54926612466,-0.045454287638402646,0.030260367612892393,0.034031288188054246,59000.4943359375,56920.6746875,1.0365389141969226,44.572038541297886,65.15298961126973,969.7785171651816
2021-04-22,53857.10546875,55410.23046875,50583.8125,51762.2734375,74798630778,-0.0397694659817468,0.031191992496354723,0.033808176412407756,58619.3923828125,56945.1553125,1.0294008693298793,33.26765731862562,-446.61800425929687,686.4992128802859
2021-04-23,51739.80859375,52120.79296875,47714.6640625,51093.65234375,86668667320,-0.012917150838772984,0.030742564605245087,0.02410878280267077,58293.88046875,56995.805,1.0227749299926547,32.29639577715777,-895.8258160039331,370.03420710344204
2021-04-24,51143.2265625,51167.5625,48805.28515625,50050.8671875,49014494781,-0.02040928977310741,0.030299205026448884,0.023462146028409233,57858.49609375,57018.27625,1.0147359741298738,25.26313429946171,-1320.7455577154906,31.87825413965544
2021-04-25,50052.83203125,50506.01953125,47159.484375,49004.25390625,46117114240,-0.02091099195802515,0.030286072378139656,0.01395062434071855,57355.81484375,57020.113671875,1.0058874167422185,22.44852779243621,-1722.0991720027232,-318.9172310888204
2021-04-26,49077.79296875,54288.00390625,48852.796875,54021.75390625,58284039825,0.10238907033660749,0.03912392597314537,0.057165858402556245,57147.2845703125,57076.414921875,1.0012416625769944,38.27202202104577,-1616.668537361642,-578.4674923433848
2021-04-27,54030.3046875,55416.96484375,53319.1875,55033.1171875,49448222757,0.018721407731506323,0.03856329038974676,0.05234566235254322,57096.4935546875,57132.146796875,0.9993759512956119,31.12184000349633,-1434.9640628580964,-749.7668064463272
2021-04-28,55036.63671875,56227.20703125,53887.91796875,54824.703125,48000572955,-0.003787066282106566,0.03734920898051376,0.051348973312406024,56921.5310546875,57132.158515625,0.9963133291930516,31.381105160827943,-1292.8757637415474,-858.3885979053713
2021-04-29,54858.08984375,55115.84375,52418.02734375,53555.109375,46088929780,-0.02315733013830157,0.03763302408117664,0.0518377868778736,56687.036328125,57083.0896875,0.9930618093459344,29.0708687802896,-1268.0975292343792,-940.3303841711729
2021-04-30,53568.6640625,57900.71875,53129.6015625,57750.17578125,52395931985,0.07833176806484676,0.04140252847994361,0.05378052830504153,56584.8833984375,57081.99078125,0.9912913446779121,42.58263601799045,-899.5839566377763,-932.1810986644938
2021-05-01,57714.6640625,58448.33984375,57052.2734375,57828.05078125,42836427360,0.0013484807439372304,0.04136593359057604,0.03878643835582958,56466.0376953125,57091.91,0.9890374607420298,44.27859956747325,-594.3985768924249,-864.62459431008
2021-05-02,57825.86328125,57902.59375,56141.90625,56631.078125,38177405335,-0.020698824187899145,0.0415891437871128,0.04156758107654029,56302.9189453125,56999.66984375,0.9877762292247049,50.956584485522306,-444.0044476544135,-780.5005649789467
2021-05-03,56620.2734375,58973.30859375,56590.87109375,57200.29296875,51713139031,0.010051280367532334,0.039071590343562626,0.04117798496732379,55987.7607421875,56957.629375,0.9829721032378816,53.391054815545,-275.7069577510847,-679.5418435333744
2021-05-04,57214.1796875,57214.1796875,53191.42578125,53333.5390625,68564706967,-0.06760024652955021,0.041545685499471886,0.05300126600298973,55498.9529296875,56906.156171875,0.9752715112590403,43.69111941713796,-449.16699142794096,-633.4668731122878
2021-05-05,53252.1640625,57911.36328125,52969.0546875,57424.0078125,69241316747,0.07669599321369813,0.04560108104576315,0.052400735678245935,55204.452734375,56918.53828125,0.9698852852052308,56.661447003156205,-253.64481563142908,-557.5024616161161
2021-05-06,57441.30859375,58363.31640625,55382.5078125,56396.515625,69523285106,-0.01789307689659958,0.04538949422893692,0.05297659823279775,54945.6390625,56869.050703125,0.9661782354928722,59.162661362921604,-179.53257529932307,-481.90848435275745
2021-05-07,56413.953125,58606.6328125,55321.84765625,57356.40234375,68434023376,0.017020319573156195,0.04553249651408799,0.0526691575670673,54779.2681640625,56859.0003125,0.9634229913117153,62.241497263487105,-42.849314565632085,-394.0966503953324
2021-05-08,57352.765625,59464.61328125,56975.2109375,58803.77734375,65382980634,0.02523475916996243,0.04260251088586986,0.0535603189593502,54908.6478515625,56868.1428125,0.9655431870283129,66.84250205387659,180.18713546292565,-279.2398932236808
2021-05-09,58877.390625,59210.8828125,56482.00390625,58232.31640625,65906690347,-0.009718099130935132,0.04261721702093319,0.037265158183100076,55034.050390625,56866.51625,0.967776013369291,68.08754603075823,307.29075075068977,-161.93376442880663
2021-05-10,58250.87109375,59519.35546875,54071.45703125,55859.796875,71776546298,-0.04074231762821234,0.0436318086801119,0.02676190853532531,55003.388671875,56833.24375,0.9678030857050104,54.01943279527227,214.11064911574067,-86.72488171989716
2021-05-11,55847.2421875,56872.54296875,54608.65234375,56704.57421875,61308396325,0.01512317249631967,0.04237010986178066,0.02692583009281833,55143.312890625,56876.75234375,0.9695228826946994,53.68196872813822,206.05593424088147,-28.16871852774142
2021-05-12,56714.53125,57939.36328125,49150.53515625,49150.53515625,75215403907,-0.1332174549686006,0.051537912619210965,0.06375470684118732,55012.7259765625,56764.984140625,0.9691313546442364,40.55674487575631,-405.2043622763522,-103.57584727746361
2021-05-13,49735.43359375,51330.84375,46980.01953125,49716.19140625,96721152926,0.011508648851976444,0.0515377101684124,0.06109364770895256,54943.8529296875,56703.82265625,0.9689620620953231,43.45777824761178,-834.3707129690447,-249.7348204157799
2021-05-14,49682.98046875,51438.1171875,48868.578125,49880.53515625,55737497453,0.00330563837155351,0.051317842816265745,0.06251085510241064,54935.336328125,56667.35015625,0.9694354187490806,34.452780356168844,-1147.9936149309142,-429.38657931880687
2021-05-15,49855.49609375,50639.6640625,46664.140625,46760.1875,59161047474,-0.06255641898138342,0.053072868990636776,0.0642882944184608,54823.1330078125,56499.80765625,0.9703242414799261,30.48085991401136,-1629.5436375941354,-669.4179909738727
2021-05-16,46716.63671875,49720.04296875,43963.3515625,46456.05859375,64047871555,-0.0065040138312105755,0.047167051992155616,0.06086327709841738,54444.8482421875,56309.45859375,0.9668863740101834,31.471980336209498,-2012.5171163890263,-938.0378160569036
2021-05-17,46415.8984375,46623.55859375,42207.2890625,43537.51171875,74903638450,-0.06282381595309616,0.04838748007106652,0.036416825324787974,53870.06796875,56061.19390625,0.9609154606809805,27.081866688612834,-2522.4514488763234,-1254.9205426207877
2021-05-18,43488.05859375,45812.45703125,42367.83203125,42909.40234375,56187365084,-0.014426855146374762,0.04836823073767412,0.03174660754382172,53274.3029296875,55764.37796875,0.9553464930522866,30.383008490667706,-2943.332355253813,-1592.602905147393
2021-05-19,42944.9765625,43546.1171875,30681.49609375,37002.44140625,126358098747,-0.13766122609163733,0.056045898335405415,0.052280804506818095,52446.66953125,55326.07296875,0.9479557596808582,14.028355276964518,-3710.7506631819997,-2016.2324567543146
2021-05-20,36753.66796875,42462.984375,35050.6171875,40782.73828125,88281943359,0.10216344466291027,0.058378848322498254,0.08766558709682438,51598.29765625,54963.35109375,0.9387764142735712,24.928460254937534,-3968.1544225196776,-2406.6168499073874
2021-05-21,40596.94921875,42172.171875,33616.453125,37304.69140625,82051616861,-0.08528232829817228,0.0602416707061895,0.09079205097884983,50572.1296875,54527.52875,0.9274605111734502,20.2113324695233,-4402.053934279742,-2805.7042667818587
2021-05-22,37371.03125,38831.0546875,35383.68359375,37536.6328125,57377273240,0.006217486259949112,0.06052291307617284,0.09162449492442144,49617.407421875,54090.57515625,0.917302270840096,17.221988693236952,-4673.335389042979,-3179.2304912340833
2021-05-23,37531.44921875,38289.21875,31227.33984375,34770.58203125,78469274361,-0.0736893688644572,0.06133096104812917,0.09359764394749408,48495.921875,53633.908984375,0.9042026358572554,16.130769810289138,-5053.274079580646,-3554.0392089033962
2021-05-24,34700.36328125,39835.140625,34551.08203125,38705.98046875,67359584098,0.11318183957815453,0.06739407781071496,0.09381607735664016,47764.5439453125,53232.8575,0.8972755960980021,26.305996221155127,-4979.424755733169,-3839.1163182693513
2021-05-25,38795.78125,39776.3515625,36581.4296875,38402.22265625,56211915803,-0.007847826326095597,0.06399102071492958,0.07931556892925688,46813.4546875,52819.744375,0.8862870360587579,24.335991863591588,-4889.051410060834,-4049.1033366276483
2021-05-26,38392.625,40782.078125,37905.8359375,39294.19921875,51346735160,0.023227211885217036,0.06464948631784655,0.06733056368603704,45958.3388671875,52441.781171875,0.8763687624674993,33.003716624742154,-4691.375571171557,-4177.55778353643
2021-05-27,39316.890625,40379.6171875,37247.90234375,38436.96875,43210968721,-0.021815700174415475,0.06419107713137961,0.0690990711349329,45012.3671875,52089.541796875,0.8641344430140566,30.743725881149558,-4551.421426287692,-4252.330512086683
2021-05-28,38507.08203125,38856.96875,34779.0390625,35697.60546875,55200191952,-0.07126897282320166,0.06441132872431272,0.0684008309001636,43857.05859375,51637.01484375,0.8493337333007803,27.74329901558373,-4608.42739872868,-4323.549889415082
2021-05-29,35684.15625,37234.5,33693.9296875,34616.06640625,45231013335,-0.03029724398312339,0.06435836894928357,0.03442853702111422,42676.24609375,51164.43609375,0.834099803534493,29.639909587405114,-4686.849126866444,-4396.2097369053545
2021-05-30,34607.40625,36400.66796875,33520.73828125,35678.12890625,31646080921,0.03068120125307594,0.06533539384697425,0.04179904361767852,41667.1626953125,50682.133984375,0.822127235371704,32.378224117898924,-4610.156331226615,-4438.9990557696065
2021-05-31,35658.59375,37468.25,34241.9453125,37332.85546875,39009847639,0.04637929771620186,0.06658413100334071,0.04779214074512793,40698.5767578125,50224.691796875,0.8103300448793354,39.418155509395405,-4365.531009642975,-4424.30544654428
2021-06-01,37293.79296875,37896.734375,35787.0859375,36684.92578125,34639423297,-0.017355481635803582,0.06087688871168426,0.04754026079486882,40075.2962890625,49760.52125,0.8053632735823181,39.39152454268407,-4175.810051739623,-4374.606367583349
2021-06-02,36699.921875,38231.33984375,35966.30859375,37575.1796875,33070867190,0.02426756732611457,0.06121034563712511,0.032879391293574936,39468.245703125,49241.955703125,0.8015166160555288,51.17747688870037,-3908.56329104054,-4281.397752274787
2021-06-03,37599.41015625,39478.953125,37243.97265625,39208.765625,35460750427,0.043475133082156336,0.06239029454085753,0.025612526128407156,38934.6572265625,48763.937109375,0.798431372332264,46.45083800624644,-3524.325346292928,-4129.983271078416
2021-06-04,39242.484375,39242.484375,35717.72265625,36894.40625,41831090187,-0.05902658087058821,0.062238893354706615,0.045084727794116236,38441.3681640625,48235.545,0.7969510485278544,49.023603703934384,-3367.7422303648273,-3977.535062935698
2021-06-05,36880.15625,37917.71484375,34900.4140625,35551.95703125,35959473399,-0.03638625350557034,0.06251064947239753,0.04237584879561376,37896.1630859375,47715.128359375,0.794216936827997,45.51398180612566,-3313.7742882660023,-3844.7829080017586
2021-06-06,35538.609375,36436.421875,35304.578125,35862.37890625,28913440585,0.008731498936251025,0.06145215043532118,0.04269544298922276,37512.4064453125,47218.69953125,0.7944396355195311,52.77598230045603,-3208.9649044191538,-3717.619307285238
2021-06-07,35835.265625,36790.5703125,33480.640625,33560.70703125,33683936663,-0.06418068028941804,0.06272681583774924,0.04633355742090662,37044.9716796875,46765.59,0.7921416511517871,35.73240583879618,-3273.889042095623,-3628.8732542473153
2021-06-08,33589.51953125,34017.38671875,31114.443359375,33472.6328125,49902050442,-0.0026243254847995168,0.05510338463925174,0.03278250747700816,36868.48125,46320.55734375,0.7959420906012616,36.16499718799642,-3294.4721184991795,-3561.993027097688
2021-06-09,33416.9765625,37537.37109375,32475.865234375,37345.12109375,53972919008,0.11569117681725527,0.05653404271252114,0.06859398499280636,36696.600390625,45937.999140625,0.7988288797317813,45.31385006544178,-2964.1381745162143,-3442.4220565813935
2021-06-10,37389.515625,38334.32421875,35847.59375,36702.59765625,43576032854,-0.01720501684509279,0.053267642282790496,0.06624973654979467,36666.495703125,45593.929296875,0.804196880342974,45.786567128203096,-2722.8056074410633,-3298.4987667533273
2021-06-11,36697.03125,37608.6953125,36044.44921875,37334.3984375,38699736985,0.01721406171757467,0.05338630129052234,0.06637899384894937,36656.383984375,45305.371796875,0.8090957546650887,54.43001787785335,-2452.2981993201684,-3129.258653266696
2021-06-12,37340.14453125,37408.92578125,34728.19140625,35552.515625,37924228550,-0.047727642256857994,0.05176416017309216,0.062063517825800996,36695.4806640625,44994.5490625,0.8155539154996393,52.44194733206169,-2354.560275444026,-2974.3189777021626
2021-06-13,35555.7890625,39322.78125,34864.109375,39097.859375,40669112838,0.09972131894675185,0.05031459323614329,0.07171960243884626,36715.074609375,44775.48890625,0.8199815458463953,57.89502162842965,-1968.3329387838676,-2773.121769918504
2021-06-14,39016.96875,40978.36328125,38757.28515625,40218.4765625,43148914673,0.028661855288592664,0.05061204776002595,0.05553096651916366,36805.8873046875,44599.773359375,0.825248303575758,56.83038898466988,-1553.9080653175406,-2529.2790289983113
2021-06-15,40427.16796875,41295.26953125,39609.46875,40406.26953125,46420149185,0.004669320789865594,0.05040117702979299,0.05305433987226531,36861.4908203125,44327.463671875,0.8315722977784645,59.00473288572943,-1196.5272231821946,-2262.728667835088
2021-06-16,40168.69140625,40516.77734375,38176.03515625,38347.0625,39211635100,-0.05096256237308472,0.051551959638416835,0.06210193869053153,36856.9955078125,43993.742578125,0.8377781327051474,51.76776080649156,-1067.159577584047,-2023.6148497848797
2021-06-17,38341.421875,39513.671875,37439.67578125,38053.50390625,37096670047,-0.007655308506355651,0.04873593031827007,0.05553226498018145,36974.7904296875,43658.31859375,0.8469128363312806,47.181214795803506,-977.0595769435095,-1814.3037952166057
2021-06-18,38099.4765625,38187.26171875,35255.85546875,35787.24609375,36200887275,-0.0595545108824469,0.05024490849892707,0.03743736351315637,37033.3494140625,43302.961328125,0.8552151695456812,47.292224391714676,-1076.117925279912,-1666.666621229267
2021-06-19,35854.52734375,36457.796875,34933.0625,35615.87109375,31207279719,-0.004788717174578294,0.049834819130445365,0.02936269611175641,37030.2365234375,42860.275234375,0.8639757052642149,50.165812303958006,-1155.135230383603,-1564.3603430601345
2021-06-20,35563.140625,36059.484375,33432.07421875,35698.296875,36664034054,0.002314299179515533,0.048686947496559545,0.028808349540355573,36948.50859375,42417.68015625,0.8710638690670086,49.56922587823876,-1197.304165161324,-1490.9491074803725
2021-06-21,35641.14453125,35721.640625,31295.935546875,31676.693359375,52809038594,-0.11265533282181261,0.05465554198405825,0.04918158077034657,36698.09697265625,41918.5924609375,0.8754610977659603,45.463476758792496,-1537.509688924074,-1500.261223769113
2021-06-22,31622.376953125,33292.453125,28893.62109375,32505.66015625,58964353058,0.02616961270137308,0.05471242431328007,0.05599057958276182,36444.62099609375,41424.6998046875,0.8797799662502268,47.751837436626964,-1720.4025948117123,-1544.2894979776331
2021-06-23,32515.71484375,34753.41015625,31772.6328125,33723.02734375,46317108925,0.0374509295196066,0.054442754215005544,0.059741720854966804,36170.33408203125,41032.4895703125,0.881504740775001,40.39269258783804,-1746.9771175748247,-1584.8270218970715
2021-06-24,33682.80078125,35228.8515625,32385.21484375,34662.4375,33123368116,0.027856637741157764,0.053455290237236226,0.06222705202686549,36058.73564453125,40577.2581640625,0.8886439664981329,44.672546017902036,-1672.950339553623,-1602.451685428382
2021-06-25,34659.10546875,35487.24609375,31350.884765625,31637.779296875,40230904226,-0.0872604012088013,0.05632309139271351,0.07214088758756451,35863.0267578125,40082.0834375,0.8947395864222908,36.77693665057564,-1837.1704659737225,-1649.3954415374503
2021-06-26,31594.6640625,32637.587890625,30184.501953125,32186.27734375,38585385521,0.017336806155961115,0.05646063642007352,0.051685210842624986,35679.2216796875,39578.6809375,0.9014757650976225,41.71166424582865,-1901.1417126664091,-1699.7446957632426
2021-06-27,32287.5234375,34656.12890625,32071.7578125,34649.64453125,35511640894,0.07653470332064805,0.057311508411254174,0.061066784116567394,35733.6685546875,39095.59828125,0.9140074618534522,38.431234223966996,-1733.088278876734,-1706.413412385941
2021-06-28,34679.12109375,35219.890625,33902.07421875,34434.3359375,33892523752,-0.006213875976586625,0.05733618913974994,0.06005716353134559,35781.7537109375,38619.638671875,0.9265170504299873,34.2134149617857,-1598.8478037124369,-1684.9002906512403
2021-06-29,34475.55859375,36542.109375,34252.484375,35867.77734375,37901460044,0.04162825758718758,0.05179764582894708,0.06162547972162886,35707.8865234375,38219.79828125,0.934277210483217,38.401766187758476,-1361.1045522593558,-1620.1411429728637
2021-06-30,35908.38671875,36074.7578125,34086.15234375,35040.8359375,34059036099,-0.02305527321430456,0.051912013198413175,0.03938339286019238,35624.7984375,37786.523515625,0.9427911097131996,40.98294289682258,-1225.294144898573,-1541.1717433580056
2021-07-01,35035.984375,35035.984375,32883.78125,33572.1171875,37838957079,-0.04191448950075438,0.05249954981949981,0.048672486084783625,35436.684375,37474.95515625,0.9456097873165817,38.51417712977322,-1222.0892628364309,-1477.3552472536908
2021-07-02,33549.6015625,33939.58984375,32770.6796875,33897.046875,38728974942,0.00967855812266083,0.05154195271882627,0.03191610489414597,35353.9109375,37158.572265625,0.9514335126972983,44.620031998007626,-1179.7310552340641,-1417.8304088497655
2021-07-03,33854.421875,34909.26171875,33402.6953125,34668.546875,24383958643,0.022760094790705843,0.04621619982593731,0.03397214544847639,35132.4453125,36854.3325,0.9532785680625203,47.39275309748651,-1071.5560372523323,-1348.575534530279
2021-07-04,34665.56640625,35937.56640625,34396.4765625,35287.78125,24924307911,0.017861561294527206,0.04586455129695111,0.028178283732814828,34885.910546875,36624.884375,0.9525193360252076,48.90259616850556,-925.1944515144787,-1263.899317927119
2021-07-05,35284.34375,35284.34375,33213.66015625,33746.00390625,26721554282,-0.043691535402215154,0.04657014665636973,0.032966674143134186,34552.897265625,36370.68328125,0.9500205700957475,56.3772662445922,-922.9709522011763,-1195.7136447819305
2021-07-06,33723.5078125,35038.53515625,33599.91796875,34235.1953125,26501259870,0.014496276584600176,0.04567667232491106,0.02720634230427216,34347.30390625,36184.636953125,0.949223394191984,55.444150490164255,-871.6868909619734,-1130.9082940179392
2021-07-07,34225.6796875,34997.6640625,33839.2890625,33855.328125,24796027477,-0.011095808977648836,0.04569512057812328,0.027745471281478102,34137.3951171875,36003.55546875,0.9481673316075057,50.43962967732021,-851.8761127436592,-1075.1018577630832
2021-07-08,33889.60546875,33907.90625,32133.18359375,32877.37109375,29910396946,-0.028886355129662422,0.04425306544667801,0.026781535761928432,33991.9013671875,35921.0540625,0.946294652379746,44.083459783627575,-904.660524179526,-1041.0135910463719
2021-07-09,32861.671875,34042.29296875,32318.880859375,33798.01171875,27436021028,0.02800225791699673,0.04479806754713596,0.0296718654449365,33901.0083984375,35781.35953125,0.9474488628312104,58.32050821617453,-862.2648932625525,-1005.263851489608
2021-07-10,33811.2421875,34209.0703125,33116.01171875,33520.51953125,22971873468,-0.008210311003178261,0.04481105799469005,0.022431740835533037,33792.11953125,35705.67609375,0.946407496738734,55.24863746191439,-841.3586914813131,-972.482819487949
2021-07-11,33509.078125,34584.703125,33346.73828125,34240.1875,20108729370,0.021469475378479208,0.036708202786460996,0.023820606717140553,33920.29423828125,35639.7471875,0.9517546255260245,48.1331748512093,-757.981644812462,-929.5825845528517
2021-07-12,34254.015625,34592.15625,32697.30859375,33155.84765625,24321499537,-0.031668630428790756,0.03719011607762813,0.027727916336507008,33952.80361328125,35607.4525,0.9535308265392266,44.599016679873756,-770.5198249031091,-897.7700326229033
2021-07-13,33125.46875,33327.1015625,32261.419921875,32702.025390625,19120856669,-0.013687548281983153,0.036347858800768906,0.024996858569766682,33901.753515625,35487.3733984375,0.9553187590129645,35.41945190923937,-807.7646786433179,-879.7689618269861
2021-07-14,32723.845703125,33061.3984375,31639.125,32822.34765625,21376531210,0.003679352094793975,0.035737953469667086,0.019815547162489604,33809.7490234375,35375.7758984375,0.9557316600066665,39.07090585937831,-818.1414667529534,-867.4434628121796
2021-07-15,32827.875,33159.640625,31175.708984375,31780.73046875,21300524237,-0.031734999531688124,0.03055618303851366,0.023088069271064583,33816.89658203125,35225.5065234375,0.9600116483642607,40.7872839829581,-900.0398488416758,-873.962740018079
2021-07-16,31841.55078125,32218.40625,31100.673828125,31421.5390625,23699476918,-0.011302175908234458,0.030404421285340072,0.015027855050836909,33778.65966796875,35085.1979296875,0.9627609835823894,37.313703234382096,-982.6018290525826,-895.6905578249798
2021-07-17,31397.30859375,31935.9453125,31223.990234375,31533.068359375,18895018942,0.003549453661488622,0.024431221994221593,0.014648937056909046,33622.830859375,35001.9071875,0.9605999661464875,32.765752331998925,-1027.1924755747823,-921.9909413749402
2021-07-18,31533.884765625,32398.99609375,31215.4921875,31796.810546875,18787986667,0.008363987433579023,0.024591719274501142,0.016433982255079155,33490.95458984375,34945.5220703125,0.9583761410820513,30.03141790823004,-1029.3830073163917,-943.4693545632306
2021-07-19,31800.01171875,31885.859375,30563.734375,30817.83203125,20434789545,-0.030788575922789052,0.022836932410965526,0.018699691557877346,33238.45732421875,34848.3161328125,0.9538038279250475,32.098048393721996,-1097.4635276502268,-974.26818918063
2021-07-20,30838.28515625,31006.1875,29360.955078125,29807.34765625,23148267245,-0.03278895069501786,0.023289409014655767,0.01897627312369134,32976.78291015625,34697.8059765625,0.9503996573279372,24.55158274553895,-1218.904699961353,-1023.1954913367747
2021-07-21,29796.28515625,32752.326171875,29526.18359375,32110.693359375,28203024559,0.07727442675168827,0.02871640139517116,0.044569512327226515,32903.71171875,34606.321328125,0.9508006183832296,41.78850948595185,-1116.417588560249,-1041.8399107814698
2021-07-22,32138.873046875,32576.400390625,31745.298828125,32313.10546875,19555230518,0.006303573302191001,0.028655026874042238,0.0445622360270321,32824.5146484375,34501.07984375,0.9514054283835347,47.13500532728913,-1007.2518761612664,-1034.9223038574291
2021-07-23,32305.958984375,33581.55078125,32057.892578125,33581.55078125,22552046192,0.03925482537500802,0.029626225061833385,0.04709784227806006,32770.16484375,34388.535546875,0.952938655939012,48.93843725335438,-809.0580095961232,-989.7494450051679
2021-07-24,33593.73046875,34490.390625,33424.859375,34292.4453125,21664706865,0.021169199000986128,0.029747100287015382,0.04062509723530915,32720.398046875,34336.496328125,0.9529335123244286,53.63129559263954,-587.8483451550965,-909.3692250351537
2021-07-25,34290.29296875,35364.92578125,33881.8359375,35350.1875,20856685287,0.030844758309330533,0.028772085294949307,0.026633005820104125,32800.6072265625,34332.4609375,0.9553817678923121,55.06069774085154,-323.458509394688,-792.1870819070606
2021-07-26,35384.03125,40499.67578125,35287.3125,37337.53515625,51022126212,0.05621887171744144,0.03109060164553375,0.01877780369535656,32955.72421875,34361.9640625,0.9590756849290619,67.6147074000358,45.905516949154844,-624.5685621358175
2021-07-27,37276.03515625,39406.94140625,36441.7265625,39406.94140625,35097370560,0.055424286615063156,0.03281126321321381,0.015315330058253293,33233.3048828125,34478.88875,0.9638740135675777,74.85979907466883,499.8509875382151,-399.6846522010109
2021-07-28,39503.1875,40816.0703125,38862.4375,39995.90625,38702404695,0.014945713184850051,0.03165245265123935,0.01920629737240945,33589.231640625,34609.35421875,0.9705246572450539,75.70412205192805,896.7929137115425,-140.3891390185002
2021-07-29,39995.453125,40593.0703125,39352.05859375,40008.421875,27167146027,0.00031292265067750513,0.031443012353547295,0.024649997457516438,33899.7521484375,34662.620234375,0.9779916209225015,81.82859344777563,1198.5658354859625,127.40185588239243
2021-07-30,40027.484375,42235.546875,38397.35546875,42235.546875,33072782960,0.055666404612466414,0.03282401045788101,0.026871939399900107,34335.503515625,34773.27921875,0.987410571767734,86.55126193856812,1599.0011350472778,421.7217117153696
2021-07-31,42196.3046875,42231.44921875,41110.83203125,41626.1953125,25802845343,-0.014427457617713135,0.03326465229011359,0.03200360516308823,34704.80390625,34859.11515625,0.9955732883835885,83.00401577903929,1845.9010184922154,706.557573070739
2021-08-01,41460.84375,42541.6796875,39540.94140625,39974.89453125,26688438115,-0.039669750474507826,0.03383948292756649,0.035522620656877786,35045.75625,34947.562734375,1.0028097385895358,74.51711774400164,1886.5774914220892,942.5615567410092
2021-08-02,39907.26171875,40419.1796875,38746.34765625,39201.9453125,25595265436,-0.019335866368471732,0.034069753031699915,0.03603344359430892,35370.75224609375,34949.644453125,1.0120489864648994,75.44915050256053,1835.2872975902646,1121.1067049108603
2021-08-03,39178.40234375,39750.03125,37782.05078125,38152.98046875,26189830450,-0.02675797936526192,0.03501703523330571,0.03732949754856674,35637.28388671875,34908.33453125,1.020881814193003,75.27330652632894,1690.5096106412238,1234.987286056933
2021-08-04,38213.33203125,39952.296875,37589.1640625,39747.50390625,25372562724,0.041792893187100555,0.03446728855702575,0.03136990082746489,36035.62255859375,34895.15921875,1.0326825658738061,74.16414985548035,1685.0131829957827,1324.9924654447032
2021-08-05,39744.515625,41341.93359375,37458.00390625,40869.5546875,35185031017,0.02822946527400849,0.03420508197387908,0.035908026985910134,36508.02333984375,34945.6090625,1.0447098882880932,75.5850469254624,1751.0127600342967,1410.196524362622
2021-08-06,40865.8671875,43271.66015625,39932.1796875,42816.5,38226483046,0.04763803587748594,0.03492424573261635,0.03492292264744704,37072.194921875,35040.868984375,1.0579701929882441,76.53708529121967,1938.0791457763335,1515.7730486453645
2021-08-07,42832.796875,44689.859375,42618.56640625,44555.80078125,40030862141,0.04062220829002827,0.03529673659310119,0.030493192084569846,37710.14443359375,35216.240078125,1.070816883061229,77.84643892682291,2201.302397545427,1652.8789184253772
2021-08-08,44574.4375,45282.3515625,43331.91015625,43798.1171875,36302664750,-0.017005273846830926,0.03442612399422093,0.02626983780065038,38359.15869140625,35379.885,1.0842081225364708,73.30022465576556,2322.0033776631535,1786.7038102729325
2021-08-09,43791.92578125,46456.83203125,42848.6875,46365.40234375,38734079049,0.058616336068955555,0.03333893857259182,0.029335696561126008,39187.06142578125,35593.227109375,1.100969611588258,74.12788646122996,2594.9057719558114,1948.3442026095086
2021-08-10,46280.84765625,46637.98828125,44705.5546875,45585.03125,33546019517,-0.016830892309838696,0.03186243681801455,0.03664782515462682,39860.7783203125,35871.3938671875,1.1112135332096529,67.7334292516688,2716.894788245445,2102.054319736696
2021-08-11,45599.703125,46735.6328125,45351.7109375,45593.63671875,34319709073,0.00018877838873909702,0.03201109046717956,0.034634132758551685,40524.8048828125,36133.1533984375,1.121540775474219,66.62135387657491,2782.1949405293926,2238.0824438952354
2021-08-12,45576.87890625,46228.91015625,43861.4453125,44428.2890625,33723620826,-0.02555943636254754,0.03299520862323759,0.034137896163650976,41067.141796875,36347.2586328125,1.129855272215815,62.28300124492445,2708.6878970563557,2332.2035345274594
2021-08-13,44439.69140625,47831.9765625,44282.41796875,47793.3203125,31744259539,0.07574073458615982,0.035711320885320544,0.0458546756154953,41742.185546875,36609.8762890625,1.140189199692702,64.52654840331405,2888.6642117477822,2443.495669971524
2021-08-14,47810.6875,48098.68359375,46177.6328125,47096.9453125,31211354442,-0.01457055076832292,0.03624680598642908,0.04127225876454146,42329.5234375,36919.059609375,1.146549340242434,64.23433839809216,2941.2007635801274,2543.0366886932447
2021-08-15,47096.66796875,47357.10546875,45579.58984375,47047.00390625,30988958446,-0.0010603958689597848,0.03506744072862423,0.03988120879220103,42814.996875,37216.274140625,1.1504374863861904,70.07368385572263,2944.8599924250666,2623.4013494396095
2021-08-16,47019.9609375,47998.09765625,45700.3203125,46004.484375,32776876610,-0.02215910567498447,0.034317191999040215,0.042022870026871856,43144.8740234375,37443.3709375,1.1522700265276429,69.01750031560238,2831.003300367105,2664.921739625109
2021-08-17,45936.45703125,47139.5703125,44512.41796875,44695.359375,33451362600,-0.028456465011732934,0.035236078813142856,0.0425230896035824,43379.8466796875,37648.59140625,1.1522302710237935,68.02794400263329,2605.1055695482864,2652.9585056097444
2021-08-18,44686.75,45952.0625,44364.02734375,44801.1875,32194123075,0.002367765389513554,0.03522115966764819,0.013263946222453448,43619.4849609375,37827.259609375,1.1531230496572098,65.17038649487657,2406.8744847808557,2603.741701443967
2021-08-19,44741.8828125,46970.76171875,43998.31640625,46717.578125,37204312299,0.04277544261522093,0.034377109663883805,0.027967526802029175,43843.5865234375,38060.794453125,1.1519356638084495,66.75579398449923,2377.010927088071,2558.395546572788
2021-08-20,46723.12109375,49342.15234375,46650.70703125,49339.17578125,34706867452,0.056115872471717454,0.035802739547883156,0.03798742981449398,44229.235546875,38376.135625,1.1525192629885854,67.99318894429715,2535.6554065784876,2553.847518573928
2021-08-21,49327.07421875,49717.01953125,48312.19921875,48905.4921875,40585205312,-0.008789842693618932,0.03421807852179059,0.03553815086320457,44675.7654296875,38676.30453125,1.1551198071054074,62.93028230100108,2596.4573142951413,2562.369477718171
2021-08-22,48869.10546875,49471.609375,48199.94140625,49321.65234375,25370975378,0.00850947690403503,0.03349136449380544,0.027814871539009453,45181.75078125,38969.366640625,1.1594171185258288,66.76006623309355,2647.7028406196478,2579.4361502984666
2021-08-23,49291.67578125,50482.078125,49074.60546875,49546.1484375,34305053719,0.004551674225862445,0.03229113843809344,0.02748005879619245,45751.4091796875,39254.533984375,1.1655063641284988,61.25093645999744,2675.587738060567,2598.666467850887
2021-08-24,49562.34765625,49878.76953125,47687.1171875,47706.1171875,35361168834,-0.037137725293038826,0.033470542702382526,0.033876557587593524,46149.33984375,39533.73625,1.1673407125477546,56.979491274189876,2520.1607319181494,2582.9653206643397
2021-08-25,47727.2578125,49202.87890625,47163.61328125,48960.7890625,32646349931,0.02630002081428562,0.03341702965363423,0.023625560804947092,46553.9015625,39828.248125,1.1688664140183043,60.23998401500423,2469.755440986977,2560.3233447288676
2021-08-26,49002.640625,49347.58203125,46405.78125,46942.21875,32666549568,-0.04122830434622349,0.03399516122299473,0.02983088988244368,46760.1875,40089.9859375,1.1663807408887295,57.26803620748381,2241.093203038203,2496.477316390735
2021-08-27,46894.5546875,49112.78515625,46394.28125,49058.66796875,34511076995,0.04508626296557394,0.034253992634538724,0.038154241422565516,46985.330859375,40413.611875,1.1626115231843528,53.942915012774684,2205.2359092402985,2438.229034960648
2021-08-28,49072.5859375,49283.50390625,48499.23828125,48902.40234375,28568103401,-0.003185280633781984,0.033916537970898976,0.03805563815728661,47240.5451171875,40715.6996875,1.1602537959501327,55.821902537544716,2139.5460604329273,2378.492440055104
2021-08-29,48911.25,49644.11328125,47925.85546875,48829.83203125,25889650240,-0.0014839825657210204,0.0315985402281772,0.032812530259856754,47363.7666015625,41021.8859375,1.1545974915371966,55.74055533474541,2057.9082786273502,2314.3756077695534
2021-08-30,48834.8515625,48925.60546875,46950.2734375,47054.984375,31847007016,-0.0363476092875793,0.03253265845368763,0.034604494395214236,47437.2642578125,41278.181875,1.1492091488298501,53.23018322564775,1828.9118185531552,2217.2828499262737
2021-08-31,47024.33984375,48189.55078125,46750.09375,47166.6875,34730363427,0.0023738850726162664,0.03252963170850519,0.028998276657705088,47515.916796875,41558.398671875,1.1433529278170143,58.20316187247744,1637.5671282550902,2101.339705592037
2021-09-01,47099.7734375,49111.08984375,46562.4375,48847.02734375,39139399125,0.03562556399047523,0.03265918723186858,0.025526907808464325,47736.8537109375,41881.2987109375,1.139813118986943,62.15859474543883,1603.0356675143921,2001.6788979765079
2021-09-02,48807.84765625,50343.421875,48652.3203125,49327.72265625,39508070319,0.009840830417728652,0.028192011470299275,0.02586007648316595,47813.573828125,42211.4062109375,1.1327169151672543,58.584825834660286,1596.0589563356189,1920.55490964833
2021-09-03,49288.25,50982.2734375,48386.0859375,50025.375,43206179619,0.014143210068944922,0.02803677686323994,0.026274500489549463,47959.9953125,42576.2991015625,1.1264481959339656,52.583943942153496,1628.0573444424444,1862.055396607153
2021-09-04,50009.32421875,50545.58203125,49548.78125,49944.625,37471327794,-0.0016141808032423821,0.028041678600284663,0.014537910495504533,48104.8763671875,42946.7608203125,1.1201048798175104,54.01979296747029,1628.1323511421797,1815.2707875141582
2021-09-05,49937.859375,51868.6796875,49538.59765625,51753.41015625,30322676319,0.03621581213694158,0.02828219291921644,0.016621464900894053,48392.32265625,43351.16765625,1.1162864871362514,58.49206245273321,1753.9274560221093,1803.0021212157487
2021-09-06,51769.00390625,52700.94140625,51053.6796875,52633.53515625,38884105426,0.017006125728580734,0.02714732505685515,0.013760880274609158,48789.2314453125,43767.9021484375,1.114726295993016,60.30953210172689,1902.706498808133,1822.9429967342257
2021-09-07,52660.48046875,52853.765625,43285.20703125,46811.12890625,65210059683,-0.1106216071695616,0.038064559060817287,0.05839069796860031,48889.728515625,44087.7680859375,1.108918201990342,47.63927988026442,1533.12255513556,1764.9789084144925
2021-09-08,46827.76171875,47334.0546875,44561.39453125,46091.390625,49007762488,-0.015375366885328479,0.03706676304964413,0.05694337033268367,48858.419140625,44413.4489453125,1.100081626193582,42.211567619148596,1168.6759836099081,1645.7183234535757
2021-09-09,45774.7421875,47261.94921875,45669.73828125,46391.421875,38672657013,0.006509485739778498,0.03469811225731116,0.05752930559721014,48711.0314453125,44699.063515625,1.0897550779399456,48.351140510650154,893.7567924304458,1495.32601724895
2021-09-10,46396.6640625,47031.7421875,44344.484375,44883.91015625,39154666597,-0.032495484247323514,0.03532420305535713,0.050540405263398015,48509.95234375,44950.479609375,1.0791865351673051,37.02961419601759,547.9216560513232,1305.8451450094246
2021-09-11,44869.83984375,45969.29296875,44818.265625,45201.45703125,34499835245,0.0070748487352050304,0.03529962483943082,0.04853414363904076,48303.942578125,45182.877734375,1.069076274027927,38.61577082017609,296.05545483061724,1103.8872069736633
2021-09-12,45206.62890625,46364.87890625,44790.4609375,46063.26953125,27881980161,0.019066033632592516,0.035626705924462876,0.020627447190119958,48129.7986328125,45418.29421875,1.0597007100487519,41.884031398613416,164.09910965962627,915.9295875108559
2021-09-13,46057.21484375,46598.6796875,43591.3203125,44963.07421875,40969943253,-0.023884438158555232,0.03507758489702894,0.022190905011289258,47992.646484375,45610.551953125,1.0522268297410242,43.61026111438171,-28.920434815190674,726.9595830456466
2021-09-14,44960.05078125,47218.125,44752.33203125,47092.4921875,38652152880,0.0473592610325122,0.03627838444027269,0.03249718917802387,47899.231640625,45805.65109375,1.0457057261906417,49.798239840716334,-9.948895972775063,579.5778872419622
2021-09-15,47098.0,48450.46875,46773.328125,48176.34765625,30484496466,0.023015462091804384,0.03538992831896371,0.02598839797127202,47960.9380859375,45981.03921875,1.043059028260939,48.11506477070175,91.48962793192914,481.9602353799556
2021-09-16,48158.90625,48486.828125,47079.55859375,47783.359375,31764293754,-0.008157286726135138,0.03394460639323006,0.027902520854900827,47897.17265625,46136.78828125,1.0381557633415808,45.6380859242692,138.57214555890823,413.28261741574613
2021-09-17,47771.00390625,48160.921875,46832.5234375,47267.51953125,28727713711,-0.010795386730801604,0.03401595829678572,0.02904520261107042,47815.428515625,46281.970234375,1.033132951632881,42.12985887250949,132.73137102950568,357.1723681384981
2021-09-18,47273.52734375,48791.78125,47087.28515625,48278.36328125,28575630451,0.021385589090024082,0.03438571640103627,0.02425307078849243,47787.855078125,46402.8265625,1.0298479342364955,45.484654220055084,207.2797656742332,327.1938476456451
2021-09-19,48268.85546875,48328.3671875,46919.8046875,47260.21875,26967722648,-0.021089044077959085,0.033698847962492645,0.020069153193269282,47798.116796875,46515.50703125,1.0275738102728476,37.27894924151922,182.10495823720703,298.1760697639575
2021-09-20,47261.40625,47328.19921875,42598.9140625,42843.80078125,43909845642,-0.09344895316951951,0.039731949993334036,0.042732803225316855,47581.9724609375,46572.88515625,1.0216668411523584,26.907463703162037,-192.0010104326866,200.14065372462866
2021-09-21,43012.234375,43607.609375,39787.609375,40693.67578125,48701090088,-0.050185206746199196,0.03985934966062715,0.04335463343630483,47174.3048828125,46602.719765625,1.0122650592081777,32.545966978314254,-654.4358746563012,29.22534804844266
2021-09-22,40677.953125,43978.62109375,40625.6328125,43574.5078125,38139709246,0.07079311406361999,0.04348488293757712,0.06346746627975244,46886.644140625,46711.1503125,1.0037570007792773,43.607287542583556,-779.4744709180377,-132.51461574485347
2021-09-23,43560.296875,44942.17578125,43109.33984375,44895.09765625,34244064430,0.0303064775724482,0.04401137902957808,0.06483934834756527,46630.1302734375,46814.1021875,0.9960701603690774,46.38675874642293,-763.2100847736001,-258.65370955060285
2021-09-24,44894.30078125,45080.4921875,40936.55859375,42839.75,42839345714,-0.04578111561282838,0.04495963086931319,0.0665533394143144,46274.8865234375,46853.50609375,0.9876504531132689,45.19110687660552,-905.7291384664422,-388.06879533377077
2021-09-25,42840.890625,42996.2578125,41759.921875,42716.59375,31604717236,-0.002874812528084303,0.043833400279590276,0.05136111740967623,45823.045703125,46851.50796875,0.9780484703649029,44.1003930629062,-1016.8920963344281,-513.8334555339022
2021-09-26,42721.62890625,43919.30078125,40848.4609375,43208.5390625,30661222077,0.011516492054097771,0.04368147856757057,0.042862489326787746,45351.7958984375,46824.562734375,0.9685471310369267,43.10108272100228,-1053.1535672129612,-621.697477869714
2021-09-27,43234.18359375,44313.24609375,42190.6328125,42235.73046875,30980029059,-0.02251426719942695,0.03677847998218474,0.029537804429307712,45123.0259765625,46793.315,0.964304964855824,43.3681006209783,-1147.1647662093746,-726.7909355376462
2021-09-28,42200.8984375,42775.14453125,40931.6640625,41034.54296875,30214940550,-0.02844007873591181,0.03709685077552302,0.022363095173173177,44870.18359375,46686.6978125,0.961091396396349,34.57287381934117,-1303.5683863209924,-842.1464256943156
2021-09-29,41064.984375,42545.2578125,40829.66796875,41564.36328125,30602359905,0.012911568502261384,0.03722997293555004,0.01904237466741102,44628.8306640625,46606.284453125,0.9575710912752259,32.673039489060486,-1368.9864867067663,-947.5144378968059
2021-09-30,41551.26953125,44092.6015625,41444.58203125,43790.89453125,31141681925,0.05356827518164842,0.03880237081918119,0.03293317005654037,44574.1798828125,46570.229609375,0.9571389331058683,40.45485525541388,-1227.023970066497,-1003.4163443307443
2021-10-01,43816.7421875,48436.01171875,43320.0234375,48116.94140625,42850641582,0.09878873042688929,0.04471473820032558,0.05361357971597266,44719.9541015625,46644.00265625,0.9587503549198583,51.717822467347055,-756.7188405612469,-954.0768435768448
2021-10-02,48137.46875,48282.0625,47465.49609375,47711.48828125,30614346492,-0.008426411013467638,0.04465223634662092,0.05093600247831422,44802.3650390625,46642.366015625,0.960550865366776,48.82480833492055,-411.96642325016,-845.6547595115079
2021-10-03,47680.02734375,49130.69140625,47157.2890625,48199.953125,26638115879,0.010237887379882071,0.044232834351638606,0.042977180147025104,44964.208984375,46664.426171875,0.963565025288477,51.99191417245459,-98.20062245657755,-696.163932100522
2021-10-04,48208.90625,49456.77734375,47045.00390625,49112.90234375,33383173002,0.018940873580984396,0.04322546256797851,0.042337864263791554,45065.2294921875,46705.744140625,0.9648755270123066,65.60622627058947,221.57423746667337,-512.6162981870829
2021-10-05,49174.9609375,51839.984375,49072.83984375,51514.8125,35873904236,0.048905889117254686,0.044232775544328945,0.04186495663472833,45232.152734375,46815.950703125,0.9661696933424812,76.60449883342876,661.190402435408,-277.8549580625846
2021-10-06,51486.6640625,55568.46484375,50488.19140625,55361.44921875,49034730168,0.0746704982911468,0.04680923976382202,0.03292372948435263,45611.0572265625,47029.2725,0.9698439886894381,77.66517790590277,1304.9382995341512,38.70369345676264
2021-10-07,55338.625,55338.625,53525.46875,53805.984375,36807860413,-0.02809653406297008,0.04733996565747458,0.03909124434451315,45937.98046875,47209.3684375,0.9730691595581674,70.68669668787885,1670.3454302436076,365.03204081413173
2021-10-08,53802.14453125,55922.98046875,53688.0546875,53967.84765625,34800873924,0.0030082765538104184,0.047235692677361246,0.03989604234730637,46222.4546875,47354.373828125,0.9760968407114125,78.32407522482438,1950.5099632895508,682.1276253092157
2021-10-09,53929.78125,55397.9453125,53735.14453125,54968.22265625,32491211414,0.01853649985027972,0.04684080164574203,0.03990796691348143,46607.8548828125,47466.954765625,0.9819010954662157,79.85077737802258,2227.5860508521655,991.2193104178059
2021-10-10,54952.8203125,56401.3046875,54264.2578125,54771.578125,39527792364,-0.003577422040362044,0.040401836829590136,0.03839736867046342,47204.24375,47584.276484375,0.992013480871149,78.58437094912682,2403.596116382956,1273.694671610836
2021-10-11,54734.125,57793.0390625,54519.765625,57484.7890625,42637331698,0.04953684064585273,0.03827626877166527,0.028714850523057493,48043.7994140625,47747.53921875,1.0062047217544599,84.70971233083527,2730.5428109853383,1565.0642994857367
2021-10-12,57526.83203125,57627.87890625,54477.97265625,56041.05859375,41083758949,-0.025114999851183484,0.03732329546684606,0.027797223460449768,48667.126953125,47877.437421875,1.0164939807511333,83.78460759155259,2840.410949579964,1820.1336295045824
2021-10-13,56038.2578125,57688.66015625,54370.97265625,57401.09765625,41684252783,0.02426861834211813,0.03720276504782797,0.028371529300432713,49292.426953125,48071.33703125,1.0254016217830846,84.3689270347263,3002.613764580543,2056.6296565197745
2021-10-14,57372.83203125,58478.734375,56957.07421875,57321.5234375,36615791366,-0.001386283921372633,0.034754614731272976,0.02874865900286517,50016.515625,48238.55171875,1.0368577381140345,82.38175768844962,3089.130120540198,2263.1297493238594
2021-10-15,57345.90234375,62757.12890625,56868.14453125,61593.94921875,51780081801,0.07453440740995654,0.03687852556108714,0.03956639755766598,50960.3833984375,48531.586328125,1.0500456971237506,82.3364234060732,3462.53011849388,2503.0098231578636
2021-10-16,61609.52734375,62274.4765625,60206.12109375,60892.1796875,34250964237,-0.01139348166745524,0.03747721156709668,0.0392583650782945,51844.5654296875,48768.2565625,1.0630801485233534,81.18205551166004,3659.639326722616,2734.3357238708145
2021-10-17,60887.65234375,61645.5234375,59164.46875,61553.6171875,29032367511,0.01086243756414218,0.03630542947118229,0.03360320593639976,52810.459765625,49021.280859375,1.077296611590379,81.3348143379037,3825.128571611538,2952.4942934189594
2021-10-18,61548.8046875,62614.66015625,60012.7578125,62026.078125,38055562075,0.007675599893030238,0.034649761145831404,0.03381802629510567,53860.0365234375,49285.20578125,1.0928236104459554,80.94081512276748,3948.8833702098564,3151.7721087771392
2021-10-19,62043.1640625,64434.53515625,61622.93359375,64261.9921875,40471196346,0.036047967727284025,0.03473676481457818,0.033127128687014125,54994.91796875,49629.3459375,1.1081128902647046,80.78798836741518,4179.204253069394,3357.258537635591
2021-10-20,64284.5859375,66930.390625,63610.67578125,65992.8359375,40788955582,0.026934175102288238,0.03398869611022822,0.018358062274647362,56105.0150390625,50005.86890625,1.1219686062099443,78.60090253098338,4450.101833622364,3575.8271968329464
2021-10-21,66002.234375,66600.546875,62117.41015625,62210.171875,45908121370,-0.057319313661295834,0.0331591610296376,0.0366407576299204,56809.6765625,50273.131796875,1.1300206398924069,70.18980067250787,4309.879137233693,3722.6375849130955
2021-10-22,62237.890625,63715.0234375,60122.796875,60692.265625,38434082775,-0.024399647264276236,0.033897743848847355,0.03853633673243445,57458.7154296875,50500.42265625,1.1377868225143724,65.16626630342947,4029.8160800946207,3784.0732839494012
2021-10-23,60694.62890625,61743.87890625,59826.5234375,61393.6171875,26882546034,0.011555863919028075,0.03389410175995894,0.03882324381497476,58118.3986328125,50727.7875,1.1456915725491184,64.68999214640937,3820.417899799395,3791.3422071194
2021-10-24,61368.34375,61505.8046875,59643.34375,60930.8359375,27316183882,-0.007537937512081094,0.03415403620173308,0.03271543971703332,58709.2953125,50947.51171875,1.152348629636675,63.91224109927854,3575.9049477185254,3748.254755239225
2021-10-25,60893.92578125,63729.32421875,60691.80078125,63039.82421875,31064911614,0.0346128236844363,0.03347031838840934,0.034992619860857214,59285.5458984375,51173.24,1.1585263293556847,62.89955503855746,3511.822298891995,3700.968263969779
2021-10-26,63032.76171875,63229.02734375,59991.16015625,60363.79296875,34878965587,-0.04244985266320056,0.03189208246498208,0.03011012813633957,59535.6630859375,51327.84515625,1.1599096534191455,59.49459403064572,3208.1217501088977,3602.398961197603
2021-10-27,60352.0,61435.18359375,58208.1875,58482.38671875,43657076893,-0.03116779376295975,0.032065815289435036,0.031293013726752014,59769.483203125,51561.2703125,1.1591933798542409,52.321802243947516,2783.5362432263137,3438.626417603345
2021-10-28,58470.73046875,62128.6328125,58206.91796875,60622.13671875,45257083247,0.03658793903693369,0.03284437722185423,0.03656209449143386,60102.19765625,51851.885234375,1.1591130656982456,56.51118200226955,2589.8548775123054,3268.8721095851374
2021-10-29,60624.87109375,62927.609375,60329.96484375,62227.96484375,36856881767,0.02648913766352501,0.033047314551423894,0.0383924665057629,60465.184765625,52168.61609375,1.1590337120878498,51.39779512347701,2536.6964513544663,3122.4369779390036
2021-10-30,62239.36328125,62330.14453125,60918.38671875,61888.83203125,32157938616,-0.005449845794435637,0.03308071084033868,0.03461334712862652,60821.0474609375,52508.71453125,1.1583038740120082,52.23299468600074,2439.086560332187,2985.7668944176407
2021-10-31,61850.48828125,62406.171875,60074.328125,61318.95703125,32241199927,-0.009208042570786446,0.03164882775596174,0.02768912155255572,61012.755859375,52831.06453125,1.1548651612591578,49.472079060978636,2289.355602291005,2846.484635992314
2021-11-01,61320.44921875,62419.00390625,59695.18359375,61004.40625,36150572843,-0.005129747739996526,0.030999765744081743,0.021250645535855737,61260.9232421875,53129.887265625,1.1530407157822689,47.6850709433158,2120.863130081627,2701.360334810177
2021-11-02,60963.25390625,64242.79296875,60673.0546875,63226.40234375,37746665647,0.03642353446805324,0.03151827737682798,0.021196684350932273,61552.1884765625,53495.153828125,1.1506124213479973,47.65205438930706,2141.937227651695,2589.4757133784806
2021-11-03,63254.3359375,63516.9375,61184.23828125,62970.046875,36124731509,-0.004054563588107407,0.0315537595375621,0.01905425497846392,61834.6146484375,53812.704921875,1.14907092550372,42.655509758118924,2113.58872279746,2494.2983152622764
2021-11-04,62941.8046875,63123.2890625,60799.6640625,61452.23046875,32615846901,-0.024103783966732184,0.02760465383783697,0.022515732322128425,61827.5287109375,54078.222578125,1.1432980923442395,47.93067886718604,1946.2125031361938,2384.68115283706
2021-11-05,61460.078125,62541.46875,60844.609375,61125.67578125,30605102446,-0.005313959884109654,0.0275029904836975,0.022235720370491388,61839.203515625,54345.06890625,1.1378990727254947,51.26562193797924,1766.8482818558696,2261.114578640822
2021-11-06,61068.875,61590.68359375,60163.78125,61527.48046875,29094934221,0.006573419146120196,0.027435008596123606,0.022234039120896575,61837.8966796875,54630.268125,1.1319347094946643,50.39786098491753,1638.2385304897398,2136.5393690106057
2021-11-07,61554.921875,63326.98828125,61432.48828125,63326.98828125,24726754302,0.029247220896912562,0.028153280908816223,0.01951394945490492,61902.9421875,54931.240625,1.1269168779582792,56.59748191867378,1662.3570005819201,2041.7028953248687
2021-11-08,63344.06640625,67673.7421875,63344.06640625,67566.828125,41125608330,0.06695154718111462,0.030870924932690638,0.03505058893246919,62068.183984375,55337.3728125,1.1216322862793118,61.155504388899104,2000.529840747222,2033.4682844093397
2021-11-09,67549.734375,68530.3359375,66382.0625,66971.828125,42357991721,-0.008806096371717143,0.030441682704589787,0.03128523963997018,62117.13359375,55819.933359375,1.1128127508471377,68.14455346016646,2195.2176233183636,2065.8181521911447
2021-11-10,66953.3359375,68789.625,63208.11328125,64995.23046875,48730828378,-0.029513867421399387,0.0281806083726971,0.037077342548528236,62256.3865234375,56305.964453125,1.1056801375858902,67.79017409378615,2165.056755337704,2085.6658728204566
2021-11-11,64978.890625,65579.015625,64180.48828125,64949.9609375,35880633236,-0.0006965054346836919,0.02747652136525348,0.03752681495635802,62469.2712890625,56733.473515625,1.101100768523503,63.34913572797486,2113.1421895512904,2091.1611361666232
2021-11-12,64863.98046875,65460.81640625,62333.9140625,64155.94140625,36084893887,-0.01222509636324598,0.027635068639509652,0.037187708890237085,62607.3875,57118.690390625,1.0960928388210363,56.26034698386847,1985.046402586995,2069.938189450698
2021-11-13,64158.12109375,64915.67578125,63303.734375,64469.52734375,30474228777,0.0048878705639170406,0.02753556409441279,0.013159711950714418,62784.3220703125,57551.2859375,1.0909282224987207,58.393720635356246,1887.0802465313536,2033.366600866829
2021-11-14,64455.37109375,65495.1796875,63647.80859375,65466.83984375,25122092191,0.015469517787564335,0.02670573471207954,0.017224367908192435,62905.6728515625,58006.290859375,1.08446294220165,63.12603619314813,1868.3786399745804,2000.3690086883794
2021-11-15,65521.2890625,66281.5703125,63548.14453125,63557.87109375,30558763548,-0.02915932332393234,0.025681260610371088,0.017095460558927557,63065.3767578125,58413.2775,1.0796411271018391,57.33980833253799,1680.1519124446422,1936.3255894396323
2021-11-16,63721.1953125,63721.1953125,59016.3359375,60161.24609375,46844335592,-0.05344145330150951,0.02764389413849847,0.02743079595625469,63149.3197265625,58771.7878125,1.0744835588127448,41.746691545375946,1242.5779588249497,1797.5760633166958
2021-11-17,60139.62109375,60823.609375,58515.41015625,60368.01171875,39178392930,0.003436857419438999,0.02641319109193315,0.028677616278245787,63136.6134765625,59158.4571875,1.067245774791826,42.974941125724655,902.0830540365787,1618.4774614606724
2021-11-18,60360.13671875,60948.5,56550.79296875,56942.13671875,41388338699,-0.05674983989800575,0.02851379588155582,0.032697684598373696,62872.3220703125,59466.01265625,1.057281617884035,38.960852456583794,351.74421918488224,1365.1308130055145
2021-11-19,56896.12890625,58351.11328125,55705.1796875,58119.578125,38702407772,0.020677857806173483,0.029039636203323862,0.034315895001170195,62683.859375,59752.586328125,1.0490568396617717,42.936340313823756,10.485538028311566,1094.201758010074
2021-11-20,58115.08203125,59859.87890625,57469.7265625,59697.1953125,30624264863,0.027144333086984274,0.02974243265193768,0.040491147097407,62602.7712890625,59984.19140625,1.0436544999844686,45.92444453026643,-131.152063738562,849.1309936603467
2021-11-21,59730.5078125,60004.42578125,58618.9296875,58730.4765625,26123447605,-0.01619370466132397,0.02992718975828691,0.033782160731381586,62489.0748046875,60204.571171875,1.0379456839961634,39.37057407230424,-317.744249581694,615.7559450119386
2021-11-22,58706.84765625,59266.359375,55679.83984375,56289.2890625,35036121783,-0.041565940596482776,0.029810263691069667,0.03703193687802637,62142.219140625,60366.357890625,1.0294180618485813,21.55438644061384,-655.0522954749467,361.5942969145615
2021-11-23,56304.5546875,57875.515625,55632.76171875,57569.07421875,37485803899,0.022735855747423095,0.030467240531494987,0.030160037431569624,61872.1705078125,60535.481328125,1.022081086172292,27.0751424431556,-809.7688740041194,127.32166273082525
2021-11-24,57565.8515625,57803.06640625,55964.22265625,56280.42578125,36635566789,-0.02238438701660228,0.030409995606732083,0.029839479644382876,61613.5802734375,60630.79359375,1.016209365265323,28.014925084856273,-1024.5555972220973,-103.05378925975933
2021-11-25,57165.41796875,59367.96875,57146.68359375,57274.6796875,34284016248,0.017666069374003168,0.03078739322537901,0.027405046971043755,61421.03046875,60669.058203125,1.012394658626599,31.522091989676525,-1101.8462442906311,-302.8122802659338
2021-11-26,58960.28515625,59183.48046875,53569.765625,53569.765625,41810748221,-0.06468677053655503,0.033637389824170576,0.03769975621293612,61023.1447265625,60664.333828125,1.0059146927988047,27.647148970398064,-1445.3936423438645,-531.32855268152
2021-11-27,53736.4296875,55329.2578125,53668.35546875,54815.078125,30560857714,0.02324655494514305,0.033328410428546264,0.03855232211210534,60597.54921875,60681.2784375,0.9986201803767824,30.38624559064523,-1598.741818683644,-744.8112058819449
2021-11-28,54813.0234375,57393.84375,53576.734375,57248.45703125,28116886357,0.044392510044424904,0.03100688767033264,0.043324365456881626,60081.6306640625,60726.883125,0.9893745170551679,34.22423403884552,-1506.551425075966,-897.1592497207494
2021-11-29,57291.90625,58872.87890625,56792.52734375,57806.56640625,32370840356,0.009748898117819094,0.03125145619723327,0.04158777599651224,59623.367578125,60787.582890625,0.9808478104057078,38.35609548239908,-1372.6322614223682,-992.2538520610731
2021-11-30,57830.11328125,59113.40234375,56057.28125,57005.42578125,36708594618,-0.013858989986877734,0.030847645738115614,0.04178013902055476,59223.87734375,60777.995625,0.974429589767341,42.860506046949624,-1315.9759607088781,-1056.9982737906344
2021-12-01,56907.96484375,59041.68359375,56553.08203125,57229.828125,36858195307,0.003936508510805847,0.030907521109516986,0.021813916084328533,58837.870703125,60801.771015625,0.9676999488716321,42.90606701140805,-1238.6892024067638,-1093.3364595138603
2021-12-02,57217.37109375,57349.234375,55895.1328125,56477.81640625,32379968686,-0.013140205787574133,0.030918137083377182,0.02373178930711518,58453.964453125,60783.305390625,0.9616779488622667,48.80606279756525,-1224.010321444628,-1119.471231900014
2021-12-03,56509.1640625,57482.16796875,52496.5859375,53598.24609375,39789134215,-0.05098586481791345,0.032382469695021655,0.0237062388234756,57910.400390625,60708.83984375,0.9539039214004499,39.30978111789746,-1428.2702507883223,-1181.2310356776757
2021-12-04,53727.87890625,53904.6796875,42874.6171875,49200.703125,61385677469,-0.08204639683653359,0.035723158015577586,0.034778857587591624,57097.0935546875,60460.974921875,0.9443627667014275,28.10217705156151,-1922.8275234132889,-1329.5503332247984
2021-12-05,49201.51953125,49768.1484375,47857.49609375,49368.84765625,37198201161,0.003417522933012007,0.03571720841964145,0.037672598068371144,56387.6423828125,60230.50828125,0.9361973523369086,29.796559194390397,-2274.9753667272744,-1518.6353399252937
2021-12-06,49413.48046875,50929.51953125,47281.03515625,50582.625,37707308001,0.02458589579002135,0.035202311379907036,0.042799519778245344,55908.711328125,60011.0884375,0.9316396816623728,36.99542843429127,-2428.123485870972,-1700.5329691144295
2021-12-07,50581.828125,51934.78125,50175.80859375,50700.0859375,33676814852,0.002322159783127109,0.035184076451141404,0.04428028696067198,55425.3150390625,59784.56859375,0.927083967364394,33.471057212183695,-2511.0703023126625,-1862.6404357540762
2021-12-08,50667.6484375,51171.375,48765.98828125,50504.796875,28479699446,-0.00385184874717448,0.03326956028987472,0.04108017121513891,55103.448046875,59509.4246875,0.9259616999532095,35.33010321188529,-2563.0195532021608,-2002.7162592436932
2021-12-09,50450.08203125,50797.1640625,47358.3515625,47672.12109375,29603577251,-0.05608726213196957,0.034502830591068234,0.030028168497113126,54581.0751953125,59143.010390625,0.9228660298963133,27.693089477003497,-2800.4807715976203,-2162.2691617144787
2021-12-10,47642.14453125,50015.25390625,47023.69921875,47243.3046875,30966005122,-0.00899511908452133,0.033424296927324085,0.029572574755387156,53958.3806640625,58843.673046875,0.9169784595376826,32.664981802006,-2988.81915150462,-2327.579159672507
2021-12-11,47264.6328125,49458.2109375,46942.34765625,49362.5078125,25775869261,0.044857216044006165,0.03564727240705829,0.03593201010642451,53489.9822265625,58617.077890625,0.9125323907542906,35.74232244014945,-2933.2638534089274,-2448.7160984197913
2021-12-12,49354.85546875,50724.8671875,48725.8515625,50098.3359375,21939223599,0.014906619570362878,0.035083609027081596,0.03694281997664079,53180.4345703125,58391.172265625,0.910761550194462,29.48194354177535,-2797.611574520168,-2518.4951936398666
2021-12-13,50114.7421875,50205.0,45894.84765625,46737.48046875,32166727776,-0.0670851717099511,0.03701373789527681,0.04720442480920481,52638.8548828125,58107.30515625,0.9058904855640287,22.63746514125036,-2927.552116208237,-2600.3065781535406
2021-12-14,46709.82421875,48431.3984375,46424.49609375,46612.6328125,34638619079,-0.00267125345649466,0.036920598447959634,0.04108143908174254,52155.465234375,57778.761328125,0.9026753782100768,23.42054570822367,-3005.954323827573,-2681.436127288347
2021-12-15,48379.75390625,49473.95703125,46671.96484375,48896.72265625,36541828520,0.04900151967252708,0.03872012407005842,0.04700729358569067,51736.5673828125,57549.419921875,0.8989937249245324,30.719431313716868,-2850.918067915911,-2715.33251541386
2021-12-16,48900.46484375,49425.57421875,47529.87890625,47665.42578125,27268150947,-0.025181582897818466,0.03657890635396397,0.043509923181500855,51441.350390625,57333.080703125,0.8972368091816342,30.052895849712982,-2795.1849335929073,-2731.30299904967
2021-12-17,47653.73046875,48004.89453125,45618.21484375,46202.14453125,32902725329,-0.030699007215741814,0.03636116968473767,0.042751158207908875,51010.7037109375,57044.680859375,0.8942236671756951,32.111782440806635,-2836.394401760437,-2752.3212795918234
2021-12-18,46219.25390625,47313.828125,45598.44140625,46848.77734375,26098292690,0.013995731563123393,0.034656963840160926,0.0323139051286057,50490.7197265625,56737.097109375,0.889906644839953,43.05076795620028,-2784.774194891572,-2758.8118626517735
2021-12-19,46853.8671875,48089.6640625,46502.953125,46707.015625,25154053861,-0.0030259427628138713,0.03440241925008032,0.03232406273869667,49935.7421875,56433.46078125,0.8848605330277942,42.1228073055252,-2723.9043215482525,-2751.8303544310697
2021-12-20,46707.0625,47401.71875,45579.80859375,46880.27734375,30961902129,0.003709543768351198,0.034523594828204426,0.019077670082951723,49429.484765625,56144.6871875,0.8803946952371645,38.32457451507863,-2631.3511575009543,-2727.734515045047
2021-12-21,46886.078125,49300.91796875,46698.7734375,48936.61328125,27055803928,0.04386356169401262,0.03642245794970915,0.027065578812858974,49014.8240234375,55903.331328125,0.8767782323336805,45.04480376633067,-2364.8128925635974,-2655.150190548757
2021-12-22,48937.09765625,49544.796875,48450.94140625,48628.51171875,24447979559,-0.006295931447672265,0.03639541128542979,0.020226834398639704,48622.3587890625,55611.373515625,0.8743240045204276,44.76102534166894,-2153.6150843640935,-2554.8431693118246
2021-12-23,48626.34375,51332.33984375,48065.8359375,50784.5390625,28223878108,0.04433669194360079,0.03654750065406697,0.02543696661752681,48481.6734375,55367.663359375,0.8756315599381521,59.03179506897241,-1791.6133088161732,-2402.1971972126944
2021-12-24,50806.05078125,51814.02734375,50514.49609375,50822.1953125,24367912228,0.0007414904357732066,0.03132502113024011,0.024760119432397965,48562.748046875,55155.06265625,0.8804767089022973,60.62667746118497,-1484.572521035705,-2218.672261977297
2021-12-25,50854.91796875,51176.59765625,50236.70703125,50429.859375,19030650914,-0.007719775485643066,0.0313991278517882,0.026771045847575774,48615.7986328125,54941.146328125,0.884870481996578,53.53139720509353,-1258.392747606158,-2026.616359103069
2021-12-26,50428.69140625,51196.37890625,49623.10546875,50809.515625,20964372926,0.0075284019171428795,0.030968780022483846,0.021356213493994802,48627.1431640625,54726.78703125,0.8885437242331714,52.409775379529485,-1036.559745658713,-1828.6050364141977
2021-12-27,50802.609375,51956.328125,50499.46875,50640.41796875,24324345758,-0.003328070621613999,0.030978805442537793,0.020905825382107307,48624.159765625,54473.055625,0.8926277259047188,66.87481970841235,-864.435585706633,-1635.7711462726847
2021-12-28,50679.859375,50679.859375,47414.2109375,47588.85546875,33430376883,-0.06025942562091624,0.03382340924248089,0.027222939626197158,48478.3626953125,54073.496171875,0.8965272476782689,53.36835303786996,-963.1588440267296,-1501.2486858234938
2021-12-29,47623.87109375,48119.7421875,46201.49609375,46444.7109375,30049226299,-0.02404227880624954,0.03184870979514848,0.02642946528264307,48416.9921875,53662.953828125,0.9022423987798531,40.81722814773421,-1120.800745841305,-1425.1590978270563
2021-12-30,46490.60546875,47879.96484375,46060.3125,47178.125,26686491018,0.01579112126431248,0.03199568444632522,0.030410443303186,48413.733203125,53306.61171875,0.9082125395356166,48.10437033135721,-1173.030735202119,-1374.733425302069
2021-12-31,47169.37109375,48472.52734375,45819.953125,46306.4453125,36974172400,-0.018476352917798256,0.030463740434104304,0.028194328513124055,48260.930078125,52933.74140625,0.9117233884477836,50.42531236988238,-1270.11949697823,-1353.8106396373014
2022-01-01,46311.74609375,47827.3125,46288.484375,47686.8125,24582667004,0.029809396471367267,0.031093974395159724,0.035477847261073885,48140.35390625,52604.358828125,0.9151400184068338,53.22435248283422,-1221.5971330195898,-1327.3679383137592
2022-01-02,47680.92578125,47881.40625,46856.9375,47345.21875,27951569547,-0.007163274962024402,0.027126372605939215,0.022942032261444038,48170.7408203125,52261.87265625,0.9217186138191655,52.41830916701698,-1196.9093449264183,-1301.276219636291
2022-01-03,47343.54296875,47510.7265625,45835.96484375,46458.1171875,33071628362,-0.0187368774698079,0.027476291675322003,0.02168766175818841,48163.0150390625,51881.698203125,0.9283237963895616,48.482428989842795,-1234.6930048827417,-1287.9595766855812
2022-01-04,46458.8515625,47406.546875,45752.46484375,45897.57421875,42494677905,-0.012065555013512697,0.025053058568367207,0.020224222365890925,48013.0576171875,51528.492265625,0.9317768773377701,37.75892126628485,-1294.9406903341878,-1289.3557994153025
2022-01-05,45899.359375,46929.046875,42798.22265625,43569.00390625,36851084859,-0.050734060615097554,0.026839129866099275,0.028796226118138996,47808.2365234375,51196.647421875,0.9338157658934965,32.47334264311077,-1513.1410307553087,-1334.112845683304
2022-01-06,43565.51171875,43748.71875,42645.5390625,43160.9296875,30208048289,-0.009366159015892994,0.026142880294354517,0.017932131313813722,47656.17578125,50852.50578125,0.9371450835923502,19.95218569980453,-1699.4048701222273,-1407.1712505710886
2022-01-07,43153.5703125,43153.5703125,41077.4453125,41557.90234375,84196607520,-0.03714070469186992,0.026876116828839607,0.01773929069100419,47391.63203125,50544.82109375,0.9376159813356251,17.496372967237605,-1953.8484654795247,-1516.5066935527761
2022-01-08,41561.46484375,42228.94140625,40672.27734375,41733.94140625,28066355845,0.004235994902819673,0.026962048063853335,0.022342010411982777,47142.9783203125,50217.108359375,0.9387832127436984,19.02031407818751,-2116.889779187033,-1636.5833106796279
2022-01-09,41734.7265625,42663.94921875,41338.16015625,41911.6015625,21294384372,0.004256970472081845,0.026971915075103672,0.025009634109415025,46894.54453125,49861.396484375,0.940498017257605,17.837799219251238,-2206.3322799785456,-1750.5331045394114
2022-01-10,41910.23046875,42199.484375,39796.5703125,41821.26171875,32104232331,-0.0021554853640055605,0.024403222924134417,0.017213022468278244,46538.776953125,49523.2121875,0.9397366385872625,17.939940710934863,-2258.4715227784036,-1852.1207881872097
2022-01-11,41819.5078125,43001.15625,41407.75390625,42735.85546875,26327648900,0.021869109453241498,0.025275812902142078,0.021693534623692678,46244.144140625,49252.143515625,0.938926528668834,29.112774420895832,-2200.6247440856678,-1921.8215793669012
2022-01-12,42742.1796875,44135.3671875,42528.98828125,43949.1015625,33499938689,0.028389418684672707,0.023808915936321548,0.013079630933505046,45902.372265625,48979.7440625,0.9371705210842229,39.32245427318429,-2033.4416849920817,-1944.1456004919376
2022-01-13,43946.7421875,44278.421875,42447.04296875,42591.5703125,47691135082,-0.030888714484173407,0.024317718250101233,0.023285694667902198,45490.841015625,48705.966953125,0.9339890748787668,31.371170259822918,-1987.5777733376526,-1952.8320350610807
2022-01-14,42598.87109375,43346.6875,41982.6171875,43099.69921875,23577403399,0.011930269358978673,0.024744530190925016,0.0235341541898548,45124.3330078125,48422.46734375,0.9318883461157789,36.57907686573143,-1888.4595506216501,-1939.957538173195
2022-01-15,43101.8984375,43724.671875,42669.03515625,43177.3984375,18371348298,0.001802778677309158,0.02459383815021657,0.023263443272329713,44742.7271484375,48214.62,0.9279908697494141,28.81740334147797,-1783.0836885863537,-1908.5827682558267
2022-01-16,43172.0390625,43436.80859375,42691.0234375,43113.87890625,17902097845,-0.0014711291913973579,0.02461515916782275,0.021729907805994566,44366.4001953125,47980.596015625,0.9246738031529343,29.590442078369378,-1685.2712955976094,-1863.9204737241835
2022-01-17,43118.12109375,43179.390625,41680.3203125,42250.55078125,21690904261,-0.020024366790964976,0.021548401507425704,0.01734971927335531,44099.4849609375,47680.637890625,0.9248929316360587,29.65846045650656,-1658.3017635340875,-1822.796731686164
2022-01-18,42250.07421875,42534.40234375,41392.21484375,42375.6328125,22417209227,0.0029604828561313745,0.021182082345562517,0.011756631207647071,43896.0310546875,47372.01921875,0.9266236014130743,32.224697977368066,-1608.2957087004543,-1779.8965270890221
2022-01-19,42374.0390625,42478.3046875,41242.9140625,41744.328125,23091543258,-0.014897823244158781,0.020752792154647155,0.010452355998271188,43624.3412109375,47066.797265625,0.926860201783866,38.88690367715667,-1601.1495073783735,-1744.1471231468922
2022-01-20,41744.02734375,43413.0234375,40672.82421875,40680.41796875,20382033940,-0.02548634039729203,0.021033790131994162,0.012135781302443178,43343.03984375,46735.8090625,0.927405360326322,36.010169439248834,-1662.1742395205802,-1727.7525464216296
2022-01-21,40699.60546875,41060.52734375,35791.42578125,36457.31640625,43011992031,-0.10381165615712484,0.028775820965772858,0.04140398517301546,42781.5650390625,46335.3990625,0.9233019657682483,27.795512270243293,-2027.929077500703,-1787.7878526374443
2022-01-22,36471.58984375,36688.8125,34349.25,35030.25,39714385405,-0.039143484680769114,0.029322161141740227,0.040871847376908535,42165.8166015625,45964.039140625,0.9173653445154809,23.683173406180003,-2405.2188880691756,-1911.2740597237905
2022-01-23,35047.359375,36433.3125,34784.96875,36276.8046875,26017975951,0.03558509252717301,0.031356698313442524,0.05020111655019633,41656.7509765625,45705.561171875,0.9114153706572594,29.59206425019184,-2573.9661561718967,-2043.812479013412
2022-01-24,36275.734375,37247.51953125,33184.05859375,36654.328125,41856658597,0.010406744495611076,0.03174717223909401,0.05323166811565511,41194.588671875,45451.27078125,0.9063462465139476,31.667906144158763,-2646.7267768372985,-2164.3953385781897
2022-01-25,36654.8046875,37444.5703125,35779.4296875,36954.00390625,26428189594,0.008175727030871549,0.03054587386904685,0.055167624659856106,40863.838671875,45178.698359375,0.9044934926372303,28.550258471476553,-2649.6650722807026,-2261.4492853186925
2022-01-26,36950.515625,38825.41015625,36374.90625,36852.12109375,31324598034,-0.002757016878562668,0.03056308559885996,0.02716228554550448,40548.3982421875,44901.7390625,0.9030473894507078,21.305178036973572,-2629.8989460921366,-2335.1392174733814
2022-01-27,36841.87890625,37148.32421875,35629.28125,37138.234375,25041426629,0.007763821260712289,0.029906248243113897,0.014221449823500864,40327.41484375,44634.4078125,0.9035050943916899,25.859279569163604,-2561.6184550345206,-2380.435064985609
2022-01-28,37128.4453125,37952.87890625,36211.109375,37784.33203125,22238830523,0.017397102127314046,0.03026657514106481,0.007240570275267118,40129.934375,44436.65203125,0.9030818601450598,26.753990348543056,-2427.3895569263186,-2389.825963373751
2022-01-29,37780.71484375,38576.26171875,37406.47265625,38138.1796875,17194183075,0.00936493083845824,0.03036579045615073,0.007175793030656732,39941.26328125,44254.54953125,0.9025346253506839,28.481444240645388,-2266.3347433010713,-2365.1277193592155
2022-01-30,38151.91796875,38266.33984375,37437.7109375,37917.6015625,14643548444,-0.005783656346668664,0.030363459455317574,0.009442509055821195,39746.0802734375,44025.65140625,0.9027936896759929,28.104465431724464,-2131.9209962351233,-2318.486374734397
2022-01-31,37920.28125,38647.26171875,36733.57421875,38483.125,20734730465,0.01491453610450133,0.03008495893976181,0.009018730455542858,39533.44375,43793.3471875,0.9027271558106452,33.7165432765767,-1957.2027037049847,-2246.2296405285147
2022-02-01,38481.765625,39115.1328125,38113.6640625,38743.2734375,20288500328,0.00676006528835682,0.02920582083549611,0.009056742461161366,39273.15234375,43633.463046875,0.9000695704936196,34.481511001811725,-1777.25826635283,-2152.4353656933777
2022-02-02,38743.71484375,38834.6171875,36832.73046875,36952.984375,19155189416,-0.046209029430310355,0.03008451903577759,0.02468178454068134,38991.223046875,43440.270078125,0.8975824270141822,31.374485536718225,-1758.8375837680578,-2073.7158093083135
2022-02-03,36944.8046875,37154.6015625,36375.5390625,37154.6015625,18591534769,0.005456046132945147,0.029908659583045838,0.024202330475324187,38693.9681640625,43205.42765625,0.8955811865101424,35.30912221822555,-1708.2782695347778,-2000.6283013536063
2022-02-04,37149.265625,41527.78515625,37093.62890625,41500.875,29412210792,0.116978066100073,0.04079104971879347,0.05958226041701964,38610.1419921875,43082.136640625,0.8961984015384101,70.80128253666703,-1302.4874412091522,-1861.0001293247158
2022-02-05,41501.48046875,41847.1640625,41038.09765625,41441.1640625,19652846215,-0.001438787435204647,0.0407910386740942,0.06034632878964677,38526.50625,42986.91703125,0.8962379465825047,79.80202608031831,-974.4802580057949,-1683.6961550609317
2022-02-06,41441.12109375,42500.78515625,41244.90625,42412.43359375,16142097334,0.023437312952531153,0.04089237977167015,0.060147138523470624,38534.600390625,42898.19015625,0.8982803295493049,79.27150029761228,-628.9091945073669,-1472.7387629502189
2022-02-07,42406.78125,44401.86328125,41748.15625,43840.28515625,28641855926,0.033665872045371525,0.041541753966436876,0.04757780269705829,38607.8330078125,42840.855546875,0.9011919233398392,81.1596240393915,-237.09288969227782,-1225.6095882986308
2022-02-08,43854.65234375,45293.8671875,42807.8359375,44118.4453125,33079398868,0.0063448528050995545,0.041344103663011396,0.0474383860988425,38726.5388671875,42785.61890625,0.9051298042934337,81.1244038057329,94.77702414794476,-961.5322658093156
2022-02-09,44096.703125,44727.80078125,43232.96875,44338.796875,23245887300,0.004994545046617338,0.04077408636204084,0.014595115669699553,38909.4578125,42693.662578125,0.9113637824185195,82.19291335276185,371.2868872803447,-694.9684351913835
2022-02-10,44347.80078125,45661.171875,43402.80859375,43565.11328125,32142048537,-0.01744935921313273,0.032331283293542575,0.019572426918576538,39264.84765625,42592.394609375,0.9218746214284798,76.52358842034432,521.9761299791717,-451.57952215727244
2022-02-11,43571.12890625,43810.83203125,42114.5390625,42407.9375,26954925781,-0.026561982607033352,0.03144688277119524,0.0234968883912172,39633.73203125,42424.862578125,0.9342100273928959,68.30916176599341,541.778737806133,-252.90787016459132
2022-02-12,42412.30078125,42992.55078125,41852.57421875,42244.46875,18152390304,-0.0038546734323026133,0.030994841283256153,0.01434609220160565,39932.115234375,42253.308046875,0.9450648264054281,66.50955101107473,538.0792426528205,-94.71044760110891
2022-02-13,42236.56640625,42693.0546875,41950.94140625,42197.515625,14741589015,-0.001111462077505676,0.031056286093144873,0.012885638575163267,40209.274609375,42088.661171875,0.955346962574427,67.45126296750058,525.3032721748386,29.292296354080634
2022-02-14,42157.3984375,42775.77734375,41681.95703125,42586.91796875,20827783012,0.009228086961576842,0.03105837489432163,0.014100245514026522,40490.9203125,41924.20921875,0.9658123806516788,66.97696621351491,540.3706814479301,131.50797337285059
2022-02-15,42586.46484375,44667.21875,42491.03515625,44575.203125,22721659051,0.04668769779745485,0.03214312364392686,0.02677489417804747,40877.0744140625,41802.904921875,0.9778524839471617,71.10801326731722,704.6272033832793,246.13181937493636
2022-02-16,44578.27734375,44578.27734375,43456.69140625,43961.859375,19792547657,-0.013759752216496501,0.032580302911011084,0.023418505837343413,41218.2556640625,41730.365,0.9877281366712823,77.73036202882531,776.3605644051786,352.1775683809849
2022-02-17,43937.0703125,44132.97265625,40249.37109375,40538.01171875,26246662813,-0.07788223029977337,0.037824523748329314,0.04541394060102277,41355.9396484375,41612.231015625,0.9938409606759305,60.666638260162365,550.5870534319693,391.8594653911818
2022-02-18,40552.1328125,40929.15234375,39637.6171875,40030.9765625,23310007704,-0.012507647384577658,0.03798286801412333,0.04530731666019083,41450.5794921875,41469.288046875,0.9995488575866951,43.88588802108891,326.9772297671225,378.88301826636996
2022-02-19,40026.0234375,40418.87890625,39713.05859375,40122.15625,13736557863,0.0022777282826873524,0.037926416453167994,0.04468580233730412,41560.8072265625,41345.602265625,1.0052050266326977,44.52785032576911,155.33170504659938,334.1727556224159
2022-02-20,40118.1015625,40119.890625,38112.8125,38431.37890625,18340576452,-0.04214073972532317,0.03914863490141033,0.031798253246071155,41558.219921875,41160.49359375,1.009662817264791,34.41432166552276,-115.79539393724554,244.1791257104836
2022-02-21,38423.2109375,39394.4375,36950.4765625,37075.28125,29280402798,-0.03528620868790788,0.039924284512357765,0.030690352607879084,41474.8203125,40955.09484375,1.0126901297807474,23.365626631159103,-435.0760350193232,108.3280935645222
2022-02-22,37068.76953125,38359.85546875,36488.93359375,38286.02734375,25493150450,0.03265642371222732,0.03915888633282567,0.030182859388070648,41541.4724609375,40791.653046875,1.0183816873810154,28.608167441812483,-583.6828200121745,-30.074089150817176
2022-02-23,38285.28125,39122.39453125,37201.81640625,37296.5703125,21849073843,-0.025843815613622922,0.03965626357093256,0.030929406802574184,41548.5708984375,40619.63296875,1.022869185706384,25.55029169148513,-772.3920264736735,-178.5376766153885
2022-02-24,37278.56640625,38968.83984375,34459.21875,38332.609375,46383802093,0.027778400368163814,0.02967733331460183,0.03591642820528686,41390.1576171875,40514.905078125,1.0216032232427732,32.15844174179894,-828.7919407785666,-308.58852944802425
2022-02-25,38333.74609375,39630.32421875,38111.34375,39214.21875,26545599159,0.022998939789759643,0.03026557408500256,0.032328627938052384,41278.8103515625,40435.970859375,1.020843805015061,38.90163680739754,-793.2071720342137,-405.5122579652622
2022-02-26,39213.08203125,40005.34765625,38702.53515625,39105.1484375,17467554129,-0.002781397053842838,0.029652980628347658,0.024707672321538705,41113.44609375,40386.91578125,1.0179892496974798,39.04927259131034,-764.988735160041,-477.407553404218
2022-02-27,39098.69921875,39778.94140625,37268.9765625,37709.78515625,23450127612,-0.03568234201898368,0.029112275614108053,0.02834098588807035,40806.92109375,40306.43265625,1.0124170859219515,35.69169171862005,-845.473483860791,-551.0207394955327
2022-02-28,37706.0,43760.45703125,37518.21484375,43193.234375,35690014104,0.1454118392886461,0.044846886800105894,0.06846659140976469,40760.660546875,40332.0653125,1.010626662211671,51.45915389999837,-461.4701614455771,-533.1106238855416
2022-03-01,43194.50390625,44793.6015625,42952.5859375,44354.63671875,32479047645,0.026888524570001016,0.045244303694883144,0.06847998581464192,40761.4525390625,40382.7328125,1.0093782589781857,49.44718586127298,-62.70645792716823,-439.0297906938669
2022-03-02,44357.6171875,45077.578125,43432.8515625,43924.1171875,29183112630,-0.009706302725009275,0.045111478766929246,0.0709949054545374,40779.402734375,40406.498046875,1.0092288296567398,49.90453037084348,216.08641222745064,-308.0065501096034
2022-03-03,43925.1953125,44021.578125,41914.75,42451.7890625,24967782593,-0.03351981142193561,0.045364103816639995,0.07519010186964924,40781.5953125,40376.551796875,1.0100316519761936,55.37123034193085,314.6006747448628,-183.4851051387101
2022-03-04,42458.140625,42479.61328125,38805.84765625,39137.60546875,28516271427,-0.07806935036049167,0.04869455600300275,0.08464618913949112,40626.2521484375,40307.4725,1.007908698528232,47.833960216991336,123.81970285971329,-122.02414353902543
2022-03-05,39148.44921875,39566.3359375,38777.03515625,39400.5859375,16975917450,0.00671938064683042,0.048739617336451185,0.040444204637440764,40486.4056640625,40233.490234375,1.006286191633243,48.26495744157256,-6.085120373500104,-98.83633890592037
2022-03-06,39404.19921875,39640.17578125,38211.6484375,38419.984375,19745229902,-0.024887994408395286,0.04891064036374678,0.0319653329895285,40278.058984375,40138.341953125,1.0034808869637208,49.97163259887989,-186.0176835006787,-116.27260782487205
2022-03-07,38429.3046875,39430.2265625,37260.203125,38062.0390625,28546143503,-0.009316643885282638,0.04743490331161827,0.032021182796657714,39952.40078125,40037.30515625,0.9978793683873415,52.58507168940744,-353.4246717513015,-163.70302061015798
2022-03-08,38059.90234375,39304.44140625,37957.38671875,38737.26953125,25776583476,0.017740259990833174,0.04771492186915795,0.03747876245946917,39691.1712890625,39967.03953125,0.9930976062920097,51.21627443804242,-426.6918226257112,-216.30078101326865
2022-03-09,38742.81640625,42465.671875,38706.09375,41982.92578125,32284121034,0.08378639716414904,0.0484524926390261,0.04180255255753151,39763.4169921875,39959.185390625,0.9951007910565806,61.2618238134226,-220.31952689910395,-217.1045301904357
2022-03-10,41974.0703125,42004.7265625,38832.94140625,39437.4609375,31078064711,-0.060630954045771346,0.05040942240608853,0.054102328536015175,39733.7412109375,39913.048046875,0.9955075634482508,52.475491200007845,-259.17809155034774,-225.51924246241813
2022-03-11,39439.96875,40081.6796875,38347.43359375,38794.97265625,26364890465,-0.016291319622939393,0.0505442223341292,0.05318941086981446,39667.38203125,39875.339140625,0.9947848190421249,49.050477640879244,-337.9218658748214,-247.9997671448988
2022-03-12,38794.46484375,39308.59765625,38772.53515625,38904.01171875,14616450657,0.002810649293818468,0.049585875533028886,0.05275883765501819,39691.013671875,39924.273046875,0.9941574546710936,49.54445829100773,-387.0664719310298,-275.81310810212506
2022-03-13,38884.7265625,39209.3515625,37728.14453125,37849.6640625,17300745310,-0.027101257933814904,0.04929715006283168,0.05395211183877572,39729.7328125,39980.661328125,0.9937237527522216,50.32177319684713,-505.2665720812729,-321.70380089795464
2022-03-14,37846.31640625,39742.5,37680.734375,39666.75390625,24322159070,0.0480080837903738,0.04991285634988827,0.04007032445199782,39798.769140625,40048.4603125,0.9937652741222348,40.24177779315071,-447.1624285712751,-346.7955264326188
2022-03-15,39664.25,39794.62890625,38310.2109375,39338.78515625,23934000868,-0.008268101563720931,0.04953313538182703,0.029072241331598206,39900.8798828125,40102.149453125,0.9949810777462749,35.44935880351085,-422.7061203674821,-361.97764521959147
2022-03-16,39335.5703125,41465.453125,39022.34765625,41143.9296875,39616916192,0.04588714481344902,0.05015621433211818,0.03342421242520429,40041.4458984375,40185.94796875,0.996404164201256,42.53058174582519,-254.727897824705,-340.5276957406142
2022-03-17,41140.84375,41287.53515625,40662.87109375,40951.37890625,22009601093,-0.00467993171076464,0.0500063601387886,0.034114771798423676,40128.30390625,40267.933125,0.9965324960107448,45.671233994424185,-135.57832256668917,-299.5378211058292
2022-03-18,40944.83984375,42195.74609375,40302.3984375,41801.15625,34421564942,0.020750884742987363,0.05013203668005299,0.02675242396576796,40263.104296875,40361.1915625,0.9975697628878694,58.95836032087077,27.106042422550672,-234.20904840015322
2022-03-19,41794.6484375,42316.5546875,41602.66796875,42190.65234375,19664853187,0.009317830622209256,0.04923585548629894,0.021905006609790636,40487.14765625,40449.31796875,1.0009352367209066,59.30468711936484,185.3273154349372,-150.30177563313512
2022-03-20,42191.40625,42241.1640625,41004.7578125,41247.82421875,20127946682,-0.022346848712323064,0.037183091967924145,0.025814354937200672,40389.8771484375,40511.510859375,0.9969975518474313,59.45447901481708,231.96649867330416,-73.84812077184725
2022-03-21,41246.1328125,41454.41015625,40668.04296875,41077.99609375,24615543271,-0.004117262624553253,0.03657214739026277,0.016243653983205524,40226.0451171875,40574.71875,0.9914066284732412,60.21187573885766,252.31613370424748,-8.615269876628284
2022-03-22,41074.10546875,43124.70703125,40948.28125,42358.80859375,32004652376,0.031180014163224357,0.037324071007205695,0.020999726395149187,40147.7796875,40652.232421875,0.9875910201156983,61.77928412103804,367.5572593415345,66.6192359670043
2022-03-23,42364.37890625,42893.5078125,41877.5078125,42892.95703125,25242943069,0.012610091153007819,0.03663756288819692,0.019952346169194224,40169.8380859375,40735.22609375,0.9861204156198546,53.59384082250713,496.2673355890802,152.54885589141952
2022-03-24,42886.65234375,44131.85546875,42726.1640625,43960.93359375,31042992291,0.024898646221148013,0.031839268100242665,0.021856919480055602,40411.0044921875,40875.385078125,0.9886391141013123,70.22387551410682,676.6478067449789,257.36864606213146
2022-03-25,43964.546875,44999.4921875,43706.28515625,44348.73046875,30574413034,0.008821397620525806,0.03184418231082716,0.013861962473901205,40658.41171875,41019.26765625,0.9912027698660043,75.40880714453705,841.1958148386766,374.1340798174405
2022-03-26,44349.859375,44735.99609375,44166.2734375,44500.828125,16950455995,0.003429583093865096,0.03099770199046824,0.011516089945500185,40962.45390625,41079.26671875,0.997156404633516,75.50531419678958,972.6620636746084,493.8396765888741
2022-03-27,44505.35546875,46827.546875,44437.29296875,46820.4921875,28160889722,0.052126312256127294,0.032229743679420546,0.01942637300330614,41400.3765625,41186.85328125,1.0051842581852983,86.65398545288788,1249.6226446580404,644.9962702027075
2022-03-28,46821.8515625,48086.8359375,46690.203125,47128.00390625,36362175703,0.0065678873583499,0.03220169309437689,0.020202743848598798,41819.91328125,41281.1646875,1.0130507120578682,84.77594668542669,1476.90468829569,811.3779538213041
2022-03-29,47100.4375,48022.2890625,47100.4375,47465.73046875,31397059069,0.0071661546110000085,0.02716798273018988,0.020499672635456392,42094.053515625,41353.67359375,1.0179036070446448,87.8442456318549,1665.084993130935,982.1193616832304
2022-03-30,47456.8984375,47655.1484375,46746.2109375,47062.6640625,29333883962,-0.008491735032190584,0.022484408508556188,0.023217615453943595,42475.313671875,41412.55796875,1.0256626432959528,81.70088943490589,1761.390931826565,1137.9736757118976
2022-03-31,47062.1484375,47512.02734375,45390.5390625,45538.67578125,33327427106,-0.03238210822970233,0.023696515503014434,0.030852425743020818,42812.498828125,41436.555546875,1.0332060245618984,71.5028491071821,1695.1997567239814,1249.4188919143144
2022-04-01,45554.1640625,46616.2421875,44403.140625,46281.64453125,38162644287,0.016315115388267687,0.02372397138414081,0.01909155335917614,43181.38046875,41490.886171875,1.0407437500821788,71.21461364232428,1683.2902205983264,1336.193157651117
2022-04-02,46285.5,47028.28125,45782.51171875,45868.94921875,29336594194,-0.008917040798352427,0.022589536517087328,0.018569610372126243,43582.3447265625,41560.10640625,1.048658160317135,67.37814825805862,1621.8550295243986,1393.3255320257733
2022-04-03,45859.12890625,47313.4765625,45634.10546875,46453.56640625,25414397610,0.012745379989237415,0.020760180026398865,0.019639895697734958,43921.6853515625,41644.288359375,1.0546868990180451,75.45620486756057,1601.8754955830082,1435.0355247372204
2022-04-04,46445.2734375,46791.08984375,45235.81640625,46622.67578125,32499785455,0.003640395949819908,0.02043329151489967,0.01971806739247047,44285.8798828125,41732.7915625,1.0611770318908318,77.11552347949674,1581.457229724845,1464.3198657347455
2022-04-05,46624.5078125,47106.140625,45544.80859375,45555.9921875,29640604055,-0.02287907280900814,0.01962057471394313,0.016160770777788505,44506.4830078125,41792.173046875,1.064947806324717,65.96986700476435,1462.3461395399645,1463.9251204957893
2022-04-06,45544.35546875,45544.35546875,43193.953125,43206.73828125,39393395788,-0.05156849392240015,0.023325755215989265,0.025202874697712437,44619.2509765625,41764.80375,1.0683457593539512,51.3267530820153,1164.9557015513565,1404.1312367069029
2022-04-07,43207.5,43860.69921875,42899.90625,43503.84765625,26101973106,0.006876459247305178,0.022971907928836317,0.026840998446735598,44704.385546875,41755.643515625,1.0706190057913147,47.932540324774955,942.3826794628185,1311.781525258086
2022-04-08,43505.13671875,43903.01953125,42183.2890625,42287.6640625,27215995394,-0.02795577079433975,0.023862990091812558,0.02416712491296722,44709.2361328125,41790.6365625,1.0698386004708873,41.327431446449914,660.2452081887604,1181.474261844221
2022-04-09,42282.078125,42786.81640625,42183.25390625,42782.13671875,16050772496,0.011693070951357853,0.023364996663070684,0.026185295532954046,44785.9517578125,41845.659765625,1.0702651603214264,42.9706164947551,471.118282097239,1039.4030658948245
2022-04-10,42781.08984375,43376.37890625,42021.20703125,42207.671875,17654475582,-0.013427680050824398,0.023586832023195448,0.02597403587388263,44842.435546875,41887.370078125,1.0705478874237855,27.991957782083333,271.746790847792,885.871810885418
2022-04-11,42201.0390625,42424.58984375,39373.05859375,39521.90234375,33949912166,-0.06363225953812457,0.026661118620873777,0.030415116934392247,44700.590234375,41909.180546875,1.066606162446384,20.42293956027264,-101.80219528323505,688.3370096516874
2022-04-12,39533.71484375,40617.5859375,39388.328125,40127.18359375,30991500854,0.015315083892861292,0.02675181307128546,0.03226893291101712,44562.3015625,41970.21859375,1.061760054047848,22.045045339967928,-345.02409672169597,481.66478837701067
2022-04-13,40123.5703125,41430.0546875,39712.74609375,41166.73046875,27691105228,0.025906300465151855,0.02680797714435682,0.03589979898956642,44422.59140625,42027.83265625,1.0569803056366713,28.57916118973327,-448.7238517322039,295.5870603551677
2022-04-14,41160.21875,41451.48046875,39695.74609375,39935.515625,24342001973,-0.029908006531745968,0.02730838187037554,0.03593404382299191,44201.9306640625,42080.6115625,1.050410842970089,29.20036460035631,-623.0730051395003,111.85504725623404
2022-04-15,39939.40234375,40617.72265625,39866.83203125,40553.46484375,21756855753,0.015473675726454417,0.02763189629513936,0.03813516194646497,44004.5625,42125.028671875,1.0446179833553415,28.537062439222595,-703.2757032632871,-51.17110284767025
2022-04-16,40552.31640625,40633.6796875,40078.42578125,40424.484375,16833150693,-0.0031805042860567623,0.02425192890821623,0.022012913638840934,43684.762109375,42149.233984375,1.0364307480788197,29.156970058229007,-768.3870773259332,-194.61429774332288
2022-04-17,40417.77734375,40570.7265625,39620.89453125,39716.953125,19087633042,-0.017502542356175654,0.02413848589307086,0.022937663937231487,43314.2095703125,42161.470078125,1.027341064959345,24.450687098535724,-867.084953559337,-329.1084289065258
2022-04-18,39721.203125,40986.3203125,38696.19140625,40826.21484375,33705182072,0.027929174608607443,0.02525635774787234,0.023558877487802717,42982.2337890625,42223.798671875,1.017962266329502,29.479670146705956,-846.0429251403912,-432.49532815329894
2022-04-19,40828.17578125,41672.9609375,40618.6328125,41502.75,25303206547,0.016571096753378534,0.02580458322852925,0.018040054789855663,42704.2380859375,42189.988984375,1.012188889211442,35.24328813723231,-765.9468741695237,-499.1856373565439
2022-04-20,41501.74609375,42126.30078125,40961.09765625,41374.37890625,27819532341,-0.003093074404708074,0.025045157385625252,0.017991412301346852,42496.0232421875,42130.383828125,1.0086787581986947,42.04198905825239,-704.7052477060861,-540.2895594264525
2022-04-21,41371.515625,42893.58203125,40063.828125,40527.36328125,35372786395,-0.020471984048854197,0.024787077773396702,0.021138185977060575,42208.3091796875,42062.44875,1.0034677113202426,37.66232083989093,-716.2612854033287,-575.4839046218277
2022-04-22,40525.86328125,40777.7578125,39315.41796875,39740.3203125,28011716745,-0.019420038833716236,0.024955698576308052,0.0215637893232222,41901.877734375,42008.219375,0.9974685515785444,39.05162919386466,-779.936693808253,-616.3744624591128
2022-04-23,39738.72265625,39935.859375,39352.203125,39486.73046875,16138021249,-0.0063811726165236005,0.024528300813411032,0.01505010866780633,41553.5359375,42015.201875,0.9890119309940838,35.537018077184456,-841.1660560906384,-661.332781185418
2022-04-24,39478.375,39845.92578125,39233.5390625,39469.29296875,17964398167,-0.0004416040475622163,0.024444929737470346,0.009361579261245962,41195.866796875,42016.576015625,0.9804670133414775,37.3638872415863,-880.9428663564395,-705.2547982196223
2022-04-25,39472.60546875,40491.75390625,38338.37890625,40458.30859375,35445730570,0.025057850055308917,0.02524672052899289,0.018515166583347897,40940.9826171875,42057.3425,0.9734562429185226,55.123260010788506,-823.171965666028,-728.8382317089035
2022-04-26,40448.421875,40713.890625,37884.984375,38117.4609375,34569088416,-0.057858267871623625,0.02588058225180874,0.030398629150266036,40686.51875,42058.4509375,0.9673803443322551,40.75933488778593,-955.2632728525714,-774.1232399376372
2022-04-27,38120.30078125,39397.91796875,37997.3125,39241.12109375,30981015184,0.029478882606909007,0.026940663561459913,0.03487410391562126,40473.382421875,42068.52796875,0.9620822114798043,41.21404566394949,-958.2307144761871,-810.9447348453473
2022-04-28,39241.4296875,40269.46484375,38941.421875,39773.828125,33903704907,0.013575224570606004,0.02666041167470604,0.035389637829764606,40347.690625,42024.346015625,0.9601027606711213,49.2120450203423,-907.1404771929665,-830.1838833148712
2022-04-29,39768.6171875,39887.26953125,38235.53515625,38609.82421875,30882994649,-0.02926557389929385,0.027065383495226678,0.03812135135757354,40139.075,42007.79328125,0.9555149619800644,41.00666007310753,-949.629742758043,-854.0730552035055
2022-04-30,38605.859375,38771.2109375,37697.94140625,37714.875,23895713731,-0.023179313474195662,0.02731635220520378,0.034964760468896815,39914.43515625,41986.191328125,0.9506562489632822,38.29235787989836,-1043.4890224855844,-891.9562486599214
2022-05-01,37713.265625,38627.859375,37585.7890625,38469.09375,27002760110,0.019997911964443782,0.024123556575642902,0.02657282382788519,39861.7947265625,41977.49296875,0.9495992234752436,44.62993246314521,-1044.9682841241229,-922.5586557527618
2022-05-02,38472.1875,39074.97265625,38156.5625,38529.328125,32922642426,0.001565786170879102,0.02382612694400336,0.021911811869332314,39781.901953125,41991.08625,0.9473892081828438,39.134496872488064,-1029.4137579534727,-943.9296761929039
2022-05-03,38528.109375,38629.99609375,37585.62109375,37750.453125,27326943244,-0.020215120218891713,0.023232303298461245,0.020509796899887803,39611.0880859375,41952.760234375,0.9441831208398348,32.41984697059763,-1067.628431090954,-968.669427172514
2022-05-04,37748.01171875,39902.94921875,37732.05859375,39698.37109375,36754404490,0.051599856624237495,0.025498537645036956,0.030958055969721555,39599.230859375,41959.951953125,0.9437387083667959,43.29141529813361,-930.0125287076153,-960.9380474795344
2022-05-05,39695.74609375,39789.28125,35856.515625,36575.140625,43106256317,-0.07867402068901796,0.030661627393175402,0.048812920505787935,39400.3146484375,41868.576171875,0.9410473976161735,36.618720240685256,-1060.7419584932213,-980.8988296822718
2022-05-06,36573.18359375,36624.359375,35482.1328125,36040.921875,37795577489,-0.014606061408683924,0.03073826029533947,0.04676712356527348,39181.1365234375,41770.36703125,0.9380127422419965,37.256554145845755,-1193.692814211361,-1023.4576265880896
2022-05-07,36042.50390625,36129.92578125,34940.82421875,35501.953125,24375896406,-0.014954355270636377,0.03069011685600318,0.04614269249918274,38970.3865234375,41644.38296875,0.9357897451063432,36.53817375245884,-1327.247911264487,-1084.215683523369
2022-05-08,35502.94140625,35502.94140625,33878.96484375,34059.265625,36763041910,-0.040636848764922684,0.03063131985213454,0.047560813135001136,38632.0390625,41481.755234375,0.9313019385082938,33.32866284023278,-1531.845945579451,-1173.7417359345854
2022-05-09,34060.015625,34222.07421875,30296.953125,30296.953125,63355494961,-0.11046369999353145,0.03753683202128179,0.04192024209954575,38071.74921875,41262.7378125,0.922666580965858,23.257946983171863,-1974.814109836705,-1333.9562107150095
2022-05-10,30273.654296875,32596.30859375,29944.802734375,31022.90625,59811038817,0.02396125848050934,0.0384615335906546,0.04988420226161292,37554.1755859375,41061.636015625,0.9145805971210493,29.59451163610086,-2241.45314468399,-1515.4555975088058
2022-05-11,31016.18359375,32013.40234375,28170.4140625,28936.35546875,70388855818,-0.06725839173272163,0.04028332608496933,0.05101321715751756,36974.6251953125,40793.186953125,0.9063921688148474,21.9167652446736,-2591.263241206121,-1730.617126248269
2022-05-12,28936.734375,30032.439453125,26350.490234375,29047.751953125,66989173272,0.003849706798608521,0.040511883196301564,0.054093737463773044,36439.99677734375,40516.2828515625,0.8993914103830098,20.081544019224523,-2826.914585981802,-1949.876618194976
2022-05-13,29030.91015625,30924.802734375,28782.330078125,29283.103515625,42841124537,0.008102229834508146,0.040797651761120324,0.057789652883823546,35929.8154296875,40222.72625,0.8932715103986145,22.563409268368076,-2960.55167350141,-2152.0116292562625
2022-05-14,29285.642578125,30192.802734375,28702.91015625,30101.265625,28579868620,0.027939733537411415,0.0417765926464844,0.03858953488819829,35461.4140625,39937.776953125,0.8879165734267355,27.50125821301431,-2966.248121681998,-2314.85892774141
2022-05-15,30098.5859375,31308.19140625,29527.740234375,31305.11328125,25835372065,0.03999325713567892,0.042610320471767986,0.04169040979512881,35003.754296875,39673.86265625,0.8822875302100363,29.37794674411832,-2840.874322217427,-2420.062006636613
2022-05-16,31304.375,31305.341796875,29251.884765625,29862.91796875,32613897286,-0.046069001557128786,0.04201781275009024,0.03299320094658082,34591.0271484375,39334.711171875,0.879402088330845,26.891628598872558,-2825.3192698196217,-2501.113459273215
2022-05-17,29862.408203125,30694.490234375,29570.302734375,30425.857421875,29101473475,0.018850785235190015,0.04153991610509102,0.03334224228990434,34150.26396484375,39000.6682421875,0.875632790514676,30.241957705213593,-2736.0280413974797,-2548.096375698068
2022-05-18,30424.478515625,30618.716796875,28720.271484375,28720.271484375,31285268319,-0.05605711989808215,0.042214287189685444,0.04459012646541768,33597.5861328125,38625.7590625,0.8698233238199551,19.994371262433376,-2770.9488569767345,-2592.6668719538015
2022-05-19,28720.359375,30430.751953125,28708.955078125,30314.333984375,33773447707,0.05550304428240649,0.04490548271477942,0.0506712044522893,33182.81162109375,38290.7924609375,0.8666002839963505,31.326891434481922,-2639.569024658751,-2602.0473024947914
2022-05-20,30311.119140625,30664.9765625,28793.60546875,29200.740234375,30749382605,-0.036734890846488066,0.04519972593366402,0.048004975012210495,32757.1048828125,37964.03375,0.8628457423287508,30.28039532306967,-2595.3892383736274,-2600.7156896705587
2022-05-21,29199.859375,29588.869140625,29027.39453125,29432.2265625,17274840442,0.007927413013061102,0.04483308978357199,0.04463334390553695,32305.2615234375,37627.045390625,0.8585649281802644,32.185718399870865,-2512.732214529169,-2583.118994642281
2022-05-22,29432.47265625,30425.861328125,29275.18359375,30323.72265625,21631532270,0.030289794482822652,0.045751946332505726,0.046240090889816836,31894.98125,37316.140859375,0.8547234659177508,38.66982706510182,-2348.2208155538356,-2536.139358824592
2022-05-23,30309.396484375,30590.5859375,28975.560546875,29098.91015625,31483454557,-0.04039123144227663,0.046188902759435636,0.04179334339260857,31462.4041015625,36969.047734375,0.8510471875722065,45.70514904875813,-2290.2756076323712,-2486.966608586148
2022-05-24,29101.125,29774.35546875,28786.58984375,29655.5859375,26616506245,0.019130468401079792,0.04437482800954602,0.03259201107145849,30960.26484375,36629.7059375,0.8452228608271228,45.0380867813863,-2174.3697487037934,-2424.4472366096775
2022-05-25,29653.134765625,30157.78515625,29384.94921875,29562.361328125,27525063551,-0.003143576713387941,0.04166911785304964,0.027154488289529585,30609.62587890625,36309.8333203125,0.8430120185041601,52.655981695217626,-2066.217893610705,-2352.801368009883
2022-05-26,29564.77734375,29834.16015625,28261.90625,29267.224609375,36774325352,-0.009983529917456657,0.0416535141653846,0.027482231298578748,30270.941015625,36031.043046875,0.8401350184684822,50.91687081464017,-1981.4805614168508,-2278.5372066912764
2022-05-27,29251.140625,29346.943359375,28326.61328125,28627.57421875,36582005748,-0.02185551924250806,0.041729528311899994,0.02209060493102769,29927.2220703125,35733.517578125,0.8375112247172961,47.350940637032046,-1943.536180614923,-2211.537001476006
2022-05-28,28622.625,28814.900390625,28554.56640625,28814.900390625,35519577634,0.006543557286537771,0.041228218394872215,0.015641927800376,29665.00380859375,35464.0623046875,0.8364807041485698,44.52239142862988,-1876.7157183485724,-2144.5727448505195
2022-05-29,29019.8671875,29498.009765625,28841.107421875,29445.95703125,18093886409,0.02190035821988534,0.03377995491015971,0.016591485399101134,29622.45400390625,35197.3387109375,0.8416106185522808,41.67733934500648,-1752.6357299322153,-2066.185341866859
2022-05-30,29443.365234375,31949.630859375,29303.572265625,31726.390625,39277993274,0.07744470968730455,0.03773504847378411,0.0387323945150851,29657.62822265625,34987.7130859375,0.847658380809589,57.75963226048866,-1453.5340764871253,-1943.655088790912
2022-05-31,31723.865234375,32249.86328125,31286.154296875,31792.310546875,33538210634,0.0020777630413166825,0.03406303024837695,0.03714529364387211,29800.4259765625,34833.12125,0.8555198301835355,55.93570115228064,-1197.3721140488124,-1794.3984938424924
2022-06-01,31792.5546875,31957.28515625,29501.587890625,29799.080078125,41135817341,-0.06269536357891181,0.037304455543821266,0.050113020936521493,29837.9923828125,34626.5591796875,0.8617082693077962,54.57195689853542,-1142.0342935310582,-1663.9256537802057
2022-06-02,29794.890625,30604.734375,29652.705078125,30467.48828125,29083562061,0.02243049790035867,0.0375657227481782,0.05041676892444573,29897.21162109375,34412.5743359375,0.8687874184952128,50.704322762429044,-1032.3435029213506,-1537.6092236084348
2022-06-03,30467.806640625,30633.03515625,29375.689453125,29704.390625,26175547452,-0.02504629358369581,0.03755708709989419,0.05249466769194153,29877.36787109375,34207.9518359375,0.8734041726434433,52.39333083483735,-995.5127135927032,-1429.1899216052886
2022-06-04,29706.138671875,29930.564453125,29500.005859375,29832.9140625,16588370958,0.004326748833952898,0.03638697481330808,0.03312926163561387,29803.75791015625,33993.5408203125,0.8767476759098692,51.92287071911195,-945.0592259296027,-1332.3637824701516
2022-06-05,29835.1171875,30117.744140625,29574.44921875,29906.662109375,17264085441,0.00247203631266113,0.03486420524937912,0.03317093911356845,29805.9451171875,33783.184375,0.8822716291731307,47.82809112669928,-888.8771993667215,-1243.6664658494656
2022-06-06,29910.283203125,31693.291015625,29894.1875,31370.671875,31947336829,0.048952630028413324,0.03631104220061744,0.027326529931037225,29853.18583984375,33616.25875,0.8880579502275443,61.54298686899923,-717.9431835839314,-1138.5218093963588
2022-06-07,31371.7421875,31489.68359375,29311.68359375,31155.478515625,40770974039,-0.006859698773187373,0.03373502033499998,0.027303127830737142,29974.94619140625,33422.8440234375,0.8968400825012545,57.89503660660183,-593.0052547745217,-1029.4184984719914
2022-06-08,31151.48046875,31253.69140625,29944.404296875,30214.35546875,30242059107,-0.03020730515832104,0.032345643194149586,0.02877024075840071,29969.947265625,33197.0761328125,0.9027887620501085,53.150686793299066,-563.4368612440776,-936.2221710264085
2022-06-09,30215.279296875,30609.310546875,30020.265625,30111.998046875,21692004719,-0.003387708269364409,0.031172741973758907,0.02893707090812465,30015.51015625,32971.828515625,0.9103380524384921,54.15977416709112,-542.0150724880987,-857.3807513187465
2022-06-10,30110.330078125,30245.80859375,28978.146484375,29083.8046875,29867476527,-0.03414563715680452,0.03215555153331983,0.03317279284929691,29998.0890625,32742.95734375,0.916169200832009,52.163743080079335,-601.0759325013605,-806.1197875552693
2022-06-11,29084.666015625,29401.916015625,28236.212890625,28360.810546875,27246574439,-0.024858994495164377,0.03177403508623056,0.013932652724197398,29899.94345703125,32515.3671484375,0.919563458119158,47.95054163513798,-698.1735641570303,-784.5305428756217
2022-06-12,28373.513671875,28502.685546875,26762.6484375,26762.6484375,34163220274,-0.056351073137826724,0.03294493747240972,0.01901336469884436,29783.13037109375,32260.8855078125,0.9231963073016479,38.86168241817006,-893.7795285763495,-806.3803400157674
2022-06-13,26737.578125,26795.58984375,22141.2578125,22487.388671875,68204556440,-0.15974726027617203,0.047497907991122544,0.06119352558491693,29424.7205078125,31921.247421875,0.9217910603220449,17.098088596753215,-1377.892906178935,-920.682853248401
2022-06-14,22487.986328125,23018.951171875,20950.818359375,22206.79296875,50913575242,-0.012477914053041661,0.0474458604018926,0.059358383329200404,29056.94208984375,31556.217109375,0.9207992830424295,16.378157889003873,-1763.86523353932,-1089.319329306585
2022-06-15,22196.73046875,22642.671875,20178.376953125,22572.83984375,54912007015,0.01648355417709846,0.047903480053019316,0.06802717406562749,28722.2228515625,31245.3246875,0.9192486600420289,21.387375144790198,-2016.9638563027074,-1274.8482347058095
2022-06-16,22576.3046875,22868.921875,20265.2265625,20381.650390625,31183975654,-0.09707194434960298,0.05155219883984108,0.06969297714512993,28309.92666015625,30868.1352734375,0.917124614408353,14.362241380428827,-2367.0708948275533,-1493.2927667301585
2022-06-17,20385.71875,21243.3125,20326.51953125,20471.482421875,27132421514,0.004407495444594733,0.051506295115333604,0.07590761890316343,27892.75576171875,30482.088359375,0.9150539632610217,15.746265293265935,-2607.2300262806057,-1716.0802186402484
2022-06-18,20473.42578125,20736.041015625,17708.623046875,19017.642578125,42009436760,-0.07101780974085614,0.052130884898719365,0.049532815115859476,27371.3400390625,30090.2447265625,0.9096416558852425,13.468202456212993,-2881.652694854587,-1949.1947138831165
2022-06-19,19010.90234375,20683.822265625,18067.15234375,20553.271484375,35329942625,0.0807475952890373,0.05246089081766962,0.0714049182783008,26812.68408203125,29747.01265625,0.9013572015406316,21.245862747325518,-2941.316551559503,-2147.6190814183938
2022-06-20,20553.37109375,20913.322265625,19689.169921875,20599.537109375,30818458597,0.002251010260589048,0.05246475944314998,0.0701947086913601,26253.04541015625,29389.6215234375,0.8932760630898254,13.725447118930859,-2950.851756367523,-2308.2656164082196
2022-06-21,20594.294921875,21620.62890625,20415.0625,20710.59765625,28970212744,0.0053914098304885805,0.05175892112503167,0.05367120441339542,25798.6212890625,29033.2469140625,0.8885889120643519,14.575729132235097,-2915.834887376739,-2429.7794706019235
2022-06-22,20719.4140625,20835.75,19848.078125,19987.029296875,28574793478,-0.034937106663198714,0.05106200968992004,0.05647285645534443,25274.59833984375,28677.9784375,0.88132426750116,14.794043726082606,-2912.891683788497,-2526.4019132392386
2022-06-23,19986.607421875,21135.76171875,19950.1171875,21085.876953125,26188097173,0.05497803800296652,0.05367734142684334,0.04595117119142091,24843.67265625,28305.7285546875,0.877690627473209,20.9237825594564,-2789.7330453357354,-2579.0681396585383
2022-06-24,21084.6484375,21472.91796875,20777.51171875,21231.65625,24957784918,0.006913598955313738,0.05373085443553671,0.031959851717097275,24413.609765625,27998.8588671875,0.8719501705919831,23.180850047577096,-2649.82028730624,-2593.2185691880786
2022-06-25,21233.609375,21520.9140625,20964.5859375,21502.337890625,18372538715,0.012748964915301864,0.053959654222841054,0.031921298725964775,23993.3935546875,27708.0871875,0.8659346779272328,25.827906746222965,-2488.411809970523,-2572.257217344568
2022-06-26,21496.494140625,21783.724609375,21016.26953125,21027.294921875,18027170497,-0.02209261947079333,0.0518307512255595,0.0349269784256959,23476.22470703125,27418.5940234375,0.8562154823461663,28.048407263541463,-2371.4893729841824,-2532.103648472491
2022-06-27,21028.23828125,21478.08984375,20620.19921875,20735.478515625,20965695707,-0.013877981325425726,0.05177179191680015,0.030060468324976455,22955.22470703125,27152.11828125,0.8454303443014636,40.35312514787936,-2276.136756778542,-2480.9102701337015
2022-06-28,20731.544921875,21164.423828125,20228.8125,20280.634765625,21381535161,-0.02193553187871977,0.05170897425660965,0.01642916313678824,22458.538671875,26951.7919140625,0.8332855471534315,39.59333301676242,-2211.775242580072,-2427.0832646229755
2022-06-29,20281.169921875,20364.15625,19937.791015625,20104.0234375,23552740328,-0.008708372798288844,0.051641321838397106,0.014317142966026425,21958.13994140625,26733.4142578125,0.8213743194058822,36.38271219774528,-2150.232791903716,-2371.7131700791238
2022-06-30,20108.3125,20141.16015625,18729.65625,19784.7265625,26267239923,-0.01588223750298734,0.05151449127319903,0.0056742502612908,21493.18603515625,26550.3816796875,0.8095245595508601,45.85072803176866,-2102.9826705259,-2317.967070168479
2022-07-01,19820.470703125,20632.671875,19073.708984375,19269.3671875,30767551159,-0.02604834458398897,0.051523813085311,0.00681097564932163,21038.6138671875,26354.813984375,0.7982835272394896,42.11069936640309,-2083.1090193549535,-2270.995460005774
2022-07-02,19274.8359375,19371.748046875,19027.08203125,19242.255859375,18100418740,-0.0014069651515379311,0.05082074339560687,0.009938480073629649,20662.59423828125,26153.99703125,0.7900358103425885,51.81376290903585,-2045.9620878394817,-2225.9887855725156
2022-07-03,19242.095703125,19558.26953125,18966.951171875,19297.076171875,16390821947,0.002848954556089245,0.03779306694459037,0.01153933805466888,20503.07861328125,25937.9132421875,0.7904675453973452,36.66772246097362,-1989.169428955971,-2178.6249142492065
2022-07-04,19297.314453125,20258.748046875,19063.06640625,20231.26171875,21594638208,0.04841073013105235,0.0397260175128753,0.028600282149562957,20404.30205078125,25716.4362109375,0.7934342800618331,46.711254504742556,-1847.4832345933246,-2112.39657831803
2022-07-05,20225.353515625,20635.466796875,19341.232421875,20190.115234375,26715546990,-0.0020338071321012174,0.03944095954355311,0.02711805665604519,20285.1658203125,25522.98015625,0.7947804565191077,45.293254277342406,-1718.7039330958833,-2033.6580492736007
2022-07-06,20194.619140625,20595.529296875,19823.51171875,20548.24609375,24598943708,0.017737930428710857,0.033161957723210865,0.02128923145477995,20293.49560546875,25325.4279296875,0.801309089892214,55.43427814725843,-1569.6532558688705,-1940.857090592655
2022-07-07,20547.814453125,21771.81640625,20296.103515625,21637.587890625,25814972520,0.053013857820514154,0.035152008485431915,0.025505033541804632,20351.80087890625,25183.7742578125,0.8081314846043272,55.35208534961466,-1348.0888126398022,-1822.3034350020846
2022-07-08,21637.154296875,22314.94140625,21257.453125,21731.1171875,49899834488,0.004322538045727464,0.03049021699206577,0.02520635636266392,20487.474609375,25012.109921875,0.819102213822319,54.894835045950096,-1151.6745748875182,-1688.1776629791714
2022-07-09,21716.828125,21877.138671875,21445.95703125,21592.20703125,29641127858,-0.006392223420980114,0.025179007907886065,0.023981166874859225,20539.42138671875,24859.9392578125,0.8262056143304541,50.90408945599016,-995.745431564359,-1549.691216696209
2022-07-10,21591.080078125,21591.080078125,20727.123046875,20860.44921875,28688807249,-0.03388990349346599,0.026481058263591355,0.03198075313207085,20552.4669921875,24688.5037109375,0.8324711466042531,48.40395896647164,-920.6050401395005,-1423.8739813848674
2022-07-11,20856.353515625,20856.353515625,19924.5390625,19970.556640625,24150249025,-0.04265931997884009,0.02818272968855989,0.03777311672561648,20515.46494140625,24481.440390625,0.8380007309235983,43.43407654588569,-922.2317192993432,-1323.5455289677627
2022-07-12,19970.474609375,20043.4453125,19308.53125,19323.9140625,25810220018,-0.03237979740682695,0.028028152842308977,0.020076084761176005,20482.3091796875,24285.94046875,0.8433813467525859,42.04950449089113,-964.5804431718789,-1251.752511808586
2022-07-13,19325.97265625,20223.052734375,18999.953125,20212.07421875,33042430345,0.04596171114078618,0.027133254959511167,0.03608318466819941,20438.61904296875,24097.070234375,0.8481785895205056,50.80295928859101,-915.9168902295969,-1184.5853874927882
2022-07-14,20211.466796875,20789.89453125,19689.2578125,20569.919921875,31158743333,0.017704551212910147,0.02742073049889317,0.038836133248348476,20405.5322265625,23917.22140625,0.8531731959980171,55.80177791555147,-838.8062796667837,-1115.4295659275874
2022-07-15,20573.15625,21138.244140625,20397.0,20836.328125,25905575359,0.012951348577769028,0.027426196704172984,0.03695077126195042,20372.23173828125,23748.6034765625,0.8578286196233226,62.02047491936248,-747.5810012880393,-1041.8598529996777
2022-07-16,20834.103515625,21514.404296875,20518.8984375,21190.31640625,24302954056,0.01698899533192111,0.027252317816904112,0.02820017851258296,20380.3828125,23599.8583203125,0.8635807273028633,64.23030620196735,-639.3503818170866,-961.3579587631594
2022-07-17,21195.041015625,21600.640625,20778.1796875,20779.34375,22927802083,-0.01939436147960416,0.02743531393646635,0.02322145139220689,20382.57607421875,23439.1471875,0.8695954639974569,60.29222101041345,-580.0524117122986,-885.0968493529873
2022-07-18,20781.912109375,22633.033203125,20781.912109375,22485.689453125,39974475562,0.08211740099467768,0.03238432997883461,0.036922239673760876,20492.82880859375,23299.9418359375,0.8795227452879689,64.137760572513,-390.86485868332966,-786.2504512190558
2022-07-19,22467.849609375,23666.962890625,21683.40625,23389.43359375,48765202697,0.0401919693193753,0.033080674750807164,0.03762000014257331,20657.09931640625,23133.2026953125,0.8929632264274421,68.10456019556737,-166.0931422867543,-662.2189894325955
2022-07-20,23393.19140625,24196.818359375,23009.94921875,23231.732421875,42932549127,-0.006742410894342465,0.03279370399872581,0.04033540637509214,20829.449609375,22961.9911328125,0.9071273257139222,65.5379946318264,-0.6772968004115683,-529.9106509061587
2022-07-21,23233.201171875,23388.322265625,22431.1484375,23164.62890625,33631012204,-0.0028884421706671937,0.03190395575833366,0.0419768378406768,21024.2126953125,22829.302109375,0.9209310295420189,60.02916474360142,123.57674382194455,-399.21317196053803
2022-07-22,23163.751953125,23671.927734375,22603.416015625,22714.978515625,31421555646,-0.01941107679491816,0.03248327613021842,0.04198062636293437,21197.848828125,22674.2519140625,0.9348863595794382,56.172958569831664,183.64894683720922,-282.6407482009886
2022-07-23,22706.984375,22977.2109375,22002.91015625,22465.478515625,24021799169,-0.010983941711781742,0.03276323174269682,0.023273530892328816,21356.2689453125,22529.473671875,0.947925781860271,55.404099726045146,208.71806376555833,-184.36898580767917
2022-07-24,22465.509765625,22974.001953125,22306.83984375,22609.1640625,23565495303,0.006395837363315726,0.031361620403107346,0.009564922583506953,21475.1640625,22384.998671875,0.9593551635757684,61.67110738010074,237.44265126622486,-100.00665839289836
2022-07-25,22607.15625,22649.12109375,21361.642578125,21361.701171875,35574561406,-0.05517510011323534,0.03420323975433366,0.02368607327556744,21533.743359375,22214.099453125,0.969372780778908,58.86168394713242,157.72906157995385,-48.45951439832791
2022-07-26,21361.12109375,21361.12109375,20776.81640625,21239.75390625,28624673855,-0.005708686992848544,0.0340866014923045,0.02331416272013569,21568.31875,22011.48109375,0.9798667639918227,63.07826989412696,83.7499252621601,-22.017626466230304
2022-07-27,21244.169921875,22986.529296875,21070.806640625,22930.548828125,31758955233,0.0796052030234431,0.03659891638915685,0.048824872606123094,21632.966796875,21846.9825,0.9902038781271053,66.72464811596738,159.712875758054,14.328473978626567
2022-07-28,22933.640625,24110.470703125,22722.265625,23843.88671875,40212386158,0.0398306162434614,0.03748975132625225,0.050491605002362765,21738.6052734375,21719.573125,1.0008762671498177,68.85351589344131,290.2667812305226,69.5161354290058
2022-07-29,23845.212890625,24294.787109375,23481.173828125,23804.6328125,35887249746,-0.0016462880701044735,0.03742677496017476,0.05088075432010495,21849.2265625,21593.4258203125,1.0118462324744633,67.5525326791724,386.1133553188665,132.83557940697796
2022-07-30,23796.818359375,24572.580078125,23580.5078125,23656.20703125,28148218301,-0.006235163651508224,0.036389714610317515,0.037937387092974326,21989.014453125,21484.8738671875,1.023464907872112,64.94492611439213,444.96643958672576,195.26175144292753
2022-07-31,23652.0703125,24121.642578125,23275.703125,23336.896484375,23553591896,-0.013497960448739299,0.034849995349211134,0.03944691689678396,22157.3314453125,21384.3955859375,1.0361448541423022,65.67461433731279,460.53349685970534,248.31610052628312
2022-08-01,23336.71875,23464.787109375,22890.796875,23314.19921875,25849159141,-0.0009725914343493569,0.03360172732541301,0.020917134190200994,22356.845703125,21315.4266015625,1.0488575303243595,56.39813900620904,465.6710561905602,291.7870916591386
2022-08-02,23308.43359375,23415.041015625,22710.083984375,22978.1171875,28389250717,-0.014415336683737068,0.032901412154774504,0.006367159293458655,22495.1478515625,21325.241171875,1.054860185179544,46.51837082886958,437.57945424247373,320.94556417580566
2022-08-03,22981.302734375,23578.650390625,22747.8359375,22846.5078125,26288169966,-0.0057275961266136655,0.03291495777852906,0.005676773091032145,22608.97724609375,21338.03546875,1.0595622675388776,46.72476030396536,400.0849503886493,336.77344141837443
2022-08-04,22848.21484375,23198.009765625,22485.701171875,22630.95703125,25120229769,-0.009434736504108754,0.03303808539262251,0.005583754432220135,22698.70869140625,21339.1978125,1.0637095588527645,45.57435262516496,348.9546078349267,339.20967470168495
2022-08-05,22626.833984375,23422.828125,22612.177734375,23289.314453125,28881249043,0.029091011085651708,0.03338507496833266,0.017149551890391124,22803.65859375,21397.35109375,1.0657234390293653,54.603514739513024,357.43707273203836,342.85515430775564
2022-08-06,23291.423828125,23326.5625,22961.279296875,22961.279296875,15978259885,-0.014085221654344782,0.033199396916107,0.01824715046499593,22912.75537109375,21447.14703125,1.0683358181723777,53.924616443532216,333.8414749564763,341.0524184374998
2022-08-07,22963.505859375,23359.009765625,22894.556640625,23175.890625,15886817043,0.009346662498644243,0.027932087192679082,0.01758528110840046,22947.2654296875,21530.3119921875,1.0658120252978291,54.43623203118407,328.67042623680754,338.57601999736136
2022-08-08,23179.52734375,24203.689453125,23176.546875,23809.486328125,28575544847,0.02733856978257987,0.02714078150135542,0.020070708866635464,22968.26806640625,21595.4362890625,1.0635704580804903,71.1980495844508,371.4167498397801,345.14416596584516
2022-08-09,23811.484375,23898.615234375,22982.0,23164.318359375,23555719219,-0.02709709734425869,0.027828551681141123,0.024963565220015516,22964.89736328125,21646.7319140625,1.0608944322150735,65.28201038655052,349.2083990319661,345.9570125790694
2022-08-10,23162.8984375,24127.4140625,22771.51953125,23947.642578125,32837431722,0.033815983988709775,0.02880612719496352,0.026167751512310593,23004.048046875,21711.4728125,1.059534203208491,59.43612848233933,390.316513153688,354.8289126939931
2022-08-11,23948.345703125,24822.62890625,23900.99609375,23957.529296875,37127036580,0.00041284726535173455,0.028366449584676705,0.024128386253834216,23066.1755859375,21790.8828125,1.0585241444511806,51.26666187736336,418.8643577572693,367.6360017066484
2022-08-12,23957.203125,24412.56640625,23657.265625,24402.818359375,27265804688,0.018586602023192844,0.02836750386590337,0.024534649091523,23163.042578125,21857.221640625,1.0597432262421191,56.113986844600596,471.97915429560817,388.5046322244404
2022-08-13,24402.1875,24860.05078125,24346.115234375,24424.068359375,22987346289,0.0008708010561344626,0.028375190280549818,0.022818673978542266,23253.78779296875,21921.0698828125,1.0607962073603527,58.0576997254834,509.90978800176526,412.7856633799054
2022-08-14,24429.056640625,24974.9140625,24206.259765625,24319.333984375,22994133555,-0.004288162539464846,0.024826192426256166,0.01597079932103006,23401.66943359375,21977.4098046875,1.0648056182035825,60.79556234327368,525.461704290039,435.32087156193217
2022-08-15,24318.31640625,25135.58984375,23839.775390625,24136.97265625,35123501685,-0.007498615226969818,0.024876793293034265,0.010098757035086229,23546.53037109375,22039.603359375,1.068373599431305,58.7345932689349,517.1107441037602,451.6788460702978
2022-08-16,24126.13671875,24228.416015625,23733.5,23883.291015625,27753685646,-0.010510085263709001,0.018257252249276393,0.011507465220704855,23594.16748046875,22102.559609375,1.06748575266645,59.78047126166558,484.438257023583,458.23072826095483
2022-08-17,23881.31640625,24407.05859375,23243.353515625,23335.998046875,30931623076,-0.02291530796119967,0.016780870132965177,0.008912318391238652,23568.773046875,22163.666875,1.0633968277812333,54.85303167553998,409.6607923508127,448.5167410789265
2022-08-18,23341.0390625,23563.83203125,23177.6015625,23212.73828125,23747613147,-0.005281958173694035,0.01680855808392273,0.007552457639994498,23539.1783203125,22225.841171875,1.0590905486222688,55.875572128194584,336.57327271572285,426.12804740628576
2022-08-19,23213.3125,23213.3125,20868.84765625,20877.552734375,40509610260,-0.10059931398792521,0.027901938770694815,0.04040286325038573,23400.24560546875,22247.6976953125,1.0518052665916566,31.805373419344193,89.1927704279442,358.7409920106175
2022-08-20,20872.841796875,21350.806640625,20856.73046875,21166.060546875,27595671000,0.013819043648011897,0.028174770605140495,0.04423016960634669,23291.70380859375,22285.6315625,1.0451444350263184,36.375392365315086,-82.62543601322614,270.4677064058488
2022-08-21,21160.392578125,21668.845703125,21103.197265625,21534.12109375,23102307723,0.01738918520335342,0.028591069615980114,0.04811934347160329,23202.69990234375,22331.4688671875,1.0390136018520655,37.82358711567466,-186.9382842034538,178.98650828398823
2022-08-22,21531.462890625,21531.462890625,20939.18359375,21398.908203125,31666498758,-0.006279006699941081,0.028486161541488402,0.048400025390848984,23123.739453125,22373.5055078125,1.033532248446741,30.694416375777948,-277.32073734590085,87.7250591580104
2022-08-23,21401.044921875,21646.203125,20955.138671875,21528.087890625,31878280659,0.006036741981122917,0.028551572371147714,0.04929421670107871,23057.81845703125,22399.44203125,1.0293925368704602,35.71533314690656,-334.6679180148167,3.2464637234449594
2022-08-24,21526.455078125,21783.076171875,21195.005859375,21395.01953125,31962253368,-0.006181150878381003,0.02851961610341264,0.011006442895405482,22996.02158203125,22423.5401171875,1.0255303784260608,24.860766428061154,-386.39930569114586,-74.68269015947322
2022-08-25,21395.458984375,21789.63671875,21362.44140625,21600.904296875,31028679593,0.009623023027591993,0.027708886375195106,0.010299046835373804,22911.60107421875,22444.59328125,1.0208071399252703,27.65371736746971,-406.1023283427894,-140.9666177961365
2022-08-26,21596.0859375,21804.908203125,20199.482421875,20260.01953125,42326789564,-0.06207539958496022,0.0306111069416517,0.029011897690957623,22776.5380859375,22417.0419140625,1.0160367355003017,16.420073425460814,-523.8763891784911,-217.54857207260747
2022-08-27,20262.48046875,20340.775390625,19890.5234375,20041.73828125,30116729776,-0.010773990107132536,0.030418024067137273,0.028868297964717522,22619.83046875,22383.2543359375,1.0105693358642966,15.578004930680521,-627.5921617514359,-299.5572900083732
2022-08-28,20041.03515625,20139.0546875,19616.814453125,19616.814453125,24366810591,-0.021201944769558057,0.029474287455415263,0.02696178232579157,22410.196875,22343.746484375,1.0029740039644413,14.831957493773231,-735.5959680136984,-386.7650256094383
2022-08-29,19615.154296875,20357.462890625,19600.78515625,20297.994140625,32637854078,0.03472427641744291,0.030714983827200948,0.036135980282781976,22266.8806640625,22332.4973828125,0.9970618279888169,23.28329595867031,-757.4923543386794,-460.91049135528664
2022-08-30,20298.611328125,20542.64453125,19617.640625,19796.80859375,34483360283,-0.024691382971281484,0.029472630196043997,0.034722387007834365,22059.33896484375,22329.022421875,0.9879222900162862,22.507916059937372,-805.995864693421,-529.9275660229135
2022-08-31,19799.58203125,20420.990234375,19799.58203125,20049.763671875,33225232872,0.012777568511970205,0.029809156249891285,0.02513715461673911,21863.95068359375,22343.5394140625,0.9785356866886136,26.979962993954373,-814.6332997398058,-586.868712766292
2022-09-01,20050.498046875,20198.390625,19653.96875,20127.140625,30182031010,0.0038592451457939436,0.02928409569754319,0.024683714129691253,21650.166796875,22341.8407421875,0.9690413178889763,28.24557992380157,-805.9444300853793,-630.6838562301095
2022-09-02,20126.072265625,20401.568359375,19814.765625,19969.771484375,29123998928,-0.007818752974256604,0.02919175858042834,0.022269154674546942,21427.451953125,22329.8377734375,0.9595883396257391,40.763448706758815,-802.506022855152,-665.0482895551181
2022-09-03,19969.71875,20037.009765625,19698.35546875,19832.087890625,23613051457,-0.006894600364241943,0.029172635178720888,0.01407850467099889,21203.0896484375,22309.75296875,0.9503955367922434,35.99723140485702,-801.6500528986471,-692.3686422238239
2022-09-04,19832.470703125,19999.689453125,19636.81640625,19986.712890625,25245861652,0.007796708085036963,0.02943338129553462,0.009065329070560195,20995.57666015625,22285.6808984375,0.9421106205298084,32.994806188272776,-779.5090501931445,-709.7967238176881
2022-09-05,19988.7890625,20031.16015625,19673.046875,19812.37109375,28813460025,-0.008722884940063236,0.029431139964217486,0.007627000406944201,20792.0306640625,22266.3414453125,0.9337874708842043,32.71346652553248,-767.1864244601347,-721.2746639461775
2022-09-06,19817.724609375,20155.26953125,18800.171875,18837.66796875,43403978910,-0.04919669232863699,0.030652601718609458,0.021360671670068387,20567.11416015625,22193.381015625,0.9267228884898702,25.246680527377904,-826.5431758150626,-742.3283663199546
2022-09-07,18837.68359375,19427.171875,18644.466796875,19290.32421875,35239757134,0.024029314602578067,0.031585851493410956,0.027223573038050803,20370.99345703125,22111.398828125,0.9212892235076504,31.711185801850192,-827.5191271522308,-759.36651848641
2022-09-08,19289.94140625,19417.3515625,19076.71484375,19329.833984375,32194477850,0.0020481649337233954,0.023059156082752715,0.027491629189292176,20293.60751953125,22033.360859375,0.9210400378341056,29.677862483353096,-815.7015678120988,-770.6335283515479
2022-09-09,19328.140625,21439.41015625,19310.962890625,21381.15234375,48469528171,0.10612188190716765,0.0335682946506525,0.05752469632629614,20304.362109375,21997.691328125,0.9230224120571686,58.90055051243056,-633.5091200847892,-743.2086466981962
2022-09-10,21376.912109375,21760.275390625,21168.72265625,21680.5390625,36913738894,0.014002365912589188,0.033489867644033555,0.056075489704679835,20311.6830078125,21977.0025390625,0.9242244465190365,62.84484706496134,-459.6635709954717,-686.4996315576514
2022-09-11,21678.54296875,21770.552734375,21406.9453125,21769.255859375,34493951963,0.004092001431295067,0.033453796193530186,0.0434126321008261,20330.200390625,21963.0780859375,0.9256535131859318,67.809354819943,-311.1443385281127,-611.4285729517437
2022-09-12,21770.1484375,22439.181640625,21603.896484375,22370.44921875,50212088965,0.027616624254801714,0.03395621170935261,0.04331761380478133,20372.31845703125,21958.3037890625,0.9277728668267523,67.37755836999318,-143.2788674593503,-517.7986318532651
2022-09-13,22371.48046875,22673.8203125,20062.669921875,20296.70703125,51091116622,-0.09270006906083372,0.04007452746324031,0.07094241956190643,20317.40283203125,21937.00390625,0.9261703612243368,53.31692160314509,-175.55425559682044,-449.34975660197614
2022-09-14,20184.5546875,20467.201171875,19793.396484375,20241.08984375,37872380889,-0.0027402074343571003,0.039983175143089335,0.04764897650395489,20249.412109375,21917.030625,0.9239122058020577,51.30362434156052,-203.27732102535447,-400.1352694866518
2022-09-15,20242.2890625,20318.166015625,19636.734375,19701.2109375,36389011503,-0.026672422800232853,0.03793758578487956,0.045981172192033,20221.4716796875,21852.4438671875,0.9253643117716008,47.2699412615987,-265.7483839420165,-373.2578923777248
2022-09-16,19704.005859375,19870.62890625,19400.076171875,19772.583984375,30123362273,0.003622774615297697,0.0378732526405804,0.04592504971093377,20208.01396484375,21771.0178125,0.928207130180251,48.722009139356196,-305.9709009044418,-359.8004940830682
2022-09-17,19777.033203125,20162.53125,19777.033203125,20127.576171875,24957448100,0.017953757980268437,0.0377312065953231,0.04366402248215354,20233.55205078125,21697.4766796875,0.9325301900069914,51.86262130615196,-305.6789559216777,-348.9761864507901
2022-09-18,20127.234375,20127.234375,19387.4921875,19419.505859375,31254779144,-0.035179114785287124,0.037774107343798,0.02191972407125426,20189.62763671875,21612.74265625,0.9341538905003474,46.65778662866065,-358.45094468536627,-350.8711380977054
2022-09-19,19418.572265625,19639.48046875,18390.318359375,19544.12890625,40177002624,0.006417415961943007,0.037409119484749745,0.02289304554503819,20176.99365234375,21536.8873046875,0.9368574653753344,48.41009279668081,-385.77016924026975,-357.8509443262183
2022-09-20,19545.591796875,19602.45703125,18813.455078125,18890.7890625,36791346508,-0.033428956945789956,0.03800193044989856,0.02450412734869503,20119.044921875,21448.4191015625,0.9380199457408656,50.32732534825404,-454.8961569913736,-377.2599868592494
2022-09-21,18891.283203125,19674.630859375,18290.314453125,18547.400390625,46363793975,-0.018177571658806957,0.03813350697789214,0.023821717218363646,20040.05791015625,21359.804765625,0.9382135337869446,45.35971348523912,-531.2635211397683,-408.06069371535324
2022-09-22,18534.650390625,19456.91015625,18415.591796875,19413.55078125,41135767926,0.04669928789927913,0.03971609762181299,0.03420810068939223,20012.246875,21291.145625,0.9399328353426731,50.473951414423695,-515.9465984011731,-429.6378746525173
2022-09-23,19412.400390625,19464.671875,18617.552734375,19297.638671875,38896078052,-0.005970680514919002,0.03970900770719987,0.030420370626449877,19985.5244140625,21224.4792578125,0.9416261370325986,34.89416018186613,-507.31297707861086,-445.1728951377361
2022-09-24,19296.990234375,19310.197265625,18861.974609375,18937.01171875,26149643168,-0.01868762076318642,0.03985490692173922,0.030979003797893163,19933.03935546875,21137.433203125,0.9430208088142797,30.284024047358116,-523.535361453196,-460.845388400828
2022-09-25,18936.310546875,19134.732421875,18696.46875,18802.09765625,23359966112,-0.007124358610731463,0.03984219688590984,0.027132791656174497,19882.52568359375,21054.2495703125,0.9443473925391797,28.81757924035341,-541.0413671717142,-476.88458415500537
2022-09-26,18803.900390625,19274.873046875,18721.28515625,19222.671875,44148798321,0.022368473265013344,0.03856049284980765,0.026640049794892498,19901.77587890625,20975.1851953125,0.9488247990942109,26.93328715206613,-515.0411050033545,-484.51588832467525
2022-09-27,19221.83984375,20338.455078125,18915.66796875,19110.546875,58571439619,-0.005832956039052206,0.03822767605521664,0.015194650223836573,19892.78701171875,20881.20640625,0.9526646413381842,37.80068714716615,-497.74555937283003,-487.1618225343062
2022-09-28,19104.62109375,19688.34375,18553.296875,19426.720703125,53071298734,0.016544467837213528,0.038401169324382374,0.01730253061289669,19897.63134765625,20806.454453125,0.956320135777278,42.050503005296015,-453.3007603033584,-480.38961008811674
2022-09-29,19427.779296875,19589.265625,18924.353515625,19573.05078125,41037843771,0.007532412719634118,0.029481320612566163,0.013146248151590946,19807.22626953125,20718.9626171875,0.9559950773355846,48.644838581766514,-401.6404612355036,-464.63978031759416
2022-09-30,19573.431640625,20109.849609375,19265.662109375,19431.7890625,43975248085,-0.0072171538473359,0.02918027516201796,0.013170682175867112,19694.78876953125,20628.4478125,0.9547392488540515,46.44893018341167,-367.85750977224234,-445.28332620852376
2022-10-01,19431.10546875,19471.154296875,19231.08203125,19312.095703125,18719537670,-0.0061596674907298254,0.02910127513352473,0.01060390385812077,19571.93076171875,20526.633359375,0.953489567385866,41.06456652470734,-346.74546524522157,-425.5757540158633
2022-10-02,19311.849609375,19370.30859375,18970.62109375,19044.107421875,20765955327,-0.013876706359042923,0.028072708058983965,0.012359512860670751,19405.613671875,20419.034140625,0.9503688342077975,45.44762078001808,-347.6311568950441,-409.9868345916995
2022-10-03,19044.068359375,19653.54296875,19025.2265625,19623.580078125,30484729489,0.030427924155919772,0.02106041611766687,0.017622857670424603,19371.95732421875,20325.1190625,0.9531042482284966,50.867759057404484,-298.1377272686077,-387.6170131270812
2022-10-04,19623.583984375,20380.34375,19523.83984375,20336.84375,35887278685,0.036347275524413414,0.02268760054651075,0.023543482579281346,19376.74501953125,20249.116484375,0.9569180479791842,65.58962550198098,-199.06471624626283,-349.90655375091757
2022-10-05,20335.900390625,20343.748046875,19801.80078125,20160.716796875,33223790572,-0.008660486125090072,0.021896784495858645,0.023782869457002753,19399.7203125,20174.665,0.9615882252567763,68.0435692460399,-133.22488089403487,-306.570219179541
2022-10-06,20161.0390625,20408.392578125,19900.087890625,19955.443359375,34711412966,-0.01018185214187517,0.022039474403189138,0.024424658541145398,19408.86328125,20107.05390625,0.9652763339544748,57.1119433400749,-96.49782107797,-264.5557395592268
2022-10-07,19957.55859375,20041.0859375,19395.79296875,19546.849609375,29227315390,-0.02047530303595302,0.022130117373059168,0.025952416416647063,19379.826953125,20033.7361328125,0.9673595990606821,53.03736649213164,-99.21774206449845,-231.48814006028113
2022-10-08,19546.328125,19601.6953125,19299.4140625,19416.568359375,16437423167,-0.006665076603316944,0.020700299050551405,0.02205046202221756,19379.680078125,20004.5164453125,0.9687652351459906,56.19250633417083,-110.6108540389614,-207.31268285601718
2022-10-09,19417.478515625,19542.5390625,19349.259765625,19446.42578125,16837262532,0.0015377290838616275,0.020651785721845617,0.007899819902302657,19374.794921875,19970.12375,0.9701890265890316,58.552235896287264,-115.89477017663012,-189.02910032013978
2022-10-10,19446.416015625,19515.466796875,19102.978515625,19141.484375,27425022774,-0.01568110303046133,0.019490696256167204,0.008453568506609813,19387.3296875,19922.271015625,0.9731485769014263,48.88826365011543,-143.03966257592765,-179.83121277129737
2022-10-11,19139.0,19241.9609375,18925.603515625,19051.41796875,28711532910,-0.00470529894576166,0.01902620924897986,0.008818505133341276,19412.53056640625,19875.3212109375,0.9767153124410097,49.18540060509715,-169.86173133519333,-177.83731648407658
2022-10-12,19052.646484375,19203.19921875,19029.7578125,19157.4453125,24950173846,0.005565325579645286,0.01584096841884619,0.008157965627916815,19399.72529296875,19827.908359375,0.9784050309974427,46.06227854261835,-180.48240472110774,-178.36633413148283
2022-10-13,19156.966796875,19453.328125,18319.822265625,19382.904296875,44219840004,0.011768739552548313,0.016016884426193312,0.010481158252860693,19403.98857421875,19787.6660546875,0.9806102710947127,47.28230678570491,-168.76133349530573,-176.44533400424743
2022-10-14,19382.533203125,19889.146484375,19115.408203125,19185.65625,38452356727,-0.010176392755898878,0.015592123828994078,0.01124802229328367,19416.42080078125,19739.36109375,0.9836397798573631,46.53752779154609,-173.38983888397343,-175.83423498019263
2022-10-15,19185.4375,19212.541015625,19019.25,19067.634765625,16192235532,-0.0061515479500473536,0.015567709531846734,0.009086798816291855,19429.69765625,19715.5133984375,0.9855030028175603,46.55942850294292,-184.45502745618796,-177.5583934753917
2022-10-16,19068.9140625,19389.603515625,19068.9140625,19268.09375,17988916650,0.010513049302600663,0.014915906124373131,0.009935574016219017,19431.96875,19700.0405078125,0.9863923245383079,53.21349251583334,-175.03125305457797,-177.05296539122898
2022-10-17,19268.5625,19635.802734375,19173.333984375,19550.7578125,27472552998,0.014670058500208416,0.015180039949282551,0.01140799565328524,19453.979296875,19698.719375,0.9875758381311018,48.857970559929825,-143.1045957250608,-170.26329145799536
2022-10-18,19550.466796875,19666.994140625,19144.76953125,19334.416015625,30580012344,-0.011065647631146036,0.014969718124769127,0.012130608459602411,19449.3640625,19679.4478125,0.9883084244948248,31.37693880231673,-133.71804633469947,-162.9542424333362
2022-10-19,19335.02734375,19348.416015625,19127.6875,19139.53515625,22425387184,-0.010079479991405349,0.015013034311294986,0.012111228311679725,19427.68828125,19666.30234375,0.9878668568026041,31.159811441366585,-140.38611127718468,-158.4406162021059
2022-10-20,19138.0859375,19315.19921875,18971.458984375,19053.740234375,24493974420,-0.004482602172654282,0.014965938601540843,0.01193559257983613,19408.78583984375,19646.381875,0.9879063719382045,32.59688210095551,-150.85457631016106,-156.92340822371693
2022-10-21,19053.203125,19237.384765625,18770.970703125,19172.46875,32459287866,0.006231244583192241,0.014992173049324757,0.01110978622875818,19401.8044921875,19627.2884375,0.988511711842901,41.86401470294865,-147.86600406323123,-155.11192739161982
2022-10-22,19172.380859375,19248.068359375,19132.244140625,19208.189453125,16104440957,0.0018631248583989013,0.014648785566099928,0.007499234875434623,19410.00859375,19612.056796875,0.9896977555583465,45.27744825510367,-140.9899326340019,-152.28752844009625
2022-10-23,19207.734375,19646.65234375,19124.197265625,19567.0078125,22128794335,0.018680488353712166,0.013583669227364006,0.01098999033027721,19407.17998046875,19606.7551953125,0.9898210992662639,52.37818256898263,-105.37228751698422,-142.90448025547386
2022-10-24,19567.76953125,19589.125,19206.32421875,19345.572265625,30202235805,-0.011316781236911488,0.010745100822181329,0.011350455284158662,19357.61640625,19593.9323828125,0.9879393287704823,54.162228650319896,-93.93027542368145,-133.10963928911536
2022-10-25,19344.96484375,20348.412109375,19261.447265625,20095.857421875,47761524910,0.03878330120960949,0.01403353717787577,0.018941019417338268,19354.3734375,19599.602109375,0.9874880790688245,66.78146094389894,-24.04349820900825,-111.29641107309394
2022-10-26,20092.236328125,20938.134765625,20076.1171875,20770.44140625,58895950537,0.03356831063305088,0.01568657791442545,0.021097801125110366,19395.12333984375,19638.257578125,0.9876193579132969,71.91307937970245,84.7980667179836,-72.07751551487841
2022-10-27,20772.802734375,20854.044921875,20255.373046875,20285.8359375,49625110402,-0.0233314959115013,0.015914448479879224,0.027461508131097205,19432.07265625,19658.1678125,0.9884986658773849,61.45972200256907,130.44845122809784,-31.57232216628315
2022-10-28,20287.95703125,20724.98046875,20086.068359375,20595.3515625,43994715910,0.015257721000682789,0.016042404595733962,0.027272823178831323,19491.01181640625,19683.4781640625,0.9902219340478327,67.39567617073583,189.4185350895459,12.625849284882674
2022-10-29,20595.103515625,20988.39453125,20566.484375,20818.4765625,40369840645,0.01083375534148523,0.016130027710737273,0.024480362942099328,19559.61435546875,19672.2246484375,0.9942756706482766,71.05916612908607,251.26069725917841,60.35281887974185
2022-10-30,20817.982421875,20917.005859375,20547.462890625,20635.603515625,31486345556,-0.008784170461560437,0.01576717471136858,0.0220611900172439,19634.3203125,19651.3259375,0.999134632184409,66.51831992597762,282.26100066405706,104.7344552366049
2022-10-31,20633.6953125,20795.3203125,20287.458984375,20495.7734375,45668466815,-0.006776156462742766,0.015833197461240192,0.015691041866588634,19706.5380859375,19625.8562890625,1.0041109949898066,61.82292491354824,292.1778019352387,142.22312457633168
2022-11-01,20494.8984375,20647.2890625,20359.845703125,20485.2734375,39819303159,-0.0005123007449325812,0.015855406775871165,0.010646985939060542,19772.9294921875,19588.1527734375,1.0094330854413474,65.18002284581343,295.7801071826252,172.93452109759042
2022-11-02,20482.958984375,20742.810546875,20087.134765625,20159.50390625,55552169483,-0.015902620594443806,0.0162947951738321,0.010052505298839061,19811.75947265625,19585.4087109375,1.0115571119836955,63.0045441596293,269.2443996022921,192.19649679853077
2022-11-03,20162.689453125,20382.095703125,20086.240234375,20209.98828125,43228750179,0.0025042468919260763,0.016037006884342276,0.007224905000316114,19862.97607421875,19584.7866796875,1.01420436173654,64.87604364920018,249.41324665926004,203.63984677067666
2022-11-04,20208.76953125,21209.560546875,20188.01953125,21147.23046875,64072727950,0.0463751969796804,0.01860264091880163,0.02410406504807621,19966.955859375,19613.7070703125,1.0180103020706974,70.98671898481102,305.7994609157613,224.07176959969365
2022-11-05,21144.83203125,21446.88671875,21097.634765625,21282.69140625,37846047609,0.006405611254872046,0.018565293638416813,0.023178332212688873,20067.6857421875,19643.90921875,1.0215729221062073,71.58902386623299,357.29780087836843,250.71697585542861
2022-11-06,21285.056640625,21345.376953125,20920.19140625,20926.486328125,35082693210,-0.01673684363155281,0.01903952893159521,0.02563402388438031,20136.47216796875,19659.887421875,1.0242414788989824,64.15558405437933,365.15851341028974,273.6052833664009
2022-11-07,20924.62109375,21053.24609375,20489.97265625,20602.81640625,53510852236,-0.015466997985227438,0.019242027283742018,0.02554781537115485,20199.8921875,19683.5536328125,1.0262319784485847,62.818164620607945,341.3360179121046,287.15143027554166
2022-11-08,20600.671875,20664.607421875,17603.544921875,18541.271484375,118992465607,-0.10006131594948431,0.030039089638764886,0.053525123315318474,20169.97900390625,19663.496484375,1.0257575004493078,37.49410016057619,154.3280744757758,260.5867591155885
2022-11-09,18543.76171875,18590.458984375,15682.6923828125,15880.7802734375,102905151606,-0.14349022466876316,0.043787705278924026,0.06452176670820639,20011.331005859374,19603.29630859375,1.0208145962210828,20.18978229607501,-206.17976213146903,167.23345486617697
2022-11-10,15883.158203125,18054.3125,15834.0185546875,17586.771484375,83202283721,0.10742489862358795,0.05081299752964585,0.0961693038190626,19932.046142578125,19584.08373046875,1.017767612562237,35.67786537833325,-350.1888279782361,63.748998297294335
2022-11-11,17583.251953125,17650.943359375,16543.482421875,17034.29296875,55871616488,-0.03141443647663533,0.05118765459897855,0.09574644119428036,19823.351318359375,19536.49857421875,1.0146829148043535,31.578824532146143,-503.0980480165563,-49.62041096547582
2022-11-12,17036.875,17066.67578125,16651.775390625,16799.185546875,29717699419,-0.013802006476365758,0.0509214657874725,0.09584117027610593,19684.960205078125,19486.52951171875,1.010182967328279,29.234154652432835,-635.9204159110595,-166.8804119545926
2022-11-13,16799.72265625,16920.765625,16320.634765625,16353.365234375,27209183682,-0.026538209918333333,0.05111343271594121,0.08900303735920576,19535.349853515625,19434.85658203125,1.0051707750484398,28.460856828208975,-768.3005818863967,-287.1644459409535
2022-11-14,16352.0283203125,17109.32421875,15872.94140625,16618.19921875,49630243054,0.016194463988263186,0.05028951894497661,0.05732804434229688,19361.466943359374,19391.17861328125,0.9984677739030506,30.738483700769976,-842.1353162259184,-398.1586199979465
2022-11-15,16617.484375,17051.962890625,16542.55078125,16884.61328125,36599436183,0.016031463998783302,0.04967178097925549,0.0228495255487047,19167.175537109375,19344.41744140625,0.9908375682631055,32.5574994583333,-869.1336550534543,-492.3536270090481
2022-11-16,16884.341796875,16960.294921875,16430.111328125,16669.439453125,33925512989,-0.0127437818409466,0.049568317777389334,0.019296584069241132,18986.355712890625,19295.59529296875,0.9839735662267539,32.91013372252051,-897.5464064633088,-573.3921828999004
2022-11-17,16670.42578125,16726.439453125,16460.68359375,16687.517578125,27868914022,0.0010845070736082985,0.049310525556307515,0.018574130671463112,18790.964013671874,19240.81123046875,0.9766201533080622,32.69653363646377,-908.1365304287137,-640.341052405663
2022-11-18,16687.912109375,16947.05859375,16564.611328125,16697.77734375,26862218609,0.0006148167681003791,0.04914392589687439,0.012180883573280402,18584.929052734376,19183.30576171875,0.9688074247255931,25.952877723129816,-905.266059007834,-693.3260537260973
2022-11-19,16696.220703125,16797.876953125,16570.41015625,16711.546875,16106223492,0.0008246325823211276,0.049201105999214685,0.010184436153999417,18388.726220703124,19128.90091796875,0.9613059474540776,24.96590527667587,-891.6022676922403,-732.981296519326
2022-11-20,16712.919921875,16746.779296875,16248.6923828125,16291.83203125,21313378652,-0.025115259939095247,0.04932235093277232,0.011680119649874287,18178.529150390626,19068.49564453125,0.9533279126612245,24.79343504580629,-904.2178344798231,-767.2286041114255
2022-11-21,16291.2236328125,16291.2236328125,15599.046875,15787.2841796875,37429485518,-0.030969374751391165,0.049476915497252416,0.015955903117457336,17943.6296875,19003.3591796875,0.9442346228281453,24.31503977359796,-944.0461802701866,-802.5921193431778
2022-11-22,15782.30078125,16253.0478515625,15656.6064453125,16189.76953125,30726828760,0.025494274188105903,0.05015483348141681,0.022753787404710495,17745.14296875,18934.68296875,0.9371766613698665,34.76052266171159,-932.385270092178,-828.5507494929781
2022-11-23,16195.5888671875,16638.193359375,16170.5029296875,16610.70703125,32958875628,0.02600021570334854,0.05072690103645516,0.02698931218901476,17565.17890625,18860.160234375,0.931337734566818,56.66525236992795,-879.0446963619179,-838.6495388667662
2022-11-24,16611.63671875,16771.474609375,16501.767578125,16604.46484375,26129037414,-0.0003757930043709612,0.04911699561577399,0.026977105107980442,17338.040625,18789.0351953125,0.9227743971295295,36.99229067028339,-827.733997469415,-836.466430587296
2022-11-25,16602.26953125,16603.31640625,16388.404296875,16521.841796875,18678255976,-0.004975953615638518,0.0489724883413401,0.023790368417750184,17099.99814453125,18720.3631640625,0.9134437187286054,42.24969811115653,-784.6914536722179,-826.1114352042804
2022-11-26,16521.576171875,16666.86328125,16416.228515625,16464.28125,18000008764,-0.0034839061881034583,0.04898615058224939,0.015803898995445705,16876.887890625,18658.711796875,0.9045044520946819,44.64745918894823,-746.6180347365516,-810.2127551107347
2022-11-27,16463.8828125,16594.40625,16437.025390625,16444.626953125,20443898509,-0.0011937537130568554,0.04901759639467632,0.012878876624690679,16668.97841796875,18599.27296875,0.8962166664243016,51.68859657047866,-709.8478295121822,-790.1397699910243
2022-11-28,16440.22265625,16482.93359375,16054.5302734375,16217.322265625,27743025156,-0.013822428939733733,0.044240818277033925,0.005379161548170507,16552.78095703125,18534.6908984375,0.8930702458289537,42.47819490457064,-691.0823978747139,-770.3282955677623
2022-11-29,16217.6396484375,16522.2578125,16139.396484375,16444.982421875,23581685468,0.014038085481754337,0.03022239330082522,0.010107362960429161,16580.991064453126,18480.760859375,0.8972028365402417,41.62930507438354,-650.3436295932297,-746.3313623728559
2022-11-30,16445.4765625,17190.9375,16445.4765625,17168.56640625,29523576583,0.044000289316970864,0.02029221329546937,0.022500334912632303,16560.080810546875,18443.103828125,0.8979009696455436,57.9620257423867,-553.2926684585254,-707.7236235899899
2022-12-01,17168.001953125,17197.498046875,16888.388671875,16967.1328125,22895392882,-0.011732697360023692,0.019187150663163264,0.023808756709675218,16556.722802734374,18399.297578125,0.8998562435567502,54.21389390252087,-487.0190378007537,-663.5827064321427
2022-12-02,16968.68359375,17088.66015625,16877.880859375,17088.66015625,19539705127,0.007162515027905547,0.018966182019435028,0.02344543314541934,16571.196533203125,18353.4126953125,0.9028945628970377,55.69958722334651,-419.8506896324034,-614.8363030721948
2022-12-03,17090.09765625,17116.041015625,16888.140625,16908.236328125,16217776704,-0.010558102652595158,0.018058798850653757,0.022722618042880196,16598.940087890624,18307.864296875,0.9066562772547929,52.735065437333446,-376.8340761927284,-567.2358576963015
2022-12-04,16908.169921875,17157.767578125,16903.439453125,17130.486328125,16824520830,0.013144481522908036,0.017943566922830313,0.022672434685369447,16624.554443359375,18269.121328125,0.9099810628421499,62.3395593759627,-321.10785111956284,-518.0102563809538
2022-12-05,17128.89453125,17378.15234375,16922.431640625,16974.826171875,22209086834,-0.00908673304822849,0.01776369836350191,0.01152460516418537,16629.065087890624,18223.2559765625,0.9125188774869751,69.47207249503688,-286.2056889412197,-471.649342893007
2022-12-06,16975.23828125,17091.86328125,16939.921875,17089.50390625,19889922369,0.006755753090715411,0.017537116826619983,0.010639036322899873,16650.068310546874,18174.0308984375,0.9161461430099336,66.2904517125584,-246.45100541612192,-426.60967539763004
2022-12-07,17089.505859375,17109.376953125,16750.55859375,16848.126953125,19675404389,-0.01412428087141393,0.017877509476066197,0.011973783614834293,16658.098779296874,18124.3051171875,0.9191027557519871,54.59763550390212,-231.75075668800855,-387.6378916557058
2022-12-08,16847.349609375,17267.916015625,16788.783203125,17233.474609375,20496603770,0.022871839541696026,0.01855637096788239,0.0153872971186096,16684.883642578126,18086.18390625,0.9225209546173182,60.621275332684725,-186.852449559854,-347.48080323653545
2022-12-09,17232.1484375,17280.546875,17100.8359375,17133.15234375,20328426366,-0.005821360340788395,0.018633024919087394,0.014871471436137448,16705.963916015626,18047.7721484375,0.9256524172963896,60.2610781851073,-157.5492563376829,-309.49449385676496
2022-12-10,17134.220703125,17216.826171875,17120.68359375,17128.724609375,12706781969,-0.00025843080632004245,0.017569238176650445,0.014004026461390357,16747.808544921874,18006.897265625,0.9300774196614807,61.3554811864082,-133.1486905287129,-274.22533319115456
2022-12-11,17129.7109375,17245.634765625,17091.8203125,17104.193359375,14122486832,-0.0014321702613265819,0.01574044903502883,0.013768779433862182,16813.65400390625,17964.81734375,0.9359212332740893,61.25337403277727,-114.47098295155956,-242.27446314323555
2022-12-12,17102.5,17212.564453125,16899.39453125,17206.4375,19617581341,0.005977723618808328,0.014930388758966526,0.011222763789886691,16864.48740234375,17917.6059375,0.9412243723391548,67.62835396014617,-90.37671100562511,-211.8949127157135
2022-12-13,17206.44140625,17930.0859375,17111.763671875,17781.318359375,26634741631,0.033410801008343594,0.015603960927472899,0.015690744736237203,16923.01796875,17886.320859375,0.9461430386831011,71.19359970659953,-24.61005661344825,-174.43794149526047
2022-12-14,17782.06640625,18318.53125,17739.513671875,17815.650390625,25534481470,0.0019307922256450727,0.015582122992827472,0.014523890985920877,16983.57724609375,17840.71671875,0.9519559955931913,63.13377135431573,29.935718484281097,-133.56320949935215
2022-12-15,17813.64453125,17846.744140625,17322.58984375,17364.865234375,20964448341,-0.02530276169357326,0.016789789237713276,0.02094924083773564,17025.72841796875,17772.6051953125,0.9579759540519845,57.33069728362565,36.369795130831335,-99.57660857331544
2022-12-16,17364.546875,17505.525390625,16584.701171875,16647.484375,24031608960,-0.04131220425223303,0.019436213505384953,0.029046070126581957,17034.88857421875,17699.8381640625,0.9624318830669392,43.33297521168531,-16.23069536838011,-82.90742593232838
2022-12-17,16646.982421875,16800.58984375,16614.029296875,16795.091796875,14463581825,0.008866650272798315,0.01951377048604217,0.029347669401104084,17052.41181640625,17623.83296875,0.967576794823409,48.2730372007999,-45.48198965131087,-75.42233867612488
2022-12-18,16795.609375,16815.38671875,16697.8203125,16757.9765625,10924354698,-0.0022098857704312413,0.019212587752020942,0.020980472862826574,17079.44453125,17542.62296875,0.9735969678921392,43.973678506451776,-70.84211652225349,-74.5062942453506
2022-12-19,16759.041015625,16807.52734375,16398.13671875,16439.6796875,17221074814,-0.01899375344110854,0.019523884676566104,0.019650123952800885,17079.17939453125,17458.7044921875,0.9782615544110915,41.775394533119055,-115.29504792800799,-82.66404498188209
2022-12-20,16441.787109375,17012.984375,16427.8671875,16906.3046875,22722096615,0.028384068842582266,0.01792532949274647,0.026593946841954624,17066.06630859375,17386.9151171875,0.9815465362066109,47.45928815212092,-111.58529278518836,-88.44829454254335
2022-12-21,16904.52734375,16916.80078125,16755.912109375,16817.53515625,14882945045,-0.005250676176186131,0.01777170247925423,0.01770717544978321,17058.58642578125,17313.5603515625,0.9852731662001433,49.556982970021465,-114.48849232816428,-93.65633409966755
2022-12-22,16818.380859375,16866.673828125,16592.408203125,16830.341796875,16441573050,0.0007615052090579333,0.017687822949787328,0.01730608668078816,17045.6705078125,17246.977109375,0.9883280066828017,43.455901749117324,-114.43675434384932,-97.81241814850391
2022-12-23,16829.64453125,16905.21875,16794.458984375,16796.953125,15329265213,-0.001983838015767403,0.017537342709184285,0.017297405891184277,17040.10634765625,17178.71640625,0.9919312912958198,44.4212103809162,-115.75558012572219,-101.40105054394758
2022-12-24,16796.9765625,16864.703125,16793.52734375,16847.755859375,9744636213,0.003024520816182319,0.017276608026991422,0.013439973560826154,17025.96982421875,17092.7269140625,0.9960944154680886,45.408356729469176,-111.41705649897995,-103.40425173495406
2022-12-25,16847.505859375,16860.5546875,16755.25390625,16841.986328125,11656379938,-0.000342451024228807,0.01716319262997239,0.0031014455760597155,17019.32783203125,17003.9128125,1.0009065571966422,45.688525601005075,-107.20846576293843,-104.16509454055094
2022-12-26,16842.25,16920.123046875,16812.369140625,16919.8046875,11886957804,0.004620497716771643,0.017123900451391158,0.002633232361192673,17010.84287109375,16923.7791796875,1.0051444591944776,45.24872667843402,-96.4816555693069,-102.62840674630215
2022-12-27,16919.291015625,16959.845703125,16642.072265625,16717.173828125,15748580239,-0.011975957353969946,0.017039539275988693,0.006502104068692807,17004.29521484375,16846.066328125,1.0093926311126165,29.877219133782532,-103.1422385806327,-102.73117311316827
2022-12-28,16716.400390625,16768.169921875,16497.556640625,16552.572265625,17005713920,-0.009846255365429935,0.01625520521513134,0.007563436353252633,16970.25009765625,16806.29234375,1.0097557361583815,27.236901017393976,-120.31584292191837,-106.24810707491831
2022-12-29,16552.322265625,16651.755859375,16508.68359375,16642.341796875,14472237479,0.0054232979508825885,0.01630636977382968,0.008091162512288941,16945.7095703125,16821.52357421875,1.0073825652917718,35.030898667262306,-125.23872311327796,-110.04623028259024
2022-12-30,16641.330078125,16643.427734375,16408.474609375,16602.5859375,15929162910,-0.002388838052975517,0.016305991217520157,0.008010895438136332,16919.40263671875,16801.83986328125,1.0069970178500762,48.706661805677456,-130.83986619780626,-114.20495746563347
2022-12-31,16603.673828125,16628.986328125,16517.51953125,16547.49609375,11239186456,-0.0033181483870876605,0.016311445050797874,0.006869624120772556,16891.5677734375,16792.10392578125,1.0059232510765692,42.46623537004702,-138.1318049683323,-118.99032696617323
2023-01-01,16547.9140625,16630.439453125,16521.234375,16625.080078125,9244361700,0.0046885633896178724,0.016282752827699344,0.006307504731129836,16862.49990234375,16788.62181640625,1.004400485444571,46.05346037800197,-136.08167499546107,-122.40859657203082
2023-01-02,16625.509765625,16759.34375,16572.228515625,16688.470703125,12097775227,0.0038129515588565255,0.014137902179375127,0.004157628787294984,16807.85751953125,16795.32392578125,1.0007462549579507,58.706275878378285,-127.86785749539922,-123.5004487567045
2023-01-03,16688.84765625,16760.447265625,16622.37109375,16679.857421875,13903079207,-0.000516121662866742,0.014102887662190925,0.0036216721355907646,16751.06787109375,16796.55708984375,0.997291753392872,38.336971501574304,-120.66244619198551,-122.93284824376072
2023-01-04,16680.205078125,16964.5859375,16667.763671875,16863.23828125,18421743322,0.010994150293785143,0.013427178880636666,0.005468390927565046,16725.9865234375,16796.12958984375,0.9958238553691164,52.14487631213266,-99.01343777116563,-118.1489661492417
2023-01-05,16863.47265625,16884.021484375,16790.283203125,16836.736328125,13692758566,-0.0015715814888571655,0.009602171121622344,0.004988020350021021,16735.44912109375,16799.47552734375,0.996188785409057,50.296290665305584,-83.03772159079745,-111.12671723755285
2023-01-06,16836.47265625,16991.994140625,16716.421875,16951.96875,14413662913,0.006844106816741524,0.009520932856070679,0.005206770561264585,16743.29296875,16804.76455078125,0.9963420146800932,56.676289783681746,-60.3825060681047,-100.97787500366323
2023-01-07,16952.1171875,16975.017578125,16914.19140625,16955.078125,7714767174,0.00018342264818071996,0.009499994619681333,0.005470482394492353,16753.148046875,16809.91056640625,0.9966232705815409,54.82023148058803,-41.696532298836246,-89.12160646269784
2023-01-08,16954.146484375,17091.14453125,16924.05078125,17091.14453125,9768827914,0.008025112314249405,0.008422962446701491,0.005357515564009468,16785.7212890625,16817.50251953125,0.9981102288861359,60.01806202341781,-15.727049989025545,-74.44269516796338
2023-01-09,17093.9921875,17389.95703125,17093.9921875,17196.5546875,18624736866,0.006167530562816603,0.005820070100839834,0.004317775664616305,16800.2337890625,16835.59697265625,0.9978994992781552,60.8859257984518,13.207423544179619,-56.912671425534775
2023-01-10,17192.94921875,17484.720703125,17162.990234375,17446.29296875,15808338949,0.014522576515372032,0.006378696119611567,0.005116461481219477,16831.6716796875,16868.7771484375,0.9978003462596317,77.65493576475573,55.648513009859016,-34.40043453845601
2023-01-11,17446.359375,17934.896484375,17337.994140625,17934.896484375,18372283782,0.02800615102017323,0.008640701480419278,0.010607699252415032,16886.8994140625,16903.6796875,0.9990073005553987,92.08639082811032,127.24282636747375,-2.0717823572700476
2023-01-12,18117.59375,19030.087890625,17995.203125,18869.587890625,34971338710,0.052115795988246116,0.013833820321925469,0.01900421675552623,16990.53115234375,16948.8573046875,1.0024587998416108,94.77474223161069,256.44745384005364,49.63206488219471
2023-01-13,18868.90625,19964.322265625,18753.1640625,19909.57421875,29225029694,0.05511441660269112,0.017639362327327893,0.02193359531330981,17143.6220703125,17014.9594921875,1.0075617328495008,97.41339913572752,437.71554480044506,127.24876086584482
2023-01-14,19910.537109375,21075.142578125,19907.828125,20976.298828125,38967784639,0.05357847423830919,0.020153733084058125,0.01837346536548317,17350.3376953125,17104.0486328125,1.0143994599049209,99.2194937714483,659.8413336819467,233.76727542906522
2023-01-15,20977.484375,20993.748046875,20606.986328125,20880.798828125,19298407543,-0.004552757413617381,0.02041462159456632,0.02568500169541866,17548.38740234375,17192.378984375,1.0207073388908134,97.10833068849188,818.733717179628,350.76056377917786
2023-01-16,20882.224609375,21360.875,20715.74609375,21169.6328125,26792494050,0.013832516023570829,0.01970481585261389,0.027615024243487052,17771.0103515625,17286.8791015625,1.0280057057815741,97.24579455995519,956.9326406999753,471.99497916333746
2023-01-17,21175.833984375,21438.66015625,20978.533203125,21161.51953125,24999983362,-0.00038325091993141047,0.019259814621853347,0.028961230423878166,18001.45771484375,17385.763046875,1.0354137271000836,97.25604846100396,1053.655721982872,588.3271277272445
2023-01-18,21161.05078125,21564.501953125,20541.544921875,20688.78125,30005625418,-0.022339524368838015,0.020742339702175972,0.02854710686263288,18203.7796875,17470.6390234375,1.0419641584419987,88.01781832298137,1079.7171253727975,686.6051272563551
2023-01-19,20686.74609375,21163.01171875,20685.380859375,21086.79296875,21152848261,0.019238045679950355,0.02056284030836858,0.016390952224186062,18427.9900390625,17549.0035546875,1.0500875438104413,89.33227484651398,1119.5813577253284,773.2003733501499
2023-01-20,21085.373046875,22692.357421875,20919.126953125,22676.552734375,28799154319,0.07539125404137925,0.02457304733407328,0.03631200457728792,18734.44287109375,17663.191953125,1.060648772929132,91.61949249269632,1264.873699330874,871.5350385462948
2023-01-21,22677.427734375,23282.34765625,22511.833984375,22777.625,32442278429,0.004457126566322689,0.024578786366905282,0.036765232748690604,19042.0701171875,17776.97125,1.0711650398370027,91.73719131930756,1372.3549602473977,971.6990228865153
2023-01-22,22777.986328125,23056.73046875,22387.900390625,22720.416015625,24746386230,-0.002511630794474806,0.024785629730779815,0.0370033684521987,19343.6673828125,17893.21484375,1.0810615952319564,90.81316007321536,1436.3608729213447,1064.6313928934812
2023-01-23,22721.087890625,23126.486328125,22654.3046875,22934.431640625,26518700512,0.009419529327844067,0.02453910748286624,0.031312481568445245,19656.39609375,18009.29375,1.0914584639805767,90.95559281194036,1487.2116421340215,1149.1474427415894
2023-01-24,22929.626953125,23134.01171875,22549.744140625,22636.46875,26405069715,-0.012991945703908492,0.02538499588011436,0.034925986961191965,19945.0576171875,18122.5266015625,1.100567159077469,86.79293873312565,1486.3345880811721,1216.584871809506
2023-01-25,22639.267578125,23722.099609375,22406.076171875,23117.859375,30685366709,0.021266153759075257,0.025106424549881233,0.012833567823581436,20259.11376953125,18243.0937109375,1.110508671968563,86.77941886988896,1507.1106829049386,1274.6900340285927
2023-01-26,23108.955078125,23237.078125,22911.373046875,23032.77734375,26357839322,-0.003680359408276712,0.025422671083481025,0.013258608322691627,20563.15419921875,18366.78671875,1.119583654675238,83.59361234486883,1499.4260289730773,1319.6372330174897
2023-01-27,23030.716796875,23417.720703125,22654.59375,23078.728515625,25383335641,0.0019950339114214177,0.025367482469301577,0.013000373428237717,20869.33671875,18483.691796875,1.1290675557725074,80.4587832082087,1479.983433147845,1351.706473043561
2023-01-28,23079.96484375,23165.896484375,22908.845703125,23031.08984375,14712928379,-0.0020641809553220147,0.025629897009183805,0.012636568092809646,21166.333984375,18601.650546875,1.1378739715079131,74.55957240483528,1444.08448614776,1370.1820756644008
2023-01-29,23031.44921875,23919.890625,22985.0703125,23774.56640625,27423687259,0.03228143207915801,0.025803196394033917,0.015969944108982316,21495.2345703125,18734.5673828125,1.1473568687811118,79.94839915701914,1458.810398912392,1387.9077403139993
2023-01-30,23774.6484375,23789.34765625,22657.58203125,22840.138671875,27205595568,-0.03930367092328346,0.028681624025119246,0.02542365706620267,21764.92685546875,18849.2862890625,1.1546817487778347,65.25060918703619,1379.1819312546286,1386.1625785021254
2023-01-31,22840.796875,23225.021484375,22765.568359375,23139.283203125,22837828665,0.013097316769725253,0.028489996128711077,0.026265166446581282,22025.14619140625,18967.943203125,1.1611773588491963,67.14463006513373,1324.941163573989,1373.9182955164981
2023-02-01,23137.8359375,23764.5390625,22877.75,23723.76953125,26683255504,0.025259482888651652,0.027161058182704614,0.028413730849251324,22267.8552734375,19086.7922265625,1.1666630520789143,75.80935233874905,1313.971481012817,1361.928932615762
2023-02-02,23720.82421875,24167.2109375,23468.595703125,23471.87109375,32066936882,-0.01061797692681965,0.025582047048135076,0.02925472889944953,22445.9701171875,19199.916640625,1.169066019260427,70.79943860796577,1270.308504151355,1343.6048469228808
2023-02-03,23469.412109375,23678.103515625,23279.955078125,23449.322265625,27083066007,-0.0009606745041729203,0.023340239439627944,0.024681198898021194,22569.6212890625,19321.60578125,1.1681027728536117,59.27404005722997,1219.8244020402199,1318.8487579463488
2023-02-04,23446.3203125,23556.94921875,23291.794921875,23331.84765625,15639298538,-0.005009723012217249,0.023351171350518337,0.01460795989588846,22692.17373046875,19455.293046875,1.166375323969416,56.62516705221368,1156.999003888588,1286.4788071347966
2023-02-05,23332.248046875,23423.435546875,22841.759765625,22955.666015625,19564262605,-0.01612309690031044,0.023767097987735488,0.016012892908943584,22781.475390625,19578.50453125,1.1635962978818233,52.61291358260372,1064.5828601713401,1242.0996177421055
2023-02-06,22954.021484375,23119.279296875,22692.025390625,22760.109375,23825006542,-0.008518883333286542,0.023920973679258207,0.005729285551630502,22861.4048828125,19698.5471875,1.1605629930576575,48.05583667224447,964.4450912242501,1186.5687124385345
2023-02-07,22757.267578125,23310.974609375,22756.2578125,23264.291015625,27187964471,0.022151986720186922,0.023414381596151224,0.014447670395612072,22990.18037109375,19835.0394140625,1.1590690540697561,56.69400119034083,915.2183650480583,1132.2986429604393
2023-02-08,23263.416015625,23367.958984375,22731.09765625,22939.3984375,25371367758,-0.013965290320121615,0.023612987714132137,0.015420874627928148,23082.81064453125,19955.7012890625,1.156702553830202,48.03151065162745,840.303221611739,1073.8995586906992
2023-02-09,22946.56640625,22996.4375,21773.974609375,21819.0390625,32572572185,-0.04883996317743455,0.020047947849422917,0.025253285048722516,23039.9349609375,20055.7313671875,1.1487955507138647,39.101197925728044,682.6595183882855,995.6515506302164
2023-02-10,21819.005859375,21941.185546875,21539.392578125,21651.18359375,27078406594,-0.007693073387383564,0.020034586273295327,0.025278972859093893,22983.612890625,20152.148203125,1.1405043600791365,37.45593979150412,537.9797190008067,904.1171843043346
2023-02-11,21651.841796875,21891.41015625,21618.44921875,21870.875,16356226232,0.010146854341645195,0.020227912679583997,0.02711726267663309,22941.13583984375,20253.626640625,1.132692739276042,40.104230177974934,436.02101719864004,810.4979508831957
2023-02-12,21870.90234375,22060.994140625,21682.828125,21788.203125,17821046406,-0.003779998514005456,0.02006039864672269,0.02198995589379341,22883.8244140625,20352.4355859375,1.124377685286672,30.905387777111045,344.575035533715,717.3133678132996
2023-02-13,21787.0,21898.4140625,21460.087890625,21808.1015625,23918742607,0.0009132665684197239,0.01991321952023116,0.022789452429332675,22842.4060546875,20451.757890625,1.1168920626210994,37.96273389273044,270.58988211494216,627.9686706736281
2023-02-14,21801.822265625,22293.140625,21632.39453125,22220.8046875,26792596581,0.018924303145655852,0.019777663181492558,0.010803468119051706,22797.5533203125,20557.777890625,1.1089502689251698,39.56369382225073,242.4628473040575,550.867505999714
2023-02-15,22220.5859375,24307.841796875,22082.76953125,24307.841796875,32483312909,0.09392266116037784,0.029121217656297993,0.040036150023169174,22861.30654296875,20709.59125,1.103899457357409,54.94729033511111,384.1501780741128,517.5240404145937
2023-02-16,24307.349609375,25134.1171875,23602.5234375,23623.474609375,39316664596,-0.028154173176657027,0.029949483224610978,0.04649805008959531,22888.54384765625,20851.009296875,1.0977187493310754,51.196475667710224,436.1875968760214,501.2567517068793
2023-02-17,23621.283203125,24924.041015625,23460.755859375,24565.6015625,41358451255,0.03988096453648349,0.031126139025889038,0.04586441931006253,22965.26943359375,21009.4744921875,1.0930910928844757,57.69317434451842,547.1422819772124,510.433857760946
2023-02-18,24565.296875,24798.8359375,24468.373046875,24641.27734375,19625427158,0.0030805588480080637,0.030390105071578462,0.04558812720608351,23008.60498046875,21170.2483203125,1.0868368019279384,59.076622229539055,633.8741655952181,535.1219193278005
2023-02-19,24640.02734375,25093.0546875,24327.642578125,24327.642578125,25555105670,-0.012728023845912761,0.02902947437580981,0.04881810932241338,23082.98017578125,21325.85125,1.0823943159493457,59.593366426904886,669.583561307667,562.0142477237738
2023-02-20,24336.623046875,25020.458984375,23927.91015625,24829.1484375,28987376573,0.020614650916729094,0.02920772513251472,0.026816980371275213,23167.4734375,21489.9326171875,1.0780617068557403,63.873874345824014,729.9365916159113,595.5987165022013
2023-02-21,24833.048828125,25126.8515625,24200.36328125,24436.353515625,31252098714,-0.01581991113645098,0.02907257189010191,0.023408447604585044,23203.10263671875,21644.8902734375,1.0719898481164158,57.97840856212191,737.5692957634965,623.9928323544605
2023-02-22,24437.41796875,24472.33984375,23644.318359375,24188.84375,30199996781,-0.01012875204423358,0.029061714377923688,0.015036859216655114,23238.95126953125,21795.07,1.0662480675460666,58.59572226716078,715.399617757892,642.2741894351468
2023-02-23,24190.71875,24572.08984375,23693.919921875,23947.4921875,30476264066,-0.00997780485063493,0.029178071374249874,0.014850401368303161,23263.859765625,21936.755078125,1.0604968548344402,66.65762785234715,670.6243936195096,647.9442302720195
2023-02-24,23946.0078125,24103.705078125,23007.072265625,23198.126953125,26811744928,-0.03129201289670536,0.03006251267533096,0.01885595598993833,23257.17373046875,22063.982890625,1.054078669556562,61.0966229368829,568.1232233202682,631.9800288816692
2023-02-25,23200.125,23210.2109375,22861.55859375,23175.375,16100721565,-0.0009807668166905703,0.0298213304424555,0.011206496910982305,23268.1591796875,22188.451015625,1.0486608174361598,59.629588192312646,479.5267292659337,601.4893689585222
2023-02-26,23174.150390625,23654.3671875,23084.220703125,23561.212890625,16644534842,0.016648614774302573,0.029934286967674348,0.017350357774662494,23308.21435546875,22320.5737109375,1.0442479954736685,62.52734117005442,435.427920592123,568.2770792852424
2023-02-27,23561.451171875,23857.890625,23205.87890625,23522.87109375,22660763494,-0.0016273269569350157,0.02956785649856632,0.01740148133764758,23321.143359375,22449.2082421875,1.0388403505273263,62.0843452231186,392.8568254919337,533.1930285265806
2023-02-28,23521.837890625,23585.384765625,23077.650390625,23147.353515625,20535363434,-0.01596393470118429,0.029624269148487144,0.017987293014381817,23331.54111328125,22568.22421875,1.0338226387301255,56.56398890525605,325.0705843465803,491.56853969058056
2023-03-01,23150.9296875,23880.6328125,23088.626953125,23646.55078125,24662841200,0.02156606219747892,0.027516055254040477,0.015195081377955142,23422.91669921875,22692.229375,1.0321998915198587,43.95526862001358,308.07920196807027,454.8706721460785
2023-03-02,23647.01953125,23739.138671875,23245.021484375,23475.466796875,20386398516,-0.007235050302163204,0.027505668920614467,0.015939440910174026,23514.130859375,22803.04078125,1.0311840023857564,48.506991017515766,277.6082660009415,419.41819091705105
2023-03-03,23476.6328125,23479.34765625,22213.23828125,22362.6796875,26062404610,-0.047402129167592566,0.02978835272296506,0.025042777988836126,23538.72109375,22872.9026171875,1.0291094876634581,28.517952495918422,161.8020565494735,367.8949640435356
2023-03-04,22362.923828125,22405.177734375,22198.98046875,22353.349609375,11166012913,-0.0004172164631153219,0.02976632681559434,0.025151136908784233,23566.97841796875,22921.778125,1.0281479163374787,27.39652914804782,68.48251805132168,308.0124748450928
2023-03-05,22354.14453125,22613.685546875,22307.142578125,22435.513671875,13317001733,0.0036756935285233716,0.029768936051697475,0.025496710231289584,23598.3490234375,22950.962421875,1.028207383623506,30.41087480851077,1.142890104893013,246.63855789705283
2023-03-06,22436.81640625,22584.29296875,22331.314453125,22429.7578125,17353192895,-0.00025655126328649747,0.02949693889887971,0.02109394776514823,23608.7966796875,22981.9416015625,1.0272759842920487,22.31763486412187,-52.08825892128516,186.89319453338524
2023-03-07,22428.322265625,22527.41796875,22011.26171875,22219.76953125,22765452204,-0.00936203961743065,0.019793521595432507,0.02103737443428001,23504.39306640625,23002.9443359375,1.0217993280836375,23.30048938904241,-109.95117864069834,127.52431989856852
2023-03-08,22216.44140625,22268.896484375,21708.05078125,21718.080078125,22536575684,-0.022578517406286358,0.019476500397474273,0.010532081580958362,23409.12333984375,23014.075546875,1.0171654860593518,21.956041451723678,-194.0531811927649,63.20881968030183
2023-03-09,21720.080078125,21802.716796875,20210.306640625,20363.021484375,30364664171,-0.06239311158608585,0.020730679582922844,0.026696553751528778,23198.9943359375,23007.5603515625,1.0083204816786235,17.525315315602256,-365.82947350629547,-22.598838957017655
2023-03-10,20367.001953125,20370.595703125,19628.25390625,20187.244140625,39578257695,-0.008632183779056501,0.02053210242925452,0.024667514567031725,22976.29267578125,22989.569375,0.9994224903040947,19.558022483554396,-510.26516614787397,-120.13210439518896
2023-03-11,20187.876953125,20792.525390625,20068.66015625,20632.41015625,30180288176,0.022051846825845045,0.02170291752244958,0.030584803797939146,22791.5310546875,22948.6865234375,0.9931518752243403,26.312321250536712,-582.1002270434328,-212.52572892483775
2023-03-12,20628.029296875,22185.03125,20448.806640625,22163.94921875,29279035521,0.07422977009964415,0.027858570415453032,0.05116667130299325,22658.27109375,22936.4130078125,0.9878733473290806,39.27392432483652,-509.5735805707991,-271.9352992540301
2023-03-13,22156.40625,24550.837890625,21918.19921875,24197.533203125,49466362688,0.09175187888693825,0.03514974514116785,0.06253795082301368,22646.330078125,22965.9553515625,0.9860826484879605,53.96457139263107,-284.7203792467044,-274.492315252565
2023-03-14,24201.765625,26514.716796875,24081.18359375,24746.07421875,54622230164,0.022669294883089997,0.03541231447687735,0.04134203517043661,22674.1916015625,23002.188203125,0.9857406348184762,59.207457529351444,-61.55040682899926,-231.90393356785182
2023-03-15,24770.92578125,25240.615234375,23964.91015625,24375.9609375,43655701450,-0.014956444322371198,0.03551624626655536,0.04326954971552593,22695.6150390625,23036.978046875,0.9851819536782167,54.26427064207613,84.47458510029901,-168.62822983422166
2023-03-16,24373.45703125,25190.326171875,24225.111328125,25052.7890625,33866061747,0.027766213062754286,0.035101246515602584,0.04277773091332127,22788.34814453125,23075.676640625,0.9875484259652042,58.70648128523041,251.91094390416401,-84.52039508654451
2023-03-17,25055.123046875,27787.8125,24955.169921875,27423.9296875,50730261335,0.0946457745317153,0.04043362289391183,0.04753664152005335,23000.77587890625,23163.4996875,0.9929749903603055,74.5294613658333,569.3733154011607,46.25834701099656
2023-03-18,27448.1171875,27725.953125,26636.26171875,26965.87890625,35723036817,-0.01670259464889101,0.04079675503233955,0.045200754931262056,23171.0091796875,23241.2426953125,0.9969780653923825,71.42294203269554,775.0691473814113,192.02050708507957
2023-03-19,26969.50390625,28440.560546875,26907.716796875,28038.67578125,37769448859,0.039783493752593824,0.041353971053934915,0.045842750072569854,23396.7994140625,23341.3944140625,1.0023736799531833,73.83101457081447,1012.9733915553225,356.21108397912826
2023-03-20,28041.6015625,28527.724609375,27242.880859375,27767.236328125,44774027664,-0.00968089417783835,0.041172922154941644,0.04470802086129582,23627.7935546875,23421.2478125,1.0088187334782934,72.19932618665088,1166.1684596296982,518.2025591092423
2023-03-21,27768.392578125,28439.5625,27439.646484375,28175.81640625,36102192830,0.014714466837708162,0.04109941366154372,0.04504371574420981,23854.2568359375,23527.9613671875,1.0138684122970831,74.36946961352103,1305.496699143754,675.6613871161447
2023-03-22,28158.720703125,28803.3359375,26759.99609375,27307.4375,33382021890,-0.030820008681536337,0.04193719968955554,0.02793003418676501,24045.85537109375,23611.324453125,1.018403496120322,72.20290785643229,1330.507154114668,806.6305405158495
2023-03-23,27301.95703125,28729.84375,27183.36328125,28333.97265625,24220433689,0.03759177902540278,0.04025719452640384,0.03051104222823941,24344.42001953125,23703.528515625,1.0270378101506612,82.5120129782706,1416.8286096005395,928.6701543327875
2023-03-24,28324.111328125,28388.4375,27039.265625,27493.28515625,25980310960,-0.02967065403073854,0.04127566242899473,0.029537111719067484,24601.416796875,23783.956796875,1.0343702272494628,78.26675579372477,1401.2497942735135,1023.1860823209329
2023-03-25,27487.337890625,27791.826171875,27196.234375,27494.70703125,13383005987,5.17171735541222e-05,0.04131832498641269,0.029354099135460637,24854.37646484375,23864.8644921875,1.0414631297395458,77.49397690675465,1373.1889370312747,1093.1866532630015
2023-03-26,27495.5234375,28178.14453125,27445.046875,27994.330078125,13878363192,0.018171608313816145,0.04125928492276722,0.02987139246217813,25132.605078125,23958.114140625,1.0490226789390096,75.46524767058399,1375.4110276944048,1149.6315281492823
2023-03-27,27994.068359375,28037.92578125,26606.689453125,27139.888671875,18188895178,-0.03052194511765327,0.04209684279911354,0.029797047782420344,25378.61103515625,24041.79859375,1.0556036785764344,64.32698584425485,1293.3172141519026,1178.3686653498064
2023-03-28,27132.888671875,27460.71875,26677.818359375,27268.130859375,17783600385,0.004725228944394866,0.04139172576374063,0.021720099464319666,25656.11357421875,24131.9590234375,1.0631591720050975,62.80455480900753,1224.490187568441,1187.5929697935333
2023-03-29,27267.03125,28619.54296875,27259.662109375,28348.44140625,20684945906,0.0396180637553154,0.03784429313029269,0.02573104014130468,26055.3845703125,24233.64203125,1.0751741127773244,68.8118070122865,1242.7901939837575,1198.632414631578
2023-03-30,28350.140625,29159.90234375,27720.16015625,28033.5625,22435349951,-0.0111074503792854,0.03793763117215414,0.02687866176246778,26447.70048828125,24335.5253125,1.0867939010421248,64.6166108176382,1217.8464094061965,1202.4752135865017
2023-03-31,28032.26171875,28639.896484375,27583.71484375,28478.484375,19001327598,0.015871042968584437,0.037921332161355265,0.026597431063293493,26840.00419921875,24468.71421875,1.096911098771658,56.375546181535135,1219.9173099860964,1205.9636328664208
2023-04-01,28473.33203125,28802.45703125,28297.171875,28411.03515625,10876469901,-0.0023684272611504964,0.03562577804879829,0.01959526077309966,27152.35849609375,24603.91125,1.103578948086709,59.17011409351057,1202.257054414953,1205.2223171761273
2023-04-02,28462.845703125,28518.958984375,27884.087890625,28199.30859375,12284641999,-0.00745226498561502,0.030654516517395758,0.02101850427475641,27352.447265625,24730.479921875,1.106021692746479,51.1443305796899,1157.8298685183036,1195.7438274445626
2023-04-03,28183.080078125,28475.623046875,27276.720703125,27790.220703125,19556501327,-0.014507018470504951,0.030852123252150265,0.01194062185592389,27504.65458984375,24850.5202734375,1.106803973808276,50.160588730732215,1077.1938100192965,1172.0338239595094
2023-04-04,27795.2734375,28433.7421875,27681.3046875,28168.08984375,15284538859,0.0135971982612757,0.030477158030575515,0.013257904064063918,27694.26103515625,24977.7200390625,1.1087585653072165,49.94578287824391,1031.8851052050377,1144.004080208615
2023-04-05,28169.7265625,28739.23828125,27843.763671875,28177.984375,17052315986,0.000351267384649967,0.03014111567937051,0.01042905472337405,27850.52080078125,25096.8636328125,1.1097211670851383,56.94538371640047,985.4167651203061,1112.2866171909534
2023-04-06,28175.2265625,28178.384765625,27738.759765625,28044.140625,13837809380,-0.004749940528704033,0.02186957321262641,0.010499899666197306,27881.53134765625,25171.589609375,1.1076587446536132,47.303586302536765,927.1031309784776,1075.2499199484582
2023-04-07,28038.966796875,28111.59375,27794.03125,27925.859375,10861680497,-0.004217681389550476,0.021502419904218303,0.010218389605502053,27929.53037109375,25257.6373046875,1.1057855504921033,54.64934377912688,861.4149916254391,1032.4829342838543
2023-04-08,27920.513671875,28159.86328125,27883.38671875,27947.794921875,9373255556,0.0007854922772632111,0.019574618484342284,0.007404809798287149,27924.986328125,25325.281171875,1.102652568340963,54.84844646813996,801.8830743146464,986.3629622900127
2023-04-09,27952.3671875,28532.830078125,27828.48046875,28333.05078125,12175322951,0.013784839213681899,0.019665656318035105,0.0074836986518785065,27953.27705078125,25399.116640625,1.1005609937658603,53.71555943673898,776.8356512513201,944.4575000822742
2023-04-10,28336.02734375,29771.46484375,28189.271484375,29652.98046875,19282400094,0.04658621825410658,0.021974850380625657,0.021543725625294156,28027.13525390625,25505.6233984375,1.0988610164934538,75.01272308159452,853.6523102330357,926.2964621124265
2023-04-11,29653.6796875,30509.083984375,29609.30078125,30235.05859375,20121259843,0.019629666758571807,0.020777110959896122,0.019946673036732837,28173.51630859375,25613.7416015625,1.0999375548816772,77.08304733066353,950.5416534781616,931.1455003855735
2023-04-12,30231.58203125,30462.48046875,29725.57421875,30139.052734375,18651929926,-0.003175315803583212,0.0193971519150605,0.019695371204262232,28263.7703125,25727.7955859375,1.0985694525631506,69.92597686499917,1007.9611369995182,946.5086277083625
2023-04-13,29892.740234375,30539.845703125,29878.623046875,30399.06640625,17487721001,0.00862713483952482,0.01779859606929252,0.018504756121140976,28409.059375,25852.0000390625,1.098911470372651,76.64880307480266,1062.2030066088482,969.6475034884597
2023-04-14,30409.5625,31005.607421875,30044.498046875,30485.69921875,22659995079,0.002849851088919886,0.01776709173729115,0.019606491786889297,28558.608984375,25982.7641796875,1.099136673329823,74.59819757372321,1099.5061999596473,995.6192427826973
2023-04-15,30490.75,30601.740234375,30245.8828125,30318.49609375,11940685378,-0.005484641300179338,0.01765390633214463,0.01009041644264022,28674.81728515625,26125.1715625,1.0975934537523193,72.81784044754387,1102.864222385946,1017.068238703347
2023-04-16,30315.9765625,30555.537109375,30157.83203125,30315.35546875,12854816417,-0.00010358775680330279,0.015714083286660546,0.005505706252382208,28833.590625,26267.971171875,1.0976710167807706,76.64259998819618,1092.676364202718,1032.1898638032212
2023-04-17,30317.146484375,30319.197265625,29275.37109375,29445.044921875,17872186762,-0.028708571396173888,0.017496389595998255,0.014428049175166857,28942.436328125,26385.6478125,1.0969007292825967,68.6673840413222,1002.8157893602765,1026.3150489146324
2023-04-18,29449.091796875,30470.302734375,29154.849609375,30397.552734375,19480529496,0.032348662229154,0.016778088350918225,0.021844158682877795,29044.89189453125,26523.1414453125,1.0950773668503142,72.26331242654376,996.9676341206359,1020.4455659558331
2023-04-19,30394.1875,30411.0546875,28669.8984375,28822.6796875,24571565421,-0.0518092051895368,0.020675290303067407,0.03165017135986551,29084.34775390625,26636.64796875,1.0918921850837944,54.904855165281276,855.3933932662694,987.4351314179204
2023-04-20,28823.68359375,29076.400390625,28037.2578125,28245.98828125,21340360360,-0.020008250880993006,0.02092625063646203,0.031712359133992854,29072.72294921875,26728.63671875,1.087699430956177,51.43871491543621,688.7214582719243,927.6923967887212
2023-04-21,28249.23046875,28349.96875,27177.365234375,27276.91015625,20759504330,-0.034308522518338824,0.022275610457653725,0.03174722485856936,29016.01669921875,26804.6655859375,1.0824987391165735,45.874792909046846,472.9839783387797,836.7507130987331
2023-04-22,27265.89453125,27872.142578125,27169.5703125,27817.5,13125734602,0.01981858797984626,0.022741091409606888,0.0357718536944061,28996.92626953125,26913.7619921875,1.0774014527567142,49.22298368395023,341.69273255539156,737.7391169900649
2023-04-23,27816.14453125,27820.244140625,27400.314453125,27591.384765625,12785446832,-0.008128524647254443,0.022577489891408665,0.027096215083833457,28986.98447265625,27018.5226953125,1.0728560106539529,45.491485144565075,216.89760411335737,633.5708144147234
2023-04-24,27591.73046875,27979.982421875,27070.849609375,27525.33984375,17703288330,-0.002393679129772508,0.022348290918464096,0.020227560247464853,28954.84697265625,27120.31921875,1.0676440324728156,34.7399684755938,111.38333473867897,529.1333184795145
2023-04-25,27514.873046875,28371.078125,27207.931640625,28307.59765625,17733373139,0.02841955147295372,0.023293340458706194,0.024733593413929916,28961.32763671875,27237.876015625,1.0632740827553915,36.56159529820606,89.84846674155051,441.2763481319217
2023-04-26,28300.05859375,29995.837890625,27324.548828125,28422.701171875,31854242019,0.004066170397882152,0.023272407130942065,0.015326731649887843,28980.2556640625,27361.9346484375,1.05914497773707,38.06524828551313,81.13455184503982,369.2479888745453
2023-04-27,28428.46484375,29871.546875,28402.88671875,29473.787109375,27153445027,0.036980508331842854,0.024579473207377783,0.019803317945320007,29057.65205078125,27517.0487890625,1.0559872271742712,44.20369808914361,157.2301115204791,326.84441340373206
2023-04-28,29481.013671875,29572.791015625,28929.609375,29340.26171875,17544464887,-0.00453030993708059,0.024633235278894328,0.018945379824339477,29127.275390625,27696.59359375,1.0516555146766442,42.86645326747443,204.40574550100428,302.35667982318654
2023-04-29,29336.56640625,29452.455078125,29088.04296875,29248.48828125,10662634333,-0.0031279011203009244,0.024523562276635963,0.01909203938505061,29173.047265625,27877.8184765625,1.0464609090611385,43.27301223530729,231.7163441125158,288.2286126810524
2023-04-30,29245.515625,29952.029296875,29114.021484375,29268.806640625,14652199272,0.000694680667924441,0.022152480003299866,0.017194109404124146,29153.83857421875,28050.54640625,1.039332287934431,43.434675862292046,252.09373244360904,281.00163663356375
2023-05-01,29227.103515625,29329.935546875,27680.79296875,28091.568359375,18655599976,-0.04022160164248023,0.023314013927082246,0.027364659786714665,29046.6640625,28169.0987890625,1.0311534735281713,41.8240706307422,171.2753136010906,259.05637202706913
2023-05-02,28087.17578125,28881.298828125,27924.123046875,28680.537109375,16432924527,0.020966033026897257,0.02394324998706201,0.022083102158771142,28973.73828125,28258.7588671875,1.0253011612230676,39.151576239277595,152.9874462617845,237.8425868740122
2023-05-03,28680.494140625,29259.533203125,28178.388671875,29006.30859375,19122972518,0.01135862564681589,0.024015955499397564,0.02332002383973425,28904.100390625,28343.9635546875,1.019762120948849,51.377651618166986,162.90336722800566,222.8547429448109
2023-05-04,29031.3046875,29353.185546875,28694.0390625,28847.7109375,15548678514,-0.005467695268338013,0.023998356681812178,0.023370081642843377,28822.2009765625,28433.3985546875,1.013674145253062,54.81650257395429,156.16413766048572,209.5166218879459
2023-05-05,28851.48046875,29668.908203125,28845.509765625,29534.384765625,17936566518,0.023803407820215394,0.024689138566625055,0.026272963714990723,28782.99541015625,28523.03046875,1.0091142118187992,68.92563894235036,203.88186559720998,208.3896706297987
2023-05-06,29538.859375,29820.126953125,28468.966796875,28904.623046875,15913866714,-0.021323001096775096,0.02510030323003154,0.01902383341647005,28712.4587890625,28552.6443359375,1.0055971857192874,58.97968448566866,188.70670774880273,204.45307805359954
2023-05-07,28901.623046875,29157.517578125,28441.3671875,28454.978515625,11301355486,-0.015556145829018653,0.024531738307936757,0.01878733646319495,28662.95546875,28582.426328125,1.0028174354304469,56.87928944296052,138.79775585619063,191.3220136141178
2023-05-08,28450.45703125,28663.271484375,27310.134765625,27694.2734375,19122903752,-0.026733637409259936,0.0237975334160572,0.019986537265792706,28527.79150390625,28575.53828125,0.9983291031345128,51.211614374525475,37.4305336869802,160.54371762869027
2023-05-09,27695.068359375,27821.400390625,27375.6015625,27658.775390625,14128593256,-0.0012817829272578907,0.021016343366576425,0.020260182208123846,28469.5962890625,28573.3690625,0.9963681995913568,44.788296560840834,-45.246541936332505,119.38566571568572
2023-05-10,27654.63671875,28322.6875,26883.669921875,27621.755859375,20656025026,-0.0013384371045779275,0.02057733692885781,0.011591199526140574,28438.38466796875,28562.2878515625,0.9956620007389578,43.48462846157513,-112.4595234282533,73.01662788689791
2023-05-11,27621.0859375,27621.94140625,26781.826171875,27000.7890625,16724343943,-0.022481076150133283,0.019719196259244287,0.01180257060264712,28424.57861328125,28556.1548828125,0.9953923674223225,28.369508433871616,-213.37348960792224,15.738604387933862
2023-05-12,26987.662109375,27055.646484375,25878.4296875,26804.990234375,19313599897,-0.007251596524522896,0.019185693043364545,0.012019386208163379,28373.953125,28525.575234375,0.994684695816676,28.06378989783734,-305.62481134147674,-48.53407875794828
2023-05-13,26807.76953125,27030.482421875,26710.873046875,26784.078125,9999171605,-0.0007801573211611013,0.01912591583810191,0.009252940924334133,28333.58779296875,28511.39109375,0.9937637802309748,28.412192311061474,-376.086786537664,-114.04462031389146
2023-05-14,26788.974609375,27150.9765625,26661.35546875,26930.638671875,10014858959,0.005471927993601522,0.01918324067886642,0.01062017638714359,28303.852734375,28500.1097265625,0.993113816259992,29.9612529744887,-415.31470881772475,-174.29863801465814
2023-05-15,26931.384765625,27646.34765625,26766.09765625,27192.693359375,14413231792,0.009730726801279843,0.01810383660364925,0.012612908363854626,28248.10751953125,28484.0769921875,0.9917157409481455,40.863111049698745,-420.4112573697057,-223.52116188566768
2023-05-16,27171.513671875,27299.3046875,26878.947265625,27036.650390625,12732238816,-0.005738415341494774,0.018067884354806458,0.007251591985157499,28178.80498046875,28482.0122265625,0.9893544303091417,31.677620866269947,-432.06114041049295,-265.2291575906328
2023-05-17,27035.470703125,27465.927734375,26600.14453125,27398.802734375,15140006925,0.013394867282656264,0.016019936663167516,0.007747476430951199,28075.05576171875,28484.6256640625,0.9856213696759063,32.227247854964645,-407.3751223181134,-293.6583505361289
2023-05-18,27401.650390625,27466.52734375,26415.1015625,26832.208984375,15222938600,-0.02067950762275983,0.016474060370362364,0.013817315452545905,27949.653125,28454.301015625,0.982264618261124,29.560398945157132,-428.5901352392648,-320.64470747675614
2023-05-19,26826.75390625,27128.619140625,26700.2109375,26890.12890625,11258983301,0.0021585968530852817,0.01653662179548186,0.01359304445722752,27831.73515625,28431.43234375,0.9789072467313864,19.264495887506328,-435.7069734155011,-343.65716066450517
2023-05-20,26888.841796875,27155.158203125,26843.27734375,27129.5859375,7044911360,0.008905016115201336,0.016761347190063086,0.013446048535797327,27724.77412109375,28404.454375,0.9760713497632094,27.309011938985293,-417.21553674827373,-358.3688358812589
2023-05-21,27118.423828125,27265.91796875,26706.921875,26753.826171875,8647416921,-0.013850552916312875,0.014635714144207787,0.014684803604521339,27657.88701171875,28371.3101953125,0.9748540628302875,27.83481018134438,-427.9484889050218,-372.28476648601156
2023-05-22,26749.892578125,27045.734375,26549.734375,26851.27734375,11056770492,0.0036425134576618667,0.013664549250686754,0.012630409094111675,27566.4240234375,28344.3495703125,0.9725544752775068,36.72107281390907,-423.7067084918781,-382.56915488718494
2023-05-23,26855.9609375,27434.68359375,26816.1796875,27225.7265625,13697203143,0.013945303754316907,0.01382095235419407,0.010484785119479539,27477.394921875,28333.0596875,0.9697997754191544,43.83672452795783,-385.68421683209453,-383.1921672761669
2023-05-24,27224.603515625,27224.603515625,26106.576171875,26334.818359375,16299104428,-0.03272302765106416,0.015330886274131724,0.0191639360903259,27351.75029296875,28296.3942578125,0.9666161011103761,35.26529148206687,-422.5688539082548,-391.06750460258456
2023-05-25,26329.4609375,26591.51953125,25890.59375,26476.20703125,13851122697,0.005368887301425707,0.014043972391989965,0.018625569385759672,27198.84140625,28262.3587109375,0.9623698320594906,43.25287609263384,-435.3726059533037,-399.9285248727284
2023-05-26,26474.181640625,26916.669921875,26343.94921875,26719.291015625,12711619225,0.009181223884829448,0.013874036500011738,0.01865199248333391,27089.5748046875,28235.86171875,0.9594031545599578,48.910991053239776,-421.051209446392,-404.1530617874612
2023-05-27,26720.181640625,26888.8828125,26621.140625,26868.353515625,7892015141,0.005578834405180588,0.013738172840392842,0.01876929734725071,27010.2435546875,28214.7116015625,0.9573106376600957,51.03713734804924,-393.1414120754962,-401.9507318450682
2023-05-28,26871.158203125,28193.44921875,26802.751953125,28085.646484375,14545229578,0.0453058267244435,0.016325849493347328,0.02762990247102589,27029.81220703125,28217.4686328125,0.957910596402677,61.249454042973476,-269.6885258923103,-375.49829065451667
2023-05-29,28075.591796875,28432.0390625,27563.876953125,27745.884765625,15181308984,-0.0120973437068298,0.01657661238248738,0.02106080849599913,27034.16767578125,28205.7253125,0.9584638358440104,55.307589616662625,-196.99630458476895,-339.7978934405672
2023-05-30,27745.123046875,28044.759765625,27588.501953125,27702.349609375,13251081851,-0.0015690671469931194,0.01657788293056475,0.021715556961113405,27038.19736328125,28166.7126953125,0.9599344323834049,56.52797792379818,-141.27162736849277,-300.0926402261523
2023-05-31,27700.529296875,27831.677734375,26866.453125,27219.658203125,15656371534,-0.01742420455507676,0.016247810419981294,0.024788057004115002,27049.1408203125,28106.4046875,0.9623835250739948,48.28384431446951,-134.50805651678456,-266.9757234842788
2023-06-01,27218.412109375,27346.10546875,26671.720703125,26819.97265625,14678970415,-0.014683709247646393,0.01651786115975036,0.0260796661943858,27049.88994140625,28040.0230859375,0.9646885759866647,49.878906918947465,-159.5598545287903,-245.49254969318108
2023-06-02,26824.556640625,27303.861328125,26574.64453125,27249.58984375,14837415000,0.01601855426947596,0.01689060718594378,0.01367054154686343,27073.16552734375,27977.0335546875,0.9676924994361202,53.313526542563956,-143.09752913045668,-225.01354558063622
2023-06-03,27252.32421875,27317.052734375,26958.00390625,27075.12890625,8385597470,-0.0064023326039167605,0.01693366412878122,0.013261562026658616,27080.3900390625,27908.8221484375,0.9703164789624996,49.491924585733216,-142.48606659182042,-208.50804978287303
2023-06-04,27075.123046875,27407.01953125,26968.224609375,27119.06640625,9360912318,0.001622799291266075,0.016795091560506376,0.013530793630816081,27076.70869140625,27844.8335546875,0.9724140975103103,53.63254960875932,-136.87824190665197,-194.18208820762885
2023-06-05,27123.109375,27129.982421875,25445.16796875,25760.09765625,21513292646,-0.05011119223804861,0.02018203861517498,0.024765469196739633,27012.8810546875,27753.7283984375,0.9733063848894727,41.324480851507886,-239.33254459597447,-203.212179485298
2023-06-06,25732.109375,27313.8203125,25434.8671875,27238.783203125,21929670693,0.057402171630208665,0.024010093902722657,0.03885127454148379,27004.880078125,27709.6031640625,0.9745675503988639,50.08830311918055,-198.91775185717051,-202.35329395967253
2023-06-07,27235.650390625,27332.181640625,26146.98828125,26345.998046875,19530045082,-0.03277624957004588,0.02470034528533147,0.041051355353713036,26980.56953125,27628.5720703125,0.9765459272591653,50.07558994225901,-236.20620018880072,-209.12387520549817
2023-06-08,26347.654296875,26797.513671875,26246.6640625,26508.216796875,11904824295,0.0061572444403654725,0.02474021681803413,0.04140734705096446,26961.47392578125,27582.2828125,0.9774924762051455,50.215821767486645,-249.7884608453278,-217.25679233346412
2023-06-09,26505.923828125,26770.2890625,26339.314453125,26480.375,11015551640,-0.0010503081775867784,0.02464256625241446,0.04134121109436606,26929.01337890625,27546.970546875,0.9775671460163937,48.340986562703186,-259.8042390494993,-225.76628167667116
2023-06-10,26481.76171875,26531.044921875,25501.8359375,25851.240234375,19872933189,-0.02375852931180167,0.02501293575570521,0.03523363394450417,26883.88408203125,27518.4571484375,0.976940092862645,43.37870084903252,-314.87801536701954,-243.58862841474084
2023-06-11,25854.03125,26203.439453125,25668.986328125,25940.16796875,10732609603,0.0034399794195076883,0.02501081977291331,0.017528772866480722,26838.32861328125,27480.9105078125,0.9766171541387404,33.627930282795774,-347.34468164437203,-264.3398390606671
2023-06-12,25934.28515625,26087.919921875,25675.197265625,25902.5,11677889997,-0.001452109670044499,0.024748275638193328,0.011852095463310348,26772.16728515625,27447.1328125,0.9754085232889479,35.253295150966494,-371.8280367004809,-285.83747858862984
2023-06-13,25902.94140625,26376.3515625,25728.365234375,25918.728515625,14143474486,0.0006265231396582749,0.023683992647991037,0.010970264356999302,26751.36279296875,27415.0005859375,0.9757928951747254,35.66878001318226,-385.4782134985653,-305.765625570617
2023-06-14,25920.2578125,26041.80078125,24902.15234375,25124.67578125,14265717766,-0.030636253390914137,0.02456397334486624,0.015661581937878255,26683.78623046875,27351.3421484375,0.9755933030874361,33.96912943500212,-455.123120415883,-335.6371245396702
2023-06-15,25121.673828125,25735.30859375,24797.16796875,25576.39453125,15837384409,0.017979087727655774,0.02485800977675576,0.017719980054288063,26626.64140625,27294.416015625,0.9755343873636012,40.55927984394563,-468.46708600163765,-362.2031168320637
2023-06-16,25575.283203125,26463.173828125,25245.357421875,26327.462890625,16324646965,0.029365685552642073,0.02578596931010202,0.02278277169622256,26599.596875,27231.48953125,0.9767955162524304,43.325366488527145,-413.66881856453256,-372.4962571785575
2023-06-17,26328.6796875,26769.39453125,26174.4921875,26510.67578125,11090276850,0.006959002900740696,0.023510178993204952,0.022665784921424365,26520.84833984375,27174.8978125,0.975931851623913,45.91948767967668,-351.40625515438296,-368.27825677372266
2023-06-18,26510.45703125,26675.92578125,26325.890625,26336.212890625,9565695129,-0.006580854145875503,0.02342533847493786,0.023224532389898824,26450.36474609375,27116.6523046875,0.9754288416170541,44.445463769774875,-312.537682445236,-357.13014190802534
2023-06-19,26335.44140625,26984.611328125,26312.83203125,26851.029296875,12826986222,0.019547852547670663,0.02393249989077696,0.013732930885173416,26407.79873046875,27068.2967578125,0.9755988330830931,58.79383282244567,-237.4554385711781,-333.19520124065593
2023-06-20,26841.6640625,28388.96875,26668.791015625,28327.48828125,22211859147,0.05498705349618893,0.02668218273621943,0.023371790176423834,26463.190234375,27073.01515625,0.9774748058775339,58.77903616241509,-58.14406996106118,-278.184974984737
2023-06-21,28311.310546875,30737.330078125,28283.41015625,30027.296875,33346760979,0.06000562340273241,0.029275927436283843,0.029400233198500766,26623.5564453125,27099.9503515625,0.9824208568624727,76.26640199938626,218.60192226864092,-178.82759553406137
2023-06-22,29995.935546875,30495.998046875,29679.158203125,29912.28125,20653160491,-0.0038303689299371557,0.029257254206498835,0.0315544444523245,26756.691015625,27118.0698046875,0.9866738749599342,74.45302439885367,423.75947974469454,-58.310180478310166
2023-06-23,29896.3828125,31389.5390625,29845.21484375,30695.46875,24115570085,0.02618280743799839,0.029490845336956888,0.026379442204676806,26937.7080078125,27155.0249609375,0.9919971735088585,77.31482583085051,642.1427856903756,81.78041275542704
2023-06-24,30708.73828125,30804.1484375,30290.146484375,30548.6953125,12147822496,-0.0047815994828226405,0.029583546966862648,0.03095443654146026,27109.189453125,27175.311171875,0.9975668459385137,82.47058661520545,794.2145285459374,224.26723591352913
2023-06-25,30545.150390625,31041.271484375,30327.943359375,30480.26171875,12703464114,-0.002240147837737516,0.026553468728982888,0.028256219970860464,27345.19765625,27206.8239453125,1.0050859928088498,81.47201414131786,898.849088506322,359.18360643208774
2023-06-26,30480.5234375,30636.029296875,29955.744140625,30271.130859375,16493186997,-0.006861189753050945,0.024138140268493362,0.013791505731260242,27496.8150390625,27243.1469921875,1.0093112608080024,79.5802578133658,953.9016342971518,478.1272120051006
2023-06-27,30274.3203125,31006.787109375,30236.650390625,30688.1640625,16428827944,0.013776598074988877,0.022430530201091897,0.014267931694691852,27713.92333984375,27303.0248046875,1.0150495609221184,80.63152893031601,1019.4309027951276,586.3879501631061
2023-06-28,30696.560546875,30703.279296875,29921.822265625,30086.24609375,14571500779,-0.01961401038928634,0.023260309894599283,0.01195495193268274,27892.8248046875,27351.57421875,1.0197886447635056,82.67183450302446,1011.137803367099,671.3379208039047
2023-06-29,30086.1875,30796.25,30057.203125,30445.3515625,13180860821,0.011935868224670187,0.023216630089256927,0.013849726855000626,28091.0736328125,27408.0461328125,1.0249206928757424,82.45787088128851,1021.7640129648898,741.4231392361019
2023-06-30,30441.353515625,31256.86328125,29600.275390625,30477.251953125,26387306197,0.0010477918298796851,0.022108905802151555,0.01383046048837896,28322.37421875,27477.575390625,1.0307450281225772,80.59748779091268,1020.9901170248122,797.3365347938441
2023-07-01,30471.84765625,30641.2890625,30328.865234375,30590.078125,9086606733,0.0037019798257575953,0.022105831684017745,0.013306339865190355,28554.8697265625,27553.2771484375,1.0363511234155245,80.39398527226405,1017.7489516711939,841.4190181693142
2023-07-02,30587.26953125,30766.140625,30264.01953125,30620.76953125,10533418042,0.0010033124506771962,0.022054374400430652,0.011643048809750551,28790.783203125,27630.0109765625,1.042011283583895,82.62137698131221,1006.0596157625587,874.3471376879631
2023-07-03,30624.515625,31375.61328125,30586.513671875,31156.439453125,15271884873,0.01749367929268808,0.022054764209966406,0.0073610361040664565,29052.66875,27714.5269921875,1.0482830451405398,82.67638729783766,1028.1677410462507,905.1112583596208
2023-07-04,31156.865234375,31325.197265625,30659.35546875,30777.58203125,12810828427,-0.012159843310882601,0.020627054393319157,0.010548883866970777,29335.3140625,27786.224765625,1.0557502615033698,72.31272189138616,1003.5496660500394,924.7989398977046
2023-07-05,30778.724609375,30877.330078125,30225.61328125,30514.166015625,12481622280,-0.0085586975402272,0.020964371139568228,0.01163416158998553,29582.20263671875,27855.775078125,1.061977365689943,56.00486021814132,951.8122936122672,930.2016106406172
2023-07-06,30507.150390625,31460.052734375,29892.2265625,29909.337890625,21129219509,-0.019821224171432172,0.021339754063283305,0.014351417185126357,29761.29638671875,27905.98578125,1.0664843241880861,49.96761105410867,852.1820540258414,914.597699317662
2023-07-07,29907.998046875,30434.64453125,29777.28515625,30342.265625,13384770155,0.014474667943441766,0.021412279664840515,0.016694647400281995,29952.87587890625,27976.1869140625,1.0706561251866011,45.78869514754471,798.9482433709345,891.4678081283165
2023-07-08,30346.921875,30374.4375,30080.16015625,30292.541015625,7509378699,-0.0016387902600796256,0.021275560791450605,0.012968178278323531,30150.69228515625,28044.23515625,1.075111947862725,46.873469823671236,744.1693830687036,862.0081231163939
2023-07-09,30291.611328125,30427.58984375,30085.591796875,30171.234375,7903327692,-0.004004505286051452,0.021209742255200167,0.012429207369695942,30316.7025390625,28105.068125,1.078691658181579,46.27618312418214,683.0940267926708,826.2253038516493
2023-07-10,30172.423828125,31026.083984375,29985.39453125,30414.470703125,14828209155,0.008061862007427312,0.01783961949541732,0.013080497219540767,30421.05166015625,28178.281015625,1.0795921739614853,51.71318096550668,646.8618846400204,790.3526200093236
2023-07-11,30417.6328125,30788.314453125,30358.09765625,30620.951171875,12151839152,0.006788889103658935,0.01202044398552425,0.0075357771279849686,30450.734375,28253.6744921875,1.0777619167170633,49.1541055365984,627.5746096954681,757.7970179465526
2023-07-12,30622.24609375,30959.96484375,30228.8359375,30391.646484375,14805659717,-0.007488490028050299,0.012125947420835002,0.006806078988447288,30474.70263671875,28316.992890625,1.076198406886916,54.24134763996461,587.0195376198717,723.6415218812165
2023-07-13,30387.48828125,31814.515625,30268.3515625,31476.048828125,23686079548,0.03568093437476372,0.013298954446316942,0.016967037098193218,30513.731640625,28419.8175,1.0736779587210579,61.913998915425296,635.0609696817846,705.9254114413302
2023-07-14,31474.720703125,31582.25390625,29966.38671875,30334.068359375,20917902660,-0.036280934592069825,0.015708902520938445,0.02620806066611859,30503.00029296875,28496.9747265625,1.0703943343338969,48.6829217111849,574.3649492068544,679.6133189944351
2023-07-15,30331.783203125,30407.78125,30263.462890625,30295.806640625,8011667756,-0.001261344778969442,0.01570385107486966,0.025941670593573787,30493.7775390625,28568.5050390625,1.067391433236269,47.255487222196116,517.2134006244196,647.133335320432
2023-07-16,30297.47265625,30437.560546875,30089.669921875,30249.1328125,8516564470,-0.001540603578530031,0.015629713651621985,0.025621069918504408,30492.67763671875,28636.120625,1.0648326997930695,46.54424531248865,462.8191081738005,610.2704898911057
2023-07-17,30249.626953125,30336.400390625,29685.783203125,30145.888671875,13240156074,-0.0034131272874816654,0.015306168203958335,0.025474301407725972,30465.5638671875,28677.32546875,1.062357223667394,39.781360673519096,406.69220562646296,569.5548330381772
2023-07-18,30147.0703125,30233.65625,29556.427734375,29856.5625,13138897269,-0.009597533349379406,0.014813404219850236,0.01484322482234249,30454.0796875,28719.5390234375,1.060395839315073,40.514953226664225,335.00331720617396,522.6445298717765
2023-07-19,29862.046875,30184.181640625,29794.26953125,29913.923828125,12128602812,0.0019212301525000086,0.014545625498645793,0.0042668366029146075,30427.50830078125,28763.7705078125,1.0578414360703117,43.544475990182825,279.5949400070094,474.0346118988231
2023-07-20,29915.25,30195.53125,29638.095703125,29792.015625,14655207121,-0.0040752996439197275,0.014556857337858452,0.00420181809740208,30393.246484375,28815.21765625,1.0547637309892999,48.59195438671995,223.27268024262958,423.88222556758444
2023-07-21,29805.111328125,30045.998046875,29733.8515625,29908.744140625,10972789818,0.0039181140710413676,0.014560639336874496,0.005341245643235432,30359.17978515625,28876.9930859375,1.0513275982304593,44.36976230855903,185.91281209825684,376.288342873719
2023-07-22,29908.697265625,29991.615234375,29664.12109375,29771.802734375,7873300598,-0.004578641136054662,0.014573208701121276,0.005429438682906928,30316.7314453125,28927.43734375,1.0480268640824717,43.386873060346545,143.599494824477,329.7505732638706
2023-07-23,29790.111328125,30330.640625,29741.52734375,30084.5390625,9220145050,0.010504447141318263,0.014177139257300634,0.006227588103637388,30263.13642578125,28987.625546875,1.044001909602553,48.950060458805694,133.75920125728226,290.55229886255296
2023-07-24,30081.662109375,30093.39453125,28934.294921875,29176.916015625,15395817395,-0.03016908602087709,0.01539886364026352,0.015446393240875104,30183.103125,29028.7825390625,1.039764691625775,37.089904572204915,52.12227006495232,242.86629310303283
2023-07-25,29178.970703125,29353.16015625,29062.43359375,29227.390625,10266772793,0.0017299501204297574,0.015359509532247078,0.015737447781614705,30118.76435546875,29098.1283984375,1.0350756565183779,34.97336073428254,-8.405809979638434,192.61187248649858
2023-07-26,29225.759765625,29675.552734375,29113.912109375,29354.97265625,13497554655,0.004365152978824893,0.014828769524439093,0.015792855493884293,30091.04609375,29140.4521875,1.0326211103428848,38.57091486168442,-45.55481823417722,144.97853434236342
2023-07-27,29353.798828125,29560.966796875,29099.3515625,29210.689453125,10770779217,-0.004915119656712763,0.014403228491673014,0.015798626150256873,30034.46728515625,29197.746015625,1.028657050071039,18.494010987100594,-85.65079454346778,98.85266856519716
2023-07-28,29212.1640625,29521.513671875,29125.845703125,29319.24609375,11218474952,0.0037163327075591113,0.014456055178379614,0.014512477303407335,29985.8025390625,29253.9666015625,1.0250166395370435,30.192415166008303,-107.42915457019626,57.596303938118474
2023-07-29,29319.4453125,29396.84375,29264.166015625,29356.91796875,6481775959,0.001284885528077373,0.014456822457727012,0.0036751291801721216,29945.08671875,29311.4974609375,1.0216157246369575,31.67028778553012,-120.26254456754396,22.02453423698598
2023-07-30,29357.09375,29443.169921875,29059.501953125,29275.30859375,8678454527,-0.002779902682116475,0.014290905322063136,0.004057221921805664,29888.12861328125,29379.978828125,1.0172957845929353,31.244094085358142,-135.45683109461243,-9.471738829333711
2023-07-31,29278.314453125,29489.873046875,29131.578125,29230.111328125,11656781982,-0.0015438698273756435,0.014147783761835727,0.003396331762023208,29818.58662109375,29445.7776953125,1.012660861928622,31.958681171197796,-149.42299892385563,-37.46199084823811
2023-08-01,29230.873046875,29675.732421875,28657.0234375,29675.732421875,18272392391,0.015245275282999904,0.014608492450466153,0.007198702351238525,29782.79091796875,29521.24234375,1.0088596736943938,46.64420407994613,-123.11420556872326,-54.59243379233514
2023-08-02,29704.146484375,29987.998046875,28946.509765625,29151.958984375,19212655598,-0.01764989082843693,0.012214595285270502,0.011723619796637238,29666.58642578125,29585.906953125,1.0027269562087138,37.946291190286985,-142.88138863158383,-72.25022476018489
2023-08-03,29161.8125,29375.70703125,28959.48828125,29178.6796875,12780357746,0.0009166006009861949,0.00954079685490718,0.011706122753242109,29608.8169921875,29666.98703125,0.9980392333403718,39.996215466128426,-154.60865387449303,-88.72191058304652
2023-08-04,29174.3828125,29302.078125,28885.3359375,29074.091796875,12036639988,-0.0035843942133476636,0.009546801016138145,0.011739395297145449,29547.73125,29736.9409765625,0.9936372161914158,36.33231627359546,-170.37795377135626,-105.0531192207085
2023-08-05,29075.388671875,29102.46484375,28957.796875,29042.126953125,6598366353,-0.0010994270766331304,0.009548457764313921,0.011738989848412412,29487.38095703125,29791.2342578125,0.9898005803266924,37.62591233864739,-183.34109132563754,-120.71071364169434
2023-08-06,29043.701171875,29160.822265625,28963.833984375,29041.85546875,7269806994,-9.347950838400898e-06,0.009552094667302639,0.007658277858077856,29432.179296875,29841.8578515625,0.9862716806465168,30.22176941315945,-191.42969538439866,-134.85450999023521
2023-08-07,29038.513671875,29244.28125,28724.140625,29180.578125,13618163710,0.004776645775930843,0.00947657319328898,0.0030624001956198756,29398.380078125,29898.74515625,0.9832646796542762,50.09807275272173,-184.5191909958594,-144.78744619136006
2023-08-08,29180.01953125,30176.796875,29113.814453125,29765.4921875,17570561357,0.020044635853149417,0.010582746628387246,0.009455584313633133,29390.95849609375,29957.0344140625,0.9811037397712833,61.20355640572695,-130.34238409890168,-141.8984337728684
2023-08-09,29766.6953125,30093.435546875,29376.80078125,29561.494140625,18379521213,-0.006853508270246889,0.01065434990534041,0.010197279162821864,29379.432421875,29981.71453125,0.9799116855459604,54.16728082157769,-102.68413304317437,-134.0555736269296
2023-08-10,29563.97265625,29688.564453125,29354.447265625,29429.591796875,11865344789,-0.004461964714047806,0.010643099165504256,0.01066598182547413,29355.4748046875,29969.7604296875,0.9795031519707612,54.439288243598014,-90.36649786512135,-125.31775847456795
2023-08-11,29424.90234375,29517.7734375,29253.517578125,29397.71484375,10195168197,-0.001083159880198692,0.010605605820939891,0.010744676250756218,29336.77041015625,29959.4691015625,0.9792152961958269,51.642408276795834,-82.2290022015186,-116.7000072199581
2023-08-12,29399.787109375,29465.11328125,29357.587890625,29415.96484375,6194358008,0.0006207965516027425,0.010287511832952668,0.010683606132316895,29303.34169921875,29933.8790234375,0.9789356627076278,51.2460247721199,-73.46054830893263,-108.052115437753
2023-08-13,29416.59375,29441.43359375,29265.806640625,29282.9140625,7329897180,-0.004523080645381872,0.007756942065524328,0.0029896742378078657,29308.6416015625,29908.5633984375,0.9799414706456164,50.15708250906028,-76.3672573154945,-101.71514381330131
2023-08-14,29283.263671875,29660.25390625,29124.10546875,29408.443359375,14013695304,0.004286776125049352,0.0078042387539580165,0.0037072913014385357,29317.69423828125,29887.12703125,0.9809472221142785,53.56495284263857,-67.76057821304857,-94.92423069325078
2023-08-15,29408.048828125,29439.12109375,29088.853515625,29170.34765625,12640195779,-0.008096168172366025,0.007961623523317246,0.004755823869279401,29308.46298828125,29865.1113671875,0.9813612488477832,38.982997446253385,-79.23864266169767,-91.78711308694017
2023-08-16,29169.07421875,29221.9765625,28701.779296875,28701.779296875,14949271904,-0.016063173634291772,0.008662233644263292,0.007901659419729635,29283.01748046875,29825.383671875,0.9818152819969356,39.944402175051124,-124.70709626634562,-98.37110972282127
2023-08-17,28699.802734375,28745.947265625,25409.111328125,26664.55078125,31120851211,-0.07097917151940503,0.01783698994528774,0.029921479776600618,29150.28271484375,29756.949765625,0.9796125928376548,20.414779716364478,-321.4233207498619,-142.98155192822944
2023-08-18,26636.078125,26808.1953125,25668.921875,26049.556640625,24026236529,-0.02306411031148714,0.018242151877638668,0.02879488603454726,28984.9146484375,29669.0338671875,0.9769416415171307,18.22544849876641,-520.9421366685747,-218.57366887629848
2023-08-19,26047.83203125,26249.44921875,25802.408203125,26096.205078125,10631443812,0.0017907574452629138,0.018310414861765236,0.028224243809515073,28825.95947265625,29581.4129296875,0.9744618873065023,19.146517182325994,-667.6023918850151,-308.37941347804184
2023-08-20,26096.861328125,26260.681640625,26004.314453125,26189.583984375,9036580420,0.00357825614760654,0.018405216145041113,0.030207804887732857,28673.93310546875,29493.403046875,0.9722151445154079,20.698800353934715,-767.4501162211454,-400.19355402666264
2023-08-21,26188.69140625,26220.201171875,25846.087890625,26124.140625,13371557893,-0.002498831574187843,0.017779223126688806,0.03134383526584585,28496.353515625,29403.47046875,0.969149323577668,18.121456968644083,-842.1530728879552,-488.5854577989212
2023-08-22,26130.748046875,26135.5078125,25520.728515625,26031.65625,14503820706,-0.0035401882238949023,0.017579693837988058,0.010654568835448144,28340.33837890625,29300.9748046875,0.967214864618512,6.597930748267075,-898.4615153147934,-570.5606693020957
2023-08-23,26040.474609375,26786.8984375,25804.998046875,26431.640625,16985265785,0.015365306423789304,0.018144723549396904,0.0075447016670069375,28202.98642578125,29214.0559765625,0.965390990159244,15.204020346664564,-900.4313532239757,-636.5348060864717
2023-08-24,26431.51953125,26554.91015625,25914.92578125,26162.373046875,12871532023,-0.01018731988472621,0.01818205450291517,0.0096174122928167,28057.40048828125,29127.0201171875,0.9632774096147556,14.753406843100223,-913.193382282745,-691.8665213257265
2023-08-25,26163.6796875,26248.103515625,25786.8125,26047.66796875,12406045118,-0.004384352975912553,0.01815883758428207,0.009648457849497577,27907.6775390625,29049.78671875,0.9606844211716593,14.494379045352659,-921.935623449499,-737.8803417504811
2023-08-26,26047.234375,26107.384765625,25983.87890625,26008.462890625,6034817316,-0.0015051281432193475,0.018139126026914927,0.009621326065089697,27756.00791015625,28963.1106640625,0.9583227517269398,14.045145508015779,-921.4060394453918,-774.5854812894634
2023-08-27,26008.2421875,26165.373046875,25965.09765625,26089.693359375,6913768611,0.0031232321991347956,0.018094309750541278,0.009617086011062108,27601.463671875,28879.0537109375,0.9557606682043521,15.933627907383794,-904.0108460439369,-800.4705542403582
2023-08-28,26089.615234375,26198.578125,25880.599609375,26106.150390625,11002805166,0.0006307866874213364,0.017152469996108914,0.00512473725110122,27418.49658203125,28797.75203125,0.9521054474070739,13.930585575937656,-878.7672037516968,-816.129884142626
2023-08-29,26102.486328125,28089.337890625,25912.62890625,27727.392578125,29368391712,0.062101924766441385,0.022991335606185992,0.028147354080318543,27326.79150390625,28744.01046875,0.9506951555565106,37.89637375984985,-719.6451191494962,-796.8329311440001
2023-08-30,27726.083984375,27760.16015625,27069.20703125,27297.265625,16343655235,-0.015512708305083889,0.02316188028871961,0.030135854548735568,27220.1751953125,28677.5367578125,0.9491810759477807,38.14235355923473,-621.0878568853877,-761.6839162922777
2023-08-31,27301.9296875,27456.078125,25752.9296875,25931.47265625,20181001451,-0.0500340578984273,0.02537409065360114,0.04065351608875375,27046.8630859375,28588.33328125,0.9460804454688693,43.01958123736281,-645.7448499760685,-738.4961030290359
2023-09-01,25934.021484375,26125.869140625,25362.609375,25800.724609375,17202862221,-0.005042060225742162,0.02532852841031512,0.04066379434798935,26866.10107421875,28474.826796875,0.9435035818081674,47.38990017856572,-668.1341349120557,-724.4237094056399
2023-09-02,25800.91015625,25970.28515625,25753.09375,25868.798828125,10100387473,0.0026384615075991658,0.025404403775650966,0.04070086954978919,26695.3953125,28385.52140625,0.9404581628231826,47.62531776100457,-672.631111244671,-714.0651897734461
2023-09-03,25869.47265625,26087.1484375,25817.03125,25969.56640625,8962524523,0.0038953327054152,0.025396316739886682,0.022197967844096108,26523.45146484375,28298.9966015625,0.937257664583743,47.70601361701227,-660.4506322104535,-703.3422782608477
2023-09-04,25968.169921875,26081.525390625,25657.025390625,25812.416015625,10680635106,-0.006051329012069284,0.025391079580613363,0.022313054542286322,26355.5548828125,28210.262265625,0.9342541602290414,46.81082938857396,-655.9172324219871,-693.8572690930756
2023-09-05,25814.95703125,25858.375,25589.98828125,25779.982421875,11094740040,-0.0012565113521479931,0.025291347423804275,0.004443800519988074,26209.4650390625,28122.944140625,0.9319602139806413,47.3931618571413,-647.4778784433147,-684.5813909631235
2023-09-06,25783.931640625,25953.015625,25404.359375,25753.236328125,12752705327,-0.0010374752516241204,0.019970725770820465,0.003897195547522425,26163.89931640625,28040.8776171875,0.9330627833263404,42.38423519165978,-635.6207752156552,-674.7892678136299
2023-09-07,25748.3125,26409.302734375,25608.201171875,26240.1953125,11088307100,0.018908652030005024,0.019795453785985666,0.009619951590625753,26173.43125,27967.403046875,0.9358549024423828,50.83292256840751,-580.2417494294168,-655.8797641367873
2023-09-08,26245.208984375,26414.005859375,25677.48046875,25905.654296875,10817356400,-0.012749181613965876,0.020013249554362126,0.011815211890380276,26163.9037109375,27889.6758203125,0.9381214711675461,48.54835521784355,-556.9282148099519,-636.0894542714203
2023-09-09,25905.42578125,25921.9765625,25810.494140625,25895.677734375,5481314132,-0.0003851113886439439,0.01999371234119155,0.011406792290492558,26149.2083984375,27809.4144921875,0.9403005735983256,48.84019490092268,-533.1117158652451,-615.4939065901854
2023-09-10,25895.2109375,25978.130859375,25640.26171875,25832.2265625,7899553047,-0.0024502611024840304,0.019993443873398555,0.011470194744613717,26134.6126953125,27730.62296875,0.942445927910236,47.34267146756911,-513.4383504499856,-595.0827953621455
2023-09-11,25831.71484375,25883.947265625,24930.296875,25162.654296875,14600006467,-0.02592003689674205,0.02079039310120788,0.01655267247904739,26091.16259765625,27632.1852734375,0.9442308792977508,41.418990308949745,-545.5867679613948,-585.1835898819953
2023-09-12,25160.658203125,26451.939453125,25133.078125,25833.34375,18657279324,0.026654161568650414,0.02141598952928971,0.01940927170751195,26061.24775390625,27565.313828125,0.9454362796811642,29.17267841855883,-511.05446897646834,-570.3577657008899
2023-09-13,25837.5546875,26376.11328125,25781.123046875,26228.32421875,13072077070,0.01528956036711282,0.021593219976014114,0.01992127675724887,26064.5453125,27505.3325,0.9476178960025297,38.15415370177015,-446.6668529600538,-545.6195831527227
2023-09-14,26228.27734375,26774.623046875,26171.451171875,26539.673828125,13811359124,0.011870739692642074,0.02171140584667588,0.020208293134496257,26089.14560546875,27449.0265234375,0.950457954608787,58.79554335109583,-366.29348863283667,-509.7543642487455
2023-09-15,26533.818359375,26840.498046875,26240.701171875,26608.693359375,11479735788,0.0026006171627044328,0.021704304784371756,0.019860459790280297,26119.15712890625,27396.9866015625,0.9533587583466798,61.896901191990814,-293.642787722536,-466.53204894350364
2023-09-16,26606.19921875,26754.76953125,26473.890625,26568.28125,7402031417,-0.001518755875352329,0.021709318414496366,0.011084651788615578,26143.0865234375,27341.9673046875,0.9561523584645476,60.38408968471522,-236.60012436435136,-420.5456640276732
2023-09-17,26567.927734375,26617.998046875,26445.07421875,26534.1875,6774210670,-0.0012832501161511578,0.021715860402952404,0.007746694424314605,26164.48837890625,27285.5126953125,0.9589150356482459,58.55130201431221,-191.93201062942535,-374.82293334802364
2023-09-18,26532.994140625,27414.734375,26415.515625,26754.28125,15615339655,0.008294723552398242,0.016445872119497967,0.005931285823879569,26115.8328125,27235.0921484375,0.9589037800996861,63.997861286676404,-137.19102966184073,-327.2965526107871
2023-09-19,26760.8515625,27488.763671875,26681.60546875,27211.1171875,13807690550,0.017075246134672373,0.016614067090479426,0.00781651355757424,26111.525390625,27194.712265625,0.9601692099397874,68.88678102406145,-56.296613323571364,-273.09656475334396
2023-09-20,27210.228515625,27379.505859375,26864.08203125,27132.0078125,13281116604,-0.00290724465500225,0.011789545865423422,0.008594520296175912,26171.5521484375,27143.8377734375,0.9641802447717447,67.94768729326998,1.4130403696435678,-218.19464372874643
2023-09-21,27129.83984375,27152.939453125,26389.30078125,26567.6328125,13371443708,-0.02080107760178318,0.012792263287864316,0.014169698869462134,26209.89755859375,27092.15125,0.9674350817229308,54.17809748628302,1.5896859655294975,-174.23777778989123
2023-09-22,26564.056640625,26726.078125,26495.533203125,26579.568359375,10578746709,0.0004492514240630463,0.012791765870900682,0.014149328767623374,26245.43603515625,27040.1690234375,0.9706091708379337,59.370603846183094,2.662090830221132,-138.85780406586875
2023-09-23,26578.556640625,26634.185546875,26520.51953125,26579.390625,7404700301,-6.686879658768241e-06,0.012782001282634861,0.01346512454710999,26275.92724609375,26990.275,0.9735331428113922,59.53283106791041,3.4577786136069335,-110.39468752997361
2023-09-24,26579.373046875,26716.05859375,26221.05078125,26256.826171875,8192867686,-0.01213588594546644,0.013034562857501477,0.009191888072939214,26298.14775390625,26934.568984375,0.9763715828963907,55.521151270325745,-21.689861447710427,-92.65372231352097
2023-09-25,26253.775390625,26421.5078125,26011.46875,26298.48046875,11997833257,0.0015864178176880905,0.013024908695071571,0.009894727004029024,26324.07265625,26879.701484375,0.9793290551069556,67.65190289530508,-37.822400645920425,-81.68745798000087
2023-09-26,26294.7578125,26389.884765625,26090.712890625,26217.25,9985498161,-0.0030887894396227633,0.013050484840995106,0.005583763920084205,26347.27333984375,26820.434921875,0.9823581689331468,57.30461927236241,-56.510753357953945,-76.65211705559149
2023-09-27,26209.498046875,26817.841796875,26111.46484375,26352.716796875,11718380997,0.005167086436411061,0.012402208801601658,0.006550974756514212,26352.8994140625,26752.1794140625,0.9850748608619859,52.6261794076922,-59.702159824842965,-73.26212560944178
2023-09-28,26355.8125,27259.5,26327.322265625,27021.546875,14079002707,0.02537992888096885,0.01319787995277992,0.013901397626595612,26408.69404296875,26701.38046875,0.9890385283216425,58.83911611346731,-8.168216666992521,-60.24334382095193
2023-09-29,27024.841796875,27225.9375,26721.763671875,26911.720703125,10396435377,-0.004064392478456136,0.013261205844932714,0.011985549736924348,26459.49619140625,26651.023046875,0.9928135270780456,55.47651891772831,23.539402770544257,-43.48679450265269
2023-09-30,26911.689453125,27091.794921875,26888.96875,26967.916015625,5331172801,0.0020881352448591795,0.013219639053715274,0.01195192078987807,26516.2806640625,26602.4270703125,0.9967617087710715,57.181505043932155,52.59611640086223,-24.270212321949707
2023-10-01,26967.396484375,28047.23828125,26965.09375,27983.75,9503917434,0.037668241913332734,0.013728311473419972,0.01755772331469774,26657.33544921875,26573.7827734375,1.0031441769692182,69.25495295329992,155.79715157246756,11.743260456933756
2023-10-02,27976.798828125,28494.458984375,27347.787109375,27530.78515625,19793041322,-0.016186709920936293,0.013581539883037381,0.022039680752973724,26742.20751953125,26538.7401953125,1.0076668041783945,59.713584016137105,198.74324969469308,49.143258304485634
2023-10-03,27508.251953125,27667.19140625,27216.001953125,27429.978515625,11407814187,-0.003661597010505724,0.013358364997465365,0.020402135241652096,26802.290234375,26499.1708984375,1.0114388233918432,53.005535418578816,222.08404185234394,83.7314150140573
2023-10-04,27429.07421875,27826.658203125,27248.10546875,27799.39453125,11143355314,0.013467601347721292,0.01342303040788131,0.020354746521547656,26865.27626953125,26471.7518359375,1.0148658251268248,58.48816631839803,267.3091988706983,120.44697178538554
2023-10-05,27798.646484375,28091.861328125,27375.6015625,27415.912109375,11877253670,-0.01379463216164356,0.013902601511363761,0.022387391221754163,26905.63720703125,26446.0344921875,1.017378889639561,61.30923025085447,269.10456517288185,150.1784904628848
2023-10-06,27412.123046875,28252.537109375,27215.552734375,27946.59765625,13492391599,0.01935684447622399,0.014430819047071268,0.015981539937522358,26974.55302734375,26471.6754296875,1.0189968179003994,66.0106130624207,309.778362280882,182.09846482648427
2023-10-07,27946.78125,28028.091796875,27870.423828125,27968.83984375,6553044316,0.0007958817661306572,0.014408615633781173,0.013305456545465201,27046.28564453125,26510.06109375,1.0202272091673026,66.1895212494322,339.8893651457729,213.65664489034205
2023-10-08,27971.677734375,28102.169921875,27740.662109375,27935.08984375,7916875290,-0.001206700034343422,0.014372216854741179,0.013029886276119734,27105.32607421875,26546.8387890625,1.0210378075368562,70.96579627087561,356.91491593568935,242.30829909941153
2023-10-09,27934.47265625,27989.470703125,27302.5625,27583.677734375,12007668568,-0.012579594744121514,0.01429270465430224,0.013363003293753235,27123.9541015625,26574.7206640625,1.0206675149832427,64.90207295260431,338.1537414085833,261.4773875612459
2023-10-10,27589.201171875,27715.84765625,27301.654296875,27391.01953125,9973350678,-0.006984500217130485,0.014376840057036034,0.012080252752405053,27136.9046875,26600.0582421875,1.0201821530022466,63.26721910504277,304.23246605790337,270.0284032605774
2023-10-11,27392.076171875,27474.115234375,26561.099609375,26873.3203125,13648094333,-0.018900326735168282,0.014233684682349175,0.008125338365301184,27152.1890625,26616.8915234375,1.0201111966283194,55.41640537907664,232.89098824972825,262.6009202584076
2023-10-12,26873.29296875,26921.439453125,26558.3203125,26756.798828125,9392909295,-0.0043359541366684295,0.014277696298707157,0.007021108813309857,27161.0505859375,26623.3946875,1.0201948663853124,46.88787573084445,165.04747852680157,243.09023191208638
2023-10-13,26752.87890625,27092.697265625,26686.322265625,26862.375,15165312851,0.003945769916393171,0.014298698046408917,0.008612277808826495,27175.1998046875,26637.3947265625,1.0201898527857423,49.419359049610385,118.43487945155721,218.1591614199806
2023-10-14,26866.203125,26969.0,26814.5859375,26861.70703125,5388116782,-2.4866332556272575e-05,0.013982753381064849,0.008689636060635053,27205.44384765625,26653.6755078125,1.0207013978121713,48.733712962518794,80.51206637890937,190.62974241176636
2023-10-15,26858.01171875,27289.169921875,26817.89453125,27159.65234375,7098201980,0.011091823470242623,0.01415592655216116,0.011192584017501797,27248.50244140625,26676.699296875,1.0214345537342484,38.14530485091233,73.65066150570783,167.23392623055466
2023-10-16,27162.62890625,29448.138671875,27130.47265625,28519.466796875,27833876539,0.05006744695824206,0.017743649292194824,0.021944110599395335,27363.61328125,26725.294765625,1.0238844331268528,61.279424367326804,175.91082019900568,168.96930502424487
2023-10-17,28522.09765625,28618.751953125,28110.185546875,28415.748046875,14872527508,-0.0036367703063566736,0.017831676499359156,0.0218146466728514,27466.76484375,26771.48671875,1.0259708447388187,61.23873374359029,245.75063603906165,184.32557122720826
2023-10-18,28413.53125,28889.009765625,28174.251953125,28328.341796875,12724128586,-0.0030759792019486865,0.01715191712255431,0.022694288157193983,27532.10458984375,26783.505703125,1.0279499963528451,56.44494874664034,290.69528507569703,205.59951399690607
2023-10-19,28332.416015625,28892.474609375,28177.98828125,28719.806640625,14448058195,0.013818840741083749,0.017257428929655545,0.021859745984355937,27622.50888671875,26811.9565234375,1.0302310039393325,65.85643573763016,353.82352715482557,235.24431662849
2023-10-20,28732.8125,30104.0859375,28601.669921875,29682.94921875,21536125230,0.033535830870205396,0.018518598593445422,0.023448941211245185,27758.260546875,26886.9860546875,1.0324050635655238,69.10589897951377,476.0826857036591,283.41199044352385
2023-10-21,29683.380859375,30287.482421875,29481.751953125,29918.412109375,11541146996,0.007932597562652743,0.016875871764589614,0.015242451983162266,27854.99365234375,26969.3398046875,1.0328392854282,70.4905803530556,585.2276965173769,343.77513165829447
2023-10-22,29918.654296875,30199.43359375,29720.3125,29993.896484375,10446520040,0.002523007395046406,0.016234616689455823,0.014099618508908745,27978.14921875,27051.8417578125,1.0342419369901121,71.45048482443556,670.0924534623991,409.03859601911546
2023-10-23,30140.685546875,34370.4375,30097.828125,33086.234375,38363572311,0.10309890521346299,0.027251956547841266,0.04133985752824978,28260.96201171875,27194.1751171875,1.0392285072054643,86.48958444773884,975.6277790565,522.3564326265926
2023-10-24,33077.3046875,35150.43359375,32880.76171875,33901.52734375,44934999645,0.02464145540134477,0.027445927037032424,0.04041091195823333,28566.06865234375,27355.95734375,1.044235750677182,89.88042739096166,1268.9266581082156,671.6704777229172
2023-10-25,33916.04296875,35133.7578125,33709.109375,34502.8203125,25254318008,0.017736456610143003,0.0268881601602366,0.041101931482752145,28920.4140625,27530.4141015625,1.0504896132622505,96.26110073429341,1532.2249151788383,843.7813652141016
2023-10-26,34504.2890625,34832.91015625,33762.32421875,34156.6484375,19427195376,-0.010033147199696724,0.027259158297958008,0.044303601058382866,29230.9166015625,27698.48234375,1.0553255676175444,93.65291585697204,1693.436620403074,1013.7124162518961
2023-10-27,34156.5,34238.2109375,33416.88671875,33909.80078125,16418032871,-0.007226928505637331,0.02746648947318574,0.045869797936031166,29527.9646484375,27851.874453125,1.06017872147648,90.89233056734807,1780.752113508639,1167.1203557032447
2023-10-28,33907.72265625,34399.390625,33874.8046875,34089.57421875,10160330825,0.005301518539129857,0.027364853068574408,0.01514690087704757,29835.6888671875,28015.5528515625,1.0649687702137738,91.08537287238389,1843.2091174972302,1302.338108062042
2023-10-29,34089.37109375,34743.26171875,33947.56640625,34538.48046875,11160323986,0.013168432293093613,0.026830036716268126,0.012218791286993826,30183.42900390625,28188.40890625,1.070774484089945,91.23578561879656,1906.947620707695,1423.2600105911727
2023-10-30,34531.7421875,34843.93359375,34110.97265625,34502.36328125,17184860315,-0.0010457086417764438,0.026645381887063134,0.009427279070222703,30538.99619140625,28361.811640625,1.076764650240561,89.24023958858278,1932.2724544685152,1525.0624993666413
2023-10-31,34500.078125,34719.25390625,34083.30859375,34667.78125,15758270810,0.004794395311462418,0.02571291775569846,0.007630066656727374,30928.71923828125,28551.9141796875,1.0832450337177275,90.6762282322701,1943.289384928201,1608.7078764789535
2023-11-01,34657.2734375,35527.9296875,34170.69140625,35437.25390625,22446272005,0.022195613001625203,0.02544831177173584,0.008996020617533698,31362.7419921875,28743.9923828125,1.0911059804949323,92.48090394045377,1991.157569292027,1685.1978150415684
2023-11-02,35441.578125,35919.84375,34401.57421875,34938.2421875,20998158544,-0.014081557224217889,0.026149199117434654,0.01381223090802083,31766.5353515625,28918.1907421875,1.0984966395293767,86.68809371977314,1966.1626755538018,1741.3907871440153
2023-11-03,34942.47265625,34942.47265625,34133.44140625,34732.32421875,17158456701,-0.005893770145759425,0.02634164639471503,0.01362558277475807,32160.0662109375,29082.04375,1.105839276200714,82.71376668917367,1907.7468647126952,1774.6620026577514
2023-11-04,34736.32421875,35256.03125,34616.69140625,35082.1953125,9561294264,0.010073356782761111,0.026347013131359964,0.014068853484906874,32556.193359375,29251.5137890625,1.112974651299864,82.96628304506226,1868.1487313361904,1793.3593483934392
2023-11-05,35090.01171875,35340.33984375,34594.2421875,35049.35546875,12412743996,-0.0009360829177728069,0.025025406510591982,0.014161761485296537,32882.68779296875,29421.1352734375,1.1176553007679642,82.45142369550265,1813.2154058977758,1797.3305598943064
2023-11-06,35044.7890625,35286.02734375,34765.36328125,35037.37109375,12693436420,-0.0003419285416157436,0.024937134038903363,0.008810420873982384,33213.7689453125,29591.1989453125,1.1224205212737366,70.71746345655642,1748.5570337634235,1787.57585466813
2023-11-07,35047.79296875,35892.41796875,34545.81640625,35443.5625,18834737789,0.011593090279608864,0.02472204185080543,0.007575996413808862,33569.52998046875,29764.9845703125,1.1278194988197943,67.93140695505713,1710.3749223759623,1772.1356682096964
2023-11-08,35419.4765625,35994.41796875,35147.80078125,35655.27734375,17295394918,0.005973294692089626,0.024746257385284964,0.005778354223068684,33916.303515625,29933.8677734375,1.1330411349555503,64.73640413138186,1677.857644039621,1753.2800633756815
2023-11-09,35633.6328125,37926.2578125,35592.1015625,36693.125,37762672382,0.029107827327892632,0.02455450384787181,0.012310318432841683,34266.8123046875,30125.0901171875,1.1374841426660824,77.55893013267237,1716.051525111834,1745.8343557229118
2023-11-10,36702.25,37493.80078125,36362.75390625,37313.96875,22711265155,0.01691989303173269,0.024579005353721445,0.011220268769794255,34636.59013671875,30340.0168359375,1.141614071080277,84.2064854655202,1775.945360423546,1751.8565566630386
2023-11-11,37310.0703125,37407.09375,36773.66796875,37138.05078125,13924272142,-0.0047145338500075296,0.024768792025602,0.012574720926561221,34993.7978515625,30551.186484375,1.1454153464533894,80.65610450910793,1788.5986941672163,1759.204984163874
2023-11-12,37133.9921875,37227.69140625,36779.1171875,37054.51953125,11545715999,-0.002249209321512735,0.012135794527357793,0.014060967620926535,35192.212109375,30760.6890625,1.144064492114301,77.30859570426776,1771.465922095529,1761.6571717502054
2023-11-13,37070.3046875,37405.1171875,36399.60546875,36502.35546875,19057712790,-0.014901395821212304,0.012117005328857478,0.01779128785184373,35322.253515625,30965.5996484375,1.140693347348348,69.52077827206887,1693.8078885966825,1748.087315119501
2023-11-14,36491.7890625,36753.3515625,34948.5,35537.640625,23857403554,-0.026428838121854925,0.01339514593796562,0.016103082031743068,35373.99453125,31150.3828515625,1.1355877935694663,57.34427501157623,1536.7047364839527,1705.8107993923911
2023-11-15,35548.11328125,37964.89453125,35383.78125,37880.58203125,27365821679,0.06592844558740318,0.01937034052873283,0.03616692513814919,35560.1912109375,31383.6494921875,1.133080179849373,66.2986503346282,1583.0072253673206,1681.2500845873772
2023-11-16,37879.98046875,37934.625,35545.47265625,36154.76953125,26007385366,-0.04555929205565723,0.022348913134025393,0.04254426972211148,35672.4396484375,31579.690546875,1.1296006715293005,56.97366706271242,1463.5724833201893,1637.7145643339397
2023-11-17,36164.82421875,36704.484375,35901.234375,36596.68359375,22445028430,0.012222842746045792,0.0224326015288711,0.04323444991372945,35797.7951171875,31771.19328125,1.1267375071591608,60.40577816808978,1388.571770367933,1587.8860055407386
2023-11-18,36625.37109375,36839.28125,36233.3125,36585.703125,11886022717,-0.000300039994658885,0.022338246132604846,0.04261251339845321,35900.15625,31964.6729296875,1.1231197744137524,58.72165165238656,1313.110413478069,1532.9308871282049
2023-11-19,36585.765625,37509.35546875,36414.59765625,37386.546875,12915986553,0.021889527372586093,0.022699047435198558,0.040198637145259765,36044.3654296875,32173.045546875,1.1203280515415341,62.448552435840085,1302.9090180403946,1486.926513310643
2023-11-20,37374.07421875,37756.8203125,36882.53125,37476.95703125,20888209068,0.0024182537251242753,0.022702346572328228,0.02594576748585061,36184.82421875,32362.9096875,1.1180955163844923,62.886278439056284,1287.2807119363424,1446.9973530357831
2023-11-21,37469.16015625,37631.140625,35813.8125,35813.8125,25172163756,-0.04437779006078835,0.02470848250843121,0.025448969160535205,36203.6521484375,32528.570234375,1.1129801244746627,51.72646439094335,1127.6939486846022,1383.136672165547
2023-11-22,35756.5546875,37856.98046875,35670.97265625,37432.33984375,24397247860,0.045192824521265385,0.026329126175856532,0.033066731714921985,36328.35703125,32728.6174609375,1.109987523139616,57.325317469927626,1118.9236636020796,1330.2940704528537
2023-11-23,37420.43359375,37643.91796875,36923.86328125,37289.62109375,14214948217,-0.003812712499291715,0.026292967144652058,0.033243389104789245,36456.221875,32918.4219921875,1.1074717337195608,52.65475971506486,1087.9161192941028,1281.8184802211035
2023-11-24,37296.31640625,38415.33984375,37261.60546875,37720.28125,22922957823,0.011549062275727495,0.026313310493840246,0.032177160434909556,36588.126171875,33124.509375,1.1045635652339378,51.83947008774337,1085.5792110693947,1242.5706263907618
2023-11-25,37721.4140625,37892.4296875,37617.41796875,37796.79296875,9099571165,0.0020283973558654633,0.026292628405438556,0.03217695330148309,36725.498046875,33321.51328125,1.1021557675635463,53.00936368620016,1077.4805259381392,1209.5526063002374
2023-11-26,37796.828125,37820.30078125,37162.75,37479.12109375,13744796068,-0.008404730932136117,0.026425906376015617,0.021398770445335728,36847.585546875,33511.71890625,1.099543286632273,51.89910085441892,1033.5150757533847,1174.3451001908668
2023-11-27,37454.19140625,37559.35546875,36750.12890625,37254.16796875,19002925720,-0.006002091789647501,0.026442314607198723,0.007974754645464788,36938.1158203125,33698.10046875,1.0961483082575272,53.463997563769276,969.3462820103014,1133.3453365547537
2023-11-28,37247.9921875,38368.48046875,36891.08984375,37831.0859375,21696137014,0.01548599794884531,0.026587103962982108,0.010500149839056358,37046.90625,33903.0486328125,1.0927308234500415,60.958732799111246,954.0468510063438,1097.4856394450717
2023-11-29,37826.10546875,38366.11328125,37612.6328125,37858.4921875,20728546658,0.0007244373065387055,0.025885268225365896,0.009329832335717615,37105.174609375,34112.3980859375,1.0877328095168788,49.86445408433041,933.3740420886388,1064.663319973785
2023-11-30,37861.1171875,38141.75390625,37531.140625,37712.74609375,18115982627,-0.0038497596002547985,0.025665845358351876,0.009499853356655007,37125.1134765625,34329.1866015625,1.0814446001139086,61.85962395748589,894.9141866877253,1030.713493316573
2023-12-01,37718.0078125,38954.109375,37629.359375,38688.75,23512784002,0.025879947957747618,0.026222932156168714,0.013721277420361748,37202.6484375,34567.825625,1.0762218266512678,64.72768431432831,932.4412305424194,1011.0590407617423
2023-12-02,38689.27734375,39678.9375,38652.59375,39476.33203125,15534035612,0.020356874575942596,0.02649902031510126,0.012773040758382025,37323.7390625,34820.104765625,1.0719019748426095,68.34365451706924,1014.043706362565,1011.6559738819069
2023-12-03,39472.20703125,40135.60546875,39298.1640625,39978.390625,15769696322,0.012717964611113297,0.026207543266327876,0.012628146161699874,37497.5408203125,35082.4384375,1.0688407787592942,67.09588984622995,1106.4714745964375,1030.619074024813
2023-12-04,39978.62890625,42371.75,39978.62890625,41980.09765625,39856129827,0.05006972516793251,0.026968484303977778,0.019719108615703532,37819.663671875,35378.84734375,1.0689908380679958,73.72169169151043,1325.9573641717361,1089.6867320541976
2023-12-05,41986.265625,44408.6640625,41421.1484375,44080.6484375,36312154535,0.05003682455553493,0.025381246257482427,0.01729508662435144,38129.6669921875,35690.0709765625,1.068355034015681,91.62968540750987,1650.3739227230762,1201.8241701879733
2023-12-06,44080.0234375,44265.76953125,43478.08203125,43746.4453125,29909761586,-0.007581629055975703,0.022417807948972843,0.02494609849446542,38509.25078125,35996.684921875,1.069799923654862,86.52013225240744,1859.078681727995,1333.2750724959778
2023-12-07,43769.1328125,44042.58984375,42880.6484375,43292.6640625,27635760671,-0.010372985662227885,0.02285504197904571,0.029738141224234745,38844.0498046875,36295.9713671875,1.0702027894975565,83.51500628305912,1965.2086503873652,1459.6617880742554
2023-12-08,43293.13671875,44705.515625,43125.296875,44166.6015625,24421116687,0.02018673414826888,0.022890340198082375,0.029532205790604785,39223.0947265625,36604.907265625,1.0715255864996056,84.29247196353347,2095.679182523483,1586.865266964101
2023-12-09,44180.01953125,44361.2578125,43627.59765625,43725.984375,17368210171,-0.009976252913108663,0.023105723313171175,0.026542697943225113,39540.0666015625,36885.76796875,1.071959966647875,80.36519705220891,2138.8683516327073,1697.2658838978225
2023-12-10,43728.3828125,44034.625,43593.28515625,43779.69921875,13000481418,0.0012284421841561866,0.02312268406271022,0.012895037921907628,39855.2037109375,37162.9937109375,1.0724433026289713,83.16380115059278,2152.6163964290245,1788.3359864040633
2023-12-11,43792.01953125,43808.375,40234.578125,41243.83203125,40632672038,-0.05792335792051162,0.024871518164806223,0.02883010538815068,40126.7046875,37387.992421875,1.0732511185602636,66.89090767166857,1936.5650160394798,1817.9817923311466
2023-12-12,41238.734375,42048.3046875,40667.5625,41450.22265625,24779520132,0.005004157345118276,0.023224383715701902,0.02976815930189684,40327.598828125,37555.2721875,1.0738199054125814,65.81850478516688,1761.6890839275657,1806.7232506504304
2023-12-13,41468.46484375,43429.78125,40676.8671875,42890.7421875,26797884674,0.03475299863154757,0.02400981445612131,0.03370493203584074,40607.6548828125,37735.056484375,1.0761254564340446,69.57665686204786,1719.51503608856,1789.2816077380564
2023-12-14,42884.26171875,43390.859375,41767.08984375,43023.97265625,25578530178,0.0031062756659134827,0.024005313039941824,0.0337669362160381,40872.839453125,37905.47953125,1.0782831389701495,70.6820821628423,1677.5051495498774,1766.9263161004208
2023-12-15,43028.25,43087.82421875,41692.96875,41929.7578125,19639442462,-0.025432678020983368,0.02505924457913916,0.03505876408494995,41079.4876953125,38060.94171875,1.0793082314901177,62.50545617216665,1538.1867591757036,1721.1784047154774
2023-12-16,41937.7421875,42664.9453125,41723.11328125,42240.1171875,14386729590,0.007401888090740938,0.024845968980508858,0.021335056203792335,41317.5375,38227.548046875,1.0808314843875422,61.071834876024006,1436.2629931084666,1664.1953223940754
2023-12-17,42236.109375,42359.49609375,41274.54296875,41364.6640625,16678702876,-0.02072563201266564,0.025440385355742768,0.024230248495262875,41523.0623046875,38373.04984375,1.0820891869101865,55.392152095987434,1270.2038046727903,1585.3970188498186
2023-12-18,41348.203125,42720.296875,40530.2578125,42623.5390625,25224642008,0.030433584522719714,0.025961726538401085,0.022702259761190332,41762.6849609375,38534.751015625,1.0837668302048622,52.65627706130332,1226.0482717995546,1513.5272694397659
2023-12-19,42641.51171875,43354.296875,41826.3359375,42270.52734375,23171001281,-0.008282083715112631,0.026141056511722487,0.022753088676787676,41983.28671875,38690.114296875,1.085116637201069,41.2674141583708,1149.3209420208077,1440.6860039559745
2023-12-20,42261.30078125,44275.5859375,42223.81640625,43652.25,27868908174,0.032687613405284255,0.026698168323121003,0.023467587345379463,42280.2619140625,38869.803671875,1.0877405574511612,49.587286069595535,1186.3321526127256,1389.8152336873247
2023-12-21,43648.125,44240.66796875,43330.05078125,43869.15234375,22452766169,0.0049688697318006625,0.026355099428255254,0.023516119418003852,42539.28203125,39038.441640625,1.0896767453694125,52.57940828865687,1219.1128361663577,1355.6747541831314
2023-12-22,43868.98828125,44367.95703125,43441.96875,43997.90234375,21028503216,0.002934864092908329,0.026164846403516958,0.0180917532689659,42765.360546875,39219.63484375,1.0904069024928733,49.19125013810939,1241.1733393930917,1332.7744712251235
2023-12-23,44012.19921875,44015.69921875,43351.35546875,43739.54296875,13507796558,-0.005872083923035065,0.026234833045986707,0.01631772465065044,42953.4181640625,39399.77921875,1.0901943872726412,50.06615644942473,1223.7029192500195,1310.9601608301027
2023-12-24,43728.3671875,43945.5234375,42786.91796875,43016.1171875,18830554085,-0.01653939964043194,0.02435001797759263,0.018328357709210947,43005.219140625,39558.45765625,1.0871308359473018,46.50281078284354,1138.3607565966086,1276.440279983404
2023-12-25,43010.57421875,43765.09375,42765.76953125,43613.140625,21115795370,0.013879063861056418,0.02176153480513259,0.011552981954816533,42981.84375,39729.733359375,1.0818558322858112,63.19472996555473,1106.1502679753248,1242.3822775817882
2023-12-26,43599.84765625,43603.17578125,41676.48828125,42520.40234375,30026850982,-0.025055253200995553,0.02241010710408,0.015403909620122731,42920.5416015625,39879.393984375,1.0762586216425216,55.42435178871389,981.1384237651873,1190.133506818468
2023-12-27,42518.46875,43683.16015625,42167.58203125,43442.85546875,25260941032,0.021694364920222586,0.02286037673553746,0.01981654959261068,42928.051171875,40039.37984375,1.072145755988174,52.95357688711833,945.5996107941173,1141.2267276135979
2023-12-28,43468.19921875,43804.78125,42318.55078125,42627.85546875,22992093014,-0.01876027694786908,0.022746817352765375,0.021176134970183252,42851.1138671875,40178.83140625,1.0665097108952206,48.02500114909307,841.9655025028842,1081.374482591455
2023-12-29,42614.64453125,43124.32421875,41424.0625,42099.40234375,26000021055,-0.012396896798793966,0.02280053538049269,0.020685000533329768,42769.784765625,40286.956953125,1.0616285765983478,50.896401802009336,709.0198350097344,1006.903553075111
2023-12-30,42091.75390625,42584.125,41556.2265625,42156.90234375,16013925945,0.0013658151137276864,0.022801467164163508,0.018615137519622866,42688.644921875,40383.815625,1.0570730937927562,49.548220174536354,601.3670204779337,925.7962465556757
2023-12-31,42152.09765625,42860.9375,41998.25390625,42265.1875,16397498810,0.002568622223877659,0.018559875047420363,0.015641508906453577,42739.7126953125,40486.358359375,1.0556571256899847,55.33327472608824,518.8085939732191,844.3987160391843
2024-01-01,42280.234375,44175.4375,42214.9765625,44167.33203125,18426978443,0.0450049945064126,0.020969121771762352,0.02488122837787874,42875.5681640625,40628.614609375,1.055304705225391,58.495664365248366,599.9517427205501,795.5093213754575
2024-01-02,44187.140625,45899.70703125,44176.94921875,44957.96875,39335274536,0.017900939051301412,0.01995652806494022,0.021881619549262536,42978.9294921875,40797.726875,1.0534638271360186,64.10968220119122,719.7591132608213,780.3592797525304
2024-01-03,44961.6015625,45503.2421875,40813.53515625,42848.17578125,46342323118,-0.04692812036242189,0.022813906999671802,0.03345633481490282,42970.1396484375,40943.937578125,1.0494872303487253,46.078247201714696,637.1203306982279,751.7114899416699
2024-01-04,42855.81640625,44770.0234375,42675.17578125,44179.921875,30448091210,0.03108057856532498,0.022991661094441562,0.035454808245397026,43082.6478515625,41069.924375,1.049007236005228,51.3670644637472,671.3503708620119,735.6392661257383
2024-01-05,44192.98046875,44353.28515625,42784.71875,44162.69140625,32336029347,-0.0003900067727314882,0.022976804132092413,0.035632528916543435,43178.7765625,41230.0828125,1.0472638815415916,50.73208418916114,689.1435515930498,726.3401232192007
2024-01-06,44178.953125,44227.6328125,43475.15625,43989.1953125,16092503468,-0.003928567037593367,0.02238332259222865,0.029594146392949394,43310.003125,41377.933046875,1.0466932477254545,51.11752015474028,681.3904458086108,717.3501877370828
2024-01-07,43998.46484375,44495.5703125,43662.23046875,43943.09765625,19330573863,-0.0010479313368322307,0.021464195966481588,0.027816036703190945,43375.9810546875,41525.0809375,1.044573064649129,54.417306843924564,663.8736359825343,706.6548773861732
2024-01-08,43948.70703125,47218.0,43244.08203125,46970.50390625,42746192015,0.06889378335779228,0.026020486245623715,0.0313803694245941,43610.9798828125,41716.760078125,1.0454066854937945,62.989895362639764,884.0866210363747,742.1412261162136
2024-01-09,46987.640625,47893.69921875,45244.71484375,46139.73046875,39821290992,-0.017687130611972357,0.025696842366006604,0.03411600816552369,43735.35390625,41890.015546875,1.0440519855455785,64.29319824016882,980.2705758958036,789.7670960721317
2024-01-10,46121.5390625,47647.22265625,44483.15234375,46627.77734375,50114613298,0.010577584004972662,0.02574904304208211,0.033697853155600574,43873.28515625,42106.29484375,1.0419649916730271,63.024550704597935,1083.3897148780306,848.4916198333117
2024-01-11,46656.07421875,48969.37109375,45678.64453125,46368.5859375,45833734549,-0.005558733892443213,0.0258264325921162,0.03389010940078585,43991.8193359375,42285.019765625,1.0403641663116832,66.02602314470039,1131.1585040107893,905.0249966688074
2024-01-12,46354.79296875,46498.13671875,41903.76953125,42853.16796875,43332698900,-0.07581464687080208,0.031248697380170116,0.052137046684725415,43947.5005859375,42396.290703125,1.0365883396185451,52.57121598299536,875.2612956645462,899.0722564679552
2024-01-13,42799.4453125,43234.66015625,42464.14453125,42842.3828125,20601860469,-0.0002516769882185965,0.03102166838911217,0.034017559489455014,43938.8138671875,42498.732734375,1.0338852723400782,52.3457603392552,663.9371878215898,852.0452427386822
2024-01-14,42842.26171875,43065.59765625,41724.61328125,41796.26953125,17521429522,-0.0244177193838242,0.031317145267961644,0.03414752270423722,43847.9703125,42578.722265625,1.0298094442326584,48.49211646840495,407.35299898085213,763.1067939871162
2024-01-15,41715.06640625,43319.72265625,41705.41796875,42511.96875,22320220558,0.01712351907901466,0.031077855309994865,0.03566138169939145,43847.5486328125,42679.37921875,1.0273708154955847,44.2371769016556,258.7761163537216,662.2406584604373
2024-01-16,42499.3359375,43566.2734375,42085.99609375,43154.9453125,24062872740,0.015124600939588229,0.030875565389591384,0.03851911621823722,43833.153125,42797.394765625,1.024201434808058,43.65792411174334,190.7122888953745,567.9349845474247
2024-01-17,43132.1015625,43189.890625,42189.30859375,42742.65234375,20851232595,-0.009553782672285682,0.030647001563250408,0.017383551220644,43838.89296875,42895.62609375,1.0219898148342317,49.578488725891916,102.32310134088038,474.81260790611583
2024-01-18,42742.3125,42876.34765625,40631.171875,41262.05859375,25218357242,-0.034639725632667706,0.0315335848695752,0.02315666056725143,43797.02578125,42963.697421875,1.0193961043713782,38.481622512318324,-86.20380459315493,362.6093254062617
2024-01-19,41278.4609375,42134.16015625,40297.45703125,41618.40625,25752407154,0.00863620644230223,0.031598416460702716,0.02171144709194676,43770.1009765625,43041.810625,1.0169205324076094,40.218229373320426,-204.50109672559483,249.1872409798904
2024-01-20,41624.58984375,41877.89453125,41446.82421875,41665.5859375,11586690904,0.0011336255217606617,0.03159351055579464,0.019502033324157435,43740.1208984375,43101.34734375,1.0148202688327357,40.97902216679143,-291.0900417384837,141.13178443621555
2024-01-21,41671.48828125,41855.3671875,41497.0078125,41545.78515625,9344043642,-0.0028752933279206916,0.029744821858216416,0.016561093018306737,43609.0435546875,43142.73640625,1.0108084740858012,40.74584302409744,-365.16987531849736,39.87145248527294
2024-01-22,41553.65234375,41651.20703125,39450.1171875,39507.3671875,31338708143,-0.049064374667218136,0.031052245865401507,0.025057025866289565,43336.5134765625,43133.3159375,1.0047109185706224,18.809079988807227,-581.6569917237139,-84.43423635652447
2024-01-23,39518.71484375,40127.3515625,38521.89453125,39845.55078125,29244553045,0.008560013431039293,0.029648153081099728,0.024180566249794443,43186.3822265625,43090.625,1.0022222287693088,22.564929094581885,-717.6632265372173,-211.08003439266307
2024-01-24,39877.59375,40483.78515625,39508.796875,40077.07421875,22359526178,0.005810521700930993,0.02863113634585015,0.023761271185280413,42981.23984375,43010.553515625,0.9993184539728291,20.793662514916832,-797.5732134818463,-328.3786702104998
2024-01-25,40075.55078125,40254.48046875,39545.6640625,39933.80859375,18491782013,-0.0035747525934159974,0.02861611161221227,0.023435182736617103,42769.795703125,42934.30078125,0.9961684463207365,21.010854059898477,-862.5201965469387,-435.20697547778764
2024-01-26,39936.81640625,42209.38671875,39825.69140625,41816.87109375,25598119893,0.04715459322091098,0.030872573527669294,0.034405272738030894,42661.1794921875,42904.784921875,0.9943221850399419,44.52635557767362,-753.359483033295,-498.8374769888891
2024-01-27,41815.625,42195.6328125,41431.28125,42120.0546875,11422941934,0.007250269707417489,0.030942764741616464,0.01965777255490152,42570.02734375,42863.853984375,0.9931451184783313,46.29903306845056,-635.063828408267,-526.0827472727648
2024-01-28,42126.125,42797.17578125,41696.91015625,42035.59375,16858971687,-0.002005242826170095,0.02611994493029411,0.020794704489210836,42323.2818359375,42830.046171875,0.9881680179866285,51.360262234633744,-541.8824777372793,-529.2426933656677
2024-01-29,42030.9140625,43305.8671875,41818.33203125,43288.24609375,20668476578,0.029799801358818767,0.027066612532171287,0.022048709586244827,42180.7076171875,42820.217109375,0.9850652440515654,54.158357707442896,-362.77516443109926,-495.949187578754
2024-01-30,43300.2265625,43838.9453125,42711.37109375,42952.609375,23842814518,-0.007753530092744043,0.026898573845274987,0.02302091610391399,41996.94921875,42854.39265625,0.9799917024987882,48.87922416814883,-245.08917100680264,-445.77718426436377
2024-01-31,42946.25,43717.40625,42298.9453125,42582.60546875,24673628793,-0.00861423582021903,0.02691808261006021,0.015883728520711096,41807.6501953125,42877.0403125,0.9750591433225454,49.109298151639315,-179.60798724409688,-392.5433448603104
2024-02-01,42569.76171875,43243.16796875,41879.19140625,43075.7734375,21423953779,0.011581441842771323,0.021092389308536404,0.016237498822355794,41818.78046875,42880.7409375,0.9752345587895079,61.340130900550655,-86.91721627909283,-331.4181191440669
2024-02-02,43077.640625,43422.48828125,42584.3359375,43185.859375,18603843039,0.0025556346111748063,0.021096666039828498,0.015898115658192564,41835.954296875,42883.978671875,0.9755614006102626,60.111785339891945,-4.523948101043061,-266.03928493546215
2024-02-03,43184.96484375,43359.94140625,42890.80859375,42992.25,11169245236,-0.0044831659668692625,0.020308072530116256,0.008456757020858064,41895.7533203125,42905.228515625,0.9764719771870024,58.399739618113166,44.636114694876596,-203.9042050093944
2024-02-04,42994.94140625,43097.64453125,42374.83203125,42583.58203125,14802225490,-0.009505619472114146,0.020109280851242025,0.008817415388532061,41899.333984375,42912.0978125,0.9763991070175556,56.33891265301136,50.04286593446159,-153.1147908206232
2024-02-05,42577.62109375,43494.25,42264.81640625,42658.66796875,18715487317,0.0017632602500394778,0.019809763366163944,0.007960761947202275,41874.5201171875,42937.977890625,0.9752327001484229,75.32145666337934,59.69839692348614,-110.55215327180133
2024-02-06,42657.390625,43344.1484375,42529.01953125,43084.671875,16798476726,0.009986338686479135,0.01981593993190953,0.0074128750510567025,41891.62109375,42947.200546875,0.9754214607778013,75.66490143704753,100.5661656109296,-68.32848949525514
2024-02-07,43090.01953125,44341.94921875,42775.95703125,44318.22265625,21126587775,0.028630850081180936,0.01892685143676657,0.014947518362475865,42044.429296875,42988.154453125,0.978046855738386,78.99955341498645,229.8419308576631,-8.694405424671473
2024-02-08,44332.125,45575.83984375,44332.125,45301.56640625,26154524080,0.022188248784866804,0.019348899087969756,0.015346813616745862,42228.5873046875,43021.14078125,0.9815775811108217,82.92086798361701,406.950457123814,74.43456708502565
2024-02-09,45297.3828125,48152.49609375,45260.82421875,47147.19921875,39316770844,0.040741037427910465,0.020954399194228614,0.015330784875576367,42502.66796875,43086.70171875,0.9864451506682432,82.8420928998942,688.3030544021458,197.2082645484497
2024-02-10,47153.52734375,48146.171875,46905.3203125,47771.27734375,16398681570,0.013236801662479536,0.02088835733154001,0.01236705149225779,42813.942578125,43162.16921875,0.9919321330014682,83.4947590098402,950.6761015073716,347.90183194023416
2024-02-11,47768.96875,48535.9375,47617.40625,48293.91796875,19315867136,0.010940478338881565,0.016152041906715944,0.012121810607379968,43253.2701171875,43253.25671875,1.000000309767137,85.26150141848811,1187.0972440940022,515.7409143709879
2024-02-12,48296.38671875,50280.4765625,47745.76171875,49958.22265625,34511985805,0.034461993507690414,0.017027237130932793,0.013027888867090416,43758.9037109375,43392.098828125,1.0084532643665245,85.91487854455386,1491.5643565867213,710.9056028141346
2024-02-13,49941.359375,50358.390625,48406.49609375,49742.44140625,35593051468,-0.004319233922406296,0.017353178906222566,0.01839634624595921,44242.1720703125,43514.68484375,1.0167182005149462,87.03831475590084,1695.8957625957046,907.9036347704488
2024-02-14,49733.4453125,52021.37109375,49296.83203125,51826.6953125,39105608050,0.041900916949929146,0.018296398770111178,0.018742892710425726,44836.81640625,43700.810703125,1.0259950715981516,92.48122217343492,2002.9232924449607,1126.9075663053513
2024-02-15,51836.78515625,52820.06640625,51371.62890625,51938.5546875,38564360533,0.0021583350882306007,0.016598944258274892,0.02022668643577783,45342.9005859375,43870.7246875,1.0335571365397793,92.2081483250847,2229.569845261947,1347.4400220966706
2024-02-16,51937.7265625,52537.96875,51641.3671875,52160.203125,28180567298,0.004267512618200353,0.01664797846666037,0.020936501897421987,45844.9080078125,44061.371640625,1.0404784576779507,92.2900748745158,2399.4150842751187,1557.8350345323604
2024-02-17,52161.67578125,52191.9140625,50669.66796875,51662.99609375,20009091006,-0.009532306269177337,0.017035098467443808,0.020312369012814427,46326.278125,44252.643515625,1.0468589997034374,89.7228309673697,2465.4777153763207,1739.3635707011526
2024-02-18,51661.96875,52356.96484375,51233.70703125,52122.546875,17595377311,0.008895163192163213,0.01641877859707495,0.01932411514981232,46767.9931640625,44451.95640625,1.0521020208119989,93.49756414709523,2525.7988964769684,1896.6506358563158
2024-02-19,52134.8125,52483.32421875,51711.8203125,51779.14453125,21362184346,-0.006588364620277343,0.016356453242454924,0.007683383409568621,47209.319921875,44642.235546875,1.057503490664228,90.59586593103487,2516.8811289321457,2020.696734471482
2024-02-20,51777.7265625,52945.05078125,50792.3125,52284.875,33353758256,0.009767068832988945,0.015790907768172664,0.008912490390625761,47694.4333984375,44804.58640625,1.0644989101335478,90.66214015698223,2521.5550392866935,2120.8683954345242
2024-02-21,52273.53515625,52368.81640625,50671.7578125,51839.1796875,28624907020,-0.008524364120598982,0.016344201930319678,0.009673378033706964,48132.6037109375,44942.210625,1.0709887885257425,85.72857443476977,2460.9272228774425,2188.880160923108
2024-02-22,51854.64453125,52009.61328125,50926.29296875,51304.97265625,25413900611,-0.010305082651198116,0.01687320528041558,0.009844516897305278,48538.559375,45111.3465625,1.075972301286811,79.79064561725079,2342.7672363274323,2219.657576003973
2024-02-23,51283.90625,51497.93359375,50561.77734375,50731.94921875,21427078270,-0.011168964874795462,0.01721270048758392,0.008639272670099037,48925.5443359375,45242.387109375,1.0814094361921784,70.36007110192904,2177.782274798774,2211.2825157629336
2024-02-24,50736.37109375,51684.1953125,50585.4453125,51571.1015625,15174077879,0.016540904827679226,0.016762139276301442,0.012941006414534594,49374.9203125,45390.5553125,1.0877796046461399,71.06693088176374,2090.6434488883024,2187.1547023880075
2024-02-25,51565.21484375,51950.02734375,51306.171875,51733.23828125,15413239245,0.003143945229742817,0.01673031911760982,0.011893457256809825,49828.648828125,45545.436171875,1.0940426311889169,69.86220220209381,2011.481275680504,2152.020017046507
2024-02-26,51730.5390625,54938.17578125,50931.03125,54522.40234375,34074411896,0.053914352844811164,0.019420384389933463,0.026822460303930856,50400.5353515625,45757.022265625,1.1014819771046584,73.32754352339882,2149.0341845555304,2151.4228505483115
2024-02-27,54519.36328125,57537.83984375,54484.19921875,57085.37109375,49756832031,0.04700762695380023,0.020643970514521742,0.027970416857246223,51038.8927734375,45959.319609375,1.11052324549701,80.26764092126957,2436.7664871265006,2208.4915778639493
2024-02-28,57071.09765625,63913.1328125,56738.42578125,62504.7890625,83239156760,0.09493531994124749,0.027597606916293614,0.03578055220063245,51899.05390625,46286.62078125,1.1212538964882377,84.52305357656144,3066.7466021792425,2380.142582727008
2024-02-29,62499.18359375,63585.64453125,60498.73046875,61198.3828125,65496611844,-0.020900898468654838,0.028192219779943403,0.04536511509547463,52601.6130859375,46578.032890625,1.129322339770276,77.79108280971637,3421.1573435774917,2588.345534897105
2024-03-01,61168.0625,63155.1015625,60802.52734375,62440.6328125,40186368423,0.020298739001094468,0.028233055560079167,0.042875289527098376,53335.080859375,46899.473828125,1.1372213056128286,79.07309949272673,3758.9388948886262,2822.4642068954095
2024-03-02,62431.65234375,62458.69921875,61657.2890625,62029.84765625,23888473685,-0.006578811548619723,0.02859733208118324,0.04605008430731478,54021.87734375,47283.007421875,1.1425220240698422,79.46150963269388,3947.976463709165,3047.5666582581607
2024-03-03,62031.578125,63230.2109375,61435.0234375,63167.37109375,26253811450,0.01833832389535761,0.02818380737245417,0.04469352630310554,54682.334765625,47689.5071875,1.1466324143512623,80.2235848877105,4141.834246674451,3266.420175941419
2024-03-04,63137.00390625,68537.03125,62386.51953125,68330.4140625,70670471105,0.08173591649219114,0.031863813555639726,0.03931726526741461,55611.7333984375,48220.190078125,1.1532873119814941,85.83843997005798,4658.3834103603585,3544.8128228252076
2024-03-05,68341.0546875,69170.625,59323.91015625,63801.19921875,102802940877,-0.06628402455760396,0.03620557058475963,0.053419338500083804,56210.45859375,48645.9746875,1.1555007162431008,71.23608555404306,4648.695292830962,3765.5893168263588
2024-03-06,63776.05078125,67637.9296875,62848.671875,66106.8046875,68750229073,0.03613733749494208,0.03656155485443104,0.05467449447720323,56918.87109375,49105.011875,1.1591254929057078,74.62066438433914,4772.051246201598,3966.881702701407
2024-03-07,66099.7421875,68029.921875,65655.53125,66925.484375,46989543159,0.012384196927533564,0.036507392971870674,0.05365365022182194,57657.13515625,49588.668515625,1.1627078702079425,76.69317749294797,4879.623079370023,4149.42997803513
2024-03-08,66938.09375,70083.0546875,66230.453125,68300.09375,59202881172,0.020539401213709896,0.036140993024031134,0.053681912336817635,58488.9900390625,50129.42921875,1.1667595452530257,79.22086697537101,5017.950214138793,4323.134025255863
2024-03-09,68299.2578125,68673.0546875,68053.125,68498.8828125,21609650379,0.0029105240064184468,0.03621597113709039,0.039612864624250566,59307.8068359375,50667.03875,1.170540222975583,78.76859215324299,5084.999373554339,4475.507094915559
2024-03-10,68500.2578125,70005.203125,68239.9765625,69019.7890625,35683977532,0.007604594828588107,0.035921638296843396,0.01304773754755531,60169.8390625,51214.1228125,1.174868098059353,79.02437943012393,5121.135830377862,4604.63284200802
2024-03-11,69020.546875,72850.7109375,67194.8828125,72123.90625,65716656765,0.04497430707429584,0.03650576632059852,0.01658954550852128,61161.790625,51825.685234375,1.1801443695033391,79.24390052367914,5338.709230819331,4751.448119770283
2024-03-12,72125.125,72825.65625,68728.8515625,71481.2890625,62554434520,-0.008909905479502545,0.036519961394467025,0.02055026033086864,62143.89609375,52465.163671875,1.1844792190568059,75.54826423719261,5397.069820415127,4880.572459899252
2024-03-13,71482.1171875,73637.4765625,71334.09375,73083.5,48212536929,0.022414410239567806,0.03596980606965135,0.02072889901509126,63232.8224609375,53129.92265625,1.1901546115557735,71.71617219938639,5509.100558612241,5006.27807964185
2024-03-14,73079.375,73750.0703125,68563.0234375,71396.59375,59594605698,-0.0230819028918976,0.03657960060541316,0.026576581501192027,64266.0546875,53756.313046875,1.1955071143264717,70.61305868014752,5399.524136303866,5084.927290974254
2024-03-15,71387.875,72357.1328125,65630.6953125,69403.7734375,78320453976,-0.027911980219644583,0.037987166385420226,0.031245513870594564,65157.68828125,54345.71234375,1.198948094913387,63.6597370926441,5093.169203454796,5086.575673470363
2024-03-16,69392.484375,70046.2734375,64801.39453125,65315.1171875,46842198371,-0.05891115205258901,0.0414385118019205,0.029603869960954297,65836.7822265625,54815.677265625,1.2010575351925616,55.63207743899719,4468.945105599196,4963.04955989613
2024-03-17,65316.34375,68845.71875,64545.31640625,68390.625,44716864318,0.04708722796395115,0.04110645549837219,0.04235416934488707,66530.193359375,55341.088671875,1.2021843978141045,58.39651980529336,4174.2921466741755,4805.298077251739
2024-03-18,68371.3046875,68897.1328125,66594.2265625,67548.59375,49261579492,-0.0123120859035869,0.040598906438183015,0.03880164637655798,67053.3544921875,55851.348671875,1.20056822416454,48.54043630122321,3828.697823907576,4609.978026582907
2024-03-19,67556.1328125,68106.9296875,61536.1796875,61912.7734375,74215844794,-0.08343356981432348,0.040370121899507616,0.04977074171415104,67023.7537109375,56223.83921875,1.1920878161693707,46.614423245941154,3064.7200495302313,4300.926431172372
2024-03-20,61930.15625,68115.2578125,60807.78515625,67913.671875,66792634382,0.09692504638897836,0.04539694867685696,0.07445180035419112,67359.5181640625,56723.06046875,1.1875155819769696,52.86036373080704,2909.940528442232,4022.729250626344
2024-03-21,67911.5859375,68199.9921875,64580.91796875,65491.390625,44480350565,-0.03566706353999505,0.04619969994304179,0.07064844186169493,67512.0560546875,57181.236171875,1.1806680053533678,47.83945051959871,2562.282393362555,3730.639879173586
2024-03-22,65489.9296875,66623.75,62355.37109375,63778.76171875,41401116964,-0.02615044343853401,0.04662744621555722,0.06657289525869199,67599.5017578125,57595.2959375,1.1736983143756852,43.2570151251849,2124.080894515362,3409.3280822419415
2024-03-23,63802.72265625,65976.3984375,63038.4921875,64062.203125,24738964812,0.004444134671348854,0.0464810616039207,0.06698178200344156,67644.243359375,58012.8228125,1.166022270248841,43.3999281295936,1779.165292275924,3083.2955242487383
2024-03-24,64070.75390625,67622.7578125,63825.8515625,67234.171875,27206630673,0.04951388799118828,0.0440570172202715,0.05530662324398692,67589.43125,58497.66125,1.155421085317321,47.537888417683504,1741.6914267917527,2814.9747047573414
2024-03-25,67234.09375,71162.59375,66414.8359375,69958.8125,42700139523,0.04052464020923141,0.042010893068206226,0.03826292112725053,67897.3119140625,59045.165859375,1.1499216053651238,46.98307253876648,1909.8334746113687,2633.9464587281473
2024-03-26,69931.328125,71535.7421875,69335.609375,69987.8359375,36010437368,0.00041486463910467286,0.04139254589596141,0.031033882258265668,68091.3634765625,59591.74921875,1.1426307226963925,47.88275812725071,2022.1194731924188,2511.581061621002
2024-03-27,69991.8984375,71727.6875,68381.9296875,69455.34375,40827113309,-0.007608353371227561,0.041412375139126247,0.025728394189895854,68217.8564453125,60119.16265625,1.1347106884267384,44.69554107185242,2044.5707280842034,2418.1789949136423
2024-03-28,69452.7734375,71546.0234375,68895.5078125,70744.953125,34374900617,0.018567460837021654,0.041369912931200806,0.024697076143143686,68340.0994140625,60647.697265625,1.1268374974691338,49.036086490349426,2141.7356132206914,2362.8903185750523
2024-03-29,70744.796875,70913.09375,69076.65625,69892.828125,25230851763,-0.01204502883045766,0.041498393052510685,0.021636065469146655,68409.7966796875,61139.5225,1.118912838740072,50.74868010134373,2125.4789207980357,2315.408039019649
2024-03-30,69893.4453125,70355.4921875,69601.0625,69645.3046875,17130241883,-0.0035414711944022903,0.04149149028714344,0.011799209879019971,68441.0724609375,61589.484609375,1.1112460657045273,57.51247167561364,2068.7747545603634,2266.081382127792
2024-03-31,69647.78125,71377.78125,69624.8671875,71333.6484375,20050941373,0.02424203264779501,0.040591200912345644,0.016363004816031212,68401.5595703125,62060.73203125,1.102171330107251,55.364054016031204,2135.4553251199104,2239.956170726216
2024-04-01,71333.484375,71342.09375,68110.6953125,69702.1484375,34873527352,-0.022871394296192005,0.040875679183753996,0.020058445107821284,68312.6025390625,62488.896640625,1.093195850967409,53.81534270055757,2033.2141160127794,2198.6077597835288
2024-04-02,69705.0234375,69708.3828125,64586.59375,65446.97265625,50705240709,-0.061047985989492126,0.04263880936999424,0.031073818569934932,67930.776171875,62798.671640625,1.0817231383590284,56.583423355404804,1590.4958515013423,2076.9853781270913
2024-04-03,65446.671875,66914.3203125,64559.8984375,65980.8125,34488018367,0.008156830210526378,0.04249975393963728,0.03282660809628888,67659.987109375,63123.4390625,1.0718678848023988,45.478605587533096,1268.0970181063312,1915.2077061229393
2024-04-04,65975.6953125,69291.2578125,65113.796875,68508.84375,34439527442,0.038314642609167615,0.0430398255863978,0.03980358058243856,67615.240625,63457.08203125,1.0655271005323297,57.02375427534767,1202.720401992221,1772.7102452967956
2024-04-05,68515.7578125,68725.7578125,66011.4765625,67837.640625,33748230056,-0.009797320875087778,0.04083236404646627,0.03685806615893611,67741.366796875,63775.06375,1.0621920671443468,59.929290074102276,1084.2499218231387,1635.0181806020644
2024-04-06,67840.5703125,69629.6015625,67491.71875,68896.109375,19967785809,0.015602971156545964,0.03961934725627702,0.037367957225426005,67766.641015625,64109.781875,1.0570405799813059,61.393227847984726,1063.5112986499444,1520.7168042116405
2024-04-07,68897.109375,70284.4296875,68851.6328125,69362.5546875,21204930369,0.006770270726916605,0.039508679692985695,0.017482159082414447,67857.3390625,64463.773046875,1.052642993967439,55.74976847533091,1072.3526154099673,1431.043966451306
2024-04-08,69362.5546875,72715.359375,69064.2421875,71631.359375,37261432669,0.03270935878474601,0.03449807591248982,0.01952819344051665,68343.268359375,64853.949296875,1.053802722892438,54.632430170366,1248.0462988782529,1394.4444329366954
2024-04-09,71632.5,71742.5078125,68212.921875,69139.015625,36426900409,-0.03479403115822832,0.028686051931769364,0.025708900539124464,68404.535546875,65201.14671875,1.0491308663932408,47.9313116804187,1172.6558508961025,1350.086716528577
2024-04-10,69140.2421875,71093.4296875,67503.5625,70587.8828125,38318601774,0.0209558550176423,0.02762137477803753,0.025829940861209228,68659.36015625,65567.206875,1.0471600580324398,52.64213372643194,1215.8048100166925,1323.2303352262002
2024-04-11,70575.734375,71256.234375,69571.8125,70060.609375,30153382941,-0.007469744331340511,0.026849006208418076,0.02624531415355815,68973.4525390625,65931.63546875,1.0461359262315624,48.34459225785627,1193.6939503816247,1297.323058257285
2024-04-12,70061.3828125,71222.7421875,65254.8359375,67195.8671875,44129299406,-0.04088948430588779,0.0287493839973185,0.03268605456363862,69130.1357421875,66249.453359375,1.0434823570118539,44.05499061779285,934.2408351361228,1224.7066136330527
2024-04-13,67188.375,67931.4296875,60919.10546875,63821.47265625,52869738185,-0.05021729270691988,0.028866692656081452,0.029033959063624434,68959.50078125,66511.243828125,1.0368096702484118,38.71762913723861,451.1365134607622,1069.9925935985946
2024-04-14,63836.23046875,65824.4296875,62205.8515625,65738.7265625,49084320047,0.03004089104268326,0.028135941965973025,0.035841175639676384,68748.496484375,66794.596328125,1.0292523686594581,39.256379113974944,220.43815123976674,900.081705126829
2024-04-15,65739.6484375,66878.6484375,62332.0703125,63426.2109375,43595917654,-0.03517737178558533,0.029038020478216867,0.03255053284505299,68420.415234375,67028.45578125,1.020766694337517,38.25582340519719,-147.29472544325108,690.6064190128129
2024-04-16,63419.296875,64355.66796875,61716.40234375,63811.86328125,42847528078,0.006080330797783695,0.029122223665204224,0.03444099583737386,68138.2412109375,67214.245,1.0137470295312772,46.422054452661214,-402.9616672126285,471.8928017677246
2024-04-17,63831.84765625,64486.36328125,59768.5859375,61276.69140625,41915247049,-0.03972884891052719,0.02967564768915743,0.03425182252406632,67664.828125,67298.07140625,1.0054497359446757,40.53541246096487,-800.9143020209594,217.33138100998775
2024-04-18,61275.31640625,64125.6875,60833.48046875,63512.75390625,36006307335,0.03649124077498622,0.031165764976231445,0.03565744265513567,67345.8244140625,67318.230703125,1.0004098995272053,39.82847567779068,-925.1979697252682,-11.17448913706351
2024-04-19,63510.75,65481.59765625,59651.390625,63843.5703125,49920425401,0.005208661031110617,0.03123843235275397,0.031876230568977,67055.7376953125,67371.134453125,0.9953185179324545,41.754198698842075,-985.6377342972919,-206.06713816910926
2024-04-20,63851.1015625,65442.45703125,63172.40234375,64994.44140625,23097485495,0.018026421268684478,0.030973822548013376,0.028120429152261716,66738.77734375,67422.210625,0.9898633807032635,41.97558000736222,-929.9511066480627,-350.8439318649
2024-04-21,64992.81640625,65723.2421875,64277.72265625,64926.64453125,20506644853,-0.0010431180502996629,0.03066362725373234,0.028245834536593902,66500.0021484375,67480.1465625,0.9854750698688142,40.72473008357105,-881.1325467331626,-456.9016548385526
2024-04-22,64935.6328125,67233.9609375,64548.1796875,66837.6796875,28282686673,0.029433758205850147,0.028241712330084347,0.015797207367057822,66569.5375,67553.552734375,0.9854335531656757,39.82440877554797,-680.3957417800775,-501.6004722268576
2024-04-23,66839.890625,67199.2421875,65864.8671875,66407.2734375,24310975583,-0.006439574982440521,0.02824742861770097,0.01459988674738838,66590.860546875,67515.089921875,0.9863107732498103,43.64500055614401,-549.7039203293098,-511.22116184734807
2024-04-24,66408.71875,67075.3671875,63589.87109375,64276.8984375,30276655120,-0.03208044676017341,0.02769466653401249,0.02371991054095475,66379.26328125,67524.60390625,0.9830381733658122,35.769640410397855,-610.9900554282431,-531.1749405635271
2024-04-25,64275.01953125,65275.20703125,62783.6328125,64481.70703125,32155786816,0.0031863484195515657,0.02767456919062281,0.022014592217503542,66211.4666015625,67492.101953125,0.9810254042398628,37.234744472154254,-635.7054010279389,-552.0810326564095
2024-04-26,64485.37109375,64789.65625,63322.3984375,63755.3203125,24139372950,-0.011265004482557628,0.027417510602776213,0.022444907895092677,65954.4271484375,67428.698671875,0.9781358449373068,41.273648276446956,-705.7701490644176,-582.8188559380112
2024-04-27,63750.98828125,63898.36328125,62424.71875,63419.140625,19530783039,-0.005272966802647994,0.027311890438574536,0.01320366434515599,65657.2564453125,67331.079609375,0.9751404080586071,48.793631123818045,-779.438970613628,-622.1428788731346
2024-04-28,63423.515625,64321.484375,62793.59765625,63113.23046875,17334827993,-0.004823625063903991,0.025901723874084903,0.013343095353820772,65231.35,67223.3665625,0.9703672002108381,41.285521321674395,-852.6773022904963,-668.2497635566069
2024-04-29,63106.36328125,64174.87890625,61795.45703125,63841.12109375,26635912073,0.011533090916022948,0.025253515835331048,0.008836192845628595,64966.4552734375,67119.793203125,0.9679179892111581,51.539056955409556,-842.2752923246226,-703.0548693102102
2024-04-30,63839.41796875,64703.33203125,59120.06640625,60636.85546875,37840840057,-0.050191249309274655,0.02657798609910256,0.022965579489136505,64468.90390625,66890.0521875,0.9638040605131648,40.25950307289871,-1080.1379236354041,-778.4714801752491
2024-05-01,60609.49609375,60780.5,56555.29296875,58254.01171875,48439780271,-0.03929695449375714,0.02752892019743071,0.025965724144748778,63878.5740234375,66625.506640625,0.9587705556671512,40.6393363536905,-1444.2726726836117,-911.6317186769218
2024-05-02,58253.703125,59602.296875,56937.203125,59123.43359375,32711813559,0.014924669552331737,0.02692946404602208,0.029671545823157803,63474.95234375,66346.3053125,0.9567217352160676,35.15015226939815,-1643.7488914799687,-1058.0551532375314
2024-05-03,59122.30078125,63320.50390625,58848.3125,62889.8359375,33172023048,0.06370405294167747,0.029055543976757803,0.046036088284761086,63428.3705078125,66176.17015625,0.9584775056950318,47.38194991310196,-1480.847748967375,-1142.6136723835002
2024-05-04,62891.03125,64494.95703125,62599.3515625,63891.47265625,20620477992,0.015926845790239064,0.028443920062271612,0.04634892944400523,63336.0078125,66065.924140625,0.9586789049932275,46.94728256686009,-1256.4402466544634,-1165.3789872376929
2024-05-05,63892.453125,64610.890625,62955.3046875,64031.1328125,18296164805,0.002185896653241981,0.027287296759542147,0.03682278832430895,63366.25390625,66040.244453125,0.9595096812705929,47.53128762952741,-1055.1630144673763,-1143.3357926836295
2024-05-06,64038.3125,65494.90234375,62746.23828125,63161.94921875,28697928697,-0.013574390387488533,0.027441670447994313,0.02889769151678858,63333.758203125,65935.6709375,0.9605386174527389,39.24933992777193,-954.7791105234428,-1105.6244562515922
2024-05-07,63162.76171875,64390.45703125,62285.98046875,62334.81640625,25930730982,-0.01309542885757653,0.026030089562435747,0.03187540375460894,63386.664453125,65831.395390625,0.9628637533354162,38.359151911677976,-931.2321838092685,-1070.7460017631274
2024-05-08,62332.640625,62986.0859375,60877.12890625,61187.94140625,26088172222,-0.018398626419713127,0.024983363545252955,0.01420725483038291,63270.423828125,65816.89875,0.9613097096606212,40.64439907141188,-993.6600083630256,-1055.328803083107
2024-05-09,61191.19921875,63404.9140625,60648.07421875,63049.9609375,25453338161,0.03043115176709965,0.025960895106498977,0.01996302500168203,63230.743359375,65719.62453125,0.9621287980625708,46.05922828493691,-882.7097657528575,-1020.8049956170571
2024-05-10,63055.19140625,63446.7421875,60208.78125,60792.77734375,27804954694,-0.035799920573900024,0.026738717387057236,0.02446002133956231,63020.66015625,65625.652265625,0.9603052766800535,42.47955955291313,-965.7837966479856,-1009.8007558232428
2024-05-11,60793.35546875,61451.15234375,60492.625,60793.7109375,13842272968,1.5356984674586016e-05,0.02674383687372134,0.02472924428472448,62814.0134765625,65565.95125,0.9580279440628492,43.21992418856179,-1019.7897302222555,-1011.7985507030455
2024-05-12,60793.50390625,61818.15625,60632.6015625,61448.39453125,13800459405,0.010768936188532141,0.0258657447271558,0.025634238821283177,62544.54921875,65513.675078125,0.9546792962563263,45.776700356772395,-998.2550640884438,-1009.0898533801253
2024-05-13,61451.21875,63422.66015625,60769.83984375,62901.44921875,27889181179,0.023646747788683697,0.026574121287346254,0.02604757705554293,62369.2580078125,65427.020625,0.9532645291199595,47.70086071969532,-854.0938541364449,-978.0906535313894
2024-05-14,62900.7734375,63092.125,61123.765625,61552.7890625,28186271527,-0.02144084393922019,0.026049448173098483,0.024043846965898213,62233.0525390625,65258.90015625,0.9536331809156654,52.464878381784885,-838.9991994972806,-950.2723627245678
2024-05-15,61553.98828125,66454.453125,61330.41015625,66267.4921875,39815167074,0.07659609250545496,0.031414605883845335,0.03673101354815191,62322.341796875,65184.49328125,0.9560915282101566,69.16041653863174,-441.50998489968333,-848.5198871595908
2024-05-16,66256.109375,66712.4296875,64613.0546875,65231.58203125,31573077994,-0.01563225228621834,0.03152539313582087,0.03921986571703251,62396.1548828125,65100.018046875,0.9584660151381895,64.4893659685047,-207.6920658713716,-720.3543229019471
2024-05-17,65231.296875,67459.4609375,65119.31640625,67051.875,28031279310,0.02790508695432159,0.03201328112337959,0.039528395101514284,62577.7916015625,65026.156484375,0.962347999402351,60.87720666572202,123.07402849123173,-551.6686526233113
2024-05-18,67066.2109375,67387.328125,66663.5,66940.8046875,16712277406,-0.0016564833198177142,0.03197895689278502,0.04027187489838329,62769.1703125,64967.116015625,0.9661683350297344,58.35828984992684,371.9583905588952,-366.94324398686996
2024-05-19,66937.9296875,67694.296875,65937.1796875,66278.3671875,19249094538,-0.009895869986810912,0.03205199342806784,0.03806285668947181,62891.0326171875,64899.777265625,0.9690485124437944,55.988108967820104,509.8704019730503,-191.5805147948859
2024-05-20,66278.7421875,71483.5625,66086.171875,71448.1953125,43850655717,0.07800174241430358,0.03376281981207094,0.03862825224391975,63431.599609375,64902.068203125,0.9773432706466633,67.96298131028684,1024.5185758505468,51.63930333420071
2024-05-21,71443.0625,71946.4609375,69191.125,70136.53125,46932005990,-0.018358253231772315,0.032494855353620865,0.03919686901466106,64025.7255859375,64910.755859375,0.9863654295544662,66.56463123846649,1311.4233614998666,303.59611496733396
2024-05-22,70135.3203125,70623.6953125,68977.6953125,69122.3359375,32802561717,-0.01446030042296964,0.03291317993770538,0.04032636585053271,64525.670703125,64984.263125,0.9929430234364145,66.94178934948593,1440.3568482735427,530.9482616285758
2024-05-23,69121.3046875,70041.2734375,66356.953125,67929.5625,41895680979,-0.017255976976508713,0.030646613289548166,0.04171650961108467,64777.65703125,65023.238125,0.9962231795765399,60.72562924456308,1429.8087719762989,710.7203636981204
2024-05-24,67928.1328125,69220.296875,66622.671875,68526.1015625,29197308153,0.008781729788116976,0.03054536598956968,0.04103588615755112,65009.3884765625,65023.58328125,0.9997816975938391,68.33693113287431,1452.8376542565093,859.1438218097984
2024-05-25,68526.921875,69579.3203125,68515.8203125,69265.9453125,15473071741,0.010796524727518797,0.03058003033520911,0.014590867386294183,65271.1291015625,65052.149375,1.0033662181598362,69.40888804889887,1513.3425460229773,989.9835666524342
2024-05-26,69264.2890625,69506.2265625,68183.890625,68518.09375,15628433737,-0.010796814497022966,0.030500456560509506,0.013340938911350603,65538.936328125,65044.5890625,1.0076001289692211,66.12700377582838,1483.842920101859,1088.7554373423193
2024-05-27,68512.1796875,70597.8828125,68232.5,69394.5546875,25870990717,0.012791671360530277,0.03026247435132824,0.013855711775889528,65891.9232421875,65045.2290625,1.0130170066566133,65.2118717822334,1513.7378985670657,1173.7519295872687
2024-05-28,69392.1953125,69514.640625,67227.15625,68296.21875,32722265965,-0.015827408107827234,0.03015954088254996,0.013395764348644791,66247.337109375,64978.52625,1.0195266179859688,65.98582320528757,1432.2927738766448,1225.460098445144
2024-05-29,68296.3515625,68852.4609375,67101.4921875,67578.09375,26707072906,-0.01051485738366742,0.02979641715761677,0.013426715793378728,66473.74375,64947.3078125,1.0235026822344468,53.83321558064566,1294.8737414396892,1239.3428270440531
2024-05-30,67576.0859375,69500.5390625,67118.078125,68364.9921875,29509712534,0.011644282841286824,0.028322982533081964,0.013643520207656024,66852.3544921875,64902.85,1.0300372709701886,59.29998606427546,1235.2253863515944,1238.5193389055614
2024-05-31,68362.515625,68999.5625,66633.421875,67491.4140625,27387283769,-0.012778150001159894,0.028614305468503874,0.013968175337763492,67187.2396484375,64851.46609375,1.036017282189286,51.382232947071685,1104.7285581617616,1211.7611827568014
2024-06-01,67489.609375,67839.765625,67386.1953125,67706.9375,11641495604,0.0031933460054698326,0.028592633173618175,0.011749534318465971,67500.166796875,64861.6875,1.0406785484400942,52.39355846833737,1007.0907070653047,1170.8270876185022
2024-06-02,67710.2734375,68409.1640625,67315.5234375,67751.6015625,17110588415,0.0006596674454519835,0.028273893168781948,0.010098399176357548,67742.6744140625,64940.290078125,1.0431532463523976,54.78749332298863,922.6799431627878,1121.1976587273593
2024-06-03,67753.8984375,70230.8203125,67589.8359375,68804.78125,32401285324,0.015544720172089965,0.027720419762599438,0.011004858265570622,68105.2740234375,65001.611171875,1.0477474757257308,38.27196011405096,930.0456166788936,1082.9672503176662
2024-06-04,68804.5703125,71047.40625,68564.640625,70567.765625,33149696545,0.025622992224831664,0.022786101716079137,0.01469841023408597,68320.2876953125,65144.442265625,1.0487508269199397,51.83958749088506,1065.854563260713,1079.5447129062754
2024-06-05,70568.3515625,71735.4140625,70390.7109375,71082.8203125,32810771409,0.007298724608017615,0.0223514300781818,0.01018104952024396,68612.849609375,65289.86140625,1.0508959298052194,58.73515029323472,1201.1980769557413,1103.8753857161687
2024-06-06,71082.84375,71625.734375,70119.125,70757.1640625,25223152007,-0.004581363662391591,0.021735623167552294,0.012000257335341977,68798.1140625,65479.470859375,1.0506821933587733,63.65371687511931,1267.5692990591924,1136.6141683847734
2024-06-07,70759.1875,71907.8515625,68507.2578125,69342.5859375,36188381096,-0.01999201273457618,0.02231728974156295,0.01773373362993084,68918.203125,65596.0675,1.0506453473754351,53.65391473383166,1192.280471088292,1147.7474289254772
2024-06-08,69324.1796875,69533.3203125,69210.7421875,69305.7734375,14262185861,-0.0005308786729295578,0.022152335159230922,0.016722274577089895,69069.5734375,65705.3115625,1.0512022817485593,50.19020656328304,1116.7696460844309,1141.551872357268
2024-06-09,69297.4921875,69817.5234375,69160.84375,69647.9921875,13534028500,0.00493781012787653,0.01329176369819362,0.01078759707715005,68979.56328125,65798.382578125,1.0483473997153023,55.61352615003404,1072.1815251146327,1127.677802908741
2024-06-10,69644.3125,70146.0703125,69232.421875,69512.28125,20597699541,-0.0019485261992140401,0.012668135383542714,0.00937170784655045,68948.35078125,65890.0953125,1.0464144945343528,50.63135534634673,1014.2032754931279,1104.9828974256184
2024-06-11,69508.078125,69549.4140625,66123.6015625,67332.03125,37116136345,-0.03136496113771259,0.014136531712708742,0.015278153628412105,68858.835546875,65899.98234375,1.044899150165032,45.3668150795498,783.2977719378687,1040.6458723280684
2024-06-12,67321.375,69977.890625,66902.453125,68241.1875,34497940694,0.013502581655740586,0.01397184911714479,0.016934318479946336,68874.416796875,65936.660625,1.044554215273091,53.128903018604724,665.987716195872,965.7142411016291
2024-06-13,68243.1015625,68365.78125,66304.5625,66756.3984375,28955204146,-0.021757960505889518,0.01465095643893531,0.018703617387564212,68785.931640625,65986.250625,1.0424282481442322,42.878645759837084,448.0438132219715,862.1801555256977
2024-06-14,66747.5703125,67294.6484375,65056.89453125,66011.09375,27403884779,-0.011164543099157487,0.014526563873520778,0.017405247986513477,68623.1890625,66016.838359375,1.0394800897452379,43.371234781172845,212.729625698601,732.2900495602784
2024-06-15,66006.7421875,66402.1875,65871.7734375,66191.0,14121265576,0.0027253941690672523,0.014424758922447285,0.018094344730431772,68506.834375,66065.551953125,1.0369524260329672,43.19002101533403,40.29388475352607,593.8908165989279
2024-06-16,66189.359375,66894.84375,66018.25,66639.046875,13281140541,0.006768999939568809,0.014168499439057364,0.01426463715218719,68369.058984375,66129.950078125,1.0338592257155004,45.176917809100686,-59.522900998359546,463.2080730794704
2024-06-17,66636.515625,67188.3203125,65094.96484375,66490.296875,30006354476,-0.0022321747830370553,0.013787564040710427,0.011452025671787162,68278.762890625,66197.49140625,1.0314403376950096,39.11263174915842,-148.91470862734423,340.7835167381075
2024-06-18,66490.9765625,66556.703125,64066.95703125,65140.74609375,39481285950,-0.02029695827328193,0.014297659826092187,0.010928428812785706,68156.8955078125,66223.48390625,1.0291952565391993,23.438069378692063,-324.91046400758205,207.64472058896956
2024-06-19,65146.66015625,65695.3515625,64693.30078125,64960.296875,21103423504,-0.0027701435671353414,0.013946599919623529,0.010343005922955374,67986.6607421875,66309.952734375,1.0252859177042257,19.019268796188456,-473.49100246494345,71.41757597818695
2024-06-20,64960.296875,66438.9609375,64547.84765625,64828.65625,25641109124,-0.00202647819256907,0.013733458613560423,0.009874623469133469,67853.5228515625,66441.445625,1.0212529575971656,19.40018887751752,-595.0055938208243,-61.867057981615346
2024-06-21,64837.98828125,65007.546875,63378.89453125,64096.19921875,26188171739,-0.011298352821403679,0.013831389744677096,0.008031467284629603,67672.9859375,66540.9009375,1.0170133704841677,20.869729678379002,-741.8582636857464,-197.8652991224416
2024-06-22,64113.86328125,64475.46875,63929.7578125,64252.578125,9858198793,0.0024397531859308152,0.013859474381289778,0.009038831445936178,67498.034765625,66568.15578125,1.013968825986868,22.310073205188573,-835.9848784524365,-325.48921498844066
2024-06-23,64248.96484375,64491.703125,63180.796875,63180.796875,11170471802,-0.01668075089399379,0.01351325500508832,0.007739164825326783,67216.835546875,66553.942265625,1.0099602406511745,17.185495673628083,-985.702127874174,-457.53179756558745
2024-06-24,63173.3515625,63292.52734375,58601.69921875,60277.4140625,43152133651,-0.04595356431233677,0.014639533657267768,0.019017551622890348,66702.31796875,66478.867890625,1.003361219665964,13.41712284506771,-1323.3777798100127,-630.7009940144726
2024-06-25,60266.28125,62258.26171875,60239.75,61804.640625,29201215431,0.025336630415439876,0.016098154703853097,0.026169863478244706,66238.408984375,66451.72171875,0.9967899592537597,26.909208757911998,-1451.0272083374075,-794.7662368790596
2024-06-26,61789.67578125,62434.13671875,60695.1875,60811.27734375,22506003064,-0.016072632592061153,0.01621775857061163,0.02635061576304446,65741.1146484375,66421.2509375,0.9897602607680113,19.17824068447534,-1613.744176675551,-958.561824838358
2024-06-27,60811.2265625,62293.86328125,60585.33203125,61604.80078125,21231745045,0.013048951973404943,0.01654907413481945,0.027997162930151212,65354.225390625,66429.588125,0.9838119915428123,27.329230343968305,-1659.5377189441642,-1098.7570036595193
2024-06-28,61612.8046875,62126.09765625,59985.40234375,60320.13671875,24952866877,-0.020853310881755127,0.016832142575961544,0.028377800633325952,64904.9435546875,66374.991640625,0.977852380096757,26.090668322673125,-1778.9840636680747,-1234.8024156612305
2024-06-29,60319.875,61097.62109375,60300.96484375,60887.37890625,12652903396,0.009403861104374522,0.017024346895813555,0.01981312417767201,64466.912890625,66376.883671875,0.9712253622708219,28.42031314320954,-1807.0439704897362,-1349.2507266269317
2024-06-30,60888.4453125,62892.828125,60632.94921875,62678.29296875,17333226409,0.029413551620566913,0.018821002894372024,0.021050009656218702,64125.2134765625,66414.5753125,0.9655292256983443,35.47186669948782,-1665.5701948316128,-1412.5146202678682
2024-07-01,62673.60546875,63777.2265625,62495.51171875,62851.98046875,25468379421,0.002771094932125795,0.01782490119999354,0.01829023353274404,63901.2109375,66442.64703125,0.9617499270829067,36.67894449747325,-1521.892647580018,-1434.3902257302982
2024-07-02,62844.41015625,63203.359375,61752.74609375,62029.015625,20151616992,-0.013093697885290578,0.017495631045843146,0.019722421173084592,63590.60234375,66425.198359375,0.9573264952813657,38.15001024932487,-1457.6308798891114,-1439.038356562061
2024-07-03,62034.33203125,62187.703125,59419.38671875,60173.921875,29756701685,-0.02990687070088416,0.018003404136823102,0.022509640412199813,63261.478515625,66397.621015625,0.9527672459942204,33.83453309923782,-1538.6568495912215,-1458.9620551678931
2024-07-04,60147.13671875,60399.67578125,56777.8046875,56977.703125,41149609230,-0.05311634426354228,0.02095818001129087,0.031394987333321654,62809.808984375,66211.825234375,0.9486192045309485,28.031793195142228,-1839.5732007869883,-1535.0842842917123
2024-07-05,57022.80859375,57497.15234375,53717.375,56662.375,55417544033,-0.005534237213954074,0.020834988799540356,0.022192710264034386,62333.377734375,66040.44109375,0.9438667686348049,28.701803833019255,-2079.5244579826904,-1643.972319029908
2024-07-06,56659.07421875,58472.546875,56038.9609375,58303.5390625,20610320577,0.02896391234041995,0.0221842391264902,0.030414063200230202,61916.60234375,65865.474375,0.9400464041484403,34.292182076745576,-2112.903102275821,-1737.7584756790907
2024-07-07,58239.4296875,58371.12109375,55793.32421875,55849.109375,20553359505,-0.042097439142912196,0.02353756057703801,0.03274632148738216,61384.54296875,65643.64046875,0.9351178961193115,31.958722852227993,-2310.7707547587415,-1852.360931495021
2024-07-08,55849.57421875,58131.3359375,54321.01953125,56705.09765625,39766159899,0.015326802715911692,0.023935703425713616,0.03556860209897055,60962.760546875,65452.175078125,0.9314092384876232,40.22451338650752,-2371.177733501674,-1956.124291896352
2024-07-09,56704.59765625,58239.1953125,56316.875,58009.2265625,27849512607,0.02299844211812685,0.024831475093641364,0.02884565085471969,60615.20703125,65183.395703125,0.9299179089613462,39.485636742582464,-2287.4500948842906,-2022.3894524939399
2024-07-10,58033.8828125,59359.43359375,57178.4140625,57742.49609375,26175260526,-0.004598069730556098,0.024820034061673414,0.02877179346593696,60260.8990234375,64935.515,0.9280114129138346,41.14199454633853,-2217.0613545016167,-2061.3238328954753
2024-07-11,57729.890625,59299.43359375,57120.37890625,57344.9140625,28707803842,-0.006885432015347748,0.024785132336971483,0.02528852393184704,59923.334765625,64699.9665625,0.926172577040503,37.41624627777261,-2168.3637700336913,-2082.7318203231184
2024-07-12,57341.1953125,58532.5546875,56590.17578125,57899.46484375,25604805221,0.009670444019596935,0.024955424176878356,0.012838225799312295,59605.6791015625,64499.364609375,0.9241281594407954,42.52695612493615,-2061.262024495765,-2078.4378611576476
2024-07-13,57908.73828125,59787.078125,57796.44140625,59231.953125,17080061806,0.023013827240820017,0.02554020808811691,0.014404161110274386,59408.2369140625,64313.481640625,0.9237291373219018,45.119982681131305,-1847.5648735102513,-2032.2632636281683
2024-07-14,59225.25,61329.52734375,59225.25,60787.79296875,22223416061,0.026266900915231206,0.024204432259267255,0.015256304332772742,59433.755859375,64143.91859375,0.9265688339964633,44.34868490807599,-1534.9708802337336,-1932.8047869492816
2024-07-15,60815.45703125,64870.15234375,60704.9296875,64870.15234375,38094526099,0.06715755212726138,0.02795973954552156,0.027512774816818172,59587.0314453125,64070.959765625,0.9300162142612668,54.89019836343446,-946.9102130771062,-1735.6258721748468
2024-07-16,64784.41796875,65354.33984375,62487.96875,65097.1484375,41617346768,0.003499237870556282,0.027604913344474152,0.024878909326706347,59801.325,63985.011640625,0.9346145834258359,57.65544279309889,-457.2799710674735,-1479.9566919533722
2024-07-17,65091.83203125,66066.734375,63896.0859375,64118.79296875,32525071311,-0.01502916014346345,0.027821443933045024,0.030686685793237134,59927.024609375,63901.463125,0.9378036382695893,60.29338827559931,-146.50081633266382,-1213.2655168292306
2024-07-18,64104.73828125,65104.66015625,63246.1640625,63974.06640625,27239305337,-0.0022571629283560934,0.027310566249303992,0.0323066553702883,60109.72109375,63829.382578125,0.9417249339703034,71.71344879933255,87.11151149469515,-953.1901111644454
2024-07-19,63972.32421875,67442.640625,63329.34375,66710.15625,37003855410,0.042768734230136385,0.028687468440694957,0.03440191615434993,60400.8599609375,63796.285859375,0.9467770599385367,77.11010812289763,487.4119665703183,-665.0696956174926
2024-07-20,66709.921875,67610.734375,66299.6171875,67163.6484375,19029581250,0.0067979482134701286,0.028113092451723335,0.02157866954062487,60625.127734375,63789.730546875,0.9503900896685159,75.5426461519612,831.659141868091,-365.72392812037583
2024-07-21,67164.9140625,68372.90625,65842.296875,68154.5234375,26652190004,0.014753144342986024,0.028216688915407323,0.021688547325325623,60890.2548828125,63798.682265625,0.9544124223333752,88.74451090341454,1170.935029729677,-58.392136550365215
2024-07-22,68152.9765625,68480.0625,66611.296875,67585.25,42649109453,-0.00835268752223095,0.02808126897080752,0.019943306253555212,61168.0666015625,63795.355234375,0.9588169291767369,84.8868455457544,1377.993356775296,228.88496211476712
2024-07-23,67584.8046875,67779.015625,65484.4609375,65927.671875,35605668666,-0.02452573786440093,0.027756419539428628,0.0253308056415736,61455.7541015625,63737.813046875,0.9641961523901958,74.82747961011323,1392.286459369163,461.5652615656464
2024-07-24,65927.859375,67113.984375,65146.99609375,65372.1328125,27470942309,-0.008426492953570563,0.02443695451543615,0.015232445892182051,61875.4755859375,63633.900390625,0.9723665405720351,73.49641548560264,1343.3017403544509,637.9125573234073
2024-07-25,65375.875,66112.421875,63473.47265625,65777.2265625,38315761670,0.00619673448871394,0.024255948085549064,0.015128402508064022,62331.2181640625,63527.788515625,0.9811646150523846,75.95634631099345,1321.9302882448683,774.7161035076996
2024-07-26,65771.8125,68207.6015625,65743.765625,67912.0625,30488630457,0.032455548053117234,0.024428531056998243,0.02140467129244216,62811.6443359375,63470.886484375,0.9896134718616261,78.08812387583399,1460.4218431362679,911.8572514334132
2024-07-27,67911.8125,69398.5078125,66705.21875,67813.3359375,34691905492,-0.0014537411892032726,0.02157054860932941,0.020992777638128055,63409.8556640625,63440.301484375,0.9995200870802924,75.86345981053849,1544.4080154228577,1038.367404231302
2024-07-28,67808.65625,68301.8515625,67085.828125,68255.8671875,18043166945,0.006525726007755361,0.021545248748343997,0.015478047268688634,63987.394140625,63419.303359375,1.0089576950732309,74.12718448390791,1627.9106943890074,1156.2760622628432
2024-07-29,68259.0546875,69987.5390625,66532.59375,66819.9140625,40780682628,-0.021037797689324123,0.022332042315886,0.019210116680508916,64427.928515625,63362.741796875,1.0168109316065381,57.59840852343601,1560.2323651529368,1237.067322840862
2024-07-30,66819.0546875,66987.671875,65323.19140625,66201.015625,31380492109,-0.009262185475442442,0.022486941272259545,0.020099692654658777,64850.8544921875,63296.516484375,1.0245564541959618,54.17436770715405,1440.0567917895896,1277.6652166306076
2024-07-31,66201.2734375,66810.2109375,64532.046875,64619.25,31292785994,-0.023893373992326827,0.023348514577678822,0.012858722248194081,65214.5712890625,63242.260859375,1.0311865895192,51.80992157482122,1203.3105030657316,1262.7942739176324
2024-08-01,64625.83984375,65593.2421875,62248.94140625,65357.5,40975554494,0.011424614182306447,0.023365354599739586,0.01588762085323028,65587.473046875,63184.587109375,1.0380296215806635,54.79729164109938,1063.004316708677,1222.8362824758415
2024-08-02,65353.5,65523.22265625,61184.89453125,61415.06640625,43060875727,-0.06032105869640059,0.02732823364126118,0.02618645079942993,65696.6287109375,63077.76046875,1.0415180916812183,33.055979368324955,626.4676809821103,1103.5625621770953
2024-08-03,61414.80859375,62148.37109375,59836.52734375,60680.09375,31753030589,-0.011967302150066583,0.026887183070839562,0.026462821408690326,65691.24375,62971.14046875,1.0431960301338337,29.62008505639075,218.68226809398766,926.5865033604737
2024-08-04,60676.09375,61062.98828125,57210.8046875,58116.9765625,31758917219,-0.04223983565450573,0.023470521934625142,0.02757634813851247,65353.5849609375,62809.66,1.0405021291460181,21.28678751428056,-307.7650221242875,679.7161982635214
2024-08-05,58110.296875,58268.828125,49121.23828125,53991.45703125,108991085584,-0.07098647891315102,0.027566810645646096,0.03418399579074788,64798.300390625,62556.708203125,1.0358329626332228,17.688010154103566,-1045.8177047354766,334.60941766372173
2024-08-06,53991.34765625,57059.91796875,53973.2734375,56034.31640625,49300484106,0.03783671505322772,0.029424351429772618,0.043803514009611064,64394.0765625,62347.58859375,1.0328238511690435,26.90680125835962,-1449.1828169837245,-22.149029265767613
2024-08-07,56040.6328125,57726.8828125,54620.5078125,55027.4609375,41637562185,-0.017968550940289485,0.0295203590088178,0.04031840727567949,63946.7462890625,62145.322890625,1.0289872723263178,26.351589803085588,-1829.0136652040455,-383.5219564534233
2024-08-08,55030.02734375,62673.765625,54766.7265625,61710.13671875,45298472567,0.12144256099404904,0.03992219583920264,0.07610571353591794,63696.7453125,62080.3196875,1.02603764982424,42.77588397285965,-1572.6675305167882,-621.3510712660964
2024-08-09,61728.20703125,61751.86328125,59587.859375,60880.11328125,33425553115,-0.013450358103773374,0.03991338262610525,0.07258761247970799,63382.5685546875,62001.348828125,1.0222772528770527,36.902479594273345,-1420.1171005707438,-781.104277127026
2024-08-10,60881.23046875,61464.51171875,60287.56640625,60945.8125,15745822278,0.001079157301276501,0.0396887945552535,0.057792252892868864,63022.1330078125,61938.34109375,1.0174979163943392,37.1929779575562,-1279.1728989683324,-880.7180014952875
2024-08-11,60944.890625,61778.66015625,58348.82421875,58719.484375,22759754812,-0.036529632368097475,0.040314979413264375,0.0632297573758034,62578.8447265625,61827.67921875,1.012149340187181,33.32529188938871,-1331.7678860437227,-970.9279784049746
2024-08-12,58719.39453125,60680.33203125,57688.8984375,59354.515625,37078637820,0.010814659848586317,0.040246454725759405,0.06122108658345716,62250.1869140625,61751.15359375,1.0080813602867333,36.57033347790292,-1307.1401792105535,-1038.1704185660906
2024-08-13,59356.20703125,61572.3984375,58506.25390625,60609.56640625,30327698167,0.021144992390795814,0.040635467659705334,0.022489762132621778,62012.05859375,61757.796640625,1.0041170826511927,40.166488303679365,-1172.8307718858778,-1065.102489230048
2024-08-14,60611.05078125,61687.7578125,58472.875,58737.26953125,29961696180,-0.0308911115194338,0.04103749181574402,0.025580673766030234,61660.0607421875,61696.44921875,0.999410201445573,39.760180235440366,-1203.594026581508,-1092.80079670034
2024-08-15,58733.26171875,59838.6484375,56161.59375,57560.09765625,35682112440,-0.020041310813293967,0.040195089000098196,0.025682159109090483,61142.4625,61631.425625,0.9920663343409395,36.629984665709934,-1307.8855691312929,-1135.8177511865306
2024-08-16,57560.2734375,59847.359375,57110.01953125,58894.10546875,29350938673,0.023175912946963972,0.04076300305860425,0.024766772800590448,60696.5009765625,61577.21171875,0.9856974566141434,45.25271537801087,-1268.2742106545484,-1162.3090430801342
2024-08-17,58893.53125,59694.66796875,58814.83203125,59478.97265625,13589684021,0.00993082725079053,0.04082626571081099,0.024680793746977573,60257.65625,61560.3884375,0.9788381421793234,47.725279025742054,-1176.1303312422388,-1165.0733007125552
2024-08-18,59468.1328125,60262.71875,58445.40234375,58483.96484375,17740625837,-0.016728732324455264,0.04075451992229296,0.02254278240528408,59840.8587890625,61512.32015625,0.9728272098509412,50.738900758791125,-1169.9084810617423,-1166.0403367823926
2024-08-19,58480.7109375,59612.66015625,57864.7109375,59493.453125,25911207712,0.01726094125025579,0.04106870211045835,0.019863344597713665,59505.4806640625,61448.623359375,0.9683777668386766,62.66727461915284,-1071.172542033586,-1147.0667778326313
2024-08-20,59493.453125,61396.328125,58610.8828125,59012.79296875,31613400008,-0.008079210921579816,0.040828115890813706,0.016942169685160133,59225.1578125,61371.839609375,0.9650217133698714,57.38886707462146,-1019.9514906778131,-1121.6437204016677
2024-08-21,59014.98828125,61834.3515625,58823.4453125,61175.19140625,32731154072,0.03664287570061453,0.04170164605482364,0.02109365555767423,59016.0423828125,61354.763125,0.9618820019332036,64.42404153868516,-795.6986378699803,-1056.45470389533
2024-08-22,61168.31640625,61408.109375,59815.25390625,60381.9140625,27625734377,-0.012967304646127387,0.03953352802168488,0.022923183726106335,58964.384765625,61358.92296875,0.9609748983966924,45.69354750871043,-674.2155511217279,-980.0068733406097
2024-08-23,60380.953125,64947.0625,60372.05078125,64094.35546875,42530509233,0.061482671821355916,0.04172641010231848,0.031121447173946642,59135.0978515625,61501.256015625,0.9615266692527166,58.78029448408943,-275.20395444009046,-839.0462895605058
2024-08-24,64103.87109375,64513.7890625,63619.91796875,64178.9921875,21430585163,0.0013205019089592707,0.040323996618760835,0.032127442537889433,59438.1986328125,61651.588359375,0.9640984152158357,58.82289735944342,47.29984336677444,-661.7770629750498
2024-08-25,64176.3671875,64996.421875,63833.51953125,64333.54296875,18827683555,0.0024081210374646833,0.036093126256729544,0.030489088428363308,59955.3029296875,61772.1884375,0.9705873216771203,67.27308389662392,311.7635667240975,-467.06893703522036
2024-08-26,64342.2265625,64489.70703125,62849.55859375,62880.66015625,27682040631,-0.022583597070127692,0.036115772890024524,0.03274860214471901,60297.6201171875,61912.819453125,0.9739117140811139,60.32924775442678,399.5121448049249,-293.7527206671913
2024-08-27,62879.70703125,63210.796875,58116.75,59504.1328125,39103882198,-0.05369739018896724,0.0382063354844915,0.04229829387184793,60521.4537109375,61968.80015625,0.9766439491863145,47.119798806968475,194.35557719240023,-196.13106109527297
2024-08-28,59507.92578125,60236.44921875,57890.67578125,59027.625,40289564698,-0.00800797843742207,0.026557015484182902,0.02327608910344724,60387.328125,61989.168125,0.974159356409334,50.815860742907326,-6.606522956353729,-158.22615346748913
2024-08-29,59027.46875,61184.08203125,58786.2265625,59388.1796875,32224990582,0.006108236397788236,0.02646871536797379,0.024250609552471342,60312.7314453125,62022.081796875,0.972439648879238,55.38373966568031,-135.2179765149849,-153.6245180769883
2024-08-30,59388.6015625,59896.88671875,57768.53125,59119.4765625,32292756405,-0.004524521990973862,0.026476232460752393,0.02316951888444066,60221.4146484375,62057.573046875,0.9704120172883565,50.70815722992998,-255.87599737698474,-174.0748139369876
2024-08-31,59117.48046875,59432.59375,58768.78515625,58969.8984375,12403470760,-0.002530098940268344,0.025145683136350277,0.02359381406611519,60233.9353515625,62078.98171875,0.9702790491064025,48.35540753330186,-359.4248271420729,-211.14481657800468
2024-09-01,58969.80078125,59062.0703125,57217.82421875,57325.48828125,24592449997,-0.027885585694078285,0.025791868345632095,0.012594448146051686,60132.483984375,62040.852421875,0.9692401318969124,46.40818483805161,-567.6348364065489,-282.4428205437136
2024-09-02,57326.96875,59403.0703125,57136.02734375,59112.48046875,27036454524,0.031172733823612075,0.026345208844529743,0.02128633740502717,60057.6296875,62007.346171875,0.968556685542215,48.8731367512776,-581.7414801447376,-342.3025524639184
2024-09-03,59106.19140625,59815.05859375,57425.16796875,57431.0234375,26666961053,-0.02844504270361159,0.02620405770235105,0.02438139222239016,59992.3173828125,61858.56359375,0.9698304308649344,45.63165783468278,-720.2974857926602,-417.90153912966684
2024-09-04,57430.34765625,58511.5703125,55673.1640625,57971.5390625,35627680312,0.00941156177702851,0.025891513588530965,0.025429505413350338,60012.889453125,61716.05140625,0.9724032579156138,40.28197078577714,-777.5261869607784,-489.8264686958892
2024-09-05,57971.703125,58300.58203125,55712.453125,56160.48828125,31030280656,-0.031240343288065575,0.026258923056856842,0.028202183762447194,59876.20859375,61556.8853125,0.9726971774121145,37.93934074921091,-957.9740785516333,-583.4559906670381
2024-09-06,56160.19140625,56976.109375,52598.69921875,53948.75390625,49361693566,-0.03938239218868078,0.027366813698312016,0.030464346373505716,59599.69765625,61356.3790625,0.9713692132245846,18.29519636838242,-1264.8681992732163,-719.7384323882738
2024-09-07,53949.0859375,54838.14453125,53740.0703125,54139.6875,19061486526,0.003539165966313096,0.027265739495804013,0.022101618907306105,59382.4837890625,61104.9696875,0.9718110342375333,18.834420909004038,-1475.666688664518,-870.9240836435229
2024-09-08,54147.93359375,55300.859375,53653.7578125,54841.56640625,18268287531,0.012964221602682846,0.02711003185156456,0.024476258229663043,59149.889453125,60858.528046875,0.9719244180136273,21.50194424389811,-1568.0151457954198,-1010.3422960739023
2024-09-09,54851.88671875,58041.125,54598.43359375,57019.53515625,34618096173,0.039713831911113884,0.028761175779302445,0.03256997569694433,59050.2265625,60635.82828125,0.973850415444225,33.13715335843574,-1448.7577102621362,-1098.0253789115493
2024-09-10,57020.09765625,58029.9765625,56419.4140625,57648.7109375,28857630507,0.011034389872275785,0.02752539857175839,0.028614581526984165,58873.9025390625,60437.0975,0.9741351748247423,43.65947842486252,-1288.621677533636,-1136.1446386359667
2024-09-11,57650.2890625,57991.3203125,55567.33984375,57343.171875,37049062672,-0.005300015516934153,0.02742670319125421,0.016882188181241254,58721.9654296875,60265.4075,0.9743892535645345,44.17567153607648,-1172.8473129738923,-1143.4851735035518
2024-09-12,57343.171875,58534.359375,57330.1015625,58127.01171875,33835707949,0.013669279499548104,0.02336460562464495,0.016146223287200816,58423.5982421875,60120.505078125,0.9717749071846217,45.76327991334945,-1006.2465861054443,-1116.0374560239304
2024-09-13,58130.32421875,60648.0234375,57650.11328125,60571.30078125,32490528356,0.04205082955798245,0.025579112579301292,0.02021850781369571,58243.213671875,60016.3865625,0.9704551874548719,54.255212210486505,-669.2657314523312,-1026.6831111096105
2024-09-14,60569.1171875,60656.72265625,59517.8828125,60005.12109375,16428405496,-0.00934732588201681,0.025593608855266438,0.02030585334848018,58026.792578125,59858.247734375,0.9694034619192796,52.96184692949939,-442.78776363062934,-909.9040416138142
2024-09-15,60000.7265625,60381.91796875,58696.30859375,59182.8359375,18120960867,-0.013703582981947293,0.025314488085818276,0.02295951799769556,57841.9013671875,59685.637734375,0.969109212246456,55.57633456811176,-325.89714303093933,-793.1026618972393
2024-09-16,59185.2265625,59205.51171875,57501.33984375,58192.5078125,32032822113,-0.016733367188517922,0.022600659206565895,0.024796660959652477,57776.3201171875,59484.370546875,0.9712857274274842,47.09919134106528,-309.60277910775767,-696.4026853393431
2024-09-17,58192.5078125,61316.08984375,57628.0703125,60308.5390625,38075570118,0.0363626062794542,0.02399785591659972,0.02892764797717011,57840.3658203125,59354.143046875,0.9744958456334382,58.83120482759679,-124.50808909263287,-582.023766090001
2024-09-18,60309.0,61664.06640625,59218.25390625,61649.6796875,40990702891,0.02223798894564699,0.02443337775982724,0.02398500979514945,57953.4408203125,59263.116328125,0.9779006642080522,60.759594921712164,128.91359070943872,-439.836294730113
2024-09-19,61651.15625,63872.44140625,61609.8671875,62940.45703125,42710252573,0.020937291974474137,0.024728678344454986,0.02366828491667311,58144.48984375,59229.54046875,0.9816805834316328,70.45597151462667,428.9622323269068,-266.076589318709
2024-09-20,62941.42578125,64119.53125,62364.60546875,63192.9765625,35177164222,0.004012038411551844,0.024688978414249056,0.020361415820117044,58355.64375,59186.25,0.9859662294874232,81.63037815241738,679.298626601827,-77.00154613460175
2024-09-21,63184.33984375,63543.359375,62783.10546875,63394.83984375,14408616220,0.003194394254405042,0.023544309155309858,0.013933078303871818,58659.111328125,59225.84546875,0.9904309658031977,81.64410741574439,883.7928881237531,115.15734071706929
2024-09-22,63396.8046875,63993.421875,62440.7265625,63648.7109375,20183348802,0.004004601863112578,0.02274357343059519,0.00979363988634613,58885.9228515625,59285.2178125,0.9932648478715159,81.06399353872837,1054.1893012036235,302.9637328143802
2024-09-23,63643.1015625,64733.55859375,62628.078125,63329.80078125,31400285425,-0.005010473135318549,0.021559674113072958,0.009467310364188308,59180.86171875,59389.474296875,0.9964873812978678,75.61660188361378,1150.2370847282727,472.41840319715885
2024-09-24,63326.83984375,64695.21484375,62737.41796875,64301.96875,29938335243,0.01535087678718594,0.021662546190629874,0.007249117266815373,59497.383203125,59595.68453125,0.9983505294234274,76.27722474107453,1289.9319430056712,635.9211111588614
2024-09-25,64302.58984375,64804.50390625,62945.375,63143.14453125,25078377700,-0.018021597802944433,0.020663856064717486,0.012366555040634032,59846.516015625,59737.86109375,1.0018188619392396,71.46067090929326,1292.237584399576,767.1844058070044
2024-09-26,63138.546875,65790.796875,62669.26953125,65181.01953125,36873129847,0.032273891570151925,0.018461423334976385,0.019232862855430435,60408.129296875,59940.932265625,1.0077942903720556,73.88426206125965,1441.883171424437,902.124158930491
2024-09-27,65180.6640625,66480.6953125,64852.9921875,65790.6640625,32058813449,0.00935309904070647,0.018405636265484495,0.019262355553226227,60990.678125,60022.5428125,1.0161295284594036,70.17937903747818,1591.3277600886431,1039.9648791621216
2024-09-28,65792.1796875,66255.53125,65458.03515625,65887.6484375,15243637984,0.0014741358273548943,0.01848581889159971,0.018471339178348242,61542.9822265625,60122.693515625,1.0236231716825592,73.59954365735437,1698.0158322889401,1171.5750697874853
2024-09-29,65888.8984375,66069.34375,65450.015625,65635.3046875,14788214575,-0.003829909793174213,0.01724763426610028,0.018576830672862178,61973.770703125,60216.483359375,1.029182829114454,77.12652889630438,1742.1227597132238,1285.6846077726332
2024-09-30,65634.65625,65635.0546875,62873.6171875,63329.5,37112957475,-0.035130555094979754,0.019631865018199815,0.024375462610356356,62257.81015625,60308.683671875,1.0323191680816601,69.44540228695331,1572.8873829406439,1343.1251628062355
2024-10-01,63335.60546875,64110.98046875,60189.27734375,60837.0078125,50220923500,-0.039357521968434894,0.02190764587908053,0.02222887684470632,62432.501953125,60338.333515625,1.034707097718529,51.945013767260825,1223.5396353787655,1319.2080573207415
2024-10-02,60836.32421875,62357.6875,59996.94921875,60632.78515625,40762722398,-0.0033568819965540397,0.021809562392226662,0.01952465661287446,62557.790625,60338.797890625,1.03677555423622,45.91552875721931,919.5993974983357,1239.2863253562605
2024-10-03,60632.484375,61469.0390625,59878.8046875,60759.40234375,36106447279,0.0020882627636797935,0.019709186444357762,0.019663815564013774,62567.195703125,60379.240546875,1.0362368777154691,40.33575191952201,681.0903326632542,1127.6471268176592
2024-10-04,60754.625,62465.9921875,60459.94140625,62067.4765625,29585472513,0.021528753876634443,0.020115518009168217,0.025856107743399102,62670.3134765625,60469.388125,1.036397347811968,45.439514625373775,590.8103439586994,1020.2797702458672
2024-10-05,62067.609375,62371.0234375,61689.58203125,62089.94921875,13305410749,0.0003620681473552878,0.019785038211783467,0.022124985499959293,62815.669140625,60533.305,1.037704271072346,44.63463022295262,515.1379681906401,919.251409834822
2024-10-06,62084.98828125,62959.5703125,61833.1484375,62818.953125,14776233667,0.011741093613744757,0.01934110559330179,0.01009485665254778,63046.99140625,60600.104609375,1.0403776002145129,46.716544985086585,508.1341339057908,837.0279546490157
2024-10-07,62819.109375,64443.70703125,62152.55078125,62236.66015625,34253562610,-0.009269383518558882,0.017966475426732215,0.011745478047615663,63143.3974609375,60675.158515625,1.0406795631968044,45.7626333318999,450.40537581760145,759.7034388827329
2024-10-08,62221.64453125,63174.3046875,61843.5625,62131.96875,28134475157,-0.001682150134457161,0.017313676386926696,0.012117577837228841,63167.5119140625,60727.928828125,1.0401723413430108,40.98188845281725,391.6920158389112,686.1011542739686
2024-10-09,62131.7265625,62508.8359375,60314.61328125,60582.1015625,27670982363,-0.024944762232405493,0.017506445187009397,0.01356239275550871,63049.594140625,60759.315,1.037694288367553,39.69182401605468,217.59166453551006,592.3992563262769
2024-10-10,60581.9296875,61236.72265625,58895.20703125,60274.5,30452813570,-0.005077433013489285,0.01746662479337514,0.013263827453174348,62903.6703125,60741.301171875,1.0355996512900887,27.05542673283206,54.17056192416203,484.75351744585396
2024-10-11,60275.4609375,63400.87109375,60046.125,62445.08984375,30327141594,0.036011743668549645,0.019432448802427518,0.022520512934271583,62856.1828125,60782.5646875,1.0341153443534514,36.348003671277226,98.66922334634,407.5366586259512
2024-10-12,62444.6171875,63448.78515625,62443.26953125,63193.0234375,16744110886,0.011977460447594401,0.019612278892300616,0.022572754782738937,62833.3984375,60764.538046875,1.0340471672643843,39.55896090906835,192.07262967886345,364.44385283653367
2024-10-13,63192.9453125,63272.65234375,62035.63671875,62851.375,18177529690,-0.005406426515387475,0.01961761507597453,0.02283638835011117,62809.4771484375,60737.985703125,1.0341053695036502,39.28706714511792,235.80906834759662,338.7168959387463
2024-10-14,62848.3984375,66482.4921875,62442.15234375,66046.125,43706958056,0.050830232433260125,0.02249114502661195,0.02509179502449516,62896.6849609375,60772.23734375,1.0349575350529032,59.78452149748246,522.2400779217132,375.42153233533975
2024-10-15,66050.3671875,67881.6796875,64809.1953125,67041.109375,48863870879,0.015064992457922477,0.0221884102830631,0.02194712857378832,63091.583203125,60855.446328125,1.0367450575079677,75.04734275015645,820.072356614568,464.35169719118545
2024-10-16,67042.4609375,68375.2890625,66758.7265625,67612.71875,38195189534,0.008526251733136592,0.02116428348741155,0.020881182610088846,63213.1681640625,61017.618046875,1.0359822324676922,77.36770216510898,1089.6696492472693,589.4152876024023
2024-10-17,67617.078125,67912.2109375,66647.390625,67399.8359375,32790898511,-0.0031485616380424464,0.021121658935763763,0.022665102707416823,63293.6267578125,61185.062265625,1.0344620796990205,75.86160417765183,1271.4926068740606,725.830751456734
2024-10-18,67419.109375,68969.75,67177.8203125,68418.7890625,36857165014,0.015118035686984221,0.02134267848835495,0.02018138168813555,63420.1837890625,61365.674453125,1.0334797809075962,75.30548313274915,1480.7405567882233,876.8127125230319
2024-10-19,68418.9765625,68668.0078125,68024.640625,68362.734375,14443497908,-0.0008192879217548965,0.021309227251292376,0.008622604687430493,63556.5552734375,61550.539609375,1.0325913578791266,74.92590524128644,1623.335123025383,1026.1171946235022
2024-10-20,68364.1796875,69359.0078125,68105.71875,69001.703125,18975847518,0.009346740674458287,0.019441515165789066,0.007594886890537771,63840.1654296875,61751.175703125,1.0338291490449596,74.74519755709838,1767.5268330627514,1174.3991223113521
2024-10-21,69002.0,69462.734375,66829.8515625,67367.8515625,37498611780,-0.023678423698328066,0.017830280583927417,0.014875689914190738,64166.7076171875,61952.02296875,1.0357483830601406,68.94213268123355,1730.0190529431638,1285.5231084377147
2024-10-22,67360.703125,67801.578125,66581.3671875,67361.40625,31808472566,-9.567341618454961e-05,0.01776210631960859,0.014809299368716843,64503.138671875,62117.001484375,1.038413592583026,69.44586794770339,1680.4031427019727,1364.4991152905664
2024-10-23,67362.375,67402.7421875,65188.03515625,66432.1953125,32263980353,-0.01379441121005398,0.018266957437589014,0.012945258736897492,64786.7783203125,62297.024921875,1.0399658475113351,72.80652168351341,1548.2552961574183,1401.2503514639368
2024-10-24,66653.703125,68798.9609375,66454.1015625,68161.0546875,31414428647,0.02602442034118191,0.018511873635022293,0.019459117600517443,65091.4572265625,62500.815234375,1.0414497312150686,77.67844951395138,1564.9914315295537,1433.9985674770603
2024-10-25,68165.296875,68722.15625,65521.79296875,66642.4140625,41469984306,-0.022280180844656217,0.019468689257356026,0.020590187973200846,65319.08046875,62710.45375,1.041597956365449,65.43724949838618,1439.1240070316053,1435.0236553879695
2024-10-26,66628.734375,67317.921875,66360.59375,67014.6953125,19588098156,0.00558625096700216,0.019383722775138366,0.018648190707682318,65528.867578125,62971.772578125,1.0406070036670412,64.45506929464258,1353.8073039972442,1418.7803851098245
2024-10-27,67023.4765625,68221.3125,66847.2265625,67929.296875,16721307878,0.01364777618155344,0.019271503355724577,0.019777272610467536,65813.4994140625,63247.564765625,1.0405696987377464,68.40881437961514,1344.4953985828906,1403.9233878044379
2024-10-28,67922.671875,70212.265625,67535.1328125,69907.7578125,38799856657,0.029125296867722028,0.019965022187809045,0.020594122696898386,66202.2888671875,63548.88859375,1.0417536849526974,65.35342233940051,1479.7038050407864,1419.0794712517077
2024-10-29,69910.046875,73577.2109375,69729.9140625,72720.4921875,58541874402,0.04023493905417541,0.01995039337271164,0.02398695578369056,66809.2083984375,63862.907734375,1.0461347716317122,69.72890969536604,1793.1512667380885,1493.893830348984
2024-10-30,72715.3671875,72905.296875,71411.734375,72339.5390625,40646637831,-0.005238593875544262,0.019956563081412276,0.018182481825241452,67412.4603515625,64156.724296875,1.0507466066942899,66.64033694706902,1987.9055670224334,1592.696177683674
2024-10-31,72335.046875,72662.3125,69590.5,70215.1875,40627912076,-0.029366396164960396,0.020700409987887705,0.027724775082825354,67800.965234375,64414.164609375,1.052578507313391,58.735532490173995,1948.3727082193218,1663.8314837908035
2024-11-01,70216.8984375,71559.015625,68779.703125,69482.46875,49989795365,-0.010435331387529279,0.020969418820370726,0.028929076293610887,68115.4375,64641.27375,1.0537452860758332,53.36009212236321,1836.7454945334757,1698.414285939338
2024-11-02,69486.0234375,69867.3515625,69033.71875,69289.2734375,18184612091,-0.0027804900426771084,0.020909215622415947,0.025562651389206985,68437.332421875,64815.633203125,1.0558769395556162,52.90173252004472,1712.9451113661198,1701.3204510246949
2024-11-03,69296.3828125,69361.65625,67482.5234375,68741.1171875,34868307655,-0.00791112711687536,0.01808087205138613,0.010581014744207518,68572.08203125,64990.353125,1.055111700952925,49.17922901909563,1552.702203057037,1671.5968014311634
2024-11-04,68742.1328125,69433.1796875,66803.6484375,67811.5078125,41184819348,-0.013523338185854272,0.018136606594917015,0.010060466687246401,68610.601953125,65162.9265625,1.0529085412902415,51.46226055573524,1335.304279703123,1604.3382970855555
2024-11-05,67811.171875,70522.7890625,67458.8671875,69359.5625,46046889204,0.02282879023690776,0.018732506449516736,0.01462273898584797,68697.944140625,65386.26765625,1.05064788988699,55.97826950784297,1273.252670611546,1538.1211717907538
2024-11-06,69358.5,76460.15625,69322.03125,75639.078125,118592653963,0.09053568676993895,0.027285045002721636,0.042957928642214295,69109.90625,65692.8784375,1.0520151939414704,70.8658040696853,1711.056756985825,1572.7082888297682
2024-11-07,75637.0859375,76943.1171875,74480.421875,75904.859375,63467654989,0.003513808689745934,0.027207041757610635,0.04228999033981482,69484.209765625,65977.98203125,1.0531423912406763,68.79650499738497,2055.76835734192,1669.3203025321989
2024-11-08,75902.8359375,77252.75,75648.7421875,76545.4765625,55176858003,0.008439738809541852,0.027171782224484603,0.0402638503594281,69893.346875,66250.082421875,1.0549926025740617,75.10787183099262,2353.5173542608827,1806.1597128779358
2024-11-09,76556.1875,76932.765625,75773.7890625,76778.8671875,29009480361,0.0030490452928257916,0.027167556774417324,0.037131913634736544,70282.205078125,66521.800234375,1.0565289097784643,74.93131895533,2578.5938278667745,1960.6465358757034
2024-11-10,76775.546875,81474.421875,76565.4296875,80474.1875,82570594495,0.048129393514959595,0.027818622184807493,0.03835124205655133,70937.521875,66863.3871875,1.0609322210386263,78.04849418993406,3020.333496471212,2172.5839279948054
2024-11-11,80471.4140625,89604.5,80283.25,88701.484375,117966845037,0.10223522760015435,0.03458925339289429,0.04298863197219869,72004.52578125,67364.44265625,1.068880301566178,82.84273503760072,3988.314657098934,2535.7300738156314
2024-11-12,88705.5625,89956.8828125,85155.109375,87955.8125,133673285375,-0.008406532091926988,0.034378438107623144,0.045305869813840834,73080.706640625,67856.962890625,1.0769816910081853,78.69755332483939,4641.769779732058,2956.938014998917
2024-11-13,87929.96875,93434.3515625,86256.9296875,90584.1640625,123559027869,0.029882636380625716,0.03445624001657945,0.04365813875950175,74201.862109375,68382.606796875,1.085098471454673,81.68346276367701,5310.507453108643,3427.651902620862
2024-11-14,90574.8828125,91765.21875,86682.8125,87250.4296875,87616705248,-0.03680261786927608,0.035419740079718,0.05347779119918061,75232.262890625,68864.7525,1.092463998772449,78.39073210351283,5507.98969774149,3843.719461644988
2024-11-15,87284.1796875,91868.7421875,87124.8984375,91066.0078125,78243109518,0.04373133907381366,0.03595797480219631,0.05307820057730078,76434.828515625,69382.452265625,1.101644955168211,82.61903137040895,5904.319743277301,4255.839517971452
2024-11-16,91064.3671875,91763.9453125,90094.2265625,90558.4765625,44333192814,-0.005573223886622736,0.03628081340569037,0.03223859820229441,77566.2875,69877.808515625,1.1100274772162586,81.84145017265408,6107.062217776547,4626.084057932471
2024-11-17,90558.4609375,91433.0390625,88741.6640625,89845.8515625,46350159305,-0.007869224693816235,0.03646979306555449,0.03218539651936689,78563.1921875,70356.972578125,1.1166369061753294,81.44040349398078,6139.462307851165,4928.759707916211
2024-11-18,89843.71875,92596.7890625,89393.59375,90542.640625,75535775084,0.007755383808848215,0.03592321372655209,0.029239040070067578,79454.299609375,70855.119296875,1.121362865489936,84.09984546230399,6150.465924059463,5173.100951144861
2024-11-19,90536.8125,94002.8671875,90426.984375,92343.7890625,74521048295,0.019892819836786257,0.03574193588469586,0.021153867392204893,80454.512109375,71435.405078125,1.1262554194434302,84.21967357803078,6232.677567965569,5385.016274509003
2024-11-20,92341.890625,94902.0234375,91619.5,94339.4921875,71730956426,0.02161166598491282,0.03436275400405119,0.013778083659936791,81660.72734375,72105.454765625,1.132518026676122,81.91247142593167,6385.262124382411,5585.065444483685
2024-11-21,94334.640625,99014.21875,94132.6015625,98504.7265625,106024505582,0.044151545428309014,0.03436929590433408,0.019175014734185182,83111.840234375,72862.89359375,1.1406607140497111,84.03697777911651,6764.311318163353,5820.9146192196185
2024-11-22,98496.4296875,99655.5,97222.6640625,98997.6640625,78473580551,0.005004201495724558,0.03416331001538431,0.015493616795950292,84597.259765625,73627.658828125,1.1489875016005497,83.96565189355188,7023.523662941414,6061.4364279639785
2024-11-23,99006.7421875,99014.6796875,97232.890625,97777.28125,44414644677,-0.012327389984975179,0.034356954889457704,0.02098777666205667,86049.06796875,74341.854921875,1.1574780863240226,80.84527013798564,7049.217627078746,6258.9926677869325
2024-11-24,97778.09375,98647.1796875,95788.078125,98013.8203125,51712020623,0.002419161787646784,0.03375917949167833,0.021555242505045032,87559.18359375,75060.33234375,1.1665173982012182,78.67872164252069,7007.884474313643,6408.771029092276
2024-11-25,98033.4453125,98935.03125,92642.9140625,93102.296875,80909462490,-0.05011051933125821,0.037109805890960905,0.03398411789033163,88746.3203125,75665.99921875,1.172869204514631,58.07081289257714,6503.836579277602,6427.784139129342
2024-11-26,93087.28125,94991.75,90770.8125,91985.3203125,91656519855,-0.011997304040733403,0.03305350325477074,0.02202124407273178,89563.632421875,76260.972421875,1.1744360133045484,57.29057325571829,5945.705920582361,6331.368495419947
2024-11-27,91978.140625,97361.1796875,91778.6640625,95962.53125,71133452438,0.04323745271515378,0.0338068632104065,0.03360302109328879,90566.516015625,76937.583671875,1.177142713525745,59.27819337288652,5757.937121227631,6216.682220581484
2024-11-28,95954.9453125,96650.203125,94677.3515625,95652.46875,52260008261,-0.0032310787967048116,0.0339777069715069,0.03340393125659794,91521.865625,77638.991015625,1.1788131765723366,66.18251286296865,5520.472966505506,6077.440369766289
2024-11-29,95653.953125,98693.171875,95407.8828125,97461.5234375,54968682476,0.018912786163713058,0.033949318795297216,0.034966328821950415,92555.9984375,78382.731484375,1.180821294240688,63.34973431839263,5415.826233842803,5945.117542581593
2024-11-30,97468.8125,97499.34375,96144.21875,96449.0546875,31634227866,-0.010388394458550332,0.033234062787992756,0.023571836736806955,93354.741796875,79062.81078125,1.1807667963534427,62.04190873118796,5191.352497610278,5794.364533587331
2024-12-01,96461.3359375,97888.125,95770.1875,97279.7890625,36590695296,0.008613193542348574,0.02509790046215686,0.02101564950550081,93783.65703125,79744.54609375,1.176051048318655,65.12391340144052,5022.5914578542,5640.009918440705
2024-12-02,97276.0078125,98152.6015625,94482.8671875,95865.3046875,72680784305,-0.01454037255458307,0.025306001935266404,0.013798380972670549,94179.131640625,80404.8246875,1.1713119456035128,60.52140244390215,4720.297400121039,5456.067414776772
2024-12-03,95854.59375,96297.203125,93629.5625,96002.1640625,67067810961,0.0014276215513644441,0.024600928024021994,0.01369324652958465,94450.031640625,81003.94546875,1.1659929784168634,57.74089799124663,4440.582320414207,5252.97039590426
2024-12-04,95988.53125,99207.328125,94660.5234375,98768.53125,77199817112,0.02881567529768403,0.023328452505084262,0.017227254764657578,95025.93671875,81638.49390625,1.1639844413086986,59.0755887909834,4391.5062664226425,5080.677570007937
2024-12-05,98741.5390625,103900.46875,91998.78125,96593.5703125,149218945580,-0.022020788503929523,0.022417283789673198,0.020011572915222278,95302.31484375,82218.1109375,1.1591401670149812,45.73603685762015,4129.509553706477,4890.443966747645
2024-12-06,97074.2265625,102039.8828125,96514.875,99920.7109375,94534772658,0.03444474217316973,0.023360129953441198,0.025283071496039866,95770.4265625,82868.5284375,1.155691169715059,51.82819458241653,4142.59446335955,4740.874066070027
2024-12-07,99916.7109375,100563.3828125,99030.8828125,99923.3359375,44177510897,2.627082989481444e-05,0.023193942760329753,0.023125689032985383,96274.30078125,83498.619375,1.1530047023756553,54.465921650018196,4105.8465211976145,4613.868557095545
2024-12-08,99921.9140625,101399.9921875,98771.515625,101236.015625,44125751925,0.013136868131795154,0.023251592534927406,0.022816355402332802,96808.96953125,84156.085,1.1503502038058209,56.41791072646203,4134.9803134217655,4518.090908360789
2024-12-09,101237.0625,101272.5078125,94355.9140625,97432.71875,110676473908,-0.03756861480096407,0.02491609937623666,0.028401684930390296,97063.416015625,84724.7053125,1.1456329727865644,59.02362153450437,3807.286749626772,4375.930076613986
2024-12-10,97441.234375,98270.15625,94321.2578125,96675.4296875,104823780634,-0.007772430783165474,0.024624315994316418,0.026597941872936015,97180.212890625,85310.856875,1.1391306622674806,59.92185924748208,3446.7483713016263,4190.093735551514
2024-12-11,96656.0625,101913.359375,95747.2265625,101173.03125,85391409936,0.04652269534294651,0.024845135410140908,0.03069037341780165,97313.628125,85987.089375,1.1317237137845615,60.78527258143807,3483.7791297784715,4048.8308143969057
2024-12-12,101167.8046875,102524.9140625,99339.953125,100043.0,72073983533,-0.011169293200355757,0.024992312500497008,0.031350915345459564,97365.894921875,86659.30546875,1.1235480644024534,58.78964338935886,3382.9457026047166,3915.653792038468
2024-12-13,100046.6484375,101888.8046875,99233.28125,101459.2578125,56894751583,0.014156490833941326,0.0249605542801353,0.031455747352136194,97549.99375,87325.26953125,1.1170878060111913,58.131162607997595,3378.370897666842,3808.1972131641437
2024-12-14,101451.4375,102618.8828125,100634.0546875,101372.96875,40422968793,-0.0008504799301751742,0.024969374891920235,0.023538826744191325,97717.951171875,88019.880625,1.110180455574493,60.40705444796596,3329.4032375569077,3712.438418042697
2024-12-15,101373.53125,105047.5390625,101227.03125,104298.6953125,51145914137,0.02886101293644905,0.02241112727798408,0.02302888740374778,98277.77109375,88765.560625,1.1071610476154754,63.62809241898109,3486.4876371852297,3667.2482618712033
2024-12-16,104293.578125,107780.578125,103322.984375,106029.71875,91020417816,0.016596788984881483,0.02211736521888865,0.015662426951970204,98979.991015625,89527.5690625,1.1055811305065837,69.49584967047011,3707.9147471540346,3675.3815589277697
2024-12-17,106030.6875,108268.4453125,105291.734375,106140.6015625,68589364868,0.001045771070669721,0.020465751647437976,0.012198333832382313,99488.89453125,90252.2259375,1.102342834182798,69.46542237080601,3847.9874394696963,3709.9027350361553
2024-12-18,106147.296875,106470.609375,100041.5390625,100041.5390625,93865656139,-0.057462106019896764,0.024785418335084155,0.033106764778529515,99708.348046875,90798.646875,1.098125924543135,52.16683160535567,3427.3443928284833,3653.391066594621
2024-12-19,100070.6875,102748.1484375,95587.6796875,97490.953125,97221662392,-0.025495268879325628,0.025226626382300898,0.0346252492345961,99709.81953125,91301.67515625,1.092091896020644,51.508181456031586,2855.2571516671014,3493.7642836091172
2024-12-20,97484.6953125,98098.9140625,92175.1796875,97755.9296875,105634083408,0.002717960528709318,0.025103773665820818,0.029377557253036816,99775.16328125,91852.49,1.0862543114645014,45.94432959632985,2395.639840624237,3274.1393950121414
2024-12-21,97756.1953125,99507.1015625,96426.5234375,97224.7265625,51765334294,-0.005433973434635808,0.025075293304489783,0.025286086463189604,99772.41015625,92407.33515625,1.0797022767461752,45.04240241302223,1965.8648907687166,3012.484494163457
2024-12-22,97218.3203125,97360.265625,94202.1875,95104.9375,43147981314,-0.021802983021374844,0.025352147767537293,0.023205353647473278,99734.391796875,92923.6484375,1.073293972781922,39.06102857091881,1437.643624320437,2697.516320194853
2024-12-23,95099.390625,96416.2109375,92403.1328125,94686.2421875,65239002919,-0.004402456102765462,0.02536727806102249,0.012139191668044353,99668.595703125,93442.5509375,1.0666296532271402,44.42666015609518,974.0114547461999,2352.8153471051223
2024-12-24,94684.34375,99404.0625,93448.015625,98676.09375,47114953674,0.04213760595334648,0.026330925276812165,0.023834384592778108,99663.973828125,94059.84265625,1.0595804863543712,53.58902437007601,917.9457889288315,2065.8414354698643
2024-12-25,98675.9140625,99478.75,97593.46875,99299.1953125,33700394629,0.0063146152104343045,0.025825109570295227,0.023891409804326743,99799.255078125,94658.6353125,1.0543069287725741,46.09576462629371,913.2648843547795,1835.3261252468474
2024-12-26,99297.6953125,99884.5703125,95137.8828125,95795.515625,47054980873,-0.03528406928650052,0.02587857242993387,0.029669745797552934,99592.9953125,95061.7640625,1.0476661809791459,41.94671373519332,619.6941164195014,1592.1997234813782
2024-12-27,95704.9765625,97294.84375,93310.7421875,94164.859375,52419934565,-0.017022260795415023,0.026095600421096897,0.028965162502931692,99305.071484375,95426.9640625,1.04063953474759,36.28125856794126,252.54564733720326,1324.2689082525433
2024-12-28,94160.1875,95525.8984375,94014.2890625,95163.9296875,24107436185,0.010609799867287384,0.026021207674961067,0.02938373312702477,99001.4671875,95799.333125,1.0334254316605922,38.71014207409945,41.713616462628124,1067.7578498945602
2024-12-29,95174.0546875,95174.875,92881.7890625,93530.2265625,29635885267,-0.017167251608511402,0.024963432872289627,0.018905003781627586,98806.342578125,96134.3603125,1.0277942481433204,29.45441276602341,-254.26743896858534,803.352792121931
2024-12-30,93527.1953125,94903.3203125,91317.1328125,92643.2109375,56188003691,-0.00948373223930199,0.024988100631786796,0.01656555108122866,98604.731640625,96377.74078125,1.0231069004245454,23.60940878291484,-554.0228748310183,531.8776587313412
2024-12-31,92643.25,96090.6015625,91914.03125,93429.203125,43625106843,0.008484077565384274,0.022430836582564645,0.013584287195404473,98217.540234375,96472.29515625,1.0180906349879864,25.590099571379483,-719.8601173177594,281.53010352152097
2025-01-01,93425.1015625,94929.8671875,92788.125,94419.7578125,24519888919,0.010602195613021781,0.022578731660057725,0.01303605738431143,97936.378125,96601.5740625,1.013817622284668,36.569318107160555,-762.5674391541688,72.71059498638294
2025-01-02,94416.2890625,97739.8203125,94201.5703125,96886.875,46009564411,0.026129247147606893,0.023197841526934992,0.017196300347019425,97707.758984375,96727.62828125,1.0101328929545872,48.55105216527023,-590.5302952749771,-59.93758306588911
2025-01-03,96881.7265625,98956.9140625,96034.6171875,98107.4296875,35611391163,0.012597729955682757,0.023428058446347894,0.012734001676947802,97544.48203125,96944.76828125,1.0061861383613826,50.80615625871252,-351.64748331518786,-118.2795631157489
2025-01-04,98106.9921875,98734.4296875,97562.9765625,98236.2265625,22342608078,0.0013128146911018934,0.022341588405618916,0.009060513935050116,97241.35859375,97088.17265625,1.0015778022524162,52.363474792790704,-150.20681174195488,-124.6650128409901
2025-01-05,98233.90625,98813.3046875,97291.765625,98314.9609375,20525254825,0.0008014800420892421,0.021896426499201586,0.010331102220712597,96855.620703125,97243.30234375,0.9960132818273225,58.29141043756001,15.609639624439296,-96.61008234790422
2025-01-06,98314.953125,102482.875,97926.1484375,102078.0859375,51823432705,0.03827621924594227,0.023806103761517153,0.016255458236666694,96652.494921875,97487.94703125,0.9914302010164682,66.280193402963,445.5372338331654,11.819380888309722
2025-01-07,102248.8515625,102712.484375,96132.875,96922.703125,58685738547,-0.05050430525956884,0.022984673619227774,0.032309396744422646,96496.553125,97615.54828125,0.9885367118665774,46.326821466705155,366.0421361752233,82.66393194569247
2025-01-08,96924.1640625,97258.3203125,92525.84375,95043.5234375,63875859171,-0.019388436629511285,0.022685375670313264,0.032480589768324304,96374.181640625,97669.54296875,0.9867373053180001,41.53051667135185,149.68215996259823,96.06757754907363
2025-01-09,95043.484375,95349.71875,91220.84375,92484.0390625,62777261693,-0.026929603222076492,0.023385749105778737,0.03335649247208275,96110.587109375,97632.43390625,0.9844124873672992,43.15226792988211,-225.71181325199723,31.71169938885945
2025-01-10,92494.4921875,95770.609375,92250.09375,94701.453125,62058693684,0.023976181025154863,0.02410563909045172,0.036921233231882504,95984.4234375,97556.3684375,0.9838868028281815,51.083321977095736,-340.3639546508639,-42.70343141908524
2025-01-11,94700.8359375,94977.6875,93840.046875,94566.59375,18860894100,-0.001424047578467369,0.0236072245521874,0.027952961177246063,95957.50625,97467.74703125,0.9845052252950325,48.75044329935658,-437.0703522750555,-121.57681559027932
2025-01-12,94565.7265625,95367.5390625,93712.5078125,94488.4375,20885130965,-0.0008264678561502592,0.023585803324837576,0.019734020418112532,95947.616015625,97401.97015625,0.9850685346683239,52.143997119218554,-514.0913008150819,-200.0797126352399
2025-01-13,94488.890625,95837.0,89260.1015625,94516.5234375,72978998252,0.00029724205673309356,0.02142297121737892,0.018014195565025905,95739.6375,97332.02421875,0.9836396424349383,54.359087722768244,-566.3362848471297,-273.33102707761793
2025-01-14,94519.0078125,97352.6640625,94322.15625,96534.046875,53769675818,0.021345722040169157,0.02198380027332353,0.012817261907650139,95601.380078125,97400.65921875,0.9815270332351238,56.83315291324568,-439.8729492899147,-306.6394115200773
2025-01-15,96534.046875,100697.234375,96501.640625,100504.4921875,57805923627,0.041129999632577796,0.022381307609626054,0.018825001216032113,95836.82890625,97571.04265625,0.982226143097499,61.83853004176377,-19.04851104094996,-249.12123142425185
2025-01-16,100505.296875,100781.5859375,97364.4453125,99756.90625,54103781805,-0.0074383335632930425,0.022038119472649494,0.020057348875567482,96116.43125,97646.93015625,0.98432619536732,55.98438629105668,251.23783742808155,-149.04941765378516
2025-01-17,100025.765625,105884.2265625,99948.90625,104462.0390625,71888972663,0.04716598568833419,0.024110521359354587,0.02411477158336796,96581.33671875,97823.1215625,0.987305814577215,61.569019565452386,835.4757668561942,47.855619248210786
2025-01-18,104124.953125,104913.203125,102226.6171875,104408.0703125,50445655726,-0.000516635042589142,0.023588521697769222,0.024287363357189434,97125.22890625,97962.0525,0.9914576759837693,61.26697970963562,1279.3857455607795,294.1616445107246
2025-01-19,104411.2890625,106299.796875,99570.53125,101089.609375,76789928525,-0.03178356737719257,0.024841752899071604,0.033580250042529694,97547.548828125,98054.86359375,0.9948262151714693,54.529475547298084,1347.8780387559818,504.90492335977615
2025-01-20,101083.75,109114.8828125,99471.359375,102016.6640625,126279678351,0.009170622908047932,0.024847781069207573,0.02880721350966207,97976.921875,98149.60109375,0.9982406528724955,49.889500122277916,1460.1327388233767,695.9504864524963
2025-01-21,102052.578125,107180.921875,100103.953125,106146.265625,88733878242,0.040479676535688514,0.02608847920796188,0.032114373044587564,98563.247265625,98355.2203125,1.002115057568516,67.22938441466711,1860.8687938468793,928.9341479313731
2025-01-22,106136.3828125,106294.34375,103360.265625,103653.0703125,53878181052,-0.023488299826845638,0.0264496084364999,0.028623990488614973,98901.55703125,98508.2384375,1.0039927482207445,65.72177185111465,1954.7419311861013,1134.0957045823188
2025-01-23,103657.671875,106820.328125,101257.8046875,103960.171875,104104515428,0.002962783076025932,0.02636687607859768,0.028687820487482363,99194.194140625,98612.07125,1.005903160568945,72.83481617517897,2030.5111300280987,1313.3787896714748
2025-01-24,103965.671875,107098.546875,102772.125,104819.484375,52388229265,0.008265785680243276,0.026386084893823294,0.02275903744408527,99523.35703125,98776.58953125,1.0075601668729788,71.28276203879417,2135.2838797758013,1477.7598076923402
2025-01-25,104824.03125,105243.7890625,104120.375,104714.6484375,23888996502,-0.0010001569662844156,0.026399137117119383,0.023022937879591435,99843.34140625,98872.46828125,1.0098194486481138,71.37290997469708,2184.6740917744028,1619.142664508753
2025-01-26,104713.2109375,105438.6484375,102507.7109375,102682.5,22543395879,-0.019406534499448846,0.025535330182830496,0.014080095775548486,99873.562109375,98927.6515625,1.0095616395611837,65.94519731581173,2036.3648487046594,1702.5871013479343
2025-01-27,102680.3046875,103214.109375,97795.9375,102087.6875,89006608428,-0.005792734886665207,0.022615641721050454,0.010529074671324301,100131.811328125,98944.685,1.011997878694798,64.41512558193222,1849.512281072195,1731.9721372927866
2025-01-28,102095.4140625,103730.8203125,100238.1875,101332.4765625,47180685494,-0.007397669160641884,0.02214948768574696,0.010073273339085247,100446.258984375,99022.68015625,1.0143762906222968,59.59729425239581,1621.7960090687266,1709.9369116479747
2025-01-29,101317.5234375,104750.8046875,101283.8203125,103703.2109375,47432049818,0.023395602825692086,0.0213624471786134,0.015751470746255308,101007.217578125,99163.23578125,1.0185954177709846,56.83511558242618,1614.0222303301853,1690.7539753844167
2025-01-30,103709.3359375,106418.765625,103321.6484375,104735.3046875,41915744521,0.009952379879751394,0.02096630482567675,0.01666722945737056,101508.91015625,99234.48125,1.0229197440002742,60.51019475779224,1671.870512169451,1686.9772827414238
2025-01-31,104737.5625,106026.3515625,101543.8828125,102405.0234375,45732764360,-0.022249243050878498,0.021815378553690316,0.017527401316771243,101900.831640625,99281.72171875,1.0263805852329448,45.17332177708167,1512.249202930485,1652.0316667792365
2025-02-01,102402.796875,102755.7265625,100297.7109375,100655.90625,27757944848,-0.017080384621634526,0.022310154165111375,0.01905319364117979,102209.205078125,99265.6546875,1.0296532612401705,41.84452609553993,1230.4254476528731,1567.710422953964
2025-02-02,100661.5390625,101430.6640625,96216.078125,97688.9765625,63091816853,-0.02947596219670423,0.023490236094614345,0.022641534942853904,102367.827734375,99191.97484375,1.032017236229319,42.493889486882445,758.923266051861,1405.9529915735436
2025-02-03,97681.1015625,102514.171875,91242.890625,101405.421875,115400897748,0.03804365081173988,0.0244926625408982,0.02790771570867009,102611.396484375,99134.109375,1.0350765960505206,48.798745176264596,677.3325986601558,1260.228912990866
2025-02-04,101398.71875,101745.6171875,96208.109375,97871.8203125,73002130211,-0.034846278405663456,0.02411515899681831,0.029395133732703256,102479.762890625,98970.95140625,1.0354529428536283,33.34841593389231,323.8066508614138,1072.9444605649755
2025-02-05,97878.0078125,99113.2109375,96174.828125,96615.4453125,49125911241,-0.012836943218062724,0.024220391286852234,0.02896267102485558,102322.68984375,98780.44828125,1.035859743746196,35.095461476555556,-57.08611907620798,846.9383446367387
2025-02-06,96610.640625,99168.609375,95707.3515625,96593.296875,45302471947,-0.00022924323774897726,0.02137844900103986,0.029093178810940794,101929.252734375,98711.4834375,1.032597719989816,34.2075540332235,-356.62265328285866,606.2261450528193
2025-02-07,96581.3203125,100154.140625,95653.8828125,96529.0859375,55741290456,-0.0006647556256734743,0.021377316830384428,0.026479580960982765,101535.303515625,98692.24609375,1.028807302847017,31.600562470849127,-592.3604383076308,366.50882838072926
2025-02-08,96533.2578125,96877.8046875,95702.4921875,96482.453125,22447526395,-0.00048309597099249757,0.020333302913820343,0.014986620148780262,101304.945703125,98666.7765625,1.026738170968359,31.682413416056647,-774.0247342580114,138.40211585298107
2025-02-09,96481.3125,97325.28125,94745.2578125,96500.09375,27732901800,0.00018283765004545316,0.020168963187024835,0.00561634796964448,101029.1171875,98652.28390625,1.024093038570792,34.88869912060734,-906.126286820203,-70.5035646816558
2025-02-10,96499.4609375,98333.21875,95320.84375,97437.5546875,40078962391,0.009714611676219231,0.01773851105428199,0.004489311075036233,100593.681640625,98698.93625,1.0191972220027345,38.821195699738986,-924.5152200319135,-241.30589575170742
2025-02-11,97438.1328125,98492.8984375,94875.0390625,95747.4296875,37488783272,-0.017345724709743937,0.017436144519364958,0.009761888614396566,100198.399609375,98720.16,1.0149740398453062,37.15123982449569,-1063.211504228777,-405.6870174471214
2025-02-12,95745.6953125,98151.0234375,94101.203125,97885.859375,49340445530,0.02233406885677658,0.01834668966605154,0.014601692964174476,99894.683984375,98704.3553125,1.012059535449134,36.472214319427685,-989.1733301182976,-522.3842799813567
2025-02-13,97888.75,98111.0859375,95269.7109375,96623.8671875,37147280860,-0.012892487184132717,0.01828214020154976,0.01627508432260815,99484.903125,98650.84875,1.008454609215919,31.33704915628242,-1020.5653245603025,-622.0204888971459
2025-02-14,96623.3671875,98819.46875,96342.8046875,97508.96875,32697987277,0.009160278803397981,0.01850686322352705,0.016734051744009246,99124.619140625,98685.1178125,1.00445357251293,37.93255501832179,-962.9234254814073,-690.2010762139982
2025-02-15,97508.3828125,97975.0390625,97240.1953125,97580.3515625,17047266288,0.0007320640697474623,0.018133999038054193,0.016198434037269505,98869.51171875,98753.42765625,1.0011754940082087,41.736145951630746,-901.0945516961801,-732.3797713104346
2025-02-16,97580.4921875,97725.59375,96060.9765625,96175.03125,16536755396,-0.014401672980240199,0.018320265667429326,0.015427380258643089,98573.87890625,98773.6496875,0.9979774891189904,45.55946175960667,-954.4895666599477,-776.8017303803374
2025-02-17,96179.0078125,97032.234375,95243.546875,95773.3828125,27336550690,-0.004176223623530095,0.01829203461047903,0.009777391137094789,98295.92421875,98818.5128125,0.9947116326801885,29.493117445760234,-1017.4862250599253,-824.9386293162551
2025-02-18,95773.8125,96695.375,93388.8359375,95539.546875,37325720482,-0.0024415545387781457,0.01723709879202794,0.00852194717801846,97887.741015625,98876.43953125,0.990000666282967,38.82186866965968,-1073.9008757999545,-874.731078612995
2025-02-19,95532.53125,96855.59375,95011.96875,96635.609375,28990872862,0.011472343504350446,0.01730483880901679,0.009319600334921069,97482.75625,98940.56765625,0.9852657869185177,50.09815069040131,-1018.4270166840288,-903.4702662272018
2025-02-20,96632.6796875,98767.1953125,96442.671875,98333.9375,31668022771,0.017574558032842136,0.01737027193725937,0.01282967244820776,97279.201953125,99018.85125,0.9824311302856585,57.28412950202895,-827.8794188959582,-888.3520967609533
2025-02-21,98340.671875,99497.96875,94852.9609375,96125.546875,49608706470,-0.02245807176184722,0.017657155618028605,0.015558330626304172,97052.683984375,99003.6246875,0.9802942497379965,48.56823376598898,-845.3233802426694,-879.7463534572966
2025-02-22,96134.203125,96950.15625,95765.34375,96577.7578125,18353824477,0.0047043783073406065,0.016488777319368132,0.01546986386918102,96997.123046875,98973.03125,0.9800358928268654,50.328683782975475,-813.2831796710816,-866.4537187000536
2025-02-23,96577.8046875,96671.875,95270.453125,96273.921875,16999478976,-0.0031460239332733453,0.013778285055830734,0.015520937976860943,96740.548046875,98933.78515625,0.9778312625367448,49.23508535337736,-803.1498986857041,-853.7929546971837
2025-02-24,96277.9609375,96503.453125,91371.7421875,91418.171875,44046480529,-0.05043681513571874,0.015971045752799132,0.026509720198283883,96417.865625,98795.849375,0.9759303273867926,33.90747100244829,-1173.411289381649,-917.7166216340769
2025-02-25,91437.1171875,92511.078125,86008.234375,88736.171875,92139104128,-0.029337712021491935,0.016890366827568046,0.02187410908961407,96023.901953125,98529.01109375,0.9745749083156695,32.19976920657122,-1664.078632070712,-1066.989023721404
2025-02-26,88638.890625,89286.25,82131.8984375,84347.0234375,64597492134,-0.04946290046952739,0.01965670779510126,0.025606599164395994,95411.58828125,98277.4975,0.9708386020029662,19.15281130638695,-2379.6722530428087,-1329.5256695856851
2025-02-27,84076.859375,87000.78125,83144.9609375,84704.2265625,52659591954,0.004234922709094535,0.019764398345454424,0.025468486106161328,94820.3453125,98070.7115625,0.9668569117301798,21.674152330284116,-2884.7089175874135,-1640.5623191860311
2025-02-28,84705.625,85036.3203125,78248.9140625,84373.0078125,83610570576,-0.003910297790814532,0.019725914796828444,0.02530155651972789,94214.873046875,97908.4909375,0.9622747950125916,17.93970142446318,-3273.940746873486,-1967.2380047235222
2025-03-01,84373.8671875,86522.3046875,83794.234375,86031.9140625,29190628396,0.019661575342751147,0.020537159267791733,0.027546575996147498,93691.4640625,97735.10015625,0.9586265723646326,23.84137204144892,-3409.2501915064786,-2255.6404420801136
2025-03-02,86036.2578125,95043.4375,85040.2109375,94248.3515625,58398341092,0.09550452979612856,0.03045252341808069,0.052715181453142225,93532.00390625,97728.7353125,0.9570573445688167,46.66491041920852,-2820.9677029254235,-2368.705894249176
2025-03-03,94248.421875,94429.75,85081.3046875,86065.671875,70072228536,-0.08682040111941614,0.03586833919742867,0.0650274985178574,93047.916015625,97560.28,0.9537479393829641,36.76197448718361,-2980.6642159696203,-2491.0975585932647
2025-03-04,86064.0703125,88911.2734375,81529.2421875,87222.1953125,68095241474,0.013437685575495406,0.03556928084123192,0.06510465116439898,92514.7328125,97414.3934375,0.9497029088607573,38.936365716670544,-2979.5566033578507,-2588.789367546182
2025-03-05,87222.953125,90998.2421875,86379.7734375,90623.5625,50498988027,0.03899657851208138,0.03684438188124146,0.06603351173244257,92214.717578125,97296.18375,0.947773222175582,42.46497358625357,-2673.3996200767433,-2605.7114180522944
2025-03-06,90622.359375,92804.9375,87852.140625,89961.7265625,47749810486,-0.007303133084179958,0.03675264749259962,0.06677260124734632,91837.35546875,97085.3284375,0.9459447369318171,39.227035637619096,-2455.862974399788,-2575.741729321793
2025-03-07,89963.28125,91191.046875,84717.6796875,86742.671875,65945677657,-0.0357824911826653,0.03743824289850159,0.048405666631474636,91295.471484375,96825.04375,0.9428910945818705,38.23262447370494,-2514.231925371976,-2563.43976853183
2025-03-08,86742.65625,86847.265625,85247.484375,86154.59375,18206118081,-0.006779571257010009,0.03737843959555891,0.02774738510711161,90794.449609375,96458.89484375,0.941276071599715,36.97236040813848,-2578.222584391551,-2566.396331703774
2025-03-09,86154.3046875,86471.1328125,80052.484375,80601.0390625,30899345977,-0.0644603432710168,0.03968311375873188,0.03847292409383726,90035.832421875,95982.75421875,0.9380417675520998,32.68333551719893,-3041.9948696986976,-2661.516039302759
2025-03-10,80597.1484375,83955.9296875,77420.59375,78532.0,54061099422,-0.02567012890361897,0.03985641502456715,0.023843337602924484,89185.455078125,95531.60203125,0.9335701818226698,34.828033942494386,-3535.734165227681,-2836.359664487744
2025-03-11,78523.875,83577.7578125,76624.25,82862.2109375,54702837196,0.05513944554449135,0.042166007643687595,0.04465955318941233,88496.78515625,95148.51296875,0.9300911006913513,43.34248372471754,-3536.843747448671,-2976.4564810799297
2025-03-12,82857.375,84358.578125,80635.25,83722.359375,40353484454,0.010380466895202334,0.041977254102471245,0.044190209442116705,87766.20625,94700.03484375,0.9267811399943997,49.23044880685253,-3428.7913368246373,-3066.9234522288716
2025-03-13,83724.921875,84301.6953125,79931.8515625,81066.703125,31412940153,-0.0317197970748182,0.042205191428567185,0.04564462626439922,87013.2640625,94248.3075,0.9232342348694167,45.75895073327962,-3516.9075668277655,-3156.920275148651
2025-03-14,81066.9921875,85263.2890625,80797.5625,83969.1015625,29588112414,0.03580259620308812,0.04324393040755661,0.03777904552553529,86382.83125,93848.48609375,0.9204499171537814,49.555716273021545,-3314.3354207695083,-3188.403304272823
2025-03-15,83968.40625,84672.671875,83639.59375,84343.109375,13650491277,0.004454112352525463,0.04330445376925665,0.03301151485571439,85786.290625,93438.95859375,0.9180998152813116,48.088332858438804,-3088.019464646699,-3168.3265363475984
2025-03-16,84333.3203125,85051.6015625,82017.90625,82579.6875,21330270174,-0.020907717157540473,0.04218801521004387,0.026701615017667928,85344.36640625,92996.259375,0.9177182714640775,34.531694001181876,-3016.187119084454,-3137.89865289497
2025-03-17,82576.3359375,84725.328125,82492.15625,84075.6875,25092785558,0.018115835083536647,0.042035585569669735,0.0276881092851001,85111.3421875,92624.123125,0.9188895863838712,46.79358490395029,-2806.196681745525,-3071.558258665081
2025-03-18,84075.71875,84075.71875,81179.9921875,82718.5,24095774594,-0.016142449028442418,0.04068808727533186,0.02364651683561827,85029.916015625,92236.739375,0.9218660220622634,42.78992548448592,-2717.96047948004,-3000.838702828073
2025-03-19,82718.8046875,87021.1875,82569.7265625,86854.2265625,34931960257,0.049997601050550955,0.04220828611609727,0.02869319220961058,85137.416015625,91947.174375,0.925938361829349,44.10420733345081,-2287.9401339218603,-2858.2589890468307
2025-03-20,86872.953125,87443.265625,83647.1953125,84167.1953125,29028988961,-0.030937253791171848,0.04283877154726938,0.033476728428434244,85127.125390625,91556.4540625,0.9297774390925398,41.47650355764329,-2139.3062861606304,-2714.468448469591
2025-03-21,84164.5390625,84782.2734375,83171.0703125,84043.2421875,19030452299,-0.0014727011460912154,0.04260771921414874,0.03150903829509241,85027.691796875,91142.6128125,0.9329082102550132,45.63148383168455,-2008.3637055937288,-2573.2474998944185
2025-03-22,84046.2578125,84513.875,83674.78125,83832.484375,9863214091,-0.0025077306278807887,0.03615561748859906,0.030519191542564644,84506.8984375,90771.16203125,0.9309883948429195,46.195644939489725,-1899.6986180487875,-2438.5377235252927
2025-03-23,83831.8984375,86094.78125,83794.9140625,86054.375,12594615537,0.026503933905394295,0.031238056363888954,0.03091094689162436,84506.33359375,90479.13140625,0.9339870120361542,60.029149500674,-1615.6683301654557,-2273.9638448533256
2025-03-24,86070.9296875,88758.7265625,85541.1953125,87498.9140625,34582604933,0.016786352378946434,0.031320158601250786,0.021998814080525717,84520.16953125,90275.33015625,0.936248800031649,66.87862402225846,-1259.4914178048348,-2071.0693594436275
2025-03-25,87512.8203125,88542.3984375,86346.078125,87471.703125,30005840049,-0.0003109860024155253,0.02999062399678801,0.013120709427589656,84362.5765625,89996.65578125,0.9373967935825922,60.353788741049904,-968.2529268635408,-1850.5060729276101
2025-03-26,87460.234375,88292.15625,85861.453125,86900.8828125,26704046038,-0.00652577110204744,0.029982992690512005,0.01416640219372188,84209.534375,89777.23703125,0.9379831364791058,57.233583087058456,-774.5759241105261,-1635.3200431641933
2025-03-27,86896.2578125,87786.7265625,85837.9375,87177.1015625,24413471941,0.003178549412391707,0.028869832024743657,0.013443263973826666,84231.255859375,89588.47015625,0.9402019669770948,65.59478144842879,-591.97306241958,-1426.6506470152708
2025-03-28,87185.234375,87489.859375,83557.640625,84353.1484375,34198619509,-0.032393289916566204,0.029770650191337494,0.018094635052976992,84141.18359375,89343.6671875,0.9417699792551398,50.98409370811025,-667.4346244859917,-1274.807442509415
2025-03-29,84352.0703125,84567.3359375,81634.140625,82597.5859375,16969396135,-0.020812056603918605,0.02623544644644002,0.014904359675138727,84241.0109375,89065.0371875,0.945837037716108,45.82296210796394,-858.9957101564214,-1191.6450960388163
2025-03-30,82596.984375,83505.0,81573.25,82334.5234375,14763760943,-0.0031848691098436133,0.025478546952046776,0.014418624278011032,84431.137109375,88782.07859375,0.9509930207391958,49.36793557579475,-1020.2750996685063,-1157.3710967647544
2025-03-31,82336.0625,83870.125,81293.890625,82548.9140625,29004228247,0.0026038970780313253,0.0222936925038907,0.01578974762184844,84415.472265625,88503.055,0.9538142187930688,45.78525907154796,-1117.9041430222132,-1149.4777060162462
2025-04-01,82551.921875,85487.3671875,82429.359375,85169.171875,28175650319,0.0317418810684309,0.023303717845827635,0.024544582762341078,84487.812890625,88257.68734375,0.9572855966818854,56.32419211241073,-972.6310706580407,-1114.1083789446052
2025-04-02,85180.609375,88466.953125,82343.5390625,82485.7109375,47584398470,-0.031507420800550134,0.02328801234688015,0.02429399590184009,84558.76328125,87992.45296875,0.9609774523649265,37.813175901572606,-1061.794281675786,-1103.6455594908414
2025-04-03,82487.4765625,83909.296875,81282.1015625,83102.828125,36852112080,0.007481504135517403,0.021887288538171196,0.022710017235828016,84515.449609375,87696.79234375,0.9637233854357534,46.643051553585664,-1070.3225570409559,-1096.9809590008642
2025-04-04,83100.25,84696.1484375,81670.75,83843.8046875,45157640207,0.008916382019940938,0.021960834853480285,0.022740454145117828,84490.484375,87441.19109375,0.9662549573966072,49.39455115008719,-1005.6976047539356,-1078.7242881514785
2025-04-05,83844.703125,84207.015625,82377.734375,83504.796875,14380803631,-0.004043325726492686,0.021436078299862073,0.02302385255680531,84536.73984375,87161.10765625,0.9698906096644606,49.012898403655456,-970.6479365261621,-1057.1090178264153
2025-04-06,83504.5078125,83704.71875,77097.7421875,78214.484375,36294853736,-0.06335339642726368,0.025350585371314283,0.030808834680848007,84243.6796875,86773.7903125,0.9708424558165747,30.068301658641076,-1354.1450860739278,-1116.516231475918
2025-04-07,78221.3359375,81119.0625,74436.6796875,79235.3359375,91262424987,0.013051950296130821,0.02541257303286153,0.031811304098896376,84069.521484375,86434.99640625,0.9726329031037716,28.528579490323295,-1557.7385106646398,-1204.7606873136624
2025-04-08,79218.4765625,80823.890625,76198.0234375,76271.953125,48314590749,-0.03739976334343409,0.023469733273189006,0.03281195781618592,83540.4078125,86044.9678125,0.9708924291138363,24.751880970496245,-1935.8922328007757,-1350.986996411085
2025-04-09,76273.5625,83541.0,74589.671875,82573.953125,84213627038,0.0826253916648998,0.030000898956928878,0.05569878952564762,83460.745703125,85785.6559375,0.9728986133058323,42.24857811686943,-1707.381419855592,-1422.2658810999867
2025-04-10,82565.9765625,82700.9296875,78456.1328125,79626.140625,44718000633,-0.0356990599146636,0.031016424557516815,0.05777458056842471,83239.890625,85445.4665625,0.974187326417292,37.65462643520334,-1744.0445274357771,-1486.621610367145
2025-04-11,79625.046875,84247.4765625,78936.3203125,83404.8359375,41656778779,0.04745546227457886,0.032946003251806195,0.052300915700943196,83218.508203125,85146.88453125,0.9773523560052598,48.496502855534764,-1451.4596491589036,-1479.589218125497
2025-04-12,83404.515625,85856.1875,82769.375,85287.109375,24258059104,0.022567917271733462,0.0327923568257456,0.052430462210729306,83180.144921875,84930.11578125,0.9793951669172063,54.24702703542933,-1055.5327649059473,-1394.777927481587
2025-04-13,85279.46875,86015.1875,83027.0078125,83684.9765625,28796984817,-0.01878516957885823,0.03280200899768671,0.04818800982149048,82989.448046875,84672.26015625,0.9801255794250723,52.04597544422303,-861.1102421732357,-1288.044390419917
2025-04-14,83694.5234375,85785.0,83690.640625,84542.390625,34090769777,0.010245734631468162,0.03291062626047481,0.03301757216648945,82842.982421875,84437.62953125,0.9811144969579608,52.9624541029464,-630.5739787253842,-1156.5503080810104
2025-04-15,84539.6953125,86429.3515625,83598.8203125,83668.9921875,28040322885,-0.01033089354397465,0.03295405504940903,0.02646974640459197,82681.387890625,84282.6459375,0.9810013315426475,47.64853537220083,-512.4411806824937,-1027.728482601307
2025-04-16,83674.5078125,85428.28125,83100.6171875,84033.8671875,29617804112,0.004360934564412222,0.03296372646962945,0.016431111619585322,82524.226171875,84188.59984375,0.9802304151041352,52.61687485737949,-384.9403710399638,-899.1708602890383
2025-04-17,84030.671875,85449.0703125,83749.75,84895.75,21276866029,0.01025637449930672,0.03221906886932903,0.013087955999282327,82551.35625,84199.574375,0.9804248639350679,53.00573501375995,-211.90560498341802,-761.7178092279142
2025-04-18,84900.1875,85095.046875,84298.8828125,84450.8046875,12728372364,-0.005241078764249063,0.03185517582278899,0.009302116866741391,82644.0171875,84194.5059375,0.9815844426814384,51.027803720391255,-109.41639035240223,-631.2575254528119
2025-04-19,84450.8671875,85597.703125,84353.4609375,85063.4140625,15259300427,0.007254038339443714,0.031858374854374205,0.008704767129106537,82780.46171875,84208.3140625,0.9830438079701936,52.614902597325994,20.99746174144093,-500.8065280139614
2025-04-20,85066.0703125,85306.3828125,83976.84375,85174.3046875,14664050812,0.0013036230231544543,0.03185864079232449,0.00595137559614254,82911.73125,84191.161875,0.9848032667977715,64.1326685206543,131.7802451569296,-374.28917337978316
2025-04-21,85171.5390625,88460.09375,85143.8359375,87518.90625,41396190190,0.027527099529631727,0.031665215648473126,0.012317476479181102,83029.21796875,84056.57296875,0.9877778148249996,65.96253468244205,404.10784689092543,-218.60976932564142
2025-04-22,87521.875,93817.3828125,87084.53125,93441.890625,55899038456,0.06767662701452015,0.033859381547051814,0.029489007281102316,83577.026953125,84204.09734375,0.9925529705749936,79.69907844090082,1085.3534924444684,42.18288302838063
2025-04-23,93427.5859375,94535.734375,91962.9609375,93699.109375,41719568821,0.0027527134594511615,0.03387083309448751,0.02797639286618862,84106.841015625,84333.635625,0.9973107454968091,74.33139163353611,1627.2431322092452,359.19493286455366
2025-04-24,93692.3984375,94016.1953125,91696.7109375,93943.796875,31483175315,0.0026114175645013393,0.033877059190522925,0.02862867315768501,84611.840625,84400.0403125,1.0025094811769732,85.51250977598747,2052.77569177188,697.911084646019
2025-04-25,93954.25,95768.390625,92898.59375,94720.5,40915232364,0.008267742531563593,0.03379208053099176,0.027620562912529584,85172.62578125,84495.21578125,1.0080171403047689,82.97755011618604,2424.7359157395113,1043.2760508647177
2025-04-26,94714.6484375,95251.359375,93927.25,94646.9296875,17612825123,-0.0007767095032226168,0.02958406677057038,0.0290103763629643,85994.248046875,84653.3009375,1.015840458606157,80.49215767818612,2682.6565686686663,1371.1521544255077
2025-04-27,94660.90625,95301.203125,93665.3984375,93754.84375,18090367764,-0.00942540809771053,0.02988686918179801,0.00651616163729554,86720.2234375,84805.3059375,1.0225801614513514,84.3966339443876,2782.996018898979,1653.5209273202024
2025-04-28,93755.3046875,95598.4921875,92860.8046875,94978.75,32363449569,0.013054325526514532,0.027835402340898634,0.008621513572572893,87655.56328125,85092.86015625,1.0301165470321987,84.7777572976187,2927.528040943842,1908.3223500449305
2025-04-29,94981.859375,95485.4140625,93796.6328125,94284.7890625,25806129921,-0.007306486319308303,0.022467735584424865,0.009729964254422432,88241.105078125,85407.9159375,1.0331724420333388,85.80388808962948,2952.0445299710846,2117.0667860301614
2025-04-30,94286.46875,95249.3203125,92979.640625,94207.3125,28344679831,-0.0008217291810309613,0.020230399796485967,0.008779945051200756,88970.163671875,85634.81796875,1.0389484765921047,84.99029719964983,2931.4306057904905,2279.939549982227
2025-05-01,94212.859375,97437.9609375,94153.6328125,96492.3359375,32875889623,0.02425526614507767,0.018476215680406225,0.014348972043371147,89624.538671875,85890.2175,1.0434778404406182,86.32864488623153,3064.154550739695,2436.782550133721
2025-05-02,96494.96875,97905.8984375,96375.9453125,96910.0703125,26421924677,0.0043291974532626565,0.018138951803088166,0.012318112411835714,90205.68671875,86207.08484375,1.0463836804393452,89.09781993663097,3166.5449472014443,2582.735029547266
2025-05-03,96904.6328125,96943.8828125,95821.2890625,95891.796875,15775154889,-0.010507405827035687,0.017617121191965984,0.013708843425382452,90816.027734375,86445.53875,1.050557715847135,83.13637661153473,3129.4495710993797,2692.077937857689
2025-05-04,95877.1875,96318.921875,94173.4296875,94315.9765625,18198688416,-0.016433317174712747,0.018351136840973625,0.01571670667816674,91304.70703125,86644.99609375,1.053779342692314,75.67301675619746,2939.0165355937643,2741.4656574049045
2025-05-05,94319.5625,95193.1875,93566.265625,94748.0546875,25816260327,0.0045811763897039,0.017966993096900436,0.01581736890061803,91858.66015625,86888.3634375,1.0572032493433394,72.74529709480535,2790.7915686239285,2751.3308396487096
2025-05-06,94748.3828125,96889.1796875,93399.859375,96802.4765625,26551275827,0.02168299794413664,0.01827903790732783,0.014896917881706778,92497.090625,87142.89921875,1.0614415110611557,63.9757001414611,2806.74250967463,2762.413173653894
2025-05-07,96800.1953125,97625.8046875,95829.3359375,97032.3203125,76983822462,0.0023743581586117557,0.01829581558489822,0.014804223491877048,93103.919140625,87429.175625,1.0649067485202541,63.893489467154254,2805.589130045715,2771.048364932258
2025-05-08,97034.25,103969.5390625,96913.875,103241.4609375,69895404397,0.06399043746457878,0.02205028797450139,0.030415668878525995,94043.451953125,87756.9203125,1.0716357367400635,75.88430913247075,3268.0290205923084,2870.4444960642686
2025-05-09,103239.125,104297.4921875,102343.09375,102970.8515625,58198593958,-0.002621130818400763,0.022232356319451908,0.027286174823610822,94938.823828125,88132.9934375,1.0772222765297468,73.63463221289958,3571.509907538013,3010.657578359018
2025-05-10,102973.7109375,104961.765625,102830.484375,104696.328125,42276713994,0.016756941758927724,0.022189080431046698,0.026315079713230622,95914.925,88546.05515625,1.0832207581777276,76.29926858958868,3906.2237195890775,3189.77080660503
2025-05-11,104701.0703125,104937.9921875,103364.7421875,104106.359375,46285517406,-0.005635047193781384,0.02209633029368986,0.028717862247973222,96744.29765625,88951.53265625,1.0876068659785196,77.5251591480748,4076.885481514124,3367.1937415868492
2025-05-12,104106.9609375,105747.453125,100814.40625,102812.953125,63250475404,-0.01242389281274392,0.017714662576965173,0.031011820619870494,97212.85078125,89286.70421875,1.0887718572642255,70.75479742724278,4060.9568991874257,3505.9463731069654
2025-05-13,102812.4921875,104997.421875,101515.09375,104169.8125,52608876410,0.013197358248725033,0.017800680210921214,0.01255727172534316,97736.3859375,89620.1221875,1.090562962333609,75.29933516620845,4110.438023869501,3626.844703259473
2025-05-14,104167.328125,104303.5625,102618.296875,103539.4140625,45956071155,-0.006051642240404331,0.017978097673210673,0.01295052892460803,98216.166796875,89941.47640625,1.0920008289973988,73.22683099744536,4052.074493789987,3711.8906613655763
2025-05-15,103538.828125,104153.6171875,101440.8125,103744.640625,50408241840,0.00198211052629782,0.01797335470958905,0.00980911964218229,98667.373828125,90278.3515625,1.0929239637236536,70.1349349401458,3976.541943940916,3764.820917880644
2025-05-16,103735.65625,104533.484375,103137.4765625,103489.2890625,44386499364,-0.0024613470244020386,0.018004342580749535,0.009598218335964309,99109.491796875,90604.5953125,1.0938682685468786,68.43241113640343,3851.677377746426,3782.1922098538007
2025-05-17,103489.2890625,103716.9453125,102659.1796875,103191.0859375,37898552742,-0.0028814878109744146,0.017793777683752877,0.007520262120367998,99581.30390625,90981.3540625,1.0945243114082719,71.30954721468677,3686.1669711525174,3762.987162113545
2025-05-18,103186.953125,106597.171875,103142.6015625,106446.0078125,49887082058,0.03154266519659865,0.018694269573100074,0.015426454884274705,100154.666796875,91458.3225,1.0950853247595373,82.25058949233036,3774.13786232649,3765.2173021561343
2025-05-19,106430.53125,107068.71875,102112.6875,105606.1796875,61761126647,-0.007889709931436006,0.01871635942461292,0.015756921387042117,100720.736328125,91923.755625,1.0956986650873142,78.25626954786391,3733.055970940535,3758.785035913015
2025-05-20,105605.40625,107307.1171875,104206.515625,106791.0859375,36515726122,0.011220046530480143,0.018684156653538828,0.015992433708570977,101349.925,92408.5990625,1.0967585920380916,77.22561274248845,3752.8497914109175,3757.5979870125957
2025-05-21,106791.3125,110724.4609375,106127.234375,109678.078125,78086364051,0.027034018449719976,0.01883326092197473,0.01750296492287128,102009.212109375,92898.7771875,1.0980684051791896,80.1070990805996,3955.891622504103,3797.256714110897
2025-05-22,109673.4921875,111970.171875,109285.0703125,111673.28125,70157575642,0.018191448638679386,0.019000049664160325,0.01550556922732117,102747.37265625,93482.52859375,1.0991077605823278,75.11361092638106,4229.050097035753,3883.6153906958684
2025-05-23,111679.359375,111798.90625,106841.3046875,107287.796875,67548133399,-0.03927066820202352,0.02135955625645721,0.02633840616333285,103317.17265625,93966.22796875,1.0995138880174036,60.32652023838669,4045.0296343806694,3915.898239432829
2025-05-24,107278.5078125,109454.5234375,106895.2890625,107791.15625,45903627163,0.004691674073487251,0.020712450778148542,0.025769287208713205,103990.931640625,94445.175,1.101071935550175,57.862832634790685,3894.9108786323195,3911.7007672727273
2025-05-25,107802.2734375,109313.3046875,106683.375,109035.390625,47518041841,0.011543009819045436,0.02072991328683472,0.02579113505762327,104705.2984375,94955.786875,1.1026742222181178,62.119947748578454,3832.1651839162805,3895.793650601438
2025-05-26,109023.78125,110376.8828125,108735.640625,109440.3671875,45950461571,0.003714175371671846,0.020459013494097962,0.02259373044514735,105337.19296875,95580.30453125,1.1020805330695507,67.04060655318168,3771.6398761311575,3870.9628957073824
2025-05-27,109440.40625,110744.2109375,107609.5546875,108994.640625,57450176272,-0.004072780217708405,0.020575414440958183,0.02011441982366103,105935.308984375,96175.490625,1.1014792677006424,63.0155838506594,3645.681577283787,3825.9066320226634
2025-05-28,108992.171875,109298.2890625,106812.9296875,107802.328125,49155377493,-0.010939184653144474,0.015713045316406066,0.008666410651375264,106163.35234375,96806.098125,1.0966597600769687,61.16137377929218,3410.3368237448594,3742.792670367103
2025-05-29,107795.5703125,108910.046875,105374.3984375,105641.7578125,56022752042,-0.020041963379443528,0.016464023026924377,0.012314499207245798,106296.89765625,97267.45421875,1.0928310863075865,54.50577344493657,3014.7324839494686,3597.1806330835766
2025-05-30,105646.2109375,106308.9453125,103685.7890625,103998.5703125,57655287183,-0.015554336978341854,0.016464147172369912,0.009405516473126492,106262.009765625,97754.9028125,1.0870248622664191,51.13476688433135,2539.349653808342,3385.61443722853
2025-05-31,103994.71875,104927.1015625,103136.1171875,104638.09375,38997843858,0.006149348357177731,0.01647046795155058,0.010275777608742882,106288.596484375,98179.56796875,1.0825938500585586,53.175877752960645,2188.976375591694,3146.286824901163
2025-06-01,104637.296875,105884.546875,103826.953125,105652.1015625,37397056873,0.009690618169351017,0.016306877756127738,0.013290626871325617,106430.55390625,98586.8678125,1.0795611653741524,48.06744359415174,1970.411309318355,2911.1117217846017
2025-06-02,105649.8125,105958.3125,103727.546875,105881.53125,45819706290,0.0021715582000447764,0.01607496831965646,0.013399730024118296,106516.13984375,99030.79890625,1.0755859896130515,50.6907996733867,1795.018126376919,2687.8930027030656
2025-06-03,105888.4765625,106813.578125,104920.84375,105432.46875,46196508367,-0.004241178746647534,0.01603859007551044,0.00994644034263784,106610.792578125,99448.60046875,1.0720190337080269,46.46084138126968,1601.3231183586904,2470.579025834191
2025-06-04,105434.3671875,105997.6953125,104232.703125,104731.984375,44544857105,-0.0066439151364365845,0.016127345428128652,0.0068631303522163,106660.159765625,99869.8603125,1.0679914784288038,35.45913398818908,1375.4399782491528,2251.5512163171834
2025-06-05,104750.78125,105936.6875,100436.8828125,101575.953125,57479298400,-0.030134359325224014,0.017529734890840292,0.014990023385831127,106564.49296875,100220.70203125,1.06329820894212,22.211825655306228,931.0283017730253,1987.4466334083518
2025-06-06,101574.3671875,105376.7734375,101169.5703125,104390.34375,48856653697,0.027707252931573167,0.01863674139525033,0.020723136624899954,106624.455859375,100610.59390625,1.059773645295532,41.27131018134542,796.7422996703826,1749.3057666607579
2025-06-07,104390.6484375,105972.7578125,103987.3125,105615.625,38365033776,0.011737496074678777,0.017399178877015257,0.02165163710840006,106582.93671875,101033.8903125,1.0549226243697702,43.719314706386506,780.19601825469,1555.4838169795444
2025-06-08,105617.5078125,106497.0625,105075.328125,105793.6484375,36626232328,0.0016855786016509722,0.017309313255223786,0.02154492400371817,106592.31015625,101448.495,1.0507037108460802,40.02725457066841,772.5425846013095,1398.8955705038975
2025-06-09,105793.0234375,110561.421875,105400.234375,110294.1015625,55903193732,0.04253991795791734,0.019618488848924632,0.02762611021766574,106767.4609375,101950.8909375,1.0472440206820042,52.09778369549942,1116.7529062734393,1342.467037657806
2025-06-10,110295.6875,110380.125,108367.7109375,110257.234375,54700101509,-0.0003342625487465778,0.018698507537422675,0.018228281546631406,106796.41875,102405.6575,1.0428761589661195,53.16604186387657,1370.7658566573227,1348.1268014577095
2025-06-11,110261.796875,110384.21875,108086.328125,108686.625,50842662052,-0.014244955298426398,0.018482273798033074,0.021276523029926647,106647.0859375,102710.5521875,1.0383264783039408,52.17614990460239,1428.8668122953386,1364.2748036252353
2025-06-12,108685.9140625,108780.6953125,105785.6875,105929.0546875,54843867968,-0.025371753999169577,0.017191369752196678,0.025766198141576567,106579.148828125,102955.15109375,1.0351997709281688,50.68682273048175,1238.1270026123238,1339.0452434226531
2025-06-13,105924.59375,106182.546875,102822.0234375,106090.96875,69550440846,0.0015285141831733462,0.017155631614079618,0.02576502796194283,106494.139453125,103198.09453125,1.0319390095025147,55.383442137047254,1087.4934928594012,1288.734893310003
2025-06-14,106108.0859375,106203.7578125,104379.3671875,105472.40625,38007870453,-0.0058304915798971235,0.01694399610069462,0.01108402756480676,106315.990234375,103413.13265625,1.0280704926305078,52.148884589009114,907.7386804562993,1212.5356507392623
2025-06-15,105464.84375,106157.1015625,104519.8828125,105552.0234375,36744307742,0.0007548627203146641,0.016908727944715738,0.011301795408636543,106121.573046875,103631.23453125,1.0240307714839973,49.72920089530708,762.9117662606295,1122.6108738435357
2025-06-16,105555.59375,108915.375,104997.625,106796.7578125,50366626945,0.011792615001237072,0.017160464825970546,0.013793393001507505,106011.67890625,103892.0728125,1.0204020002332168,52.3475050507358,740.0442848679086,1046.0975560484103
2025-06-17,106794.1171875,107750.1953125,103396.53125,104601.1171875,55964092176,-0.020559056941174436,0.017586808820770038,0.011919696524733818,105851.618359375,104084.52015625,1.0169775313415699,48.042974271565946,538.5437947753817,944.5868037938045
2025-06-18,104602.0703125,105581.8515625,103602.265625,104883.328125,47318089133,0.0026979724986506692,0.017042074577301808,0.012028569229995999,105813.696875,104296.4909375,1.0145470468264286,50.36342433824953,397.04834262566874,835.0791115601774
2025-06-19,104886.7734375,105250.890625,103940.7734375,104684.2890625,37333806920,-0.0018977187896134229,0.016664872440390485,0.011861599361894555,105847.9828125,104506.03046875,1.0128409082014773,58.69955468754441,265.78755498558166,721.2208002452583
2025-06-20,104681.03125,106539.3828125,102372.2109375,103309.6015625,50951862476,-0.013131746055793259,0.016874796789516144,0.012806630814996865,105781.558203125,104642.37578125,1.0108864349970075,46.710111694722336,50.25730763238971,587.0281017226846
2025-06-21,103315.078125,104015.78125,100973.0625,102257.40625,38360555118,-0.010184874363913243,0.016827996455713277,0.009200967479615518,105611.8234375,104749.3225,1.0082339524200743,39.66837029003899,-203.11396303043875,428.99968877205987
2025-06-22,102212.03125,103351.6328125,98286.203125,100987.140625,65536997201,-0.012422235919953284,0.01697625940638503,0.007021851019947444,105367.10390625,104851.229375,1.0049200618278398,36.14389397854762,-500.6412595550937,243.0714991066291
2025-06-23,100987.4765625,106116.859375,99705.75,105577.7734375,65237759656,0.04545759771084712,0.02002892793592249,0.02494116683785511,105374.369140625,105076.4653125,1.0028351146685324,36.47418783288568,-361.83705088291026,122.08978910872119
2025-06-24,105571.515625,106316.828125,104740.2421875,106045.6328125,48822986421,0.004431419225533917,0.019981127932418543,0.02488208001024317,105440.0515625,105302.416875,1.0013070420564363,38.21305769793365,-211.64170020374877,55.34349124622719
2025-06-25,106047.40625,108168.3984375,105881.390625,107361.2578125,51624120283,0.012406215749838134,0.01873921471585055,0.023361073682089367,105729.316796875,105513.5925,1.002044516651966,46.237008967012414,13.394733521548915,46.95373970129153
2025-06-26,107375.0703125,108305.546875,106666.3515625,106960.0,43891990613,-0.003737454466123835,0.017849693932382466,0.022262792466899068,105857.799609375,105712.14609375,1.001377831413013,53.37920855008059,157.54351298131223,69.07169435729568
2025-06-27,106954.921875,107772.46875,106449.9921875,107088.4296875,45353692675,0.0012007263229245613,0.01768217302957182,0.019628674125946908,105931.43984375,105789.08546875,1.001345643308752,53.27664676682799,278.93032651268004,111.04342078837257
2025-06-28,107090.546875,107567.8828125,106883.9765625,107327.703125,30037708335,0.002234353778444831,0.01768398149573906,0.005900664015344551,106008.142578125,105876.2225,1.0012459839897008,56.25038163759905,389.9426019117527,166.82325701304865
2025-06-29,107327.8203125,108526.3046875,107230.109375,108385.5703125,35534874438,0.009856422495764683,0.014925206633566699,0.006614666697941442,105912.716015625,105950.00734375,0.9996480290180254,58.9557435242014,556.8625066898094,244.83110694840084
2025-06-30,108383.4375,108798.7890625,106759.6484375,107135.3359375,42064804590,-0.011535062936840146,0.015116999103247573,0.007902918825280165,105756.62109375,106010.586875,0.9976043356731017,51.06974232188733,581.560402094954,312.1769659777115
2025-07-01,107144.3828125,107550.6796875,105270.2265625,105698.28125,44110692247,-0.013413452013053329,0.015080703908878022,0.00986641182737819,105607.20390625,106068.2934375,0.9956528995017564,53.64103936212522,479.6462949098641,345.67083176414206
2025-07-02,105703.1015625,109763.65625,105157.3984375,108859.3203125,56248657737,0.02990624847553991,0.015493958613483854,0.017687376386050026,105753.7171875,106162.08359375,0.9961533685810776,61.07798847114456,646.4956655493588,405.8357985211855
2025-07-03,108845.015625,110541.4609375,108605.796875,109647.9765625,50494742270,0.007244728772290987,0.015547574038782873,0.01774597383545633,105931.567578125,106284.25484375,0.9966816602690259,63.38998267642856,832.7633842492651,491.22131566680144
2025-07-04,109635.65625,109751.984375,107296.3828125,108034.3359375,42616442656,-0.014716556343200904,0.01589900775367503,0.019203912762488493,106059.6640625,106370.04875,0.9970820292822326,62.583164244493304,840.4859814158553,561.0742488166123
2025-07-05,108015.8359375,108381.34375,107842.2734375,108231.1796875,30615537520,0.0018220480395592098,0.0158988047077918,0.018187723704456375,106193.621875,106464.8865625,0.9974520736718133,66.66912278605906,852.6608967866632,619.3915784106225
2025-07-06,108231.1875,109731.625,107847.015625,109232.0703125,36746020463,0.009247710575546852,0.01582101318705159,0.01602951047565717,106315.3875,106585.70625,0.9974638367609446,73.35766148719563,932.3258416294557,681.9784310543893
2025-07-07,109235.328125,109710.25,107527.0546875,108299.8515625,45415696597,-0.008534295352390808,0.015163605875747612,0.010318233789988205,106500.32421875,106622.783125,0.9988514752413991,59.728037327859525,909.7515722996759,727.5330593034466
2025-07-08,108298.2265625,109198.96875,107499.5546875,108950.2734375,44282204127,0.006005750382996888,0.015191393912890021,0.010083319194201159,106703.671484375,106689.665,1.000131282485281,60.24676414203049,933.5831453626743,768.7430765152923
2025-07-09,108950.2734375,111925.375,108357.6796875,111326.5546875,57927418065,0.021810695604753683,0.015783717370341906,0.011058955743036697,107035.784765625,106780.374375,1.00239192259926,63.014534612398364,1131.1763790119003,841.2297370146141
2025-07-10,111329.1953125,116608.78125,110660.75,115987.203125,95911605728,0.041864660687494615,0.01748785056271064,0.01891891844355257,107669.66484375,106906.556875,1.0071380838655413,73.15439281042399,1644.8846125944838,1001.9607121305883
2025-07-11,115986.234375,118856.4765625,115245.6875,117516.9921875,86928361085,0.013189291760499877,0.0171303952783954,0.01874863771642334,108432.644140625,107023.43109375,1.013167331980233,74.95485208308563,2150.651904716535,1231.6989506477778
2025-07-12,117530.7109375,118219.8984375,116977.0234375,117435.2265625,45524560304,-0.0006957770402219454,0.01661952799335238,0.01649494723725214,109255.0484375,107226.3796875,1.018919493094072,74.37033342236853,2515.8768625931552,1488.5345330368534
2025-07-13,117432.203125,119449.5703125,117265.4375,119116.1171875,49021091807,0.014313342548076147,0.014175049209037153,0.015574525360415072,109931.965625,107452.87890625,1.0230713848152262,75.11788036258727,2907.438952239012,1772.3154168772853
2025-07-14,119115.7890625,123091.609375,118959.1953125,119849.703125,181746419401,0.006158578325259345,0.014169319853937991,0.016201717017891148,110622.169140625,107669.16515625,1.0274266451317755,80.49926592870982,3239.604835696722,2065.7733006411727
2025-07-15,119853.8515625,119935.5625,115765.6875,117777.1875,98321661181,-0.01729262210051885,0.015018889187180025,0.012914611369237066,111142.965625,107835.9015625,1.0306675607527913,78.11769823695613,3297.601306090117,2312.1389017309616
2025-07-16,117777.1875,120065.515625,117064.8203125,118738.5078125,72162029070,0.00816219450392297,0.014900342291248795,0.012106546895896493,111731.891015625,108030.77890625,1.0342597928742776,75.62100550618129,3382.147154761973,2526.140552337164
2025-07-17,118738.5078125,120999.609375,117508.21875,119289.84375,72363841798,0.004643278306736054,0.01486984427256874,0.012030310771513576,112341.96171875,108260.52921875,1.037700097435817,75.31717263718028,3453.8250066585897,2711.6774432014495
2025-07-18,119284.109375,120851.9140625,116925.984375,118003.2265625,77945799785,-0.01078563897020779,0.015299756153672937,0.011454917744160244,112875.737890625,108507.75859375,1.0402549951587203,76.6332461712118,3367.986909778061,2842.939336516772
2025-07-19,117998.125,118541.3984375,117388.4140625,117939.9765625,47564562765,-0.0005360022928398989,0.015297702400099051,0.010651877374077032,113353.458203125,108786.58671875,1.041980097198765,76.12485683869568,3257.307638321494,2925.8129968777166
2025-07-20,117944.109375,118865.03125,116550.1328125,117300.7890625,57515447231,-0.00541960002562214,0.015022264784069051,0.0076005389404716775,113861.730859375,109039.840625,1.0442213617218867,72.142686238979,3082.4834781965765,2957.1470931414888
2025-07-21,117306.46875,119671.5625,116584.3984375,117439.5390625,69820091744,0.0011828564931994912,0.014441930214672286,0.006023301500766804,114448.79375,109275.589375,1.0473408965770679,76.22374330553481,2921.4533415950427,2950.0083428322
2025-07-22,117426.5,120269.96875,116233.2265625,119995.4140625,79217583118,0.02176332622218302,0.013815237717688804,0.012382756448043035,115005.5984375,109557.86703125,1.0497246939345406,78.56726606726606,2965.884677971684,2953.183609860097
2025-07-23,119997.4453125,120113.3515625,117391.390625,118754.9609375,66608604537,-0.010337504434577038,0.014216544852290541,0.01227509872277088,115460.94765625,109824.316875,1.0513240686729288,70.41221320294743,2867.942772819806,2936.135442452039
2025-07-24,118770.984375,119535.453125,117247.96875,118368.0,72627318560,-0.0032584822936673197,0.013637775816155733,0.012437899441273275,115977.630859375,110097.0371875,1.053412824015056,58.55030206716519,2727.655874648728,2894.439528891377
2025-07-25,118368.0,118486.9765625,114759.8203125,117635.8828125,104857024569,-0.006185093838706357,0.013841640363131253,0.01253769350799141,116447.866015625,110418.23578125,1.0546071959193437,50.452929607512594,2528.2575790770934,2821.2031389285207
2025-07-26,117644.84375,118335.6875,117181.2265625,117947.3671875,48508954046,0.002647868724685587,0.013795187501435876,0.01257083008186771,116883.630859375,110689.37625,1.0559606966741308,51.9175057741044,2368.0695474574313,2730.5764206343033
2025-07-27,117944.7265625,119815.59375,117859.6875,119448.4921875,54683390892,0.012727075099638885,0.013601583645949397,0.008956058448931797,117441.062890625,110966.03359375,1.0583514530273315,51.26142559118948,2335.3274195792474,2651.526620423292
2025-07-28,119457.5234375,119819.7890625,117441.4375,117924.4765625,64822943193,-0.012758768211219684,0.014163959066751943,0.009634913449589238,117889.773046875,111208.65015625,1.0600773670145074,43.106962100025676,2161.48744138889,2553.5187846164117
2025-07-29,117938.5859375,119273.8671875,116987.3671875,117922.1484375,68463107433,-1.9742508661990676e-05,0.013551950523140779,0.009584569552538348,118219.552734375,111361.21109375,1.0615864498353136,50.60934479753201,2000.4699733891612,2442.909022370962
2025-07-30,117921.9921875,118780.7265625,115800.828125,117831.1875,68896148592,-0.0007713643170961237,0.009998965252374106,0.009106385576935636,118311.751953125,111512.69015625,1.060971193389275,45.884967448096596,1844.2631647182716,2323.179850840424
2025-07-31,117833.6328125,118919.984375,115505.21875,115758.203125,69370346018,-0.017592832754910526,0.010360019631102167,0.011906307765076793,118223.8125,111654.12171875,1.0588396619857765,35.9253553454694,1535.4953939394618,2165.6429594602314
2025-08-01,115738.953125,116060.7734375,112724.4453125,113320.0859375,91294530181,-0.021062154747402473,0.011316118361368043,0.009636313498175982,118018.05546875,111801.94234375,1.0555993303397873,32.90526289373031,1081.5911210336635,1948.8325917749178
2025-08-02,113320.390625,114021.6015625,112005.765625,112526.9140625,56870866000,-0.006999393518263508,0.01071418901923316,0.009634214563066876,117688.5953125,111930.66125,1.051441973076881,31.24051022242631,650.3693203691946,1689.1399374937732
2025-08-03,112525.8046875,114747.421875,111943.8046875,114217.671875,48099615826,0.015025363723748075,0.01127270507833978,0.01441590615786864,117406.99375,112105.5665625,1.0472895980998802,40.04103314701021,439.98113314922375,1439.3081766248636
2025-08-04,114223.921875,115729.46875,114130.40625,115071.8828125,35783028986,0.007478798363486527,0.010898375063242658,0.015625468706806724,117271.728515625,112295.96375,1.0443093820958904,42.689965381899015,338.27523637404374,1219.1015885746997
2025-08-05,115072.1875,115117.4375,112701.109375,114141.4453125,61039182286,-0.008085706753543476,0.01077612726245054,0.014163789296775968,117041.875390625,112442.8575,1.0409009339755084,29.90967628460872,180.5132062923658,1011.383912118233
2025-08-06,114140.9140625,115737.8359375,113372.25,115028.0,56379133510,0.007767158415357134,0.010898170680716494,0.010127544571490486,116828.783203125,112651.39515625,1.037082435073981,36.89095484650318,125.5756568689103,834.2222610683685
2025-08-07,115030.0546875,117676.90625,114279.7109375,117496.8984375,64051649681,0.021463456180234486,0.01183785828182729,0.011034412916063278,116803.466796875,112903.6665625,1.0345409529478495,47.32744433583872,278.0515187808196,722.9881126108588
2025-08-08,117505.5,117689.203125,115917.4609375,116688.7265625,59713005166,-0.0068782400705657,0.01193334659639957,0.012196894140507817,116740.904296875,113143.7553125,1.031792731065358,47.10760521659799,329.8744345946325,644.3653770076136
2025-08-09,116678.2734375,117906.609375,116363.8359375,116500.359375,54004312429,-0.0016142706587778388,0.011880422049195599,0.012291122613933805,116700.8828125,113407.57046875,1.0290396164042461,45.54769609613017,351.69073904027755,585.8304494141464
2025-08-10,116497.71875,119320.7109375,116485.1640625,119306.7578125,64755458694,0.02408918266480664,0.013072701007654222,0.013686821720081682,116794.24375,113748.5575,1.0267756032862219,49.59632199540027,588.6476536168921,586.3938902546955
2025-08-11,119306.8125,122321.09375,118159.03125,118731.4453125,90528784177,-0.004822128356753663,0.012155876040892447,0.015052241735742194,116731.0453125,114103.44359375,1.0230282420581909,52.42965223879333,721.6955479020689,613.4542217841703
2025-08-12,118717.6640625,120302.46875,118228.71875,120172.90625,72803657984,0.012140515376580119,0.012233380201091966,0.013189293269539354,116801.942578125,114395.34625,1.021037536989185,56.23623565553456,932.6992373231915,677.3032248919745
2025-08-13,120168.9765625,123682.453125,118939.6328125,123344.0625,90904808795,0.026388279596092357,0.013466975349295977,0.014305654227148554,117050.745703125,114741.31484375,1.020127282509529,63.047607213859706,1340.356196415829,809.9138191967455
2025-08-14,123339.3984375,124457.1171875,117254.8828125,118359.578125,104055627395,-0.040411222672351976,0.01643012216643623,0.027476794420064097,117086.93046875,114961.28125,1.0184901315959367,55.411076443057716,1246.8481521560607,897.3006857886088
2025-08-15,118365.78125,119332.3125,116864.5703125,117398.3515625,68665353159,-0.008121240187970669,0.016529966302512234,0.025109992775529385,117059.4796875,115170.04828125,1.0164055797010343,59.03846513454383,1082.6987261444883,934.3802938597847
2025-08-16,117398.421875,117996.0625,117271.953125,117491.3515625,48036922378,0.0007921746665282559,0.016255570140210073,0.025131713495827306,116961.62265625,115378.10671875,1.013724578973722,61.35484479667893,949.1719823901803,937.3386315658639
2025-08-17,117492.7890625,118595.7734375,117279.5234375,117453.0625,45852169525,-0.00032588834829794244,0.01600594481213381,0.023990155589450893,116938.051953125,115580.61390625,1.0117445132102867,58.005234630521684,830.6858393360599,916.0080731199032
2025-08-18,117453.90625,117614.171875,114723.6796875,116252.3125,72787808090,-0.01022323279139703,0.01616580645788972,0.01676856168996514,116854.56015625,115737.94875,1.0096477552808711,52.87146181817629,632.6019854977931,859.3268555954811
2025-08-19,116241.859375,116764.5,112730.3984375,112831.1796875,71657600353,-0.029428514056440758,0.017405390600938632,0.012141410830596413,116604.559765625,115851.865625,1.006497039443986,47.157183605861576,197.2880638524657,726.919097246878
2025-08-20,112828.0234375,114625.796875,112387.9609375,114274.7421875,67993811526,0.012794003430595335,0.01730050023896592,0.015777122633859535,116530.38671875,116023.39484375,1.0043697383246093,48.40426429859755,-30.86216608452378,575.3628445805977
2025-08-21,114275.6875,114802.6484375,111986.234375,112419.03125,57817883700,-0.01623902974513114,0.017030323620408926,0.015976116829537035,116485.333984375,116094.5890625,1.0033657461991157,38.95588757542237,-357.29456157832465,388.83136334881317
2025-08-22,112433.734375,117377.3984375,111678.9453125,116874.0859375,82528088240,0.03962900798880531,0.01912239799402678,0.027230487207538033,116702.692578125,116239.11125,1.0039881699295512,50.34795019411063,-253.58572757399816,260.3479451642509
2025-08-23,116866.3671875,116996.25,114536.109375,115374.328125,55377142586,-0.012832252765613172,0.019143695936748802,0.027482583448824448,116760.525390625,116385.91109375,1.0032187254741964,47.98543799238187,-289.0813016153552,150.46209580832965
2025-08-24,115387.390625,115615.0859375,111060.546875,113458.4296875,73961489632,-0.016605933647771742,0.019448477987098346,0.024643323018804585,116679.852734375,116490.45609375,1.0016258554303588,39.192497264146304,-466.4320534812141,27.083265950420866
2025-08-25,113456.8984375,113637.84375,109324.28125,110124.3515625,85706860190,-0.029385900493979156,0.02044205434850842,0.026865424066441126,116478.998046875,116508.30171875,0.9997484842586949,35.5661053686309,-866.0329539062514,-151.53997802091362
2025-08-26,110124.1015625,112397.015625,108762.0390625,111802.65625,69396320317,0.015240086898922645,0.02068891809081465,0.027854734883342874,116317.730859375,116578.3578125,0.9977643624595898,36.073910470979335,-1035.3594056192233,-328.3038635405756
2025-08-27,111795.7109375,112619.4140625,110398.265625,111222.0625,62137056409,-0.005193022862549412,0.019997951028141833,0.016487442451022283,116003.9890625,116623.79359375,0.9946854367179219,27.92937701060221,-1202.5387833929854,-503.1508475110577
2025-08-28,111219.0546875,113450.078125,110900.921875,112544.8046875,58860155962,0.01189280397942638,0.02022335868815142,0.018869653460531603,115796.79296875,116648.15859375,0.9927014225062476,37.78414154613968,-1214.29773639646,-645.3802252881383
2025-08-29,112550.5234375,112619.0546875,107559.625,108410.8359375,77843379644,-0.036731759955323295,0.02169458837519224,0.02357479793141796,115392.316796875,116496.63125,0.9905206318734217,33.339695828327336,-1539.4477253718505,-824.1937253048808
2025-08-30,108409.40625,108929.3515625,107444.4453125,108808.0703125,51486264208,0.003664157476186425,0.020796198433237042,0.020847958330489004,114867.382421875,116322.4528125,0.987491061652814,34.08319027021888,-1744.9630916588649,-1008.3475985756777
2025-08-31,108818.4609375,109491.0,108104.65625,108236.7109375,47986191770,-0.00525107534173741,0.02079688985973255,0.018430120583292534,114342.645703125,116138.4825,0.9845371081297278,33.429877076685415,-1931.6723106397549,-1193.0125409884931
2025-09-01,108228.75,109890.5859375,107271.1796875,109250.59375,66870372995,0.009367272930950854,0.02068969848521655,0.019756058863812282,113796.530078125,115941.17203125,0.9815023264337284,37.32641736759639,-1975.061561999275,-1349.4223451906496
2025-09-02,109243.0703125,111748.015625,108454.03125,111200.5859375,74776999491,0.017848801737061493,0.020097273795772436,0.02104693563163214,113189.35625,115768.1896875,0.9777241620132335,46.88248512161707,-1830.9932332980534,-1445.7365228121305
2025-09-03,111190.6953125,112600.2265625,110582.9609375,111723.2109375,61119643565,0.004699840343410866,0.018368061227686742,0.00844754777354716,112857.537890625,115647.11015625,0.9758785821638255,44.94369880548453,-1655.5622836512484,-1487.7016749799543
2025-09-04,111718.1484375,112208.328125,109347.2265625,110723.6015625,60131132901,-0.008947195185422974,0.01838176648776748,0.0108772369375445,112523.800390625,115486.81203125,0.9743432900388381,46.52221000361216,-1578.9904950829368,-1505.959439000551
2025-09-05,110723.015625,113357.4921875,110233.3984375,110650.984375,60241647677,-0.0006558419928113235,0.018369879494834408,0.010115873069479035,112181.78203125,115314.03484375,0.9728371935233712,34.43653746432773,-1506.7969834401447,-1506.1269478884699
2025-09-06,110650.5703125,111275.015625,110024.0859375,110224.6953125,21500719036,-0.0038525555367432407,0.018361459418486045,0.010240314056696573,111820.363671875,115158.46421875,0.9710129813772604,36.39045496533984,-1467.069604848919,-1498.3154792805599
2025-09-07,110221.328125,111591.078125,110211.625,111167.6171875,24618007520,0.008554542812086785,0.0184530952236456,0.006902630286515906,111566.12890625,115023.01703125,0.9699461184880865,43.6175621953789,-1344.0065848147497,-1467.453700387398
2025-09-08,111163.015625,112869.234375,110630.609375,112071.4296875,40212813407,0.008130177859939192,0.017403814795782752,0.007624289407131104,111528.14140625,114918.42984375,0.9704983052578282,56.274439311958155,-1160.174371570727,-1405.997834624064
2025-09-09,112077.578125,113225.4375,110776.703125,111530.546875,45984480722,-0.004826232823193166,0.017155970463834602,0.006462199032927293,111390.931640625,114800.25,0.9703021695564688,49.05376505336732,-1046.0722707775858,-1334.0127218547684
2025-09-10,111531.25,114275.25,110940.078125,113955.359375,56377473784,0.02174124101370767,0.017487897709039957,0.01087563100268852,111467.748046875,114679.44890625,0.971994102779474,58.42427108535853,-751.3226502612815,-1217.474707536071
2025-09-11,113961.4296875,115522.546875,113453.8359375,115507.5390625,45685065332,0.013620945043858246,0.015277835643752164,0.009680209371325452,111399.420703125,114614.50046875,0.9719487520996385,59.004074306228276,-388.0107770617906,-1051.581921441215
2025-09-12,115507.7890625,116769.3828125,114794.484375,116101.578125,54785725894,0.005142859655061782,0.015039554447257969,0.009876835162866845,111435.783203125,114569.17203125,0.9726506810464657,79.78078001220982,-51.55521584209055,-851.57658032139
2025-09-13,116093.5625,116334.6328125,115248.2734375,115950.5078125,34549454947,-0.0013011908618274504,0.014507462046940197,0.010877524440372103,111560.387109375,114535.46453125,0.9740248364639646,78.1951075089745,200.58589939658123,-641.1440843777958
2025-09-14,115950.2890625,116181.5,115222.3984375,115407.65625,32798036057,-0.004681752350561785,0.012707319799064328,0.010838790299880129,111824.55234375,114484.6703125,0.976764417790706,78.37149969924783,352.54207986113033,-442.40685153001056
2025-09-15,115399.6328125,116747.8828125,114461.0625,115444.875,52937859416,0.0003224981011604733,0.012348139341712463,0.007094988558460782,112006.66328125,114404.59796875,0.9790398748819956,76.55999807047846,470.54751093892264,-259.8159790362239
2025-09-16,115423.7578125,117005.2734375,114813.09375,116843.1875,45781744593,0.012112382641498831,0.012447305121296139,0.0065189504923742455,112287.71953125,114382.9721875,0.9816821278886214,75.39597871423217,669.1858400062774,-74.01561522772356
2025-09-17,116840.5078125,117328.609375,114794.9765625,116468.5078125,60528025996,-0.0032066883445814875,0.012307459907418489,0.006682107502391598,112483.9046875,114353.899375,0.9836473028228996,71.6456908754239,787.2991331216472,98.24733444215065
2025-09-18,116461.265625,117911.7890625,116188.796875,117137.203125,49457272032,0.005741425944741474,0.00833413264004753,0.006906725129079479,112920.223046875,114340.0196875,0.9875826797607224,80.16637159556666,924.2091839029599,263.4397043343126
2025-09-19,117137.671875,117479.7578125,115141.8203125,115688.859375,38828473971,-0.012364506846338497,0.00909507862760745,0.009241000333688226,113264.2625,114338.6328125,0.9906036106425916,70.98046437295596,905.4052016500937,391.83280379746884
2025-09-20,115691.125,116191.1484375,115473.5234375,115721.9609375,22864449614,0.0002861257573012477,0.008909560511411493,0.009241209993929633,113638.525,114386.6703125,0.9934595061604984,73.66874454238072,882.9953094103985,490.06530492005487
2025-09-21,115730.2265625,115901.0859375,115252.578125,115306.09375,22495852193,-0.003593675600818802,0.008923009243763496,0.006606935622347982,113941.3,114442.25390625,0.9956226490727771,68.66555178996907,822.2004864657938,556.4923412292027
2025-09-22,115309.21875,115431.3125,112037.6484375,112748.5078125,70684158591,-0.02218083931492132,0.009801504287130721,0.011006835427770225,114018.69609375,114412.870625,0.9965548060362723,52.6573674443819,561.1754593842343,557.428964860209
2025-09-23,112757.4765625,113351.9140625,111535.5703125,112014.5,47211853279,-0.00651013327573835,0.009883147938559636,0.008755472523221326,114033.260546875,114351.72296875,0.997215062321693,51.87103493186517,291.72018008233863,504.28720790463495
2025-09-24,112007.6640625,113986.2734375,111229.640625,113328.6328125,48044595085,0.011731809832655538,0.009959799930004535,0.012276555647556623,114163.512109375,114335.46671875,0.9984960518873992,47.34934018491608,182.1151550727809,439.85279733826417
2025-09-25,113330.1640625,113541.0859375,108713.3984375,109049.2890625,75528654284,-0.03776048156409062,0.01324103138682879,0.01891220932441117,114083.42734375,114215.8925,0.9988402213269051,27.80555698747358,-247.20526514922676,302.44118484076597
2025-09-26,109041.296875,110359.1953125,108728.9765625,109712.828125,57738288949,0.0060847628462732395,0.013300635515746553,0.020382681359096363,114057.833984375,114060.21109375,0.9999791591708257,28.148781530568627,-527.818372700378,136.38927333253716
2025-09-27,109707.140625,109778.5,109144.296875,109681.9453125,26308042910,-0.0002814877077529365,0.01314216573312889,0.019365026645495383,113983.550390625,113920.07546875,1.0005571882007083,28.382124089888222,-744.1205089846189,-39.71268313089412
2025-09-28,109681.9453125,112375.484375,109236.9453125,112122.640625,33371048505,0.02225248016477188,0.01398753032164009,0.02288527891488731,113986.1109375,113832.52109375,1.0013492615491095,39.982513317514325,-710.4086477089004,-173.85187604649542
2025-09-29,112117.875,114473.5703125,111589.953125,114400.3828125,60000147466,0.02031473906432546,0.01463468314856157,0.024229654168879698,114129.602734375,113734.39359375,1.003474842816999,47.19778900008258,-494.2001642568648,-237.92153368856933
2025-09-30,114396.5234375,114836.6171875,112740.5625,114056.0859375,58986330258,-0.003009577997342028,0.013846988434967657,0.011645815599305033,114134.6390625,113640.88640625,1.0043448504483228,42.07440372911735,-346.639420364183,-259.6651110236921
2025-10-01,114057.59375,118648.9296875,113981.3984375,118648.9296875,71328680132,0.04026829179914837,0.016280916412927136,0.01784005226908486,114291.70859375,113610.406875,1.005996824916749,55.000720291212666,139.30185385787627,-179.87171804737838
2025-10-02,118652.3828125,121086.40625,118383.15625,120681.2578125,71415163912,0.017128920845327356,0.016639940331102096,0.015425673179572047,114520.692578125,113557.15078125,1.008485082535499,57.649684679990415,680.5606301987282,-7.785248398157026
2025-10-03,120656.984375,123944.703125,119344.3125,122266.53125,83941392228,0.013136036748664148,0.016798500780138812,0.015541232478077519,114836.49375,113635.28984375,1.010570694261454,64.11418187426449,1223.3286564749142,238.4375325764573
2025-10-04,122267.46875,122857.640625,121577.5703125,122425.4296875,36769171735,0.001299606980548873,0.01671150577402114,0.016962521362856593,115187.382421875,113735.83140625,1.0127624777317559,64.30687575198952,1647.3088526289212,520.2117965869502
2025-10-05,122419.671875,125559.2109375,122191.9609375,123513.4765625,73689317763,0.008887425412982486,0.01674659667291269,0.014705553760742972,115590.8125,113856.27390625,1.0152344577443158,67.02803565020321,2047.510080639826,825.6714533975254
2025-10-06,123510.453125,126198.0703125,123196.046875,124752.53125,72568881188,0.010031736794915869,0.016696778032985984,0.0058639813419863384,115986.2796875,114002.26328125,1.0174033071725543,76.34646888746455,2436.5665724644496,1147.8504772109104
2025-10-07,124752.140625,125184.0234375,120681.96875,121451.3828125,76149412513,-0.026461574802715715,0.017945072080467153,0.016159966950037616,116235.4234375,114106.2446875,1.0186596163586938,68.61448332338338,2450.2762952904304,1408.3356408268146
2025-10-08,121448.3515625,124167.09375,121119.1796875,123354.8671875,65354305286,0.01567280940669602,0.018182605464710448,0.01665366291038549,116546.306640625,114316.7184375,1.0195036057157638,69.32762250716112,2584.939061945639,1643.6563250505797
2025-10-09,123337.0703125,123739.34375,119812.03125,121705.5859375,74653009425,-0.013370216251727518,0.01822793024417406,0.018019055957497202,116847.14296875,114465.3353125,1.0208081132139042,77.15067765829289,2529.4194881063013,1820.8089576617242
2025-10-10,121704.7421875,122509.6640625,104582.4140625,113214.3671875,153125018868,-0.06976852117831744,0.02440109508707675,0.03422424928795905,116721.76328125,114481.24203125,1.0195710774118645,55.623120438711716,1779.7337736953632,1812.5939208684522
2025-10-11,113236.4296875,113429.7265625,109760.5625,110807.8828125,110236934340,-0.02125599811033263,0.024823243417449143,0.03078404945681735,116496.852734375,114359.91796875,1.018686046681224,51.67996228827369,980.121041336999,1646.0993449621615
2025-10-12,110811.515625,115805.0625,109715.5390625,115169.765625,93710414091,0.03936437283871608,0.025939008408389717,0.04124979962352776,116617.915625,114355.82671875,1.0197811425194225,54.299963795070404,690.4308224939887,1454.965640468527
2025-10-13,115161.6796875,116020.484375,113821.1875,115271.078125,71582026739,0.000879679657679322,0.025873133895699247,0.039450894615893885,116780.74453125,114392.0796875,1.0208813831366248,51.309097563823336,463.6793026312953,1256.7083729010808
2025-10-14,115264.8828125,115502.8828125,110029.484375,113118.6640625,92212917403,-0.01867262888064536,0.02614798789029594,0.03954020819990047,116770.24609375,114451.9659375,1.020255485672618,48.66325768969397,109.03833703936834,1027.1743657287384
2025-10-15,113113.96875,113622.3828125,110235.8359375,110783.1640625,72574132855,-0.02064646024028005,0.025098011370172105,0.025953893426814593,116856.93984375,114431.57609375,1.0211948819791923,38.011816508343244,-356.36456576957426,750.4665794290758
2025-10-16,110782.171875,111990.8125,107537.03125,108186.0390625,87306423067,-0.023443318504017374,0.025651299984072354,0.02633175361609582,116780.600390625,114370.855625,1.0210695701492878,31.27839749184362,-924.1133977051359,415.5505840022334
2025-10-17,108179.1328125,109235.8046875,103598.4296875,106467.7890625,99703051669,-0.01588236351834038,0.025884179151746855,0.009592627230386045,116619.892578125,114249.3153125,1.0207491594950997,26.4226744626649,-1495.4680278802116,33.34686162574432
2025-10-18,106483.734375,107490.984375,106387.453125,107198.265625,37779905278,0.006861009972426446,0.025375139744665733,0.012178606523861043,116373.673828125,114225.06390625,1.0188103192801754,27.656844702519905,-1867.796539095667,-346.88181851853807
2025-10-19,107204.3125,109488.9921875,106157.7890625,108666.7109375,47657008953,0.013698405510000455,0.02511158548495877,0.016971756971295198,116086.990234375,114222.23671875,1.0163256610025646,28.455520139090112,-2021.080543875927,-681.7215635900161
2025-10-20,108667.4453125,111711.03125,107485.015625,110588.9296875,63507793085,0.01768912239467313,0.025502731613054646,0.018365942856000243,115913.632421875,114269.28109375,1.01439014328598,29.846461276933297,-1964.8032052407943,-938.337891920172
2025-10-21,110587.6328125,113996.34375,107534.75,108476.890625,101194375480,-0.019098105646452646,0.023817769329495784,0.017047550249537236,115405.03046875,114253.80703125,1.0100760181862922,30.89183883439337,-2066.8021021193563,-1164.030733960009
2025-10-22,108491.53125,109115.1328125,106778.0,107688.5859375,80807013218,-0.007267028792566799,0.023286865618176528,0.015304648915872819,114755.396875,114183.56703125,1.0050079872140754,26.143895819860404,-2186.0471718718327,-1368.4340215423738
2025-10-23,107679.4375,111288.59375,107548.4296875,110069.7265625,54944076060,0.022111355667553845,0.02374520102883056,0.017746567924654486,114145.556640625,114150.49734375,0.9999567176382059,32.66761347238436,-2064.6120379528875,-1507.6696248244766
2025-10-24,110069.3515625,111842.53125,109770.1484375,111033.921875,48160816980,0.008759859251149305,0.023906895389607496,0.017302992337158322,113575.98125,114156.70375,0.994912935632131,45.813243134830024,-1869.026343566773,-1579.940968572936
2025-10-25,111032.6171875,111947.703125,110704.40625,111641.7265625,24707667305,0.005474045023684315,0.023817593063440345,0.015757848189242182,112982.39375,114176.51859375,0.9895414148333003,51.71989601857898,-1646.0043988931575,-1593.1536546369805
2025-10-26,111639.0546875,115260.90625,111268.484375,114472.4453125,41708524143,0.025355383127430242,0.024553772247987105,0.013216597905968514,112468.389453125,114261.47359375,0.9843071852285031,48.46472480909899,-1226.701899232692,-1519.863303556123
2025-10-27,114479.8515625,116273.3125,113882.2890625,114119.328125,61761358733,-0.0030847352525406047,0.02397790522508738,0.011841225313989661,112101.78671875,114320.5078125,0.9805920990362552,47.492024780341225,-912.3779284248449,-1398.3662285298674
2025-10-28,114129.0859375,116078.984375,112291.6796875,112956.1640625,64528066504,-0.01019252462848308,0.02362224701360845,0.013458587852973792,111581.8515625,114338.2025,0.9758930009635232,49.63021959267265,-748.5032562429114,-1268.3936340724763
2025-10-29,112921.328125,113642.7265625,109368.71875,110055.3046875,62192043469,-0.025681284408657135,0.02403269235078033,0.018924690455725347,110999.3375,114308.69765625,0.9710489208248881,48.38525176040592,-842.9890528953256,-1183.3127178370462
2025-10-30,110059.1953125,111612.3515625,106376.6875,108305.546875,69673964814,-0.015898895718551742,0.018812859357500537,0.01932956016912562,110753.896484375,114195.70140625,0.9698604686560766,50.27548432618986,-1046.991493401947,-1156.0484729500265
2025-10-31,108304.4140625,111031.8203125,108288.2734375,109556.1640625,60090359560,0.011547120379193476,0.01847691261634201,0.013998978852097714,110691.310546875,114076.67390625,0.9703237897507676,57.27605772961496,-1095.1266042729403,-1143.8640992146093
2025-11-01,109558.625,110574.8984375,109372.953125,110064.015625,25871668762,0.004635536182247879,0.016009759099046762,0.0151466554963849,110436.023046875,113955.92265625,0.9691117448981319,56.823138134619036,-1079.8468473567918,-1131.0606488430458
2025-11-02,110064.4296875,111167.3125,109523.453125,110639.625,34284209459,0.005229768982454308,0.016082367744974145,0.015914853575508786,110204.450390625,113849.705,0.9679818704020796,54.905940638298944,-1009.6520238771191,-1106.7789238498606
2025-11-03,110646.90625,110764.9140625,105336.359375,106547.5234375,72852006359,-0.03698585893164408,0.017541244658799745,0.020029988857112335,109875.893359375,113672.50234375,0.9666004626792334,40.92930998929683,-1269.585525864517,-1139.340244252792
2025-11-04,106541.421875,107264.8828125,98962.0625,101590.5234375,110967184773,-0.046523840630681046,0.01974026995148062,0.02712647179506983,109416.261328125,113395.4153125,0.9649090399871186,36.294282301508844,-1854.1991182949423,-1282.3120190612221
2025-11-05,101579.234375,104534.703125,98989.9140625,103891.8359375,77584934804,0.02265282648549194,0.020055716897788598,0.02989307083339542,109201.551171875,113136.38828125,0.9652204107877898,42.87269689603064,-2107.518752041913,-1447.3533656573604
2025-11-06,103893.6640625,104147.3046875,100336.8671875,101301.2890625,63932752861,-0.02493503798083263,0.02048706903355157,0.02914029388702353,108943.226171875,112833.04390625,0.9655258991540905,33.66818815197158,-2488.6245548118604,-1655.6076034882606
2025-11-07,101286.2421875,104052.9140625,99257.0546875,103372.40625,92168030081,0.020445121741957006,0.02102429481364588,0.03252418562814828,108751.933203125,112557.74796875,0.9661878916884368,36.295021356687705,-2593.6340029386047,-1843.2128833783295
2025-11-08,103371.703125,103373.5625,101458.0390625,102282.1171875,51446691095,-0.010547196317199026,0.02079328129833201,0.02968944384134307,108432.703515625,112289.613125,0.9656521248756863,33.541554473617694,-2733.323905995858,-2021.2350879018354
2025-11-09,102278.984375,105418.3671875,101468.875,104719.640625,59679243013,0.02383137448193029,0.021154299173038807,0.022551627191137097,108139.2390625,112069.56671875,0.9649295721280555,32.60965928356241,-2617.172257753031,-2140.422521872075
2025-11-10,104723.7734375,106564.6953125,104350.6484375,105996.59375,69585887229,0.012194017448672767,0.021019513335637577,0.021092234171125872,108015.22421875,111883.37671875,0.9654269238787484,35.978219179486246,-2394.479722716598,-2191.23396204098
2025-11-11,105996.859375,107428.2578125,102457.328125,102997.46875,71130078574,-0.028294541304540788,0.021861456699840073,0.022272747602495604,107780.668359375,111688.3559375,0.9650125785689628,33.833635384789034,-2431.96443489354,-2239.380056611492
2025-11-12,103011.4375,105297.234375,100836.6171875,101663.1875,64347179408,-0.012954505253314763,0.021223162386038198,0.020895742075122552,107360.34140625,111481.3296875,0.963034274054662,35.646691322175016,-2540.0564950333937,-2299.515344295872
2025-11-13,101674.1484375,104005.4921875,97988.71875,99697.4921875,101546815416,-0.01933536967351135,0.02128137895178076,0.02201281519206093,106793.519921875,111208.706875,0.9602981899781667,35.38531776423142,-2752.605097051419,-2390.1332948469817
2025-11-14,99694.703125,99804.4296875,94000.734375,94397.7890625,114346441890,-0.053157837862490065,0.02364723172628099,0.023739722560552075,105931.323046875,110915.676875,0.9550617733348705,27.374958196183385,-3310.531400945285,-2574.2129160666427
2025-11-15,94420.46875,96728.46875,94420.46875,95549.1484375,38500716654,0.012196889211437911,0.02283704017566531,0.023740705556248937,104985.158203125,110632.40328125,0.9489548729790444,28.743768956273726,-3618.079963529439,-2782.986325559202
2025-11-16,95556.8671875,96564.1875,92971.1640625,94177.078125,71086235862,-0.01435983820826503,0.02282917725398587,0.023384155431973305,103988.045703125,110322.3059375,0.9425840478899752,26.441068627937653,-3927.2580364825117,-3011.8406677438643
2025-11-17,94180.875,95928.3671875,91214.7578125,92093.875,94186165724,-0.02212006537551514,0.023008624919100974,0.023295660396714733,102944.93125,109921.730625,0.9365293892724317,28.054100258999696,-4290.91793795304,-3267.6561217856997
2025-11-18,92094.53125,93745.078125,89300.4609375,92948.875,101333569062,0.009284005043766586,0.02307493921535428,0.026585445567466656,102089.609765625,109492.70046875,0.9323873585048905,35.011803500643765,-4458.732186251,-3505.8713346787604
2025-11-19,92946.1640625,92946.1640625,88526.828125,91465.9921875,80350354656,-0.015953746750565823,0.023075911313186148,0.01575885874100362,101247.63203125,109040.89859375,0.9285289587392791,27.81871714313766,-4657.69146911976,-3736.2353615669604
2025-11-20,91459.3515625,93025.0703125,86040.796875,86631.8984375,97970645638,-0.05285126891851111,0.024622787558776733,0.022283618148311625,100101.41875,108400.55796875,0.9234400691817242,25.755715673550043,-5146.117856334677,-4018.211860520504
2025-11-21,86528.7734375,87380.8046875,80659.8125,85090.6875,129157506112,-0.017790340109098413,0.02436446273169302,0.022149738163351758,98852.75234375,107688.7465625,0.9179487690143947,19.246915702437633,-5593.088486843961,-4333.187185785197
2025-11-22,85098.5625,85503.0078125,83490.8984375,84648.359375,40793099246,-0.0051983141515926645,0.024074961998468227,0.02299957131462815,97553.1890625,106936.383125,0.9122544283966308,19.67584313967845,-5914.825686110853,-4649.514885850328
2025-11-23,84648.609375,88038.46875,84641.7734375,86805.0078125,58083435576,0.025477734635657168,0.024841733023127973,0.02811072589009601,96566.06328125,106223.9746875,0.9090797399112339,18.892325290453414,-5927.453238258866,-4905.102556332036
2025-11-24,86798.7734375,89206.3359375,85272.1953125,88270.5625,74433896110,0.01688329653360121,0.0239514392998902,0.031011162181852434,95900.065234375,105519.11640625,0.9088406774101336,19.42011577845321,-5752.886949477295,-5074.659434961089
2025-11-25,88269.9609375,88457.3359375,86131.4296875,87341.890625,64837343545,-0.010520742688141405,0.02293695631856851,0.018524949907207378,95072.56796875,104770.90359375,0.907432929445704,20.91414776827625,-5624.640611264069,-5184.655670221685
2025-11-26,87345.5859375,90581.15625,86316.8984375,90518.3671875,66496301869,0.03636830551491177,0.024641710426169722,0.020002898124686495,94533.421875,104152.24328125,0.9076465268225131,30.62100560583835,-5206.6701007122465,-5189.058556319797
2025-11-27,90517.765625,91897.578125,90089.515625,91285.375,57040622845,0.008473504729832548,0.024122836568011643,0.01777126730250598,93929.0703125,103510.8534375,0.9074320923188456,34.73644071280437,-4758.679247280321,-5102.982694511902
2025-11-28,91285.3828125,92969.0859375,90257.1171875,90919.265625,60895830289,-0.004010602738938163,0.024101097987183684,0.01844464942210604,93360.927734375,102895.12703125,0.9073406139633863,42.31184568816812,-4382.664605733589,-4958.9190767562395
2025-11-29,90918.7421875,91187.6171875,90260.1875,90851.7578125,37921773455,-0.0007425028351905061,0.02312891701929285,0.018350227006586214,92667.53359375,102447.87484375,0.9045334882259233,39.09549714504588,-4043.506582661561,-4775.836577937304
2025-11-30,90838.2109375,91965.046875,90394.3125,90394.3125,38497902869,-0.005035073877646679,0.02270031268939599,0.017253193442242184,91887.41953125,102039.6034375,0.9005074151187946,40.829276977449815,-3768.1960016773664,-4574.308462685317
2025-12-01,90389.109375,90398.15625,83862.25,86321.5703125,87962894424,-0.045055292472078956,0.02378480056480869,0.02069862981201509,91053.624609375,101462.63953125,0.8974103673040255,37.237139715278815,-3834.445538636457,-4426.3358778755455
2025-12-02,86322.5390625,92316.6328125,86202.1953125,91350.203125,78546798211,0.05825464938016567,0.028035956582324262,0.036956882111340704,90537.975390625,100984.22203125,0.8965556556212082,47.01599054589743,-3441.5085635914293,-4229.370415018722
2025-12-03,91345.09375,94060.7734375,91056.390625,93527.8046875,77650204986,0.023837949867722363,0.028528586174421545,0.038152000415241395,90229.491015625,100592.40484375,0.8969811503739105,53.75120106888024,-2920.720682845713,-3967.6404685841203
2025-12-04,93454.2578125,94038.2421875,90976.1015625,92141.625,64538402681,-0.014821043775501641,0.026156318024243796,0.039299516738955056,90116.6828125,100219.5740625,0.899192434766291,61.462302774668956,-2589.989860377187,-3692.110346942734
2025-12-05,92133.6484375,92702.640625,88152.140625,89387.7578125,63256398633,-0.029887330373216225,0.026734981424928035,0.04210991037912523,89808.61328125,99843.6084375,0.899492863756705,58.51013758874509,-2521.036429122614,-3457.89556337871
2025-12-06,89389.359375,90267.4609375,88951.6640625,89272.375,37994042405,-0.0012908122468182626,0.026601796488593326,0.034698296751157945,89563.378125,99499.70015625,0.9001371660854613,59.27778394338343,-2447.4876525941363,-3255.8139812217955
2025-12-07,89277.8125,91740.84375,87799.5625,90405.640625,47394898960,0.012694471554050235,0.026377104821122845,0.021366185819002643,89478.96640625,99163.84765625,0.9023345555975953,57.53382514724176,-2271.5694142587745,-3058.965067829192
2025-12-08,90424.5859375,92267.1171875,89644.890625,90640.203125,57394099056,0.0025945560296725123,0.02628751342168796,0.016536630626188646,89363.5328125,98803.3175,0.904458828647125,55.22742830670852,-2089.143365258031,-2865.00072731496
2025-12-09,90639.703125,94601.5703125,89586.9765625,92691.7109375,66861721440,0.022633530616329445,0.02654153276342931,0.019786228303918532,89424.81875,98445.373125,0.9083699508808175,61.24465130393402,-1758.7560271206166,-2643.7517872760914
2025-12-10,92695.234375,94477.15625,91640.1328125,92020.9453125,65420694513,-0.007236522211271801,0.023450266755521323,0.011846683622334955,89694.27109375,98116.25421875,0.9141632220669248,53.53006603846309,-1533.3711137409264,-2421.6756525690585
2025-12-11,92011.3046875,93554.265625,89335.296875,92511.3359375,64532834621,0.005329119618741718,0.022920723069498147,0.011197170626170646,90065.303515625,97812.70921875,0.920793465746884,52.918126290788734,-1300.1936974036507,-2197.379261535977
2025-12-12,92513.6640625,92747.9296875,89532.6015625,90270.4140625,80275884583,-0.024223213861206738,0.023722429437680975,0.01722190738951062,90346.40625,97416.72296875,0.9274219404709594,48.58210308258947,-1281.4508148328168,-2014.193572195345
2025-12-13,90257.796875,90647.5703125,89800.9921875,90298.7109375,64237748110,0.00031346787642294593,0.023155192757048824,0.017160119062789383,90521.09140625,97002.01875,0.933187706531623,48.78938475640623,-1249.9054915669694,-1861.33595606967
2025-12-14,90296.4375,90498.109375,87634.9375,88175.1796875,50465972205,-0.023516739363752315,0.023567931681630908,0.013545291173750518,90516.322265625,96532.6878125,0.9376753545020847,45.47257090340739,-1380.3450617539493,-1765.1377772065257
2025-12-15,88171.078125,89983.921875,85304.078125,86419.78125,45559514323,-0.019908078936967,0.02388419977363829,0.01410403728888282,90470.216796875,95971.63453125,0.942676627721875,50.22129244929955,-1606.8426623362902,-1733.4787542324789
2025-12-16,86424.40625,88170.09375,85381.6875,87843.984375,41262178223,0.01648005936140917,0.022661594775446867,0.01796237186091471,90336.49765625,95446.12765625,0.9464658218675736,40.56751767134988,-1652.3748048171983,-1717.257964349423
2025-12-17,87847.6171875,90264.5703125,85316.265625,86143.7578125,44243392914,-0.01935507109105894,0.022886002050852408,0.017122565024241185,90079.416796875,94909.87953125,0.9491047427493096,29.611655092912173,-1804.8482626889454,-1734.7760240173275
2025-12-18,86144.3671875,89412.6640625,84436.3125,85462.5078125,52667115348,-0.007908292107279613,0.02291480002632963,0.01635861205661037,89806.57890625,94418.02359375,0.9511592754012566,30.811071902002865,-1958.0841825293173,-1779.4376557197254
2025-12-19,85476.1328125,89339.1171875,85107.6640625,88103.3828125,46733310561,0.03090097713717843,0.02412772497200769,0.022693310834820353,89669.16015625,94013.9803125,0.9537853823249698,46.285910769683994,-1845.1583740563365,-1792.5817993870478
2025-12-20,88101.671875,88497.203125,87924.875,88344.0,14688196659,0.002731077738661547,0.024126264329150254,0.019790580501775342,89566.64453125,93589.73703125,0.9570135291794155,47.3346778968825,-1716.4617584543594,-1777.35779120051
2025-12-21,88344.703125,89027.953125,87613.203125,88621.75,19845522660,0.0031439599746445612,0.02177302316035934,0.018649902216045317,89681.653515625,93160.89171875,0.9626534467528637,44.613953365494844,-1573.9135637980507,-1736.6689457200182
2025-12-22,88621.3984375,90501.9296875,87908.0703125,88490.015625,38047472118,-0.0014864790528285043,0.017200344803590655,0.014891422537751544,89538.644140625,92717.89953125,0.9657104463464095,43.467441644086364,-1454.8028934684844,-1680.2957352697113
2025-12-23,88490.03125,88898.3828125,86606.9765625,87414.0,43683011533,-0.01215974047919599,0.016273491391633005,0.01593176920629297,89232.95390625,92335.2290625,0.9664020419102428,32.955306397105915,-1430.7396216322813,-1630.3845125422256
2025-12-24,87404.3203125,87956.8828125,86411.796875,87611.9609375,25550297986,0.0022646365284737513,0.016081343219134958,0.006451285701937323,89006.470703125,92055.6578125,0.96687670066314,35.31236629269394,-1379.7901501465967,-1580.2656400631
2025-12-25,87608.3203125,88501.7890625,86949.2578125,87234.7421875,19953216347,-0.004305562231041726,0.014741006783612228,0.006167526616409385,88898.819921875,91722.5159375,0.9692147998039099,32.28855481337273,-1354.2398929980263,-1535.0604906500853
2025-12-26,87235.5078125,89459.4296875,86628.140625,87301.4296875,42455674908,0.0007644603322913834,0.01474688111464625,0.005696104982537517,88800.27265625,91442.51875,0.9711048412722117,38.331083661981864,-1313.4691514371807,-1490.7422228075045
2025-12-27,87301.4296875,87874.78125,87182.9765625,87802.15625,13741199310,0.005735605525503784,0.01448624492301843,0.0069488749903638585,88670.0984375,91131.11375,0.972994785082389,40.53919307555346,-1226.6139540440781,-1437.9165690548193
2025-12-28,87799.34375,87986.890625,87394.953125,87835.8359375,15156557929,0.00038358610925337544,0.014462892415480266,0.003626456736402441,88529.880078125,90842.188125,0.9745458790172113,48.472022491198544,-1141.899804900837,-1378.713216224023
2025-12-29,87835.7890625,90299.15625,86717.9140625,87138.140625,48411625849,-0.007943173820266769,0.013354372766903535,0.005232202205218448,88252.2015625,90490.558125,0.9752641976259223,53.575122281235174,-1118.1718234649452,-1326.6049376722076
2025-12-30,87134.3515625,89297.9375,86735.546875,88430.1328125,35586356225,0.014826942349620564,0.01388666361779061,0.008346444826991498,88072.6609375,90139.22890625,0.9770736005418977,52.95603708924886,-983.7739219301002,-1258.0387345237862
2025-12-31,88429.5859375,89080.2890625,87130.5625,87508.828125,33830210616,-0.01041844740246467,0.013901836202407243,0.010285726078652134,87822.535546875,89829.45609375,0.9776585472722835,57.47123389589898,-940.7597129278147,-1194.582930204592
2026-01-01,87508.046875,88803.2265625,87399.40625,88731.984375,18849043990,0.013977518339667538,0.013402010269164032,0.011869626522611426,87745.6140625,89570.83203125,0.9796226301870992,66.89230481089587,-798.7644954710122,-1115.4192432578761
2026-01-02,88733.0625,90884.4609375,88298.6171875,89944.6953125,46398906171,0.013667122921255048,0.013786168128564367,0.012819706379905666,87727.91328125,89375.77609375,0.9815625342288331,61.16048428645029,-581.6714782844065,-1008.6696902631822
2026-01-03,89945.0546875,90679.5703125,89328.0703125,90603.1875,20774828592,0.007321078638514056,0.012712773967810944,0.010654529166879265,87849.313671875,89299.8840625,0.9837561895420854,63.03308478878521,-352.4263304511842,-877.4210183007827
2026-01-04,90603.0,91712.5859375,90595.1015625,91413.4921875,26770491368,0.008943445698309516,0.011764961115868854,0.009999538570618364,88098.99921875,89217.1709375,0.9874668552364956,65.17304016189422,-104.16236399552145,-722.7692874397304
2026-01-05,91414.625,94762.0703125,91414.625,93882.5546875,53376407252,0.027009825802690735,0.012610883330248937,0.007735869422873766,88400.927734375,89211.28046875,0.9909164768164171,73.37061372471875,288.49572783151234,-520.5162843854819
2026-01-06,93876.9453125,94395.296875,91286.546875,93729.03125,52430605257,-0.0016352711961346023,0.011501369919942928,0.010497895874565557,88780.19140625,89243.98359375,0.9948030985527132,79.74714755295298,580.5992494586098,-300.29317761666346
2026-01-07,93727.46875,93738.7890625,90601.8046875,91308.0546875,43461295053,-0.025829527204251357,0.013090176165635405,0.019254637788876098,89072.46875,89211.1671875,0.9984452794210338,64.39565629100221,609.7124337880086,-118.29205533572899
2026-01-08,91309.640625,91485.8515625,89233.875,91027.125,42386697030,-0.003076724046541912,0.011432305778962142,0.019254631414442277,89218.655859375,89202.38984375,1.000182349549754,64.88231193117332,603.1632734046289,25.999010412342624
2026-01-09,91026.2734375,91910.671875,89625.3828125,90513.1015625,38305906684,-0.005646925984974294,0.011545305665507781,0.01886712656074206,89327.1109375,89280.01390625,1.0005275204291462,62.175959548330766,550.1537906437879,130.82996645863173
2026-01-10,90510.1015625,90713.03125,90283.3984375,90386.6484375,12385895282,-0.001397069847536736,0.011551304258797343,0.01037557418544296,89415.355859375,89385.933125,1.0003291651532447,60.08440274571082,492.2651569634327,203.11700455959195
2026-01-11,90385.359375,91155.2265625,90212.0234375,90827.4609375,17165568977,0.004876964768804504,0.011565398084473044,0.011631264917123801,89532.228125,89509.51515625,1.0002537492099064,61.31353909134313,476.46548491231806,257.78670063013726
2026-01-12,90825.859375,92395.5234375,90055.0234375,91192.9921875,41346275358,0.004024457429802286,0.0111269536336384,0.004554929024995894,89721.177734375,89597.27484375,1.0013828868215142,65.72955831126535,487.81620641170593,303.79260178645103
2026-01-13,91185.3359375,96011.625,90941.9296875,95321.78125,54980674354,0.04527528885126264,0.014720768001328726,0.020490081942322002,90106.66875,89738.29921875,1.0041049310545995,71.91154020220205,820.5121532398625,407.1365120771334
2026-01-14,95322.90625,97860.6015625,94583.046875,96929.328125,60592490863,0.016864423365986925,0.014828045722884833,0.01874922836567291,90591.398046875,89930.04796875,1.0073540500985254,78.69949009318461,1200.058162541245,565.7208421699559
2026-01-15,96931.2890625,97150.171875,95103.2421875,95551.1875,53086363027,-0.01421799419905967,0.015439674605192785,0.021969405460878548,91003.8859375,90030.704375,1.0108094407264265,70.58031306027405,1373.8102491729078,727.3387235705463
2026-01-16,95554.1015625,95801.890625,94259.2734375,95525.1171875,33248170537,-0.00027284132392391136,0.015475588074923633,0.022464727480930126,91390.033984375,90115.49921875,1.0141433468900964,68.14103957690362,1492.205161073245,880.3120110710862
2026-01-17,95525.15625,95598.4765625,95005.6171875,95099.921875,16021715122,-0.004451136256293897,0.015578007929703718,0.023361774417025086,91753.23828125,90199.11234375,1.0172299471371424,64.84329467491756,1534.040806025674,1011.0577700620039
2026-01-18,95101.1796875,95491.5078125,93588.8671875,93634.4296875,20809781232,-0.01541002514624834,0.01596633209061615,0.013064771525746631,92078.052734375,90254.76578125,1.0202015587469817,57.02715048899357,1432.430714537957,1095.3323589571946
2026-01-19,93655.671875,93660.828125,92089.25,92553.59375,39195241508,-0.011543146480490485,0.01608932936132172,0.006547493479014555,92284.22578125,90297.95140625,1.0219968929977576,45.39013665338235,1250.2771411269205,1126.32131539114
2026-01-20,92553.6015625,92798.4296875,87814.9296875,88310.90625,53072968031,-0.04584033237499219,0.019220002706182647,0.017959288990146736,92324.3296875,90337.738125,1.0219907162137616,35.359176438897066,754.8680492393323,1052.0306621607783
2026-01-21,88326.5078125,90430.40625,87231.5703125,89376.9609375,56330422434,0.012071608510981546,0.01915496578398152,0.021142851691068745,92356.578515625,90298.27328125,1.0227945137772905,44.36951712424876,443.1659375127201,930.2577172311667
2026-01-22,89378.5234375,90258.9609375,88438.4453125,89462.453125,35549685694,0.000956534957143873,0.018905625567022688,0.02181918997781603,92332.46640625,90216.96625,1.0234490278734019,45.385299539170504,200.72444684358197,784.3510631536498
2026-01-23,89462.046875,91100.25,88486.359375,89503.875,38997586037,0.00046300848627667257,0.01882598892369322,0.02233901351216395,92277.50078125,90164.21125,1.0234382301131704,46.93812345728172,11.794261027651373,629.8397027284501
2026-01-24,89506.1484375,89811.609375,89044.2890625,89110.734375,14558687712,-0.00439244250598092,0.01871190518264232,0.02234666261652655,92162.362890625,90158.67078125,1.022224064441195,46.19066700938543,-167.72401715892192,470.3269587509757
2026-01-25,89104.765625,89193.1484375,86003.7109375,86572.21875,36124986722,-0.028487203509257375,0.01843555248413176,0.015020691084149534,91796.84609375,90104.66765625,1.018780141823015,38.70983923464098,-508.96352693863446,274.4688616130536
2026-01-26,86566.5234375,88743.0703125,86429.2890625,88267.140625,45329286974,0.019578126787931138,0.019167422754902984,0.017226508858060475,91523.7515625,90061.89765625,1.016231657829703,42.74856901434413,-635.30882204308,92.51332488182683
2026-01-27,88257.4765625,89427.125,87228.921875,89102.5703125,38744942267,0.009464787027023913,0.018552626410709115,0.01803910704175867,91413.47734375,90031.145,1.0153539349493999,31.579198254688976,-660.4133508623054,-58.072010266999655
2026-01-28,89104.046875,90439.2890625,88721.4609375,89184.5703125,39807419296,0.0009202877056453396,0.01855126441243106,0.018047474592727205,91321.349609375,89961.0021875,1.0151215236468767,24.781644891785305,-666.0147526339279,-179.66055874038534
2026-01-29,89169.8515625,89200.78125,83250.6015625,84561.5859375,64653083162,-0.05183614563372574,0.02177394310541404,0.029432167927632518,91023.773828125,89811.815,1.0134944252949905,20.458444971524656,-1031.5984819121659,-350.0481433747415
2026-01-30,84562.7265625,84602.1640625,81071.4765625,84128.65625,72083816087,-0.005119696877728619,0.02177392218639238,0.027573578513682386,90710.87421875,89644.16140625,1.011899412028251,20.02051864660784,-1340.8040741454024,-548.1993295288738
2026-01-31,84126.5,84136.921875,75815.8828125,78621.1171875,70479259159,-0.06546567255435032,0.025701432107829457,0.0338339618715357,90100.55703125,89411.17546875,1.0077102393396107,15.796629034564859,-2007.1271947082423,-839.9849025647476
2026-02-01,78626.125,79322.609375,75698.8984375,76974.4453125,53372509744,-0.02094439679701987,0.025750718606202653,0.02907023861108039,89389.6296875,89144.69015625,1.0027476626013359,15.678707542554022,-2637.6604194260435,-1199.520005937007
2026-02-02,76968.875,79258.609375,74551.3359375,78688.765625,75140589684,0.022271291537603544,0.023669917817281033,0.035358338277117006,88557.97890625,88954.961875,0.9955372588511945,22.16357365720893,-2964.8542267471057,-1552.5868500990268
2026-02-03,78693.5078125,79118.8515625,72897.140625,75633.546875,68249110822,-0.03882661934945053,0.023709421340930948,0.03323278735825629,87493.18984375,88739.2371875,0.985958327080081,23.27328187948204,-3431.1362925770227,-1928.2967385946263
2026-02-04,75640.09375,76864.65625,71779.9296875,73019.703125,67215363944,-0.03455931736640505,0.02423754202954342,0.03217015632766494,86366.615625,88442.7515625,0.9765256518954768,17.62789024960054,-3965.8674832691177,-2335.810887529525
2026-02-05,73016.375,73161.5546875,62353.53515625,62702.09765625,125509410908,-0.14129892381358544,0.037308001987635536,0.06020297444613636,84725.4646484375,87973.918359375,0.9630748093126019,12.305687778794493,-5162.678197321104,-2901.1843494878412
2026-02-06,62704.453125,71681.3046875,60074.203125,70555.390625,114674259489,0.1252476912623226,0.049466446470574264,0.09740120921333095,83498.2380859375,87675.776015625,0.9523524270952217,28.12378404384107,-5415.042956437959,-3403.9560708778654
2026-02-07,70553.796875,71611.1484375,67364.4453125,69281.96875,62347107663,-0.018048541205989532,0.049474940173481606,0.09535373232448889,82280.6150390625,87299.347734375,0.9425112234448423,27.563531255254233,-5652.638253963261,-3853.6925074949454
2026-02-08,69283.7265625,72206.90625,68852.8984375,70264.7265625,39721722619,0.014184900201757111,0.04986878430319054,0.09589081055076448,81166.1716796875,86937.762265625,0.9336123861998737,30.8745383924108,-5695.974251266976,-4222.148856249352
2026-02-09,70243.328125,71369.96875,68291.03125,70120.78125,52081598792,-0.00204861414171964,0.04928504683430063,0.094982957856073,80256.6654296875,86567.742890625,0.9270966615253987,27.91444351621027,-5676.498385179933,-4513.018762035469
2026-02-10,70137.390625,70464.265625,67913.09375,68793.9609375,40593063077,-0.018921927121284043,0.049031421050857504,0.060331598246863516,79227.5154296875,86173.821796875,0.9193919194675964,25.574967362844546,-5702.39329126355,-4750.893667881085
2026-02-11,68791.859375,69242.6796875,65757.3046875,66991.96875,49671946030,-0.02619404614799148,0.04903424350317715,0.016236913298459433,78103.9912109375,85765.381171875,0.9106703677374911,24.369499280706407,-5801.445448693572,-4961.004024043583
2026-02-12,66992.1953125,68339.4921875,65092.109375,66221.84375,44651071271,-0.011495780977477277,0.048931662079068516,0.015701234978644223,76939.8896484375,85337.578828125,0.9015944757865588,26.750105281256452,-5874.371549828851,-5143.677529200637
2026-02-13,66213.375,69382.8359375,65835.78125,68857.84375,40820775886,0.039805596623848194,0.050356155408228284,0.025951407566312267,75927.2451171875,84970.040859375,0.8935766577168853,31.664854724104785,-5654.283776646174,-5245.798778689745
2026-02-14,68856.984375,70481.1640625,68706.6171875,69767.625,36012397645,0.013212456278809848,0.05048277510575089,0.02707762889129285,75087.0154296875,84619.364765625,0.8873502612275597,38.05061176390203,-5344.83891131336,-5265.606805214468
2026-02-15,69764.953125,70939.2890625,68052.546875,68788.1875,40191152750,-0.014038567315427408,0.050021052147368426,0.026334788236596008,74113.0677734375,84239.085390625,0.8797943072359803,38.7485138912512,-5119.618274242777,-5236.40909902013
2026-02-16,68782.3984375,70067.234375,67301.5859375,68843.15625,33618145426,0.000799101589935125,0.049870076131786886,0.021959872575319745,73100.0970703125,83859.231796875,0.8717000562010463,35.82109283427606,-4880.435159452507,-5165.214311106606
2026-02-17,68843.09375,69201.8671875,66615.28125,67494.21875,34866936040,-0.019594358734823403,0.04980955456254187,0.023765693435008572,72015.5794921875,83466.353359375,0.8628097022774587,37.6725146752397,-4745.031036360961,-5081.177656157477
2026-02-18,67488.0234375,68434.4296875,65845.8984375,66425.3203125,33094301643,-0.015836888807606253,0.04896195374616961,0.013743883004200104,71108.7662109375,83026.257109375,0.8564611809160811,39.52207625706881,-4670.139008595666,-4998.969926645115
2026-02-19,66425.625,67277.125,65637.4296875,66957.5234375,31492987019,0.008012052068341324,0.04913051158132624,0.011895729372254143,70250.2095703125,82615.231015625,0.850330002188411,59.81300514652008,-4515.787010960805,-4902.333343508253
2026-02-20,66958.578125,68269.03125,66452.484375,68005.421875,47507867304,0.015650197075734784,0.04765290109678857,0.01516936406331998,69719.4248046875,82200.699765625,0.8481609646082725,41.42993677400382,-4259.800960694614,-4773.826866945526
2026-02-21,68000.25,68657.703125,67533.0703125,68003.765625,18357635642,-2.435467576455963e-05,0.04754010079172042,0.015133171726315977,69270.8908203125,81761.881171875,0.8472272142894478,45.30259650621822,-4010.829471617748,-4621.227387879971
2026-02-22,67998.828125,68235.2265625,67185.6015625,67659.390625,17893536012,-0.005064057803784272,0.04710314686602594,0.0120838300202756,68719.4220703125,81303.005234375,0.8452261004647077,39.954005980307045,-3797.530390755608,-4456.487988455098
2026-02-23,67668.4296875,67668.4296875,63924.4375,64616.73828125,50953457309,-0.04497014110892317,0.04734479714704402,0.02354637729640002,68168.581640625,80767.07015625,0.844014540935405,32.65432039493494,-3829.8577321370685,-4331.161937191492
2026-02-24,64616.015625,64992.15625,62553.1875,64080.04296875,40849331086,-0.008305824880296298,0.0468952631999155,0.022343757534168687,67721.5986328125,80171.019921875,0.8447141959626532,34.365758666141204,-3854.3536201750976,-4235.800273788213
2026-02-25,64077.76953125,69953.53125,63942.484375,67960.125,53629234355,0.060550552894326426,0.03673999578265047,0.038020912590881355,67984.5,79655.641796875,0.8534800356434655,52.82200234552016,-3520.09908414878,-4092.660035860327
2026-02-26,67954.8671875,68843.3515625,66523.734375,67453.7734375,42988597523,-0.007450715585058165,0.023359693560891213,0.0381881385622548,67829.419140625,79178.556171875,0.8566640062668721,53.64693382524358,-3258.496377613643,-3925.8273042109904
2026-02-27,67456.515625,68220.40625,64946.03515625,65881.796875,40283655942,-0.023304501473983996,0.02357841498515057,0.03951586620366062,67659.410546875,78675.649609375,0.8599790517498657,40.597551385509426,-3141.8029700420884,-3769.02243737721
2026-02-28,65878.9296875,67714.5234375,63062.21875,66995.859375,42041497112,0.016910019957618205,0.023686027453412497,0.03288241594886448,67495.9671875,78205.304765625,0.8630612384898951,41.354548179339275,-2925.701406046792,-3600.3582311111268
2026-03-01,67005.8828125,68162.8203125,65076.73046875,65738.1015625,40733141929,-0.018773664883674046,0.023976999924366606,0.03445049275486056,67276.833203125,77712.333828125,0.8657162883811981,40.648793527154616,-2823.3836938733,-3444.963323663562
2026-03-02,65734.078125,70044.0,65303.13671875,68775.8515625,56698092052,0.04620988327616793,0.026029077887343578,0.02887655779461134,67275.927734375,77271.301640625,0.8706457158863883,49.82555686137612,-2468.717296086412,-3249.714118148132
2026-03-03,68785.078125,69232.890625,66237.6171875,68293.6484375,47947999049,-0.007011227255569463,0.025345693666965485,0.02883851000427325,67341.01171875,76813.314765625,0.8766840999405225,52.16946721937089,-2201.1775779219024,-3040.0068101028864
2026-03-04,68290.5625,74051.8046875,67437.40625,72710.578125,75073101274,0.06467555605177866,0.02881318326468865,0.03508776951040704,67665.4484375,76361.090703125,0.8861246979900834,64.43387472496244,-1614.134375480513,-2754.832323178412
2026-03-05,72712.65625,73555.7890625,70654.8828125,70841.125,51172841727,-0.025710882421896564,0.0283775360952106,0.04085190228890033,67764.6125,75839.326640625,0.8935286677993841,58.40248338438031,-1284.9357125936076,-2460.8530010614513
2026-03-06,70842.15625,71378.5703125,67757.8203125,68136.4921875,43776962871,-0.03817885179689062,0.0295902559745064,0.045183959200776586,67683.055859375,75291.032734375,0.8989524170582072,50.26461126732662,-1228.127574718179,-2214.307915792797
2026-03-07,68136.6875,68515.1640625,66969.2578125,67272.59375,23258701211,-0.01267893913767526,0.029559720952474243,0.04012492899272183,67607.276171875,74725.982265625,0.9047358645826097,48.57353583566353,-1238.5389936224092,-2019.1541313587193
2026-03-08,67272.5,68177.7890625,65639.1953125,65969.78125,33195080116,-0.01936617019467901,0.029848226565173157,0.040749163134722474,67463.607421875,74143.379453125,0.9099073702801328,46.822520421407226,-1336.5097463978454,-1882.6252543665446
2026-03-09,65969.5859375,69474.9453125,65858.0078125,68402.3828125,49499875378,0.03687448277691541,0.0307256479291881,0.028794880110083753,67509.015625,73638.738515625,0.9167595342589367,57.28647334314261,-1203.982892488013,-1746.8967819908385
2026-03-10,68402.71875,71770.8984375,68402.71875,69926.921875,54003996096,0.022287806357257578,0.03080144077511897,0.0309250321140231,67684.095703125,73186.205078125,0.9248204033925984,60.84158704851317,-964.8150573166349,-1590.4804370559978
2026-03-11,69931.25,71337.6640625,68998.8671875,70204.8828125,45236859848,0.003975020350486469,0.030780201389847082,0.023530478334887237,67846.463671875,72824.084609375,0.9316486988583553,54.804101716962805,-744.2642848055257,-1421.2372066059036
2026-03-12,70209.765625,70775.828125,69230.15625,70493.4609375,40871848129,0.004110513591636167,0.030634746615501224,0.021246699229125084,67970.865625,72446.414609375,0.9382226296704015,56.56657372965456,-539.9659740369534,-1244.9829600921137
2026-03-13,70497.046875,73927.328125,70410.7265625,70968.265625,61167226505,0.006735442992662266,0.03064576387009417,0.014489930656483718,68119.090625,72076.530859375,0.9450939135500824,61.534997175903975,-335.8735791437648,-1063.1610839024438
2026-03-14,70965.3828125,71291.203125,70339.5859375,71214.625,22283546496,0.0034714019404360474,0.030593160090333638,0.008023558406833145,68296.85234375,71710.745859375,0.9523935572735547,59.95918225826203,-152.4919113027281,-881.0272493825006
2026-03-15,71213.6796875,73173.0078125,70882.421875,72789.9140625,27991268669,0.022120302711697182,0.028674166573798173,0.007949603102691433,68705.5111328125,71384.329453125,0.9624732999408286,66.40123268355791,118.5850689009676,-681.1047857258069
2026-03-16,72798.171875,74901.859375,72300.6328125,74861.0859375,55572438409,0.028454105238008953,0.028862347530152887,0.011522464704270624,69244.56328125,71150.106796875,0.9732179809502591,64.81945572256905,494.837609585913,-445.9163066634629
2026-03-17,74855.296875,75988.3984375,73444.2265625,73922.4765625,49500721728,-0.01253801442025071,0.026407061473952373,0.016187035822099592,69542.680859375,70863.213515625,0.9813650469582667,63.409863989892855,709.1083667084604,-214.91137198907816
2026-03-18,73936.8515625,74658.9765625,70503.859375,71245.578125,46229011155,-0.0362122396594321,0.027838788543007673,0.02633398020083138,69732.27109375,70506.073671875,0.9890250224154281,46.19433257539288,655.361553294977,-40.85678693226706
2026-03-19,71250.3515625,71598.84375,68805.5234375,69912.7890625,44631433398,-0.01870697238447039,0.027627437999806354,0.027660517472122514,69933.820703125,70120.638046875,0.9973357723353129,47.51927034685997,499.4643634035456,67.2074431348955
2026-03-20,69911.53125,71346.796875,69398.8828125,70522.5859375,38299078407,0.008722250723753211,0.027475901093930204,0.0251038167489284,70110.15703125,69839.858046875,1.003870268238426,57.18006151786059,420.275553791711,137.8210652662586
2026-03-21,70522.46875,71051.2734375,68602.9140625,68711.5234375,21109354718,-0.025680602546325204,0.027804404293517306,0.016799196081076488,70258.828125,69531.515390625,1.0104601881648771,54.09641657240185,208.97135191586858,152.05112259618062
2026-03-22,68737.4453125,69561.7734375,67372.875,67845.2109375,30108051508,-0.012607965253281006,0.025998447769335648,0.016794701422433684,70212.29609375,69315.997265625,1.0129306201090968,55.47514012006969,-28.06936296595086,116.02702548375431
2026-03-23,67843.0,71782.2578125,67458.84375,70914.859375,51508669357,0.04524488014825101,0.02785473336470352,0.02867816039902555,70343.356640625,69194.805546875,1.0165988051367807,57.07189252734117,31.40709603508003,99.10303959401946
2026-03-24,70912.671875,71371.3046875,68920.6953125,70517.859375,40181522399,-0.005598262529164066,0.023685993613231836,0.027169141612429337,70233.720703125,69031.387421875,1.0174171971063268,51.77605046199852,45.978030055441195,88.47803768630382
2026-03-25,70520.046875,71985.7421875,70383.59375,71309.8828125,35409791747,0.011231529778693128,0.02311272221925222,0.027346579384921472,70257.15859375,68944.914140625,1.0190332306520602,53.22150977294551,120.05139468614652,94.79270908627237
2026-03-26,71310.1171875,71410.390625,68118.3515625,68791.625,38962070215,-0.03531428903229905,0.02286744944588081,0.030037057616431415,70289.915234375,68860.352578125,1.0207603156639098,45.60930371681858,-24.168688092497177,71.00042965051846
2026-03-27,68790.8359375,69117.53125,65532.5703125,66338.375,46483453594,-0.035662044616623034,0.024119745918196656,0.03406860725845124,70243.204296875,68933.078125,1.0190057691823842,39.16146405626574,-332.58705849637045,-9.717067978859351
2026-03-28,66338.5,67232.859375,65906.7421875,66319.6953125,20924883455,-0.0002815819275042708,0.0237048115283448,0.021302163243354058,70260.7,68848.36421875,1.0205137158634972,38.41754164261939,-571.9253344994358,-122.1587212829747
2026-03-29,66319.6953125,67052.953125,64971.70703125,65954.921875,21645889785,-0.005500227885263609,0.022126685832124928,0.021310866197107377,70138.326953125,68781.82328125,1.0197218335769935,32.844130606578176,-782.0221459320455,-254.1314062127889
2026-03-30,65958.3515625,68087.2890625,65759.8046875,66691.4453125,37694994180,0.011167073154841889,0.021629269656228668,0.021292475509628626,69976.553125,68710.35765625,1.0184280145227105,28.021614487002722,-878.961970177741,-379.0975190057794
2026-03-31,66694.5859375,68495.2734375,65950.4375,68233.3125,42997691338,0.02311941479563351,0.02232668144053281,0.02208550715834488,69877.974609375,68672.60828125,1.0175523597878853,35.17588512554266,-821.897362020638,-467.6574876087512
2026-04-01,68232.890625,69230.359375,67555.359375,68078.5546875,36465393617,-0.002268068291422898,0.02229256839564758,0.011800581056024566,69757.229296875,68658.30015625,1.0160057726177911,40.498972739029774,-780.1676242961694,-530.1595149462348
2026-04-03,66888.4765625,66972.71875,66502.9765625,66522.5,36061241344,-0.022856752682878456,0.022695245971003527,0.017423815740714936,69534.941015625,68648.91078125,1.0129066903508248,39.96362494281706,-862.7123048619542,-596.6700729293788
