Date,Open,High,Low,Close,Volume,rendement,vol_20j,vol_5j,MA_20,MA_50,MA_ratio,RSI,MACD,MACD_signal
2018-03-14,2774.06005859375,2777.110107421875,2744.3798828125,2749.47998046875,3394630000,-0.005724521948562322,0.009584463097850953,0.009778160078612276,2731.83701171875,2747.03919921875,0.9944659735819119,56.977302902887324,6.936605578638137,-0.08372640955668147
2018-03-15,2754.27001953125,2763.030029296875,2741.469970703125,2747.330078125,3543710000,-0.000781930531963182,0.009185048108170907,0.009688016925846499,2734.272021484375,2748.069599609375,0.9949791744259456,50.00526810364544,6.645555168051942,1.2621452731030731
2018-03-16,2750.570068359375,2761.85009765625,2749.969970703125,2752.010009765625,5429140000,0.001703447167811456,0.008808427692716465,0.0034441218895317595,2735.3125244140624,2748.8485986328124,0.9950757294434177,44.64041977821642,6.708640713200111,2.3514543112908735
2018-03-19,2741.3798828125,2741.3798828125,2694.590087890625,2712.919921875,3327460000,-0.014204195388793028,0.00939572479645226,0.006119687586681243,2734.347521972656,2748.627197265625,0.9948047973522293,43.99600640545642,3.612104897547397,2.6035862709985373
2018-03-20,2715.050048828125,2724.219970703125,2710.050048828125,2716.93994140625,3272590000,0.0014818054520648882,0.009311235130702172,0.006685998755998555,2734.3815185546873,2748.102998046875,0.9950069267775116,50.66243281023781,1.4613506846744713,2.3751378182225733
2018-03-21,2714.989990234375,2739.139892578125,2709.7900390625,2711.929931640625,3434780000,-0.0018439898833508828,0.009232131287821011,0.006588472927730381,2734.911511230469,2747.3873974609373,0.9954589999786713,58.41437163089948,-0.6343293039021773,1.7732415788461373
2018-03-22,2691.360107421875,2695.679931640625,2641.590087890625,2643.68994140625,3765460000,-0.025162888405856454,0.010833259740374678,0.011771101100586288,2731.8980102539062,2745.2353955078124,0.9951416241843118,40.79150878466786,-7.644405056148571,-0.1102947952990306
2018-03-23,2646.7099609375,2657.669921875,2585.889892578125,2588.260009765625,3829380000,-0.02096688071186603,0.010918089930269837,0.011654738878090824,2723.946008300781,2742.03599609375,0.9934027168794504,26.639230456428606,-17.41907018858865,-3.572060235558713
2018-03-26,2619.35009765625,2661.360107421875,2601.81005859375,2658.550048828125,3538080000,0.02715725576151251,0.012444121129621203,0.02086341006755798,2717.893505859375,2739.8557958984375,0.9919841438108021,39.97809635213525,-19.330054188666963,-6.7236665727782645
2018-03-27,2667.570068359375,2674.780029296875,2596.1201171875,2612.6201171875,3761320000,-0.017276308813847896,0.012687701172208193,0.02134218978397884,2711.310510253906,2736.3833984375,0.9908372166714976,35.42507711591165,-24.23402996152754,-10.225745959179424
2018-03-28,2611.300048828125,2632.64990234375,2593.06005859375,2605.0,3875720000,-0.00291665716625622,0.012522685702289276,0.021274916927779483,2705.869006347656,2732.955,0.9900891183161289,32.69793103274314,-28.401385716372715,-13.860879481443995
2018-03-29,2614.409912109375,2659.070068359375,2609.719970703125,2640.8701171875,3572360000,0.013769718690019195,0.012694045978700991,0.02045543124358985,2704.029016113281,2729.721201171875,0.9905879820079927,30.595081942693113,-28.50478883424603,-16.78966494268493
2018-04-02,2633.449951171875,2638.300048828125,2553.800048828125,2581.8798828125,3635780000,-0.022337423560165104,0.013501646631720134,0.020811930063501086,2698.560510253906,2725.3981982421874,0.9901527461177633,26.658314464382457,-32.92929071285789,-20.017593262662405
2018-04-03,2592.169921875,2619.139892578125,2575.489990234375,2614.449951171875,3395840000,0.012614865848792123,0.013586340629129045,0.016602265025587596,2693.2360107421873,2721.4811962890626,0.9896213923559752,33.07682490437763,-33.440472011448946,-22.702171118840752
2018-04-04,2584.0400390625,2649.860107421875,2573.610107421875,2644.68994140625,3369230000,0.01156648273982852,0.01388687146709283,0.01547375360882328,2689.064501953125,2717.715595703125,0.9894576556151427,38.6130056125822,-31.06339800829528,-24.374417546417753
2018-04-05,2657.360107421875,2672.080078125,2649.580078125,2662.840087890625,3230430000,0.0068628636575538415,0.014010668573217085,0.015227805392435047,2685.86650390625,2714.1897998046875,0.9895647327609602,41.127435673004896,-27.407993834583067,-24.98113310872404
2018-04-06,2645.820068359375,2656.8798828125,2586.27001953125,2604.469970703125,3312390000,-0.021920248779842444,0.01468582191160811,0.01792035123317959,2679.14150390625,2709.5283984375,0.9887851721543965,36.07642066478476,-28.861043614517257,-25.757115521621607
2018-04-09,2617.179931640625,2653.550048828125,2610.7900390625,2613.159912109375,3076140000,0.0033365488963206236,0.014009972382718675,0.014147387147241222,2670.47099609375,2705.0065966796874,0.987232711140768,40.01242650786286,-28.98070314985489,-26.401833254472557
2018-04-10,2638.409912109375,2665.449951171875,2635.780029296875,2656.8701171875,3579130000,0.0167269537832615,0.014695832944804673,0.014978092772499264,2664.1635009765623,2700.6865966796877,0.9864763665106392,44.428805750208994,-25.274355203835967,-26.176337586368025
2018-04-11,2643.889892578125,2661.429931640625,2639.25,2642.18994140625,3054520000,-0.005525364482924067,0.014684566766788238,0.01456876345775839,2658.0074951171873,2696.459794921875,0.9857397095713782,43.64591799918765,-23.248153872507828,-25.59070072313747
2018-04-12,2653.830078125,2674.719970703125,2653.830078125,2663.989990234375,3045330000,0.008250750063987677,0.014838325324604825,0.014746817201968682,2653.7329956054687,2693.29099609375,0.9853123927025877,52.02054443331491,-19.664005334868307,-24.40536145043552
2018-04-13,2676.89990234375,2680.260009765625,2645.050048828125,2656.300048828125,2988540000,-0.0028866254882486952,0.014840627468960919,0.008925254404070989,2649.181494140625,2689.9407958984375,0.9848475097221614,57.483488592655604,-17.242855168642564,-22.972860005501918
2018-04-16,2670.10009765625,2686.489990234375,2665.159912109375,2677.840087890625,3020740000,0.008109038386684864,0.014983615301477482,0.009092798559510217,2645.472998046875,2687.057998046875,0.9845239663489859,52.37649230073281,-13.437388817579176,-21.065765567076884
2018-04-17,2692.739990234375,2713.340087890625,2692.050048828125,2706.389892578125,3286190000,0.010661504701720004,0.014884170288832961,0.007367158357880822,2645.1464965820314,2685.9431982421875,0.9848110333506475,62.06908470899215,-8.033024712666702,-18.45921717659358
2018-04-18,2710.110107421875,2717.489990234375,2703.6298828125,2708.639892578125,3412030000,0.0008313658006817715,0.01488143814601405,0.005741564967204287,2644.731494140625,2687.137197265625,0.9842190033437253,63.52645105950174,-3.52849583062698,-15.47307270613452
2018-04-19,2701.159912109375,2702.840087890625,2681.89990234375,2693.1298828125,3375120000,-0.005726124690152989,0.014931339439343208,0.007019333016728356,2643.7914916992186,2687.0969970703127,0.9838839069009011,57.20345998683525,-1.1928992485031813,-12.617037860611157
2018-04-20,2692.56005859375,2693.93994140625,2660.610107421875,2670.139892578125,3428260000,-0.00853653230061302,0.013897870298946359,0.0083677165444928,2645.1139892578126,2686.8665966796875,0.984460483645347,63.50613339470339,-1.1785277104299894,-10.329335731892801
2018-04-23,2675.39990234375,2682.860107421875,2657.989990234375,2670.2900390625,3030390000,5.623169212687351e-05,0.012943932832212887,0.007391722149856088,2649.2154907226563,2688.6523974609377,0.9853320917291041,59.486270433839856,-1.1418846403416865,-8.49184545017312
2018-04-24,2680.800048828125,2683.550048828125,2617.320068359375,2634.56005859375,3716020000,-0.01338056164164636,0.011867154821204116,0.00596284320012331,2648.0159912109375,2688.95259765625,0.9847760029384699,48.31061933642991,-3.9438684669717077,-7.582250028421651
2018-04-25,2634.919921875,2645.300048828125,2612.669921875,2639.39990234375,3563680000,0.001837059563023713,0.011185400292966274,0.006234310615194987,2649.35498046875,2688.620595703125,0.9853956280417072,45.90922066799885,-5.7088699402283964,-7.20757400250806
2018-04-26,2651.64990234375,2676.47998046875,2647.159912109375,2666.93994140625,3690920000,0.010434204774367295,0.011363357808448552,0.009297450121598142,2652.4519775390627,2688.700595703125,0.9865181648629854,62.21690658645468,-4.833989656349331,-6.732857124888793
2018-04-27,2675.469970703125,2677.35009765625,2659.010009765625,2669.909912109375,3234510000,0.0011136248915897262,0.010974456992125594,0.008551745960248783,2653.9039672851563,2688.1261962890626,0.9872691136855294,61.352261583362306,-3.8569652674214012,-6.1576787452652955
2018-04-30,2682.510009765625,2682.8701171875,2648.0400390625,2648.050048828125,3749510000,-0.008187490964434607,0.009812166452681013,0.00930281117563432,2657.2124755859377,2686.4631982421874,0.9891118096553904,48.06662121359696,-4.788404999936574,-5.88382399310285
2018-05-01,2642.9599609375,2655.27001953125,2625.409912109375,2654.800048828125,3562820000,0.0025490454770622506,0.009453491709195568,0.006614732430702375,2659.22998046875,2684.9147998046874,0.9904336557205443,52.863724821609765,-4.925947846676991,-5.69224876208464
2018-05-02,2654.239990234375,2660.8701171875,2631.699951171875,2635.669921875,4047020000,-0.007205863568357729,0.009259085163951526,0.007668665607744133,2658.7789794921873,2683.302998046875,0.9908605108806057,43.489632149820565,-6.501399980858423,-5.854079007010563
2018-05-03,2628.080078125,2637.139892578125,2594.6201171875,2629.72998046875,3867530000,-0.0022536742393085563,0.00912006791466485,0.004813103543647364,2657.1234741210938,2681.87099609375,0.9907722921763568,43.84238738682669,-8.134807445382194,-6.3102246973257925
2018-05-04,2621.449951171875,2670.929931640625,2615.320068359375,2663.419921875,3335260000,0.012811178963797909,0.008092701138890818,0.008567621754491139,2660.0709716796873,2681.0601953125,0.9921712971348015,46.836290556703595,-6.637615732947779,-6.375702904753464
2018-05-07,2680.340087890625,2683.35009765625,2664.699951171875,2672.6298828125,3266810000,0.0034579455015175675,0.008094472177720346,0.007450973839609694,2663.044470214844,2679.5667919921875,0.9938339578521721,41.906396288722064,-4.655109569799151,-6.0315842364875225
2018-05-08,2670.260009765625,2676.340087890625,2655.199951171875,2671.919921875,3745100000,-0.0002656413228280252,0.0072185670141951,0.007493215799641693,2663.7969604492187,2677.4131884765625,0.9949144091446374,41.13128911625998,-3.105401640634227,-5.4463477155820605
2018-05-09,2678.1201171875,2701.27001953125,2674.139892578125,2697.7900390625,3913650000,0.009682220255068819,0.0073711922963800415,0.006425859813992028,2666.5769653320312,2676.483388671875,0.9962987166736126,51.07189225371412,0.20581728367051255,-4.315914713050812
2018-05-10,2705.02001953125,2726.110107421875,2704.5400390625,2723.070068359375,3380640000,0.009370643723504823,0.007432628146846977,0.005289591596058635,2669.530969238281,2676.6681884765626,0.9973335435191376,62.04766117488064,4.812502352764568,-2.490231296424164
2018-05-11,2722.699951171875,2732.860107421875,2717.449951171875,2727.719970703125,2874850000,0.0017075955546570487,0.0073729208243871565,0.004520818785210598,2673.1019653320313,2677.669189453125,0.9982943284633206,62.80947811966687,8.737457113533765,-0.24469361102450357
2018-05-14,2738.469970703125,2742.10009765625,2725.469970703125,2730.1298828125,2994360000,0.0008834895573073265,0.00719944952316458,0.004845486197144934,2675.716455078125,2678.446787109375,0.9989806286074489,75.03799314332497,11.905041338225146,2.18525338177579
2018-05-15,2718.590087890625,2718.590087890625,2701.909912109375,2711.449951171875,3291190000,-0.006842140279927467,0.007023889074058298,0.0068601560484021174,2675.9694580078126,2678.2569873046873,0.9991458887971849,67.59982299808327,12.761998819053588,4.30060247128606
2018-05-16,2712.6201171875,2727.760009765625,2712.169921875,2722.4599609375,3248480000,0.004060561678767671,0.007078084847724852,0.005872678546911103,2676.6604614257812,2678.1437841796874,0.9994461377456026,64.75343258483824,14.165649535099874,6.273611885581984
2018-05-17,2719.7099609375,2731.9599609375,2711.360107421875,2720.1298828125,3478150000,-0.0008558723207806596,0.00694312909491253,0.004108315417578674,2678.010461425781,2678.010380859375,1.0000000300844265,63.39057989977619,14.91815892509021,8.002521294558413
2018-05-18,2717.35009765625,2719.5,2709.179931640625,2712.969970703125,3383270000,-0.00263219493841671,0.006657346619395929,0.004060247228749786,2680.151965332031,2677.490380859375,1.000994059396696,68.78254481755124,14.766871019984592,9.355391240316463
2018-05-21,2735.389892578125,2739.18994140625,2725.699951171875,2733.010009765625,3053480000,0.007386752997235124,0.006813225565318999,0.005596394968006105,2683.2879638671875,2676.4191796875,1.0025664082187937,71.01177217547809,16.07782876034662,10.69987874485741
2018-05-22,2738.340087890625,2742.239990234375,2721.8798828125,2724.43994140625,3384140000,-0.0031357617896576873,0.005996824768973607,0.004579657407900729,2687.7819580078126,2675.247578125,1.0046853158508782,75.28342873672557,16.238372511409125,11.807577498520319
2018-05-23,2713.97998046875,2733.330078125,2709.5400390625,2733.2900390625,3333160000,0.0032484098921563564,0.006006870326544371,0.004455112132661658,2692.47646484375,2674.607177734375,1.0066810884447381,79.01492806838019,16.884756272885625,12.823013253651938
2018-05-24,2730.93994140625,2731.969970703125,2707.3798828125,2727.760009765625,3285750000,-0.002023213496498033,0.00569873991170629,0.0045922073358524275,2695.517468261719,2674.1727783203123,1.0079817916457938,71.40388123366508,16.75779173150113,13.609968949382079
2018-05-25,2723.60009765625,2727.360107421875,2714.989990234375,2721.330078125,3015260000,-0.0023572204364039617,0.005752293704082729,0.004545700674036823,2698.0884765625,2673.6527783203123,1.0091394434013004,66.50630045577765,15.954605963520407,14.078896352286161
2018-05-29,2705.110107421875,2710.669921875,2676.81005859375,2689.860107421875,3743310000,-0.011564187290653005,0.006075682614544798,0.005329990688999339,2700.1789794921874,2672.4097802734377,1.0103910707945054,55.031462474408926,12.633986436458144,13.789914369082885
2018-05-30,2702.429931640625,2729.340087890625,2702.429931640625,2724.010009765625,3566490000,0.012695791223314323,0.00662787150823284,0.008875747719342556,2703.6394775390627,2672.63158203125,1.01160200893991,57.02722898282927,12.611683635583177,13.554268222358365
2018-05-31,2720.97998046875,2722.5,2700.679931640625,2705.27001953125,4241100000,-0.006879559974886984,0.006606175690631949,0.009101853001833072,2707.119482421875,2672.39818359375,1.0129925619023707,45.056085146895484,10.95601576617355,13.034617731078043
2018-06-01,2718.699951171875,2736.929931640625,2718.699951171875,2734.6201171875,3694310000,0.010849230370481022,0.006876794415321115,0.010770308832534041,2712.3639892578126,2672.8519873046876,1.0147827123016149,51.68526462285921,11.874629822581028,12.802620149363158
2018-06-04,2741.669921875,2749.159912109375,2740.5400390625,2746.8701171875,3410090000,0.004479598435997323,0.006423545819357183,0.01074308923357185,2716.5364990234375,2674.9155908203124,1.0155597090038873,53.901060263666345,13.43595790855079,12.929287701207448
2018-06-05,2748.4599609375,2752.610107421875,2739.510009765625,2748.800048828125,3523550000,0.0007025929724704394,0.006410306408905407,0.00792643851830143,2720.345007324219,2678.1263916015623,1.0157642357190653,59.4408994976735,14.660010988020076,13.27543235858476
2018-06-06,2753.25,2772.389892578125,2748.4599609375,2772.35009765625,3662780000,0.008567392465728796,0.006589437778659256,0.007003577717833164,2725.3665161132812,2680.402392578125,1.0167751393073143,61.85883374303907,17.330160101696492,14.086377907234821
2018-06-07,2774.840087890625,2779.89990234375,2760.159912109375,2770.3701171875,3742080000,-0.0007141884679080501,0.00634606387478108,0.004951803908546269,2728.9955200195313,2683.557392578125,1.0169320498108496,61.96196056547619,19.066736209659666,15.082449567747027
2018-06-08,2765.840087890625,2779.389892578125,2763.590087890625,2779.030029296875,3138850000,0.0031259043893263616,0.00607851536570835,0.003605706376590268,2731.7935180664062,2687.0379931640623,1.0166560819073656,65.61703512854609,20.90069051538876,16.246097757300824
2018-06-11,2780.179931640625,2790.2099609375,2780.169921875,2782.0,3262130000,0.001068707668436586,0.006076473894998404,0.0036332748302919412,2734.50751953125,2689.8605908203126,1.0165982314709188,62.598366368025516,22.336232219795875,17.464124649821144
2018-06-12,2785.60009765625,2789.800048828125,2778.780029296875,2786.85009765625,3435700000,0.0017433852107295866,0.0060786240197547225,0.003529293083632408,2737.3435302734374,2693.9599951171876,1.016104001260183,66.36258429900607,23.593228527946394,18.689945425463353
2018-06-13,2787.93994140625,2791.469970703125,2774.64990234375,2775.6298828125,3820770000,-0.004026127868587581,0.00591674623477955,0.002756160789200787,2740.552526855469,2697.18359375,1.016079340392684,60.964322202777744,23.414256265782114,19.634807593537687
2018-06-14,2783.2099609375,2789.06005859375,2776.52001953125,2782.489990234375,3540930000,0.002471549778432225,0.005886721443500231,0.002847288074100429,2743.5540283203127,2699.9395947265625,1.0161538553228882,64.07590568426129,23.554367098112834,20.41871949445974
2018-06-15,2777.780029296875,2782.81005859375,2761.72998046875,2779.659912109375,5451990000,-0.001017102715529128,0.005889661413391901,0.0026231055228475224,2746.5305297851564,2702.2759912109377,1.016376764889358,65.28477056754512,23.169977522527006,20.968971100077137
2018-06-18,2765.7900390625,2774.989990234375,2757.1201171875,2773.75,3316120000,-0.0021261277624751163,0.005873851305835076,0.0027003170941481353,2749.56953125,2705.661591796875,1.0162281711749344,75.38268340067813,22.133379566304484,21.201852793323944
2018-06-19,2752.010009765625,2765.050048828125,2743.18994140625,2762.590087890625,3671160000,-0.004023402292699374,0.005787111835008173,0.002685565273400329,2751.04853515625,2708.6501953125,1.0156529403158532,63.55968271729095,20.17884661787275,20.99725155823277
2018-06-20,2769.72998046875,2774.860107421875,2763.909912109375,2767.320068359375,3332140000,0.0017121542893689945,0.005725619802282411,0.002692728221235636,2753.1925415039063,2710.8591943359374,1.0156162102614625,74.191006123968,18.794837688465122,20.556768784277626
2018-06-21,2769.280029296875,2769.280029296875,2744.389892578125,2749.760009765625,3336580000,-0.006345510515579966,0.005908376959814955,0.0030451482375116637,2754.0160400390623,2713.010595703125,1.0151143694023466,56.50002830064086,16.095646620406114,19.6645443515007
2018-06-22,2760.7900390625,2764.169921875,2752.679931640625,2754.8798828125,5468110000,0.0018619345065358228,0.005891229351317692,0.0035866169741831976,2755.372033691406,2714.8283935546874,1.0149341447264122,53.66311163513586,14.205855332216743,18.572806547641346
2018-06-25,2742.93994140625,2742.93994140625,2698.669921875,2717.070068359375,3663280000,-0.013724668973416176,0.006678312080858358,0.006461581889919394,2755.159033203125,2716.0437939453127,1.014401549542393,39.07444769494603,9.547444346015254,16.767734107312734
2018-06-26,2722.1201171875,2732.909912109375,2715.60009765625,2723.06005859375,3568900000,0.0022045770199778936,0.006115645371682869,0.00705409458707633,2756.8190307617188,2716.948193359375,1.0146748611179977,30.693271926771146,6.266688559345766,14.667524997716184
2018-06-27,2728.449951171875,2746.090087890625,2699.3798828125,2699.6298828125,3803990000,-0.008604355128821406,0.00574768644427161,0.006889901471851357,2755.6000244140623,2716.8129931640624,1.0142766658388318,26.27760293689026,1.7559426985471873,12.085208537879279
2018-06-28,2698.68994140625,2724.340087890625,2691.989990234375,2716.31005859375,3461100000,0.00617868985946779,0.005718533147579409,0.008362130106143402,2756.1520263671873,2716.966396484375,1.0144225669973381,30.040788420750033,-0.46760160783196625,9.574646508734615
2018-06-29,2727.1298828125,2743.260009765625,2718.030029296875,2718.3701171875,3586800000,0.0007584033300001014,0.005147983745503607,0.008234557500276516,2755.3395263671873,2717.471201171875,1.013935133950631,29.63328217455043,-2.04003944900478,7.251709317184949
2018-07-02,2704.949951171875,2727.260009765625,2698.949951171875,2726.7099609375,3095040000,0.003067957412152822,0.005088549343793258,0.005578064981328265,2754.3315185546876,2718.6026025390624,1.01314238277498,31.17092574587393,-2.5835082619582863,5.284665801355091
2018-07-03,2733.27001953125,2736.580078125,2711.159912109375,2713.219970703125,1911460000,-0.00494735062681062,0.005182653962161964,0.006003315740580613,2752.5525146484374,2719.461201171875,1.012168334470925,30.7341102062165,-4.05592838730081,3.4165469636229915
2018-07-05,2724.18994140625,2737.830078125,2716.02001953125,2736.610107421875,2980160000,0.008620803683929923,0.005187658613895918,0.005233019887843408,2750.765515136719,2721.5022021484374,1.010752632485537,37.148492209383754,-3.297522835595828,2.073733003778699
2018-07-06,2737.679931640625,2764.409912109375,2733.52001953125,2759.820068359375,2590250000,0.008481281595267509,0.005573481860591982,0.0056928711598706674,2750.2380126953126,2723.91060546875,1.0096652978162006,45.0121039218671,-0.8143289481376996,1.4961206133952372
2018-07-09,2775.6201171875,2784.64990234375,2770.72998046875,2784.169921875,3070060000,0.008822985887663393,0.005887838661896249,0.005965425150401358,2750.495007324219,2726.255205078125,1.0088912447378158,52.397370307209414,3.0828293995714375,1.8134623706305575
2018-07-10,2788.56005859375,2795.580078125,2786.239990234375,2793.840087890625,3080140000,0.003473267180873929,0.0059328475916055915,0.005938543101164897,2751.08701171875,2728.73380859375,1.0081917858952023,57.239491425727344,6.872404151655701,2.8252507268357903
2018-07-11,2779.820068359375,2785.909912109375,2770.77001953125,2774.02001953125,2986180000,-0.007094202866256172,0.0061396373597619475,0.006837248732697473,2750.4455078125,2731.2532080078126,1.0070269207367581,51.45070724819712,8.182093142298072,3.89661920992842
2018-07-12,2783.139892578125,2799.219970703125,2781.530029296875,2798.2900390625,2834230000,0.008749042674663476,0.006381798671183394,0.006856966886317797,2751.578515625,2734.1230078125,1.006384316931836,60.21125349700462,11.050964031459444,5.3274881742348095
2018-07-13,2796.929931640625,2804.530029296875,2791.68994140625,2801.31005859375,2619790000,0.0010792374947172778,0.006365884565434516,0.006571999586656747,2752.5195190429686,2737.435810546875,1.0055101597041942,59.85651973812416,13.413622260245575,6.944714991437129
2018-07-16,2797.360107421875,2801.18994140625,2793.389892578125,2798.429931640625,2819860000,-0.001028135726814483,0.0063660103289819294,0.0058265346243087076,2753.4580200195314,2740.8098095703126,1.004614771300458,70.27906920137283,14.882097416601027,8.53219147647004
2018-07-17,2789.340087890625,2814.18994140625,2789.239990234375,2809.550048828125,3064920000,0.00397369863071062,0.006386928012179963,0.00588289675468016,2755.2480224609376,2743.732412109375,1.0041970602893848,71.02019407290847,16.75006588556289,10.175766358288717
2018-07-18,2811.35009765625,2816.760009765625,2805.889892578125,2815.6201171875,3111560000,0.0021605126279586884,0.006297281092196392,0.0036952220483657304,2757.899523925781,2746.592216796875,1.0041168496217807,80.78777447425107,18.506898899276166,11.841992866486294
2018-07-19,2809.3701171875,2812.050048828125,2799.77001953125,2804.489990234375,3278360000,-0.003952993120479142,0.006388887515646265,0.003054071726562893,2759.758020019531,2749.2436181640624,1.003824470769342,74.11652531338763,18.78457575198945,13.230509443586982
2018-07-20,2804.550048828125,2809.699951171875,2800.010009765625,2801.830078125,3243250000,-0.0009484477101494582,0.00618701724279718,0.003083524415878935,2762.3615234375,2751.3244189453126,1.0040115605474176,72.75100161056316,18.5758765422338,14.29958286331638
2018-07-23,2799.169921875,2808.610107421875,2795.139892578125,2806.97998046875,2928490000,0.0018380494891383492,0.006186835597787948,0.003101461035725581,2764.9665283203126,2753.0026171875,1.0043457681653187,72.2687151867184,18.611484673319865,15.1619632253171
2018-07-24,2820.679931640625,2829.989990234375,2811.1201171875,2820.39990234375,3430410000,0.004780911145920941,0.005177219292745783,0.0033324627786890416,2770.133020019531,2754.8562158203126,1.005545408907909,79.74569644834179,19.497801279174382,16.029130836088576
2018-07-25,2817.72998046875,2848.030029296875,2817.72998046875,2846.070068359375,3584400000,0.009101605057599604,0.005423761379575946,0.005054447720761333,2776.2835205078127,2757.17501953125,1.0069304635509904,79.99882238958564,22.01773937393,17.226852543656882
2018-07-26,2835.489990234375,2845.570068359375,2835.260009765625,2837.43994140625,3667290000,-0.0030322960242857855,0.004961601460073839,0.0047855104286236815,2783.1740234375,2759.6948193359376,1.0085078987491858,73.12033765927771,23.052701853298004,18.39202240558512
2018-07-27,2842.35009765625,2843.169921875,2808.340087890625,2818.820068359375,3434370000,-0.00656220869212365,0.005273131544166693,0.006201339158100696,2788.299523925781,2761.622021484375,1.0096600846292016,60.68587398940199,22.1155354929424,19.13672502305658
2018-07-30,2819.0,2821.739990234375,2798.110107421875,2802.60009765625,3261190000,-0.005754170294581917,0.005539553279951216,0.006903518660018595,2792.511022949219,2763.27142578125,1.0105815146840678,52.59662910777737,19.835375347414356,19.276455087928138
2018-07-31,2809.72998046875,2824.4599609375,2808.06005859375,2816.2900390625,3906890000,0.004884728797982518,0.005580645671420793,0.0069227247750894465,2796.990026855469,2765.3378271484376,1.0114460516889796,63.00213575726263,18.91494248719755,19.204152567782018
2018-08-01,2821.169921875,2825.830078125,2805.85009765625,2813.360107421875,3501350000,-0.0010403515262938923,0.005403782413551735,0.004578236868875599,2801.997033691406,2766.9448291015624,1.0126681978697873,55.33604081625596,17.744526348291856,18.912227323883982
2018-08-02,2800.47998046875,2829.909912109375,2796.340087890625,2827.219970703125,3501380000,0.004926444803381669,0.005219345182581124,0.005542373793424856,2806.5275268554688,2769.0004296875,1.013552579033801,58.52019197266525,17.730935114308068,18.6759688819688
2018-08-03,2829.6201171875,2840.3798828125,2827.3701171875,2840.35009765625,3043690000,0.004644183009877123,0.005021522925261957,0.004799843716208185,2810.5540283203127,2771.141630859375,1.0142224406800584,62.914403389988586,18.56563180759531,18.6539014670941
2018-08-06,2840.2900390625,2853.2900390625,2835.97998046875,2850.39990234375,2879020000,0.003538227451535869,0.004744598311534743,0.0025405627216074423,2813.86552734375,2773.5944287109373,1.0145194618996725,62.668213211144206,19.809708520160257,18.885062877707334
2018-08-07,2855.919921875,2863.429931640625,2855.919921875,2858.449951171875,3185440000,0.0028241822564987196,0.0047303340490510385,0.0024008990615940334,2817.0960205078127,2776.336826171875,1.0146809255821232,63.121104191878324,21.200824206177458,19.34821514340136
2018-08-08,2856.7900390625,2862.43994140625,2853.090087890625,2857.699951171875,2978070000,-0.0002623799656497061,0.004333342323583684,0.0020789597607845313,2821.2800170898436,2779.693623046875,1.0149607833389152,67.40826530775252,21.989295812040837,19.87643127712926
2018-08-09,2857.18994140625,2862.47998046875,2851.97998046875,2853.580078125,3066180000,-0.0014416744645237012,0.004023679011327309,0.002593420498830721,2824.0445190429687,2782.2850244140627,1.015009064226876,66.77041631723026,22.02780511275978,20.306706044255364
2018-08-10,2838.89990234375,2842.199951171875,2825.81005859375,2833.280029296875,3265590000,-0.007113887913551609,0.004412067563464336,0.004243930977476692,2825.643017578125,2784.845224609375,1.0146499319273563,57.76088757609596,20.187580424222688,20.28288092024883
2018-08-13,2835.4599609375,2843.39990234375,2819.8798828125,2821.929931640625,3173630000,-0.004005992185342366,0.004518052951239083,0.003767613284926111,2826.818017578125,2786.5914208984377,1.0144357713793282,50.45708025853808,17.610335583865435,19.74837185297215
2018-08-14,2827.8798828125,2843.110107421875,2826.580078125,2839.9599609375,2986500000,0.006389254777276809,0.004648239791692302,0.005033492799512256,2828.338513183594,2788.4532177734377,1.0143037348290191,48.08736069991273,16.82872381998186,19.16444224637409
2018-08-15,2827.949951171875,2827.949951171875,2802.489990234375,2818.3701171875,3656680000,-0.007602164835758152,0.0049714415934213815,0.005687752446535044,2828.4760131835938,2789.844619140625,1.0138471489694894,44.47857878009885,14.30231178686472,18.192016154472217
2018-08-16,2831.43994140625,2850.489990234375,2831.43994140625,2840.68994140625,3232000000,0.007919408484583057,0.005171759383596327,0.007484856455242308,2830.2860107421875,2791.211416015625,1.0139991526626602,56.19931597763848,13.94042996836879,17.34169891725153
2018-08-17,2838.320068359375,2855.6298828125,2833.72998046875,2850.1298828125,3037640000,0.0033231157222237684,0.005190260986730249,0.006729910562674778,2832.7010009765627,2792.806611328125,1.0142846946461022,64.0115442192538,14.251079296759144,16.723574993153054
2018-08-20,2853.929931640625,2859.760009765625,2850.6201171875,2857.050048828125,2757150000,0.0024280177746833775,0.005197736983674596,0.006066967268255062,2835.2045043945313,2794.36701171875,1.0146142194294883,62.515386264582276,14.884093671073515,16.355678728737146
2018-08-21,2861.510009765625,2873.22998046875,2861.320068359375,2862.9599609375,3174010000,0.0020685364303643095,0.005125961536542839,0.0056675673751611574,2837.3325073242186,2795.9862109375,1.014787732580718,64.95597006464988,15.681869831536005,16.220916949296917
2018-08-22,2860.989990234375,2867.5400390625,2856.050048828125,2861.820068359375,2701250000,-0.0003981517707819515,0.004737930773882598,0.003042365893434003,2838.120007324219,2797.4856103515626,1.0145253283242268,61.29986477349561,16.037265956605097,16.184186750758553
2018-08-23,2860.2900390625,2868.780029296875,2854.030029296875,2856.97998046875,2724450000,-0.0016912621251551352,0.004697808062799721,0.0021017217318692076,2839.0970092773437,2799.1126123046874,1.0142846689328924,55.74198334288701,15.746846638327952,16.09671872827243
2018-08-24,2862.35009765625,2876.159912109375,2862.35009765625,2874.68994140625,2603010000,0.006198839704363079,0.004574025307260836,0.0030333991234426138,2841.8905029296875,2800.956611328125,1.0146142540859113,57.96552850527449,16.75261489874083,16.22789796236611
2018-08-27,2884.68994140625,2898.25,2884.68994140625,2896.739990234375,2865070000,0.007670409427647185,0.004516628082701098,0.004068262844202488,2846.5974975585937,2803.298212890625,1.0154458360758274,61.50060129645382,19.108670130211067,16.804052395935102
2018-08-28,2901.449951171875,2903.77001953125,2893.5,2897.52001953125,2687770000,0.00026927832649970007,0.0044609193163293965,0.004222439169634489,2850.6589965820312,2805.77361328125,1.015997507100471,61.957996020428666,20.799043965303554,17.603050709808794
2018-08-29,2900.6201171875,2916.5,2898.39990234375,2914.0400390625,2805520000,0.005701434129840033,0.004518595872947918,0.004087326924686354,2855.6929931640625,2808.8026123046875,1.0166940819030712,66.89770652343014,23.204217762291137,18.723284120305262
2018-08-30,2908.93994140625,2912.4599609375,2895.219970703125,2901.1298828125,2810450000,-0.004430329054144866,0.00465678153779269,0.005049161241788262,2859.3884887695312,2811.47880859375,1.0170407402785102,69.78014391356646,23.794309810058166,19.737489258255845
2018-08-31,2898.3701171875,2906.320068359375,2891.72998046875,2901.52001953125,2887220000,0.00013447750859452157,0.004595179284824012,0.004837177041684305,2862.446984863281,2814.5140087890627,1.0170306404318952,74.78669065240499,24.016594261501268,20.593310258904932
2018-09-04,2896.9599609375,2900.179931640625,2885.1298828125,2896.719970703125,3087420000,-0.0016543221469484948,0.004595429102553824,0.0037067998017179453,2864.76298828125,2817.350810546875,1.016828638292713,69.26418117970313,23.53414613514542,21.18147743415303
2018-09-05,2891.590087890625,2894.2099609375,2876.919921875,2888.60009765625,3248780000,-0.002803126684318036,0.004638098389651248,0.0039014027708490586,2866.2704956054686,2820.7814111328125,1.016126412451927,76.23456452348381,22.240226242116933,21.393227195745812
2018-09-06,2888.639892578125,2892.050048828125,2867.2900390625,2878.050048828125,3144240000,-0.0036523050860121087,0.004729805439069497,0.0017888350793164795,2867.2880004882813,2823.8812109375,1.0153713227676353,65.3014452814869,20.131423478491797,21.14086645229501
2018-09-07,2868.260009765625,2883.81005859375,2864.1201171875,2871.679931640625,2976580000,-0.002213344827027508,0.004748433999010189,0.0014220594574610589,2868.1929931640625,2827.3222119140623,1.014455650324457,59.05384364480057,17.741652907879597,20.46102374341193
2018-09-10,2881.389892578125,2886.929931640625,2875.93994140625,2877.1298828125,2751100000,0.0018978268127400888,0.00442151987812185,0.0021352537276543384,2870.3854858398436,2830.5386083984376,1.014077489465495,58.541681812044985,16.10189476947062,19.589197948623667
2018-09-11,2871.570068359375,2892.52001953125,2866.780029296875,2887.889892578125,2904500000,0.003739841510076891,0.0043185097631229345,0.003234439079277353,2873.683483886719,2833.92900390625,1.0140280437250446,60.184595989316016,15.49203381301868,18.76976512150267
2018-09-12,2888.2900390625,2894.64990234375,2879.199951171875,2888.919921875,3341280000,0.00035667194221011833,0.004141441421888669,0.0029979280982584083,2876.131481933594,2837.173203125,1.013731371340207,61.08101848616682,14.91984258027469,17.999780613257073
2018-09-13,2896.85009765625,2906.760009765625,2896.389892578125,2904.179931640625,3274090000,0.005282254329749936,0.003737758338748041,0.0029192457443223984,2880.42197265625,2840.99240234375,1.0138788017454645,67.78439896898303,15.518839229960577,17.503592336597773
2018-09-14,2906.3798828125,2908.300048828125,2895.77001953125,2904.97998046875,3179410000,0.00027548183892078804,0.0034253516277885777,0.002179643495376397,2883.636474609375,2844.3597998046876,1.0138086169012037,63.0796705729551,15.875107186537207,17.17789530658566
2018-09-17,2903.830078125,2904.64990234375,2886.159912109375,2888.800048828125,2967980000,-0.005569722252617426,0.0036918407918121432,0.004176627337019313,2885.5699829101563,2846.9393994140623,1.0135691625554253,46.38832251673574,14.682616017757482,16.678839448820025
2018-09-18,2890.739990234375,2911.169921875,2890.429931640625,2904.31005859375,3091190000,0.005369014643958003,0.0038214065302678425,0.004511766989069155,2887.9329833984375,2849.3422021484375,1.0135437509825609,52.723633286849164,14.818269421703008,16.306725443396623
2018-09-19,2906.60009765625,2912.360107421875,2903.820068359375,2907.949951171875,3302460000,0.0012532727238796504,0.0038118085932057253,0.004490481632679627,2890.182482910156,2851.6243994140623,1.0135214453572554,47.275622473029266,15.046042948124523,16.054588944342203
2018-09-20,2919.72998046875,2934.800048828125,2919.72998046875,2930.75,3406520000,0.007840591898404803,0.004110484911796982,0.005151621119074581,2893.6289794921877,2854.7589990234374,1.013615853556131,62.173302295713604,16.87183900929449,16.21803895733266
2018-09-21,2936.760009765625,2940.909912109375,2927.110107421875,2929.669921875,5652470000,-0.00036853301202766087,0.004071999157479937,0.0052080627819593465,2897.2634765625,2857.3865966796875,1.0139557174129499,61.50383321427289,18.02387428648035,16.579206023162197
2018-09-24,2921.830078125,2923.7900390625,2912.6298828125,2919.3701171875,3392030000,-0.0035156877607932513,0.004031675515175312,0.0045273106253338824,2899.4974853515623,2859.7477978515626,1.0138997178457003,58.858104198612494,17.899429420328488,16.843250702595455
2018-09-25,2921.75,2923.949951171875,2913.699951171875,2915.56005859375,3330880000,-0.0013050961134796202,0.0037110116899822265,0.004306844207508582,2900.4384887695314,2862.090400390625,1.0133986293282955,60.91142642583297,17.294011647126354,16.933402891501636
2018-09-26,2916.97998046875,2931.14990234375,2903.280029296875,2905.969970703125,3417540000,-0.003289278113945082,0.003798376389753429,0.004647902083585185,2900.860986328125,2864.018798828125,1.0128638078475862,61.388441866764396,15.857577889455115,16.718237891092333
2018-09-27,2911.64990234375,2927.219970703125,2909.27001953125,2914.0,3101360000,0.0027632870875580196,0.003625343880013494,0.0025554505478262365,2900.858984375,2865.986396484375,1.0121677436897127,67.03158068490647,15.192025483032467,16.41299540948036
2018-09-28,2910.030029296875,2920.530029296875,2907.5,2913.97998046875,3461680000,-6.870120538793323e-06,0.0034721754101531607,0.0025877686590916695,2901.5014892578124,2868.1761962890623,1.0116189838727019,65.50798732548915,14.495855785206004,16.02956748462549
2018-10-01,2926.2900390625,2937.06005859375,2917.909912109375,2924.590087890625,3375890000,0.003641105118425747,0.003554824170005802,0.0028620712406825107,2902.654992675781,2870.631396484375,1.0111555932366048,65.4644138657537,14.631618696122587,15.749977726924907
2018-10-02,2923.800048828125,2931.419921875,2919.3701171875,2923.429931640625,3432620000,-0.0003966902079042267,0.0035275528460443784,0.0027567942469287517,2903.9904907226564,2872.9603955078123,1.0108007389393057,64.52560295130148,14.478695505295946,15.495721282599117
2018-10-03,2931.68994140625,2939.860107421875,2921.360107421875,2925.510009765625,3625510000,0.0007115197468861023,0.003442703150324242,0.0017710124092954168,2905.835986328125,2875.06259765625,1.0107035543145952,60.098478894077395,14.359816594319454,15.268540344943187
2018-10-04,2919.35009765625,2919.780029296875,2883.919921875,2901.610107421875,3510370000,-0.008169482334351885,0.003861829210450145,0.0043903124458135896,2907.0139892578127,2876.1733984375,1.0107227856418763,48.690906814720115,12.196488964668788,14.654130068888309
2018-10-05,2902.5400390625,2909.639892578125,2869.2900390625,2885.570068359375,3340820000,-0.005527978766503461,0.004047227514249811,0.004802103531766151,2907.70849609375,2877.1360009765626,1.0106260166731118,48.743885580604,9.083035972867947,13.539911249684238
2018-10-08,2877.530029296875,2889.449951171875,2862.080078125,2884.429931640625,3381820000,-0.00039511662920677093,0.004030506615449406,0.0038779331619036637,2908.0734985351564,2878.4481982421876,1.0102921081960274,41.29594988936753,6.4492595243123105,12.121780904609853
2018-10-09,2882.510009765625,2894.830078125,2874.27001953125,2880.340087890625,3531690000,-0.0014179036575431292,0.003951916998976315,0.003747331250652366,2907.696008300781,2880.002998046875,1.0096156185506358,37.95910631846135,3.9860083770654455,10.494626399100973
2018-10-10,2873.89990234375,2874.02001953125,2784.860107421875,2785.679931640625,4554260000,-0.0328642290012785,0.00831384849953316,0.013336984156788868,2902.5340087890627,2879.3907958984373,1.00803753798324,11.109409422381404,-5.54054940187234,7.28759123890631
2018-10-11,2776.8701171875,2795.139892578125,2710.510009765625,2728.3701171875,4914090000,-0.02057300761734404,0.00912753375684778,0.0141176531439384,2893.743518066406,2877.69099609375,1.0055782646553941,8.535962279635996,-17.51295851654413,2.3274812878162203
2018-10-12,2770.5400390625,2775.77001953125,2729.43994140625,2767.1298828125,4024010000,0.014206197825152422,0.00989603733032041,0.01850922646746594,2886.8510131835938,2876.4891943359376,1.0036022450103619,21.932130395485927,-23.601526794921938,-2.858320328731413
2018-10-15,2763.830078125,2775.989990234375,2749.030029296875,2750.7900390625,3327160000,-0.005904978964482943,0.009902005594622319,0.018086928667135255,2879.9505126953127,2874.6979931640626,1.0018271552503046,20.963586706798907,-29.406272355712645,-8.167910734127663
2018-10-16,2767.050048828125,2813.4599609375,2766.909912109375,2809.919921875,3460260000,0.02149560016316343,0.011146164098886122,0.02285977898544464,2875.231005859375,2873.8883935546874,1.0004671762159236,35.58974501729945,-28.90212287159875,-12.314753161621882
2018-10-17,2811.669921875,2816.93994140625,2781.81005859375,2809.2099609375,3347090000,-0.00025266233815879335,0.011131013769051947,0.016628002263892997,2870.2940063476562,2872.90359375,0.9990916550739743,33.925428248282884,-28.234400079781153,-15.49868254525374
2018-10-18,2802.0,2806.0400390625,2755.179931640625,2768.780029296875,3639300000,-0.014391922356395415,0.011241204693909617,0.014663039298937195,2862.1955078125,2871.1251953125,0.9968898299821342,30.183412201312933,-30.61467509114982,-18.52188105443296
2018-10-19,2775.659912109375,2797.77001953125,2760.27001953125,2767.780029296875,3593940000,-0.00036116989772350117,0.0112412878817686,0.013268222377364459,2854.1010131835938,2869.4091943359376,0.9946650407398981,28.022386374368168,-32.210449789592985,-21.259594801464967
2018-10-22,2773.93994140625,2778.93994140625,2749.219970703125,2755.8798828125,3331270000,-0.004299527548581317,0.01124536184145573,0.013104474197506879,2845.9265014648436,2867.86119140625,0.9923515510418931,27.20342377977687,-34.04292925884329,-23.816261692940635
2018-10-23,2721.030029296875,2753.590087890625,2691.429931640625,2740.68994140625,4373710000,-0.005511829997012829,0.011254934067606102,0.005766500393412322,2837.182995605469,2866.2363916015624,0.9898635729832949,25.719866447286122,-36.30241198556041,-26.313491751464593
2018-10-24,2737.8701171875,2742.590087890625,2651.889892578125,2656.10009765625,4738670000,-0.030864433977743855,0.012862876285799053,0.012188776940982011,2824.689501953125,2862.5591943359377,0.9867706867135727,22.182646840617622,-44.40686622101566,-29.93216664537481
2018-10-25,2674.8798828125,2722.699951171875,2667.840087890625,2705.570068359375,4663930000,0.018625040052811848,0.01378417982786409,0.01766382750569674,2814.2680053710938,2860.303193359375,0.9839054866298234,31.041425595926867,-46.30412667336486,-33.20655865097282
2018-10-26,2667.860107421875,2692.3798828125,2628.159912109375,2658.68994140625,4804330000,-0.017327264039978307,0.014086478388661693,0.018292621919740987,2801.5035034179687,2856.663193359375,0.9806908668583574,28.313383847741875,-51.00262676585635,-36.76577227394953
2018-10-29,2682.64990234375,2706.85009765625,2603.5400390625,2641.25,4701260000,-0.0065595995737004476,0.01396111131548572,0.018209901363028375,2787.3364990234377,2852.485595703125,0.9771605869709472,27.605291237114585,-55.493781540952114,-40.51137412735005
2018-10-30,2640.679931640625,2685.429931640625,2635.340087890625,2682.6298828125,5125600000,0.015666780052058682,0.01468262352798997,0.02123969032736123,2775.296496582031,2848.9971923828125,0.9741310044117171,39.27743824834993,-55.079125747712624,-43.42492445142257
2018-10-31,2705.60009765625,2736.68994140625,2705.60009765625,2711.739990234375,5133380000,0.010851331974038647,0.015031545803750757,0.015516023859177178,2764.6079956054687,2845.97279296875,0.9714105498252474,48.16172363001628,-51.80439700213719,-45.1008189615655
2018-11-01,2717.580078125,2741.669921875,2708.85009765625,2740.3701171875,4730250000,0.010557843693063784,0.015317654877356963,0.013992314513891019,2756.54599609375,2843.5437939453127,0.9694051492940587,46.97424430641822,-46.36447823199296,-45.353550815651
2018-11-02,2745.449951171875,2756.550048828125,2700.43994140625,2723.06005859375,4261230000,-0.0063166863793988615,0.015326216571367417,0.010493706879401923,2748.4204956054687,2840.8653955078125,0.9674588947267531,46.87140540230848,-42.954922764618914,-44.87382520544458
2018-11-05,2726.3701171875,2744.27001953125,2717.93994140625,2738.31005859375,3650910000,0.005600317169601965,0.015433614484549083,0.008389392696241154,2741.114501953125,2838.1377978515625,0.9658144520072693,41.03285127655776,-38.57757969418935,-43.61457610319354
2018-11-06,2738.39990234375,2756.820068359375,2737.080078125,2755.449951171875,3543800000,0.006259295774170726,0.015556459585601416,0.0069709965019920895,2734.8699951171875,2835.3119970703124,0.9645746210445587,43.534107866564796,-33.34112206777081,-41.559885296109
2018-11-07,2774.1298828125,2815.14990234375,2774.1298828125,2813.889892578125,3929080000,0.021208856064105275,0.01459730607973134,0.009916209691066966,2736.2804931640626,2833.63939453125,0.9656417462450994,55.200224253866175,-24.19665311215067,-38.08723885931734
2018-11-08,2806.3798828125,2814.75,2794.989990234375,2806.830078125,3673550000,-0.0025089163835961825,0.013752327407529142,0.010594925519071957,2740.2034912109375,2831.4951953125,0.9677584817192363,54.43962653056354,-17.31961385310251,-33.93371385807437
2018-11-09,2794.10009765625,2794.10009765625,2764.239990234375,2781.010009765625,4029030000,-0.00919901370610332,0.013610054551057387,0.011401972434041575,2740.897497558594,2829.0927978515624,0.9688255894752039,52.76940585828093,-13.793966070584247,-29.905764300576344
2018-11-12,2773.929931640625,2775.989990234375,2722.0,2726.219970703125,3701570000,-0.01970148934024063,0.014276474971350992,0.015531845011936244,2739.668994140625,2825.586796875,0.9695929345262382,48.53337899640552,-15.24522539031068,-26.973656518523214
2018-11-13,2730.050048828125,2754.60009765625,2714.97998046875,2722.179931640625,4112820000,-0.0014819196931705747,0.0133182147119247,0.015031473449471955,2735.2819946289064,2822.09599609375,0.9692377574735203,58.00463131371383,-16.530799463906988,-24.88508510759997
2018-11-14,2737.89990234375,2746.800048828125,2685.75,2701.580078125,4449060000,-0.007567410690302756,0.013382430084776756,0.007265412927845317,2729.900500488281,2818.355595703125,0.9686146434645426,49.480321009811036,-18.992923532983696,-23.706652792676717
2018-11-15,2693.52001953125,2735.3798828125,2670.75,2730.199951171875,4204960000,0.010593753366266334,0.01331764971077033,0.01112192556415035,2727.9714965820312,2815.39859375,0.9689468136547161,59.77902256849039,-18.42242782668245,-22.649807799477866
2018-11-16,2718.5400390625,2746.75,2712.159912109375,2736.27001953125,3996970000,0.0022233054237545957,0.013332790938777135,0.011335830611941164,2726.39599609375,2812.6903955078124,0.9693196238192855,63.41106565737316,-17.281294096274905,-21.576105058837275
2018-11-19,2730.739990234375,2733.159912109375,2681.090087890625,2690.72998046875,3806940000,-0.01664310858849427,0.01379617599599604,0.010252688287075854,2723.1385009765627,2808.9623974609376,0.9694464060601337,51.12997313512541,-19.82312914669683,-21.225509876409188
2018-11-20,2654.60009765625,2669.43994140625,2631.52001953125,2641.889892578125,4370820000,-0.01815124083246611,0.014289354783325301,0.012311774181272562,2718.1984985351564,2804.0423974609375,0.969385662997281,40.764231694451944,-25.484766024989312,-22.077361106125213
2018-11-21,2657.739990234375,2670.72998046875,2649.820068359375,2649.929931640625,3237400000,0.0030432907461763747,0.012558214285991631,0.012856843050275731,2717.889990234375,2799.26259765625,0.9709306988597619,37.35313898666156,-28.988726106365448,-23.45963410617326
2018-11-23,2633.360107421875,2647.550048828125,2631.090087890625,2632.56005859375,1651680000,-0.006554842390161242,0.011829394103398413,0.010040424915539886,2714.2394897460936,2793.8302001953125,0.9715119729024138,37.346891405711325,-32.78926898621012,-25.325561082180638
2018-11-26,2649.969970703125,2674.35009765625,2649.969970703125,2673.449951171875,3523520000,0.0155323683669224,0.011768035353030051,0.014108648884180959,2714.977490234375,2789.199599609375,0.9733894593325646,41.53835667661041,-32.131363711317135,-26.68672160800794
2018-11-27,2663.75,2682.530029296875,2655.889892578125,2682.169921875,3494380000,0.003261692144003847,0.011669355770954654,0.012569231273170863,2717.023486328125,2785.0669970703125,0.9755684474327675,40.22514838703795,-30.554131288289227,-27.4602035440642
2018-11-28,2691.449951171875,2744.0,2684.3798828125,2743.7900390625,3984540000,0.022973979644221654,0.01225776923892842,0.011610476283359423,2720.081494140625,2781.8565966796873,0.9777935704475944,40.728017675373245,-24.054647840695907,-26.77909240339054
2018-11-29,2736.969970703125,2753.75,2722.93994140625,2737.800048828125,3599200000,-0.0021831080910337253,0.012062519968694889,0.012341306640144066,2721.3844970703126,2778.4535986328124,0.9794601206978653,40.8436081391877,-19.166166884242557,-25.256507299560944
2018-11-30,2737.760009765625,2760.8798828125,2732.760009765625,2760.169921875,4668310000,0.008170747552017188,0.011969708827133609,0.009938598150611506,2722.3744873046876,2775.0419970703124,0.9810210044312023,47.210160440041705,-13.333251312871198,-22.871856102222996
2018-12-03,2790.5,2800.179931640625,2773.3798828125,2790.3701171875,4221580000,0.010941426132194287,0.01207946080862301,0.009447821812413442,2725.739990234375,2772.2560009765625,0.9832208819366604,59.192938385806805,-6.202224979132097,-19.537929877604817
2018-12-04,2782.429931640625,2785.929931640625,2697.179931640625,2700.06005859375,4515710000,-0.03236490314939877,0.014168958177553984,0.02094736177682939,2723.827490234375,2767.8697998046873,0.9840880125310013,47.45853709711714,-7.7487790070172196,-17.180099703487297
2018-12-06,2663.510009765625,2696.14990234375,2621.530029296875,2695.949951171875,5180430000,-0.0015222281477752508,0.014077018464391106,0.017201241366699576,2720.852490234375,2763.47759765625,0.9845755552865614,49.32764999664714,-9.200033274315501,-15.584086417652937
2018-12-07,2691.260009765625,2708.5400390625,2623.139892578125,2633.080078125,4242240000,-0.023320118765389863,0.013900429148161208,0.01929935896698572,2711.8119995117186,2758.0197998046874,0.9832460229994574,39.278951598254245,-15.24747263167319,-15.516763660456991
2018-12-10,2630.860107421875,2647.510009765625,2583.22998046875,2637.719970703125,4162880000,0.0017621539947350051,0.013944713119259905,0.01816821908302499,2703.356494140625,2752.49419921875,0.982147935101163,39.08661528021477,-19.441600670569642,-16.301731062479526
2018-12-11,2664.43994140625,2674.35009765625,2621.300048828125,2636.780029296875,3963440000,-0.00035634616892232795,0.01387815779967605,0.01560532002065882,2696.1449951171876,2746.9502001953124,0.9815048685358356,43.37077451711552,-22.581022798297,-17.557589409643022
2018-12-12,2658.22998046875,2685.43994140625,2650.260009765625,2651.070068359375,4029300000,0.005419503676349802,0.013373407156412635,0.011333860707595825,2692.3875,2741.4797998046874,0.9820927734692099,51.23270210977547,-23.643404290465696,-18.774752385807556
2018-12-13,2658.699951171875,2670.18994140625,2637.27001953125,2650.5400390625,3978340000,-0.00019993032368359476,0.013375617709685997,0.011409735405984313,2688.8055053710937,2736.022001953125,0.9827426473367812,50.08361075329976,-24.24859549615212,-19.86952100787647
2018-12-14,2629.679931640625,2635.070068359375,2593.840087890625,2599.949951171875,4064370000,-0.019086709555430348,0.013899843990285736,0.009564108716907134,2683.7239990234375,2729.51080078125,0.9832252718162143,45.90397394656224,-28.482087373030026,-21.592034280907185
2018-12-17,2590.75,2601.1298828125,2530.5400390625,2545.93994140625,4661420000,-0.020773480559224233,0.014191651343455448,0.012045958535383542,2674.5109985351564,2722.3973974609376,0.98241020985017,34.49500811941327,-35.782834319977155,-24.430194288721182
2018-12-18,2559.89990234375,2573.989990234375,2528.7099609375,2546.159912109375,4519190000,8.640058610476231e-05,0.014155152209548631,0.012108464625887341,2665.0054931640625,2715.6091943359374,0.9813656172333555,33.1123262191111,-41.077463645159696,-27.75964816000889
2018-12-19,2547.050048828125,2585.2900390625,2488.9599609375,2506.9599609375,5152830000,-0.01539571453679811,0.014096813441322678,0.010244029804961448,2655.8169921875,2708.059794921875,0.9807084013313369,18.860274809866027,-47.88461987089613,-31.78464250218634
2018-12-20,2496.77001953125,2509.6298828125,2441.179931640625,2467.419921875,5619780000,-0.01577210632742365,0.013975618483182116,0.008292954665516944,2647.0934936523436,2699.8013916015625,0.9804771202381106,17.331196862313845,-55.82635938472413,-36.5929858786939
2018-12-21,2465.3798828125,2504.409912109375,2408.550048828125,2416.6201171875,7657890000,-0.020588228309714296,0.014402055454910863,0.008538238643265484,2635.4280029296874,2692.4201953125,0.9788323559294215,11.158868887789708,-65.46472819308565,-42.36733434157225
2018-12-24,2400.56005859375,2410.340087890625,2351.10009765625,2351.10009765625,2613670000,-0.027112254452099527,0.015264318480110912,0.0100427419843028,2621.3550048828124,2684.874794921875,0.9763416192966604,4.009864395238353,-77.49678815476227,-49.39322510421026
2018-12-26,2363.1201171875,2467.760009765625,2346.580078125,2467.699951171875,4249740000,0.04959374278953943,0.019144512218470574,0.03135632389148757,2611.0675048828125,2678.8861962890624,0.9746839968415993,26.941979611485365,-76.73904870615206,-54.86238982459863
2018-12-27,2442.5,2489.10009765625,2397.93994140625,2488.830078125,4139010000,0.008562680784222065,0.019283951223747004,0.03136445172221954,2601.4005126953125,2673.6469970703124,0.9729783010045211,30.11825979846479,-73.58526495836031,-58.60696485135097
2018-12-28,2498.77001953125,2520.27001953125,2472.889892578125,2485.739990234375,3728440000,-0.0012415825080966947,0.01826361642609639,0.03031653410199562,2588.498010253906,2667.1633984375,0.9705059734136731,34.02297389955339,-70.52227598387981,-60.990027077856745
2018-12-31,2498.93994140625,2509.239990234375,2482.820068359375,2506.85009765625,3461920000,0.00849248413140935,0.01849767522276501,0.027605680994756306,2576.9505126953127,2661.116201171875,0.9683720355993856,36.2983589511315,-65.63482846928264,-61.918987356141926
2019-01-02,2476.9599609375,2519.489990234375,2467.469970703125,2510.030029296875,3733160000,0.0012684969251244294,0.018317544877725925,0.020730404441598377,2564.4435180664063,2655.941201171875,0.9655498084576958,36.79164830646892,-60.803986685506516,-61.69598722201486
2019-01-03,2491.919921875,2493.139892578125,2443.9599609375,2447.889892578125,3858830000,-0.02475673039503723,0.01846413372619166,0.013690398520266805,2547.3195068359373,2649.5433984375,0.9614182988427944,30.74706102264568,-61.28326413599325,-61.61344260481054
2019-01-04,2474.330078125,2538.070068359375,2474.330078125,2531.93994140625,4234140000,0.03433571464262353,0.01951476839425115,0.021222627112363193,2538.9135009765623,2645.064599609375,0.9598682396458336,40.297452178921894,-54.2555344553798,-60.14186097492439
2019-01-07,2535.610107421875,2566.159912109375,2524.56005859375,2549.68994140625,4133120000,0.007010434848680358,0.019642325127370467,0.021070393032455347,2531.6005004882813,2641.244599609375,0.9584877147927497,45.654804947990215,-46.71522733676284,-57.45653424729208
2019-01-08,2568.110107421875,2579.820068359375,2547.56005859375,2574.409912109375,4120060000,0.009695285023358924,0.019191807483602167,0.02112318072172464,2528.6669921875,2639.6107958984376,0.9579696355677406,52.59265715064505,-38.303248576425176,-53.62587711311871
2019-01-09,2580.0,2595.320068359375,2568.889892578125,2584.9599609375,4088740000,0.004098045450532162,0.019216291476077486,0.021018762038652716,2526.0289916992188,2637.19859375,0.957845570555723,53.468129001960094,-30.43456333463473,-48.98761435742192
2019-01-10,2573.510009765625,2597.820068359375,2562.02001953125,2596.639892578125,3721300000,0.004518418782931244,0.019253575215870112,0.012722845168000626,2524.0219848632814,2635.9575927734377,0.9575351256723434,58.43078192829099,-22.99107393284794,-43.78830627250713
2019-01-11,2588.110107421875,2596.27001953125,2577.39990234375,2596.260009765625,3447460000,-0.00014629784190933748,0.019202263438942845,0.0036609830131879005,2521.2814819335936,2635.05779296875,0.9568220813453309,63.07490365933485,-16.92757774347365,-38.416160566700434
2019-01-14,2580.31005859375,2589.320068359375,2570.409912109375,2582.610107421875,3689370000,-0.005257525167898014,0.01922625424306127,0.0056024257792203856,2517.8849853515626,2633.0573974609374,0.9562590575425983,68.2186337880299,-13.072949543670347,-33.34751836209442
2019-01-15,2585.10009765625,2613.080078125,2585.10009765625,2610.300048828125,3601180000,0.010721688622945758,0.01891327792527046,0.0059370564262693605,2518.402490234375,2631.0285986328126,0.9571931264992852,81.02556369708373,-7.695078002001992,-28.217030290075932
2019-01-16,2614.75,2625.760009765625,2612.679931640625,2616.10009765625,3882180000,0.0022219854881162515,0.018247728407547792,0.0058925914113487415,2521.910498046875,2628.5431982421874,0.9594327761983817,74.17569174597998,-2.931270728875461,-23.159878377835838
2019-01-17,2609.280029296875,2645.06005859375,2606.360107421875,2635.9599609375,3802410000,0.0075914003822110665,0.01829387519237326,0.006312551105897846,2526.400500488281,2626.8011962890623,0.9617783424407529,74.06836738443155,2.418724296882374,-18.044157842892197
2019-01-18,2651.27001953125,2675.469970703125,2647.580078125,2670.7099609375,4009010000,0.01318305304897005,0.017986013871863896,0.007364687150191117,2534.588000488281,2625.4491943359376,0.9653921340227503,77.41840924537192,9.35483179976427,-12.564359914360903
2019-01-22,2657.8798828125,2657.8798828125,2617.27001953125,2632.89990234375,3923950000,-0.014157306164566674,0.017899208321394314,0.010899750514750327,2542.8619995117188,2622.998193359375,0.969448627890581,67.80315360297485,11.666309283506962,-7.71822607478733
2019-01-23,2643.47998046875,2653.18994140625,2612.860107421875,2638.699951171875,3358770000,0.0022029127742235755,0.016994118584365083,0.01021342566918424,2553.9659912109373,2619.49439453125,0.9749843315346973,68.03969999096358,13.807028479717701,-3.4131751638863226
2019-01-24,2638.840087890625,2647.199951171875,2627.010009765625,2642.330078125,3449230000,0.0013757255543636049,0.015312018359443978,0.01022015413292984,2568.527490234375,2616.20439453125,0.9817763075405974,82.61107412257319,15.616467851785274,0.3927534392479978
2019-01-25,2657.43994140625,2672.3798828125,2657.330078125,2664.760009765625,3821000000,0.008488694060713842,0.011409074655443914,0.010349085663995417,2578.3804931640625,2613.87939453125,0.9864190744831387,78.08038170626085,18.645436630101358,4.043290077418671
2019-01-28,2644.969970703125,2644.969970703125,2624.06005859375,2643.85009765625,3630820000,-0.007846827493937836,0.011644508751868126,0.008959037169421882,2586.131494140625,2612.2319970703124,0.9900083518772606,69.6445561842049,19.138049533199137,7.0622419685747655
2019-01-29,2644.889892578125,2650.929931640625,2631.050048828125,2640.0,3518070000,-0.0014562465775435074,0.011648809523168015,0.005936507882435235,2593.8444946289064,2610.5883984375,0.9935861571212776,64.98929324241237,18.99877208569478,9.44954799199877
2019-01-30,2653.6201171875,2690.43994140625,2648.340087890625,2681.050048828125,3883270000,0.01554926091974429,0.011925006435531698,0.009048661371972572,2602.5544921875,2610.1777978515624,0.9970793921891691,69.27276804907692,21.947789122268205,11.94919621805266
2019-01-31,2685.489990234375,2708.949951171875,2678.64990234375,2704.10009765625,4953800000,0.008597395948725328,0.011967553918244294,0.009254282606544612,2612.2579956054688,2609.65580078125,1.000997141011255,70.61310544619417,25.84690563295635,14.7287381010334
2019-02-01,2702.320068359375,2716.659912109375,2696.8798828125,2706.530029296875,3782490000,0.0008986100931438479,0.00995073469414993,0.009091648100937821,2625.1900024414062,2609.0610009765624,1.0061819181149105,70.9870267457205,28.801058065367215,17.543202093900163
2019-02-04,2706.489990234375,2724.989990234375,2698.75,2724.8701171875,3369450000,0.006776236617404008,0.007219843790850303,0.006710635263994867,2634.8365112304687,2609.7438037109373,1.0096150079880832,76.60058560849323,32.250374724166704,20.484636619953474
2019-02-05,2728.340087890625,2738.97998046875,2724.030029296875,2737.699951171875,3597620000,0.00470842037697472,0.007182598351305176,0.005424522297958311,2644.23701171875,2611.6600048828127,1.0124736783406074,75.22370369797487,35.60876769738934,23.50946283544065
2019-02-06,2735.050048828125,2738.080078125,2724.14990234375,2731.610107421875,3486590000,-0.0022244379802809355,0.007143601000744861,0.004398813788912726,2652.097021484375,2613.2936083984373,1.014848470512932,72.84342950064263,37.348389839616175,26.27724823627576
2019-02-07,2717.530029296875,2719.320068359375,2687.260009765625,2706.050048828125,4114040000,-0.009357140143940179,0.007649629539095068,0.006349601566309769,2658.1515258789063,2614.763408203125,1.0165935157038157,63.555502252726555,36.246739952093776,28.271146579439367
2019-02-08,2692.360107421875,2708.070068359375,2681.830078125,2707.8798828125,3649510000,0.0006762010869560964,0.007639737199343333,0.0063439131456670276,2663.713525390625,2615.4520068359375,1.018452458094642,58.23765444790488,35.11652534426412,29.640222332404324
2019-02-11,2712.39990234375,2718.050048828125,2703.7900390625,2709.800048828125,3395330000,0.0007091030986317026,0.007628725393955107,0.005234744172818067,2669.39052734375,2616.004609375,1.0204074250394781,70.2667505691082,33.984016882370724,30.508981242397606
2019-02-12,2722.610107421875,2748.18994140625,2722.610107421875,2744.72998046875,3843020000,0.0128902247439735,0.007776609438131297,0.008033845450308493,2677.4965209960938,2616.023408203125,1.0234986860592326,74.22437748840095,35.49587497633729,31.506359989185547
2019-02-13,2750.300048828125,2761.85009765625,2748.6298828125,2753.030029296875,3684910000,0.003023994668760688,0.007566001330018423,0.007924681279196306,2684.633020019531,2616.3280078125,1.026107205213975,74.76289871408801,36.93797994222041,32.592683979792525
2019-02-14,2743.5,2757.89990234375,2731.22998046875,2745.72998046875,3845390000,-0.002651641555101225,0.007659856442725814,0.005924137618414305,2691.1145141601564,2616.039208984375,1.0286980810218544,69.42751870097766,37.0645485425689,33.4870568923478
2019-02-15,2760.239990234375,2775.659912109375,2760.239990234375,2775.60009765625,3648680000,0.01087875260858695,0.007809816713340361,0.006664737738551381,2698.0965209960937,2615.74380859375,1.0314834779047484,80.30824495150887,39.12412532860208,34.61447057959866
2019-02-19,2769.280029296875,2787.330078125,2767.2900390625,2779.760009765625,3535270000,0.0014987433214488366,0.007404005750980068,0.006546839957922131,2703.5490234375,2617.3378076171875,1.0329385131599802,82.10513328136304,40.62373972707064,35.816324409093056
2019-02-20,2779.050048828125,2789.8798828125,2774.06005859375,2784.699951171875,3904830000,0.0017771107537685182,0.006353355117628289,0.0049426927629479065,2711.139025878906,2619.1128076171876,1.0351364087847144,78.54585895098086,41.72977209173905,36.99901394562226
2019-02-21,2780.239990234375,2781.580078125,2764.550048828125,2774.8798828125,3598260000,-0.003526436790880272,0.006510147687992067,0.0057116891329443645,2717.9480224609374,2621.9488037109377,1.036613689258207,71.02538589401803,41.33740143053319,37.86669144260445
2019-02-22,2780.669921875,2794.199951171875,2779.110107421875,2792.669921875,3429350000,0.006411102394986878,0.006559957325042359,0.005459446923277808,2725.4650146484373,2625.047802734375,1.0382534793497713,73.44836798683596,41.978055436436534,38.68896424137087
2019-02-25,2804.35009765625,2813.489990234375,2794.989990234375,2796.110107421875,3860260000,0.0012318625699112573,0.006427583186011287,0.0035188906938555687,2732.03251953125,2628.234404296875,1.0394934770904287,71.10438969917101,42.276040693309824,39.40637953175866
2019-02-26,2792.360107421875,2803.1201171875,2789.469970703125,2793.89990234375,3676200000,-0.0007904570968998437,0.006014265621293183,0.0036616228589113546,2739.535009765625,2631.0910009765626,1.04121636566307,67.7667579979161,41.8514140285979,39.89538643112651
2019-02-27,2787.5,2795.760009765625,2775.1298828125,2792.3798828125,3771790000,-0.0005440493877303387,0.005983822303656838,0.0036887788959394175,2747.15400390625,2633.9277978515624,1.0429875891613445,69.78304167653515,40.920535009276136,40.10041614675644
2019-02-28,2788.110107421875,2793.72998046875,2782.510009765625,2784.489990234375,4445780000,-0.0028255083152146643,0.005299039890770624,0.003503492555200493,2752.3260009765627,2637.6185986328123,1.0434890026947823,78.8551003179279,39.095489816958434,39.89943088079684
2019-03-01,2798.219970703125,2808.02001953125,2787.3798828125,2803.68994140625,3994950000,0.00689532059343434,0.005198667954025091,0.00370201147723069,2757.3054931640627,2642.7735986328125,1.043337762489568,81.25113477458997,38.75169849378835,39.669884403395145
2019-03-04,2814.3701171875,2816.8798828125,2767.659912109375,2792.81005859375,3949730000,-0.003880558492514008,0.00535099093376345,0.004220372286566043,2761.619494628906,2647.7066015625,1.0430232311235625,75.58085820002799,37.17282064035544,39.170471650787206
2019-03-05,2794.409912109375,2796.43994140625,2782.969970703125,2789.64990234375,3631380000,-0.001131532823106185,0.005238092439104841,0.0042344479973189676,2764.8584838867187,2653.360400390625,1.042021462097527,67.21327425680329,35.26009395304527,38.38839611123882
2019-03-06,2790.27001953125,2790.27001953125,2768.68994140625,2771.449951171875,3800180000,-0.006524098653592381,0.005439134312937015,0.005081401089907924,2766.5459838867187,2659.4410009765625,1.040273494644486,56.56071847206425,31.907846524065917,37.09228619380424
2019-03-07,2766.530029296875,2767.25,2739.090087890625,2748.929931640625,3932150000,-0.00812571755868352,0.005752965081071917,0.00591351307439363,2767.411975097656,2666.087197265625,1.0380050502233953,51.02825968597559,27.12135086632543,35.09809912830848
2019-03-08,2730.7900390625,2744.1298828125,2722.27001953125,2743.070068359375,3424300000,-0.0021316888487414865,0.005323329587072484,0.0029360764027517466,2769.262976074219,2673.9265966796875,1.0356540749895355,37.63963539415168,22.594718726152678,32.59742304787732
2019-03-11,2747.610107421875,2784.0,2747.610107421875,2783.300048828125,3764850000,0.014666041867757107,0.0061724248345836705,0.009047096224806919,2773.033984375,2680.2385986328127,1.0346220615543416,51.0557186458843,21.999951602386773,30.47792875877921
2019-03-12,2787.340087890625,2798.320068359375,2786.72998046875,2791.52001953125,3432340000,0.0029533182046204143,0.006179741555807588,0.009176188188917087,2777.119982910156,2686.2923974609375,1.0338115037421347,51.99486982465711,21.938978423524986,28.770138691728366
2019-03-13,2799.780029296875,2821.239990234375,2799.780029296875,2810.919921875,3782250000,0.006949583813841809,0.005730102406691535,0.008685029502830103,2780.429479980469,2692.79599609375,1.0325436772833303,59.982283171717995,23.18876112351154,27.653863178085004
2019-03-14,2810.3798828125,2815.0,2803.4599609375,2808.47998046875,3505670000,-0.0008680223820187738,0.005731261276009678,0.006789012969582315,2783.2019775390627,2698.82859375,1.0312629649709715,54.78599808435915,23.70903701704856,26.86489794587771
2019-03-15,2810.7900390625,2830.72998046875,2810.7900390625,2822.47998046875,5969780000,0.00498490290027398,0.005728638639841211,0.005769293784730797,2787.0394775390623,2705.0775927734376,1.0302992731094236,57.502962673783564,24.963281241047753,26.48457460491172
2019-03-18,2822.610107421875,2835.409912109375,2821.989990234375,2832.93994140625,3620770000,0.0037059469012648005,0.005313112937644197,0.0028946186708046235,2789.9064697265626,2712.77859375,1.0284313198851756,60.60988879747339,26.495882217867802,26.48683612750294
2019-03-19,2840.760009765625,2852.419921875,2823.27001953125,2832.570068359375,3650740000,-0.0001305615560248663,0.005318137637493719,0.0033456602983049457,2792.54697265625,2718.7911962890626,1.027128150358828,60.991174691434686,27.365185051032768,26.66250591220891
2019-03-20,2831.340087890625,2843.5400390625,2812.429931640625,2824.22998046875,3779160000,-0.0029443536044478913,0.0053840995277446594,0.0032982757813687,2794.523474121094,2724.2819970703126,1.025783482446501,60.84136014695363,27.069102652147194,26.74382526019657
2019-03-21,2819.719970703125,2860.31005859375,2817.3798828125,2854.8798828125,3612620000,0.010852481049954399,0.005735921539210742,0.005263177882545384,2798.523474121094,2729.891396484375,1.0251409553233894,63.14385942036981,28.973655915038762,27.18979139116501
2019-03-22,2844.52001953125,2846.159912109375,2800.469970703125,2800.7099609375,4253730000,-0.018974501239482744,0.007199477086380745,0.011056732875739803,2798.9254760742188,2734.206396484375,1.0236701514827333,51.65950716360594,25.814395833018352,26.91471227953568
2019-03-25,2796.010009765625,2809.7900390625,2785.02001953125,2798.360107421875,3406110000,-0.000839020658475631,0.007198269296330874,0.01070310019284645,2799.037976074219,2738.24080078125,1.0222030054024551,51.8359751710822,22.85755821386647,26.10328146640184
2019-03-26,2812.659912109375,2829.8701171875,2803.989990234375,2818.4599609375,3288570000,0.007182725862306283,0.007367210935016113,0.01155759541525289,2800.265979003906,2742.6847998046874,1.0209944574029504,59.830241445959786,21.883869667685303,25.259399106658535
2019-03-27,2819.719970703125,2825.56005859375,2787.719970703125,2805.3701171875,3422400000,-0.0046443248906916645,0.007453273879063383,0.011655720074271297,2800.915490722656,2747.14,1.0195750819844116,62.286755991134875,19.827415383194875,24.173002361965807
2019-03-28,2809.39990234375,2819.7099609375,2798.77001953125,2815.43994140625,3185460000,0.003589481529391092,0.007451601691119634,0.010115853769763787,2802.46298828125,2751.2427978515625,1.0186171102273072,65.47099244370355,18.79357062064946,23.09711601370254
2019-03-29,2828.27001953125,2836.030029296875,2819.22998046875,2834.39990234375,3752520000,0.0067342800173637585,0.0074445011298168535,0.005079098766862277,2803.998486328125,2755.6087939453123,1.0175604361871453,62.016771406623356,19.281882056685845,22.334069222299203
2019-04-01,2848.6298828125,2869.39990234375,2848.6298828125,2867.18994140625,3560090000,0.011568600124275408,0.007753374768764268,0.006038548784281273,2807.71748046875,2760.2333935546876,1.0172029245878051,65.95140016839488,22.060455305698724,22.279346438979108
2019-04-02,2868.239990234375,2872.89990234375,2858.75,2867.239990234375,3267210000,1.745570720723677e-05,0.007738311308724049,0.006205199957737063,2811.5969848632812,2764.163994140625,1.0171599770575128,62.92698726505123,23.98999145795642,22.62147544277457
2019-04-03,2876.090087890625,2885.25,2865.169921875,2873.39990234375,3570000000,0.002148376881724312,0.007510471200202413,0.004497885602011181,2816.694482421875,2768.973994140625,1.0172339965569306,64.65070203392594,25.719735090708582,23.241127372361376
2019-04-04,2873.989990234375,2881.280029296875,2867.139892578125,2879.389892578125,3038740000,0.0020846350796801527,0.007135439110301893,0.004647952991390229,2823.21748046875,2773.78779296875,1.0178202844591424,63.3247856114746,27.259678923192496,24.044837682527604
2019-04-05,2884.159912109375,2893.239990234375,2882.989990234375,2892.739990234375,3155970000,0.004636432770241061,0.007072151673992513,0.004489015714881049,2830.7009765625,2778.7959912109377,1.018678947830547,63.81451380938147,29.220501067368332,25.079970359495753
2019-04-08,2888.4599609375,2895.949951171875,2880.780029296875,2895.77001953125,3056460000,0.0010474599539205265,0.00648933547206242,0.0017187865813129044,2836.3244750976564,2783.41619140625,1.0190083983325093,64.42266870656351,30.665472308647168,26.19707074932604
2019-04-09,2886.580078125,2886.8798828125,2873.330078125,2878.199951171875,3032480000,-0.006067494393846573,0.006728863362142446,0.004043692747042983,2840.6584716796874,2788.1031884765625,1.0188498343319357,61.81844815806047,30.04650731737729,26.966958062936293
2019-04-10,2881.3701171875,2889.7099609375,2879.1298828125,2888.2099609375,3092230000,0.0034778715639784963,0.006626282667593489,0.004197774770413016,2844.5229736328124,2793.0673876953124,1.018422608120443,58.0240179805712,30.017672193625913,27.57710088907422
2019-04-11,2891.919921875,2893.419921875,2881.989990234375,2888.320068359375,2970650000,3.8123067008344336e-05,0.006613201317299416,0.004169617376281558,2848.5149780273437,2797.2127880859375,1.0183404673966585,78.51341322522872,29.661782336092074,27.994037178477793
2019-04-12,2900.860107421875,2910.5400390625,2898.3701171875,2907.409912109375,3726050000,0.006609324208602496,0.0066689843279626,0.004703166095629725,2852.761474609375,2801.278984375,1.018378208854432,82.00388631107111,30.56776178003838,28.50878209878991
2019-04-15,2908.320068359375,2909.60009765625,2896.47998046875,2905.580078125,3114530000,-0.0006293691084816588,0.006664123276768523,0.004760250596668674,2856.3934814453123,2805.2599853515626,1.0182277209102748,78.63916532905297,30.78325451053115,28.96367658113816
2019-04-16,2912.260009765625,2916.06005859375,2900.7099609375,2907.06005859375,3403120000,0.0005093580038946222,0.006658488392067546,0.0030172224377152407,2860.1179809570312,2808.9037841796876,1.0182328056467411,86.19123253963014,30.719342647190842,29.314809794348694
2019-04-17,2916.0400390625,2918.0,2895.449951171875,2900.449951171875,3648100000,-0.0022738117853239315,0.006637542112745538,0.003387171639644656,2863.9289794921874,2812.1587841796877,1.0184094140073963,81.01875194868825,29.791889254548096,29.410225686388575
2019-04-18,2904.81005859375,2908.39990234375,2891.89990234375,2905.030029296875,3507100000,0.0015790922795098083,0.006251740926276559,0.003364781085519627,2866.436486816406,2815.6271826171874,1.0180454658602884,78.79333167454591,29.091105629201593,29.34640167495118
2019-04-22,2898.780029296875,2909.510009765625,2896.35009765625,2907.969970703125,3010130000,0.001012017561471401,0.004155244388162609,0.0015277187756292687,2871.7994873046873,2819.6655810546877,1.0184893934232084,71.97198698268127,28.44506129839465,29.166133599639874
2019-04-23,2909.989990234375,2936.31005859375,2908.530029296875,2933.679931640625,3674480000,0.008841205788409079,0.004378533863181229,0.004135842925991283,2878.565478515625,2824.18158203125,1.0192565155266184,78.04320585640916,29.665678022260636,29.26604248416403
2019-04-24,2934.0,2936.830078125,2926.050048828125,2927.25,3468480000,-0.002191763174733685,0.004338144855133586,0.004526355667183613,2884.00498046875,2828.5305810546874,1.0196124446331345,72.6775484353859,29.77100224174228,29.36703443567968
2019-04-25,2928.989990234375,2933.10009765625,2912.840087890625,2926.169921875,3440010000,-0.0003689736527457965,0.004097107207754291,0.0042096204415531194,2890.044970703125,2832.1593798828126,1.0204386770149594,70.54999174186574,29.428090457954568,29.37924564013466
2019-04-26,2925.81005859375,2939.8798828125,2917.56005859375,2939.8798828125,3264390000,0.0046852921407636305,0.004125051200083542,0.004398567744499672,2896.2669677734375,2835.896376953125,1.0212880101370891,70.64280994951687,29.9177366228364,29.48694383667501
2019-04-29,2940.580078125,2949.52001953125,2939.35009765625,2943.030029296875,3150390000,0.001071522174355355,0.003987536297827177,0.004393966648838069,2901.6984741210936,2839.8423779296877,1.0217815244508395,70.67366123206592,30.21171340463934,29.631897750267875
2019-04-30,2937.139892578125,2948.219970703125,2924.110107421875,2945.830078125,3939760000,0.0009514170090862972,0.0032740844129836395,0.002525120877803635,2905.630480957031,2843.2469775390623,1.021940937213961,83.97473477647637,30.32110978231458,29.76974015667722
2019-05-01,2952.330078125,2954.1298828125,2923.360107421875,2923.72998046875,3669330000,-0.007502163081421376,0.0038221295271442077,0.004476422656479526,2908.45498046875,2846.126376953125,1.0218994504321166,65.91111908240667,28.298308729209566,29.475453871183692
2019-05-02,2922.159912109375,2931.679931640625,2900.5,2917.52001953125,3802290000,-0.0021239857917741967,0.003872621806908819,0.004557856802241971,2910.660986328125,2848.7827783203124,1.0217209288397542,62.402292914901246,25.895623741262625,28.75948784519948
2019-05-03,2929.2099609375,2947.85009765625,2929.2099609375,2945.639892578125,3357180000,0.009638279380647763,0.0043469436408441735,0.0062232477117915306,2913.973486328125,2852.197978515625,1.0216589129779308,65.0808601454635,25.96125217048666,28.19984071025692
2019-05-06,2908.889892578125,2937.320068359375,2898.2099609375,2932.469970703125,3203260000,-0.004470988428756373,0.0044382352339668715,0.006559815154942083,2915.9599853515624,2854.9939794921875,1.0213541626697997,59.73635870208993,24.666223671502394,27.493117302506015
2019-05-07,2913.030029296875,2913.030029296875,2862.60009765625,2884.050048828125,3793060000,-0.016511651392423388,0.005869952644366195,0.009465227321925274,2915.373986816406,2856.7527783203127,1.0205202245503935,43.78208773649759,19.50794576722683,25.896082995450183
2019-05-08,2879.610107421875,2897.9599609375,2873.280029296875,2879.419921875,3543110000,-0.0016054253132695706,0.005717474664825968,0.009316192717694722,2915.4349853515623,2858.4631787109374,1.019930921995055,44.255661380177735,14.87489231585505,23.69184485953116
2019-05-09,2859.840087890625,2875.969970703125,2836.39990234375,2870.719970703125,3659050000,-0.0030214249424966866,0.005696259757798969,0.009303376854037015,2914.5604858398438,2860.02998046875,1.0190664104025078,40.83451597082364,10.381479491917162,21.02977178600836
2019-05-10,2863.10009765625,2891.31005859375,2825.389892578125,2881.39990234375,3566780000,0.0037202972597878414,0.005766435298305719,0.007455602383752375,2914.2144775390625,2861.9681787109375,1.018255373772764,43.184013046892915,7.594652259398572,18.342747880686403
2019-05-13,2840.18994140625,2840.18994140625,2801.429931640625,2811.8701171875,3900270000,-0.02413055719884427,0.007666530390208352,0.011567254593956824,2909.4374877929686,2862.1317822265623,1.016528136775591,24.48792590176072,-0.2218437017090764,14.629829564207308
2019-05-14,2820.1201171875,2852.5400390625,2820.1201171875,2834.409912109375,3354860000,0.008015944543135589,0.007964512063715071,0.012390945811737874,2905.8789794921877,2862.963779296875,1.0149897810463575,31.784603328342058,-4.545304546971238,10.794802741971598
2019-05-15,2820.3798828125,2858.679931640625,2815.080078125,2850.9599609375,3140900000,0.00583897507464215,0.008112805314443536,0.013088731043997798,2903.073974609375,2864.18998046875,1.0135759130524788,36.08818014646113,-6.560601262278851,7.323721941121508
2019-05-16,2855.800048828125,2892.14990234375,2855.800048828125,2876.320068359375,3338470000,0.008895287120600504,0.008395810775875218,0.013896982244555708,2901.86748046875,2866.2873828125,1.0124133043565706,38.72891929826385,-6.041744236210889,4.650628705655028
2019-05-17,2858.60009765625,2885.47998046875,2854.22998046875,2859.530029296875,3316040000,-0.005837333350761975,0.008468019888980284,0.013994770355865778,2899.59248046875,2868.499384765625,1.0108394988223661,35.87616536832577,-6.9057568704988626,2.3393515904242492
2019-05-20,2841.93994140625,2853.860107421875,2831.2900390625,2840.22998046875,3293750000,-0.0067493779153879885,0.008560136322691368,0.007688373765769356,2896.2054809570313,2870.4425830078126,1.0089752354224841,33.0823085828718,-9.04359679680465,0.06276191297846874
2019-05-21,2854.02001953125,2868.8798828125,2854.02001953125,2864.360107421875,3223050000,0.008495835590448308,0.008539258330095022,0.00778413792323717,2892.7394897460936,2872.0637841796874,1.007198901946501,40.55010006411875,-8.69057126364487,-1.6879047223461994
2019-05-22,2856.06005859375,2865.469970703125,2851.110107421875,2856.27001953125,3194000000,-0.0028243962306494508,0.008544451390847906,0.007715682734672099,2889.1904907226562,2873.3587841796875,1.0055098258630757,40.30884379809267,-8.960309594880073,-3.1423856968529744
2019-05-23,2836.699951171875,2836.699951171875,2805.489990234375,2822.239990234375,3899320000,-0.01191414994527018,0.008869746043888778,0.007596422559425555,2883.993994140625,2873.585185546875,1.0036222377001742,30.83375803134271,-11.784177466734036,-4.870744050829188
2019-05-24,2832.409912109375,2841.360107421875,2820.18994140625,2826.06005859375,2889230000,0.0013535590072402126,0.008772905158720604,0.007784576993036541,2878.3030029296874,2873.936787109375,1.0015192456006328,32.97823066234368,-13.55758214146499,-6.60811166895635
2019-05-28,2830.030029296875,2840.510009765625,2801.580078125,2802.389892578125,4146980000,-0.008375676922946718,0.00885641109926245,0.00804512828108643,2871.27099609375,2873.5349853515627,0.9992121239973225,35.81403870687549,-16.6807177694468,-8.622632889054442
2019-05-29,2790.25,2792.030029296875,2766.06005859375,2783.02001953125,3701110000,-0.0069119122568113145,0.008873954251621987,0.005129801970939379,2863.1304931640625,2872.5365869140624,0.9967255095051357,34.06929473906749,-20.482700310555174,-10.99464637335459
2019-05-30,2786.93994140625,2799.0,2776.739990234375,2788.860107421875,3276030000,0.0020984713906617714,0.008865932206371677,0.006190707453931681,2856.386999511719,2871.6623876953126,0.9946806462176588,36.34304138575986,-22.762164517464953,-13.348150002176663
2019-05-31,2766.14990234375,2768.97998046875,2750.52001953125,2752.06005859375,3982670000,-0.01319537280847849,0.009192601309087167,0.00657591353778467,2848.1140014648436,2870.2189892578126,0.9922985013074961,30.15166047236542,-27.22428806736889,-16.123377615215112
2019-06-03,2751.530029296875,2763.070068359375,2728.81005859375,2744.449951171875,3952360000,-0.0027652403144732274,0.008709711387048657,0.005791224659850153,2838.0545043945312,2868.010390625,0.9895551681652238,37.22622132464705,-31.01707961086231,-19.102118014344555
2019-06-04,2762.639892578125,2804.489990234375,2762.639892578125,2803.27001953125,3814130000,0.021432370568193138,0.01033181552654726,0.013164368222625565,2831.5945068359374,2868.061591796875,0.9872851109386077,44.81314571860556,-28.942969758887557,-21.07028836325316
2019-06-05,2818.090087890625,2827.280029296875,2800.919921875,2826.14990234375,3570760000,0.008161854781411959,0.01000070291355755,0.012870806990877807,2828.699499511719,2868.6173876953126,0.9860846244763006,45.95282396683946,-25.16294466749696,-21.88881962410192
2019-06-06,2828.510009765625,2852.10009765625,2822.449951171875,2843.489990234375,3445140000,0.006135586748687638,0.010123691039540864,0.012915184651429455,2826.9030029296873,2869.11798828125,0.985286424077369,44.50065351565247,-20.53137446880919,-21.617330593043377
2019-06-07,2852.8701171875,2884.969970703125,2852.8701171875,2873.340087890625,3244380000,0.01049769746289475,0.010399592689553159,0.00871295361516916,2827.0340087890627,2870.4773876953127,0.9848654516170461,52.216341512343746,-14.287471229809398,-20.151358720396583
2019-06-10,2885.830078125,2904.77001953125,2885.510009765625,2886.72998046875,3209890000,0.0046600444669098184,0.01041892962115083,0.006663648434968237,2827.3005126953126,2871.9031884765627,0.9844692968898753,57.60697305863708,-8.164564483851336,-17.753999873087533
2019-06-11,2903.27001953125,2910.610107421875,2878.530029296875,2885.719970703125,3551000000,-0.00034988023558091275,0.008721533324162171,0.004088937689145598,2830.9930053710937,2872.92958984375,0.9854028498920028,53.78023235315467,-3.3549424336051743,-14.874188385191061
2019-06-12,2882.72998046875,2888.570068359375,2874.679931640625,2879.840087890625,3039870000,-0.0020375791387226005,0.008605033456682138,0.005058430025786388,2833.264514160156,2873.1825927734376,0.9861066683636179,54.204281492591136,-0.01753754812898478,-11.902858217778647
2019-06-13,2886.239990234375,2895.239990234375,2881.989990234375,2891.639892578125,3100640000,0.004097381912668174,0.008560377626704049,0.004900936874669046,2835.2985107421873,2873.6705908203126,0.9866470150751789,63.44542028349365,3.5387331782189904,-8.81453993857912
2019-06-14,2886.820068359375,2894.449951171875,2879.6201171875,2886.97998046875,2992810000,-0.001611511904139773,0.008353672593373973,0.00319558639082584,2835.831506347656,2873.9421923828127,0.9867392301292051,61.764239969223105,5.912926847650851,-5.869046581333125
2019-06-17,2889.75,2897.27001953125,2887.300048828125,2889.669921875,2828400000,0.0009317492412306283,0.008231659585542577,0.002465540754884493,2837.3385009765625,2874.14779296875,0.9871929717454904,68.34078766592688,7.920248531633661,-3.1111875587397675
2019-06-18,2906.7099609375,2930.7900390625,2905.43994140625,2917.75,3441540000,0.009717399870633026,0.008285794968112064,0.004852901708435962,2841.214501953125,2874.6479931640624,0.9883695355777672,77.3119873935689,11.64268345034725,-0.1604133569223635
2019-06-19,2920.550048828125,2931.739990234375,2911.429931640625,2926.4599609375,3300220000,0.002985163546397107,0.008126806029379199,0.0042314497990158335,2844.3194946289063,2875.2617919921877,0.9892384417135658,77.57293551186703,15.121252610161264,2.8959198364943632
2019-06-20,2949.60009765625,2958.06005859375,2931.5,2954.179931640625,3943060000,0.009472185190685156,0.008277686058845895,0.005101950534927466,2849.214990234375,2876.7813916015625,0.9904176238598926,92.03130251482219,19.88558505516221,6.293852880227934
2019-06-21,2952.7099609375,2964.14990234375,2946.8701171875,2950.4599609375,5003540000,-0.0012592227925193322,0.007675010791587331,0.0050013614931999646,2855.6259887695314,2878.0263916015624,0.9922167486380952,93.54478809627756,23.094957996663652,9.65407390351508
2019-06-24,2951.419921875,2954.919921875,2944.050048828125,2945.35009765625,3136960000,-0.0017318870104667816,0.007724865109695285,0.0055687527560332765,2861.5904907226563,2879.1669921875,0.9938952823811412,88.85380085724586,24.938609150656248,12.710980952943315
2019-06-25,2945.780029296875,2946.52001953125,2916.010009765625,2917.3798828125,3579430000,-0.009496397343734198,0.00780844913538973,0.006953415508722024,2867.339990234375,2879.3663916015626,0.9958232472941735,74.272370609021,23.86762229914757,14.942309222184166
2019-06-26,2926.070068359375,2932.590087890625,2912.989990234375,2913.780029296875,3511350000,-0.0012339337557076835,0.007565218442440598,0.006752782521813862,2873.8779907226562,2879.530390625,0.9980370410672703,70.17631888770534,22.4693665390364,16.447720685554614
2019-06-27,2919.659912109375,2929.300048828125,2918.570068359375,2924.919921875,3162500000,0.003823175554131808,0.0075723215677978494,0.0047778334425352936,2880.6809814453127,2879.887587890625,1.0002754946262569,66.58736925741509,22.006458254138124,17.55946819927132
2019-06-28,2932.93994140625,2943.97998046875,2929.050048828125,2941.760009765625,5422650000,0.0057574526279098315,0.006645594790833795,0.005933123284123622,2890.165979003906,2880.7137890625,1.0032811971731779,67.31272322285803,22.736363808479382,18.594847321112933
2019-07-01,2971.409912109375,2977.929931640625,2952.219970703125,2964.330078125,3524860000,0.007672301032188189,0.006548439409646349,0.0068888393978775875,2901.1599853515627,2881.8997900390623,1.0066831592753749,71.77691959122666,24.849584567090005,19.84579477030835
2019-07-02,2964.659912109375,2973.2099609375,2955.919921875,2973.010009765625,3224490000,0.002928125887423194,0.005080941855943791,0.003351379099539818,2909.6469848632814,2883.2005908203123,1.009172582069791,75.41604839934253,26.914471906939525,21.259530197634586
2019-07-03,2978.080078125,2995.840087890625,2977.9599609375,2995.820068359375,1963570000,0.007672378673070135,0.005055662499052168,0.002174034056532557,2918.1304931640625,2884.4433935546876,1.0116788908683905,76.80913034081713,30.04514931849417,23.016654021806506
2019-07-05,2984.25,2994.030029296875,2967.969970703125,2990.409912109375,2434680000,-0.00180590159841032,0.005102416174903787,0.003997769838794027,2925.4764892578123,2885.706591796875,1.0137816843798293,76.51369027130207,31.723984976339125,24.75812021271303
2019-07-08,2979.77001953125,2980.760009765625,2970.090087890625,2975.949951171875,2922360000,-0.004835444424841517,0.004993705201824284,0.005609994471251974,2930.606982421875,2886.7021923828124,1.0152093243823055,70.85871791390983,31.524284006971357,26.1113529715647
2019-07-09,2965.52001953125,2981.89990234375,2963.43994140625,2979.6298828125,3033330000,0.0012365569653400854,0.004947810424693329,0.004749002534644199,2935.2519775390624,2887.4971923828125,1.0165384698146986,66.9608346984443,31.302127834132534,27.14950794407827
2019-07-10,2989.300048828125,3002.97998046875,2984.6201171875,2993.070068359375,3157800000,0.0045106896075925995,0.004966506520609722,0.004954658865454611,2940.619482421875,2888.4979931640623,1.0180444955756118,67.7959004235768,31.843506000643174,28.088307555391253
2019-07-11,2999.6201171875,3002.330078125,2988.800048828125,2999.909912109375,3155710000,0.002285226738359958,0.004882239515639544,0.003652170979460536,2946.6229736328123,2889.57958984375,1.0197410668283917,63.75172162656635,32.45040228778771,28.960726501870543
2019-07-12,3003.360107421875,3013.919921875,3001.8701171875,3013.77001953125,2984140000,0.004620174547884881,0.004895128149218517,0.0038601637543692587,2952.7294799804686,2891.380390625,1.0212179239903496,67.94399481853812,33.66173527247793,29.90092825599202
2019-07-15,3017.800048828125,3017.800048828125,3008.77001953125,3014.300048828125,2876100000,0.00017586919155743175,0.004840156519733172,0.0019723354171864555,2959.0954833984374,2893.3159912109377,1.0227349837996675,70.06338295323926,34.26945735228446,30.774634075250514
2019-07-16,3012.1298828125,3015.02001953125,3001.14990234375,3004.0400390625,3297030000,-0.003403778522185874,0.00499325974806154,0.003358644427923987,2964.8139892578124,2894.483994140625,1.0242979388587252,78.11448558158396,33.536595440889414,31.327026348378297
2019-07-17,3005.10009765625,3005.260009765625,2984.25,2984.419921875,3185650000,-0.006531243569450895,0.004985583119943381,0.004450091999275737,2968.1474853515624,2895.5229931640624,1.0250816492768169,70.75929659417847,31.015094903432782,31.264640059389194
2019-07-18,2978.8701171875,2998.280029296875,2973.090087890625,2995.110107421875,3369820000,0.003581997784064761,0.004998963996262742,0.004689500614249538,2971.5799926757813,2897.7441943359377,1.025480440435069,70.68180412141233,29.53889025357057,30.91949009822547
2019-07-19,3004.260009765625,3006.02001953125,2975.860107421875,2976.610107421875,3285890000,-0.00617673452276668,0.004854010542706543,0.004322407327302429,2972.7015014648437,2899.687998046875,1.0251797791580157,60.1692379589999,26.569910653210172,30.049574209222413
2019-07-22,2981.929931640625,2990.7099609375,2976.64990234375,2985.030029296875,3016200000,0.002828694915066654,0.004866983412730328,0.004858111644102432,2974.4300048828127,2901.97419921875,1.0249677635602579,56.58393552966099,24.612670709586382,28.962193509295204
2019-07-23,2994.739990234375,3005.89990234375,2988.56005859375,3005.469970703125,3333810000,0.006847482673755456,0.005026672730760155,0.006092390551615378,2977.435998535156,2904.4556005859376,1.025127048915637,59.60578676476963,24.42927097180882,28.055609001797926
2019-07-24,2998.77001953125,3019.590087890625,2996.820068359375,3019.56005859375,3433220000,0.004688147952890187,0.004429574949741235,0.00500365812404999,2982.5450073242187,2908.6093994140624,1.025419572640125,57.40761337406394,25.131181083379488,27.470723418114243
2019-07-25,3016.260009765625,3016.31005859375,2997.239990234375,3003.669921875,3657050000,-0.005262401280453521,0.004657283530567059,0.005937209671177898,2987.039501953125,2911.994599609375,1.0257709620594133,53.88354443413212,24.12712617803345,26.802003970098085
2019-07-26,3013.25,3027.97998046875,3012.590087890625,3025.860107421875,3260170000,0.007387691099234761,0.0048151600408813285,0.005117558724258063,2992.0865112304687,2915.4926025390623,1.026271343863024,63.98429954004055,24.8356777211402,26.408738720306506
2019-07-29,3024.469970703125,3025.610107421875,3014.300048828125,3020.969970703125,3224490000,-0.0016161146071345112,0.004770939996747286,0.005584217807731924,2996.047009277344,2918.3856005859375,1.0266110854836366,61.50503267467601,24.71768665374566,26.070528306994344
2019-07-30,3007.659912109375,3017.18994140625,3000.93994140625,3013.179931640625,3632770000,-0.0025786549148275606,0.0046025337847114866,0.005294794168689886,2998.489501953125,2921.4585986328125,1.0263672753590831,55.778339609511356,23.722132853465155,25.600849216288506
2019-07-31,3016.219970703125,3017.39990234375,2958.080078125,2980.3798828125,4626330000,-0.010885526112695776,0.00526021985843184,0.006641919493258154,2998.8579956054687,2924.2615966796875,1.0255094821237882,45.116783321796014,20.05527475181725,24.491734323394258
2019-08-01,2980.320068359375,3013.590087890625,2945.22998046875,2953.56005859375,4793810000,-0.00899879386967306,0.005323786057161923,0.007204021118208693,2996.7449951171875,2926.045595703125,1.0241620976507968,35.86160401025495,14.814356931060502,22.55625884492751
2019-08-02,2943.89990234375,2945.5,2914.110107421875,2932.050048828125,3882810000,-0.007282739927037873,0.005521051239227765,0.004032979334208824,2993.827001953125,2927.5611962890625,1.0226351564394487,32.41849998643144,8.823501939978996,19.80970746393781
2019-08-05,2898.070068359375,2898.070068359375,2822.1201171875,2844.739990234375,4542850000,-0.0297778200029859,0.00846969413878014,0.010455489662594129,2987.26650390625,2928.0111962890624,1.0202373910633564,24.38582235150487,-2.9356455555544017,15.260636860039366
2019-08-06,2861.179931640625,2884.39990234375,2847.419921875,2881.77001953125,4156640000,0.013017017169932643,0.009108125932516184,0.015188327309256159,2982.3735107421876,2929.1253955078123,1.0181788445506765,34.369809502708534,-9.161235751386357,10.37626233775422
2019-08-07,2858.64990234375,2892.169921875,2825.7099609375,2883.97998046875,4512720000,0.0007668762331907164,0.009013289217993124,0.015671829204668173,2976.9190063476562,2930.757197265625,1.0157508131772566,32.629967388425754,-13.758140180441842,5.549381834115007
2019-08-08,2896.2099609375,2938.719970703125,2894.469970703125,2938.090087890625,4118530000,0.018762303409984193,0.010095885628650126,0.019090153446950614,2973.828015136719,2933.8585986328126,1.0136234979158614,44.58228317526594,-12.88643975154082,1.8622175169838406
2019-08-09,2930.510009765625,2935.75,2900.14990234375,2918.64990234375,3356850000,-0.00661660635492356,0.010079788029091099,0.019036748239050716,2969.0720092773436,2936.45439453125,1.0111078226880825,40.94456090147735,-13.60741359301801,-1.2317087050165303
2019-08-12,2907.070068359375,2907.580078125,2873.139892578125,2882.699951171875,3328570000,-0.012317322177972212,0.010350438974793468,0.013043120793670763,2962.4920043945312,2939.0671923828127,1.007970151915012,33.93191964713657,-16.885011270643645,-4.362369218141954
2019-08-13,2880.719970703125,2943.31005859375,2877.050048828125,2926.320068359375,3857190000,0.015131688322181258,0.011041688228942236,0.013487111443842398,2958.606005859375,2942.7045947265624,1.0054036722412805,38.67239150694082,-15.780840430229546,-6.646063460559474
2019-08-14,2894.14990234375,2894.14990234375,2839.639892578125,2840.60009765625,4325150000,-0.029292752911742603,0.012667791469261627,0.019959133875806837,2951.4150146484376,2943.4511962890624,1.0027056057085015,33.06262983219189,-21.573971019553483,-9.631644972358277
2019-08-15,2846.199951171875,2856.669921875,2825.510009765625,2847.60009765625,4041720000,0.0024642680276520945,0.012642499934011581,0.01659031059734436,2944.039514160156,2943.8802001953127,1.0000541170000168,30.8816128557566,-25.308486768800776,-12.767013331646778
2019-08-16,2864.739990234375,2893.6298828125,2864.739990234375,2888.679931640625,3524080000,0.014426124657807904,0.013151609219522712,0.018937723950591005,2939.6430053710938,2944.7839990234374,0.9982542034818008,36.833933491755715,-24.668949824086667,-15.147400630134756
2019-08-19,2913.47998046875,2931.0,2913.47998046875,2923.64990234375,3221050000,0.012105865492430645,0.013468952732370837,0.018733355543941826,2936.5739990234374,2945.7901953125,0.9968714009898845,41.546913747009725,-21.09713318938475,-16.337347141984758
2019-08-20,2919.010009765625,2923.6298828125,2899.60009765625,2900.510009765625,3067710000,-0.007914727601131322,0.013423477981251668,0.0178042208519297,2931.3260009765627,2946.0657958984375,0.9949967869209181,42.31887379076622,-19.9041955394905,-17.050716821485906
2019-08-21,2922.0400390625,2928.72998046875,2917.909912109375,2924.429931640625,3016540000,0.00824679859557964,0.013535584943094859,0.00893532442812647,2926.5694946289063,2946.8399951171873,0.9931212754944726,47.18282756591787,-16.834587424450547,-17.007490942078835
2019-08-22,2930.93994140625,2939.080078125,2904.510009765625,2922.949951171875,2893660000,-0.0005060748601761755,0.01350797409386366,0.009308934896227541,2922.53349609375,2947.7021923828124,0.9914615878245431,49.08446033905965,-14.35583777143438,-16.477160307949944
2019-08-23,2911.070068359375,2927.010009765625,2834.969970703125,2847.110107421875,3942520000,-0.025946336754618105,0.014409405471632709,0.015094634638862115,2913.59599609375,2946.8115966796877,0.9887282917498481,50.24408542889441,-18.300100219682008,-16.84174829029636
2019-08-26,2866.699951171875,2879.27001953125,2856.0,2878.3798828125,2859790000,0.010982987735216332,0.014741927648738736,0.01482328600498584,2906.4664916992188,2946.6395947265623,0.9863664687397674,49.646676376323505,-18.6873311639888,-17.210864865034846
2019-08-27,2893.139892578125,2898.7900390625,2860.590087890625,2869.159912109375,3537490000,-0.003203180635808267,0.014743186546405157,0.014582738852717594,2899.265490722656,2946.22939453125,0.9840596581190292,48.47768069187623,-19.513252430986086,-17.671342378225095
2019-08-28,2861.280029296875,2890.030029296875,2853.050048828125,2887.93994140625,3102480000,0.006545480165679685,0.014726755702559373,0.014298468188291487,2894.6434936523438,2945.633193359375,0.982689732101749,44.44540589652553,-18.4398465004665,-17.825043202673378
2019-08-29,2910.3701171875,2930.5,2905.669921875,2924.580078125,3177150000,0.012687291793508804,0.014940084296188295,0.01587200433061589,2893.1944946289063,2945.595595703125,0.9822103546221149,50.632714875598204,-14.465858338016915,-17.153206229742086
2019-08-30,2937.090087890625,2940.429931640625,2913.320068359375,2926.4599609375,3009910000,0.0006427872591217021,0.014852378190941191,0.006748080980129142,2892.914990234375,2945.0411962890626,0.9823003474041825,55.034986839554925,-11.037519600764426,-15.930068903946554
2019-09-03,2909.010009765625,2914.389892578125,2891.85009765625,2906.27001953125,3427830000,-0.00689910050906084,0.013229768269545932,0.007793882541343085,2895.991491699219,2944.1573974609373,0.9836401729733414,47.56158754383204,-9.83630913987372,-14.711316951131987
2019-09-04,2924.669921875,2938.840087890625,2921.860107421875,2937.780029296875,3167900000,0.010842079212828093,0.013135729743957903,0.007998555789261345,2898.7919921875,2944.00599609375,0.9846420136486671,63.61371628540414,-6.269476129213217,-13.022948786748236
2019-09-05,2960.60009765625,2985.860107421875,2960.60009765625,2976.0,3902600000,0.013009813642266721,0.013404585065692124,0.008837047145149587,2903.3929931640623,2945.1783984375,0.9858122668237665,66.54044676812063,-0.3546152684266417,-10.489282083083918
2019-09-06,2980.330078125,2985.030029296875,2972.510009765625,2978.7099609375,3209340000,0.0009106051537297599,0.012785738324858648,0.008172363838546942,2905.4239868164063,2946.4769970703123,0.9860670861185323,62.8699163441303,4.499755398353955,-7.491474586796343
2019-09-09,2988.429931640625,2989.429931640625,2969.389892578125,2978.429931640625,4031120000,-9.401025965849463e-05,0.012670209075497853,0.008247595643504664,2908.41298828125,2947.547197265625,0.986723127276578,58.69305304265961,8.229419476583644,-4.3472957741203455
2019-09-10,2971.010009765625,2979.389892578125,2957.010009765625,2979.389892578125,4393040000,0.0003223043548219451,0.012275278229050824,0.00638043718014007,2913.2474853515623,2948.299794921875,0.9881110090531883,63.46535346698719,11.134316484723058,-1.2509733223516637
2019-09-11,2981.409912109375,3000.929931640625,2975.31005859375,3000.929931640625,3934370000,0.007229681189480308,0.011943676361982306,0.005724035162948004,2916.977978515625,2949.0317919921877,0.9891307331566918,63.16606833124924,15.001639860931846,1.9995493143050393
2019-09-12,3009.080078125,3020.739990234375,3000.919921875,3009.570068359375,3796990000,0.002879153101061016,0.009523933828029725,0.003008215022987358,2925.426477050781,2949.7629931640627,0.9917496706787358,64.5492152848857,18.54987688981737,5.309614829407507
2019-09-13,3012.2099609375,3017.330078125,3002.89990234375,3007.389892578125,3557010000,-0.0007244143620946941,0.009558882556609617,0.0032678147398146405,2933.415966796875,2949.9943896484374,0.9943801849556948,85.77354057276375,20.944522911211152,8.436596445768236
2019-09-16,2996.409912109375,3002.18994140625,2990.669921875,2997.9599609375,4285860000,-0.0031355866640028207,0.009233559676320778,0.003949126572776146,2938.8799682617187,2950.145390625,0.9961814009577018,79.57265163682031,21.82974079810856,11.115225316236302
2019-09-17,2995.669921875,3006.2099609375,2993.72998046875,3005.699951171875,3673250000,0.0025817523700197853,0.008919717429346564,0.003936498740852688,2942.982470703125,2950.740390625,0.9973708564987541,84.01592082406808,22.891950719096712,13.470570396808386
2019-09-18,3001.5,3007.830078125,2978.570068359375,3006.72998046875,3458800000,0.00034269198975556137,0.008651841021558108,0.0024836249794679896,2948.2934692382814,2951.282392578125,0.9989872459011852,82.46513043060516,23.545457117124442,15.485547740871597
2019-09-19,3010.360107421875,3021.989990234375,3003.159912109375,3006.7900390625,3265660000,1.997472142156731e-05,0.008525639176898758,0.002059872807077928,2952.411474609375,2951.5567919921873,1.0002895701073775,78.0829046656392,23.793930255626492,17.147224243822578
2019-09-20,3008.419921875,3016.3701171875,2984.679931640625,2992.070068359375,6103440000,-0.0048955765157830955,0.008633764451157475,0.002975183277291245,2955.86748046875,2951.3999951171877,1.001513683458343,70.60486869848572,22.54320436496573,18.22642026805121
2019-09-23,2983.5,2999.14990234375,2982.22998046875,2991.780029296875,3187250000,-9.693591923765066e-05,0.0058372235669984845,0.0027349776418908135,2963.1009765625,2950.9601953125,1.0041141799436282,80.69048307527842,21.283251284790822,18.837786471399134
2019-09-24,3002.429931640625,3007.97998046875,2957.72998046875,2966.60009765625,3872800000,-0.008416371322106486,0.005963390314899272,0.003901552677243763,2967.5119873046874,2950.0061962890627,1.005934153981658,60.83622337232208,18.04490886848089,18.679210950815484
2019-09-25,2968.35009765625,2989.820068359375,2952.860107421875,2984.8701171875,3331200000,0.006158571742003405,0.005939897590468948,0.00552910982077268,2973.297497558594,2949.6227978515626,1.0080263482246867,53.923779407825954,16.759543475078317,18.295277455668053
2019-09-26,2985.72998046875,2987.280029296875,2963.7099609375,2977.6201171875,3084910000,-0.002428916406865711,0.005917020975212998,0.005474977636251939,2977.7815063476564,2949.4868017578124,1.0095930941521696,49.53651405408998,14.983151289648049,17.632852222464052
2019-09-27,2985.469970703125,2987.31005859375,2945.530029296875,2961.7900390625,3246480000,-0.005316352490240539,0.005486811851985497,0.005534752245037615,2979.6420043945313,2948.820400390625,1.010452180810952,43.75005731200287,12.157844612577264,16.537850700486693
2019-09-30,2967.070068359375,2983.85009765625,2967.070068359375,2976.739990234375,3249130000,0.005047606675254723,0.005574356885247303,0.006393230084608184,2982.156005859375,2948.822998046875,1.0113038347281536,49.09934878286788,10.99832301191509,15.429945162772372
2019-10-01,2983.68994140625,2992.530029296875,2938.699951171875,2940.25,3560750000,-0.012258373372913245,0.006073761661786356,0.007621650435816482,2983.8550048828124,2947.9273974609373,1.012187412570886,31.278594875858502,7.053646491139716,13.75468542844584
2019-10-02,2924.780029296875,2924.780029296875,2874.929931640625,2887.610107421875,3914180000,-0.017903202985502964,0.006871032613668269,0.008866905530327127,2981.3465087890627,2945.5702001953123,1.0121458006980713,20.406695560068343,-0.3164891822661957,10.940450506303433
2019-10-03,2885.3798828125,2911.1298828125,2855.93994140625,2910.6298828125,3515130000,0.00797191259701524,0.006413761799132361,0.011036413481660774,2978.0780029296875,2943.3915966796876,1.011784502710794,28.677797372659867,-4.250869930185672,7.902186419005612
2019-10-04,2918.56005859375,2953.739990234375,2918.56005859375,2952.010009765625,3005600000,0.014216897585460186,0.007265794374907366,0.013786143258966313,2976.7430053710937,2942.3583984375,1.0116860702461852,41.12420761538092,-3.983940218702628,5.524961091463964
2019-10-07,2944.22998046875,2959.75,2935.679931640625,2938.7900390625,2959050000,-0.004478294673592398,0.0073212110353823205,0.013467677066104926,2974.7610107421874,2940.6169970703127,1.0116111733373954,37.34348085102452,-4.783990783246736,3.4631707165218235
2019-10-08,2920.39990234375,2925.469970703125,2892.659912109375,2893.06005859375,3370700000,-0.015560819201407838,0.008037284940202649,0.014131134662700755,2970.4445190429688,2938.058798828125,1.0110228291645358,31.608581545379707,-9.004268262568075,0.969682920703843
2019-10-09,2911.10009765625,2929.320068359375,2907.409912109375,2919.39990234375,2735350000,0.0091044925499415,0.008153791429406617,0.012097791286393997,2966.368017578125,2936.1831982421877,1.0102802915546987,36.96873807727816,-10.106956606622134,-1.245644984761353
2019-10-10,2918.550048828125,2948.4599609375,2917.1201171875,2938.1298828125,3234400000,0.006415695380997066,0.008287462446770892,0.01193269872430484,2962.796008300781,2935.3381982421874,1.0093542236717516,42.051713382638304,-9.361577732158821,-2.8688315342408477
2019-10-11,2963.070068359375,2993.280029296875,2963.070068359375,2970.27001953125,3581320000,0.010938977513132997,0.00871940817951234,0.011154202860570516,2960.9400146484377,2935.6723974609376,1.0086070970348577,47.10240207431242,-6.107021237768549,-3.5164694749463887
2019-10-14,2965.81005859375,2972.840087890625,2962.93994140625,2966.14990234375,2559270000,-0.0013871187334510982,0.008701231377669481,0.010836104739477527,2959.34951171875,2936.35439453125,1.007831179107783,49.935706565321986,-3.816229671790097,-3.5764215143151303
2019-10-15,2973.610107421875,3003.280029296875,2973.610107421875,2995.679931640625,3345090000,0.009955676641137279,0.008989996240760549,0.004984111655266124,2958.8485107421875,2939.373193359375,1.0066256702030254,51.49567178386821,0.37771169471670873,-2.7855948725087623
2019-10-16,2989.679931640625,2997.5400390625,2985.199951171875,2989.68994140625,3230320000,-0.0019995427986508885,0.00899878710345528,0.006152064163498911,2957.9965087890623,2941.531591796875,1.0055973959409796,51.6758530450641,3.1814248071032125,-1.5921909365863671
2019-10-17,3000.77001953125,3008.2900390625,2991.7900390625,2997.949951171875,3103470000,0.0027628315736780706,0.009023912974897297,0.006126805280665714,2957.5545043945312,2943.8109912109376,1.0046686126332929,55.12848657516639,6.00072873905674,-0.07360700145774539
2019-10-18,2996.840087890625,3000.0,2976.31005859375,2986.199951171875,3268970000,-0.003919344949506964,0.008999262471001843,0.005526600114504375,2957.2609985351564,2944.7731884765626,1.0042406695726045,51.3539768089365,7.203878785583129,1.38189015595043
2019-10-21,2996.47998046875,3007.330078125,2995.35009765625,3006.719970703125,3271960000,0.006871616056117524,0.009131669954867352,0.005829809978348806,2958.0079956054688,2946.53458984375,1.0038938642706812,59.96940276810477,9.701346861159891,3.045781496992323
2019-10-22,3010.72998046875,3014.570068359375,2995.0400390625,2995.989990234375,3527540000,-0.003568666378412577,0.008950994012714077,0.004662157385380203,2959.477490234375,2948.800390625,1.0036208281996029,68.59258514683955,10.691543101086154,4.5749338178110905
2019-10-23,2994.010009765625,3004.780029296875,2991.2099609375,3004.52001953125,3413600000,0.0028471487971184484,0.008871698037765002,0.004638643873094674,2960.4599853515624,2950.3643896484373,1.0034218131626542,66.94950064787963,12.025955106464153,6.065138075541704
2019-10-24,3014.780029296875,3016.070068359375,3000.419921875,3010.2900390625,3696510000,0.0019204463587332299,0.008852878733896036,0.004573391251865718,2962.0934814453126,2953.7581884765623,1.0028219280106505,62.07325227010421,13.39467313474961,7.531045087383286
2019-10-25,3003.320068359375,3027.389892578125,3001.93994140625,3022.550048828125,3379060000,0.004072700506109195,0.008772151570780722,0.0038354942761464105,2965.131481933594,2957.2571875,1.0026627019343728,67.4209564741403,15.29239119365866,9.083314308638363
2019-10-28,3032.1201171875,3044.080078125,3032.1201171875,3039.419921875,3524970000,0.005581337868471481,0.008785746345087673,0.00348964872243784,2968.265478515625,2960.2719873046876,1.0027002556674582,84.593891522826,17.950679930803744,10.85678743307144
2019-10-29,3035.389892578125,3047.8701171875,3034.81005859375,3036.889892578125,3594430000,-0.0008324053147991117,0.00822650641754314,0.002413092736147598,2973.0974731445312,2962.536787109375,1.0035647442695423,81.29224142751804,19.626992929890093,12.610828532435173
2019-10-30,3039.739990234375,3050.10009765625,3025.9599609375,3046.77001953125,3779660000,0.00325337015914573,0.0068197619033044995,0.002425341741673995,2981.05546875,2965.4619873046877,1.0052583649738451,80.36670151523009,21.504832410564177,14.389629308060977
2019-10-31,3046.89990234375,3046.89990234375,3023.18994140625,3037.56005859375,4149310000,-0.0030228605633046968,0.006816277847301292,0.0035973937256246796,2987.4019775390625,2967.72458984375,1.0066304628679674,71.5742080116223,21.9963071151019,15.910964869469163
2019-11-01,3050.719970703125,3066.949951171875,3050.719970703125,3066.909912109375,3956290000,0.009662312168146059,0.006458927874175539,0.0050510003198055995,2993.14697265625,2970.6037890625,1.0075887547429758,77.80661435657373,24.471994333692237,17.62317076231378
2019-11-04,3078.9599609375,3085.199951171875,3074.8701171875,3078.27001953125,4178040000,0.003704089049704651,0.006288487622758137,0.004871063384475228,3000.1209716796875,2975.2269873046876,1.0083670874461756,75.33282710962739,27.03897158608561,19.50633092706815
2019-11-05,3080.800048828125,3083.949951171875,3072.14990234375,3074.6201171875,4490590000,-0.001185699214361291,0.00477391800475145,0.004934594802380265,3009.198974609375,2979.1517919921876,1.0100858179492407,76.43001714014807,28.45083937081108,21.295232615816737
2019-11-06,3075.10009765625,3078.340087890625,3065.889892578125,3076.780029296875,4465510000,0.0007024972279667807,0.004579628028423905,0.004966698283571708,3017.067980957031,2983.3041943359376,1.01131758091756,75.49982783620115,29.405078181007866,22.917201728854966
2019-11-07,3087.02001953125,3097.77001953125,3080.22998046875,3085.179931640625,4151990000,0.0027300951851503275,0.004492976948163217,0.00411334305392634,3024.4204833984377,2987.248994140625,1.0124433849775238,82.72720521282022,30.48767825424102,24.43129703393218
2019-11-08,3081.25,3093.090087890625,3073.580078125,3093.080078125,3508160000,0.0025606760900243053,0.004026641450905972,0.0019455382863209645,3030.560986328125,2990.618994140625,1.01335576088621,81.15447283360196,31.618642381547943,25.868766103455332
2019-11-11,3080.330078125,3088.330078125,3075.820068359375,3087.010009765625,3041120000,-0.0019624672514313435,0.004054340167077306,0.002129684444500856,3036.6039916992186,2993.8299951171875,1.0142873832688541,83.97792270760347,31.660177000980184,27.02704828296031
2019-11-12,3089.280029296875,3102.610107421875,3084.72998046875,3091.840087890625,3495560000,0.0015646460846321375,0.0035968141132227717,0.001906670725219931,3041.411999511719,2997.541396484375,1.0146355286631894,83.52275602994023,31.717224009071288,27.965083428182503
2019-11-13,3084.179931640625,3098.06005859375,3078.800048828125,3094.0400390625,3513720000,0.0007115345908383919,0.0035044277488029568,0.001906181298192331,3046.629504394531,3000.6665966796877,1.0153175656921374,83.05836095906253,31.575963792550738,28.687259501056154
2019-11-14,3090.75,3098.199951171875,3083.260009765625,3096.6298828125,3282090000,0.0008370427393644686,0.0035007992899993194,0.0016814007009218431,3051.5635009765624,3003.0791943359377,1.0161448644884459,81.6581147713733,31.312047012741004,29.21221700339313
2019-11-15,3107.919921875,3120.4599609375,3104.60009765625,3120.4599609375,3359800000,0.007695488006902673,0.003495783642909959,0.0035733613581900698,3058.276501464844,3005.9141943359373,1.017419761092174,82.68798991609879,32.64941705547972,29.89965701381045
2019-11-18,3117.909912109375,3124.169921875,3112.06005859375,3122.030029296875,3440140000,0.0005031528617669423,0.003334887329139866,0.0030633757174332193,3064.0420043945314,3008.7861962890624,1.0183648170726187,84.60981167428862,33.4503885870854,30.609803328465443
2019-11-19,3127.449951171875,3127.639892578125,3113.469970703125,3120.179931640625,3613670000,-0.0005925944462060739,0.003139217049178459,0.0033267988162521286,3070.251501464844,3011.6019970703123,1.0194745203554738,81.92568966505775,33.54914323799176,31.19767131037071
2019-11-20,3114.659912109375,3118.969970703125,3091.409912109375,3108.4599609375,4041010000,-0.003756184245747196,0.0033870525373382774,0.00419049554770693,3075.4484985351564,3013.75259765625,1.0204714550646548,80.17531244934517,32.30926225896019,31.419989500088604
2019-11-21,3108.489990234375,3110.110107421875,3094.550048828125,3103.5400390625,3744010000,-0.0015827522106851566,0.003465135963909431,0.0043419734503211006,3080.1109985351563,3015.6319970703125,1.02138158818035,69.68302403622883,30.577176416311886,31.25142688333326
2019-11-22,3111.409912109375,3112.8701171875,3099.260009765625,3110.2900390625,3235270000,0.0021749356911917594,0.003417563494746047,0.0022266411624175023,3084.497998046875,3017.69,1.0221387876312262,68.10269151138716,29.410132791259002,30.88316806491841
2019-11-25,3117.43994140625,3133.830078125,3117.43994140625,3133.639892578125,3514310000,0.007507291353015866,0.0035644539228455925,0.004337090535045121,3089.2089965820314,3020.4035986328126,1.0227801999641253,77.28862308975687,30.023290541637834,30.711192560262297
2019-11-26,3134.85009765625,3142.68994140625,3131.0,3140.52001953125,4600450000,0.0021955703874654287,0.0035227310318839684,0.00430037737076422,3094.3905029296875,3023.1,1.0235819201910912,78.23849440268239,30.710381065498495,30.711030261309542
2019-11-27,3145.489990234375,3154.260009765625,3143.409912109375,3153.6298828125,3035470000,0.004174424362754614,0.003550226552921074,0.0033154227241793395,3099.73349609375,3026.037998046875,1.0243537913583507,79.11027956649853,31.94452505887375,30.957729220822387
2019-11-29,3147.179931640625,3150.300048828125,3139.340087890625,3140.97998046875,1743420000,-0.004011219709926239,0.003625953490630805,0.004196095033720858,3104.9044921875,3028.721796875,1.025153414681766,69.57977893186327,31.538297800519103,31.07384293676173
2019-12-02,3143.85009765625,3144.31005859375,3110.780029296875,3113.8701171875,3285750000,-0.008631020716408422,0.003809481577079369,0.006497790127214521,3107.2525024414062,3031.1577978515625,1.0251041712984321,59.36808690720894,28.69800760358339,30.598675870126065
2019-12-03,3087.409912109375,3094.969970703125,3070.330078125,3093.199951171875,3671580000,-0.00663809511563529,0.0040819966714107404,0.005557870031483339,3107.9989990234376,3033.1861962890625,1.0246647577474486,50.42709352504746,24.496764062247166,29.37829350855029
2019-12-04,3103.5,3119.3798828125,3102.530029296875,3112.760009765625,3702980000,0.00632356747139462,0.004283387654644474,0.006645226125907459,3109.9059936523436,3036.10939453125,1.0243063043953615,55.30131127547571,22.486372639194542,27.999909334679142
2019-12-05,3119.2099609375,3119.449951171875,3103.760009765625,3117.429931640625,3360480000,0.0015002511791302187,0.004287856161965547,0.006136705391363527,3111.9384887695314,3038.7605908203127,1.0240814949918329,55.821781609902295,21.027554065415643,26.605438280826444
2019-12-06,3134.6201171875,3150.60009765625,3134.6201171875,3145.909912109375,3483310000,0.009135724328457329,0.004672217244499181,0.007805239182030222,3114.974987792969,3042.12638671875,1.0239466057006243,56.94254450519809,21.916882068475843,25.667727038356325
2019-12-09,3141.860107421875,3148.8701171875,3135.4599609375,3135.9599609375,3400470000,-0.00316282139344648,0.00474536959224253,0.006509959245557536,3117.1189819335937,3045.60978515625,1.023479434931509,53.63383812329714,21.570155686011276,24.84821276788732
2019-12-10,3135.360107421875,3142.1201171875,3126.090087890625,3132.52001953125,3346310000,-0.0010969340964486207,0.004723714374779671,0.005114916942056047,3119.394482421875,3048.7253857421874,1.0231798826520033,53.19262093682217,20.7782789415769,24.03422600262524
2019-12-11,3135.75,3143.97998046875,3133.2099609375,3141.6298828125,3257650000,0.002908158040315856,0.004745522555001669,0.004694048470869543,3121.8839721679688,3052.7529833984377,1.0226454577705701,58.69919323857088,20.647785925591506,23.356937987218494
2019-12-12,3141.22998046875,3176.280029296875,3138.469970703125,3168.570068359375,4003200000,0.008575225775086182,0.0050527760982837875,0.005548296112640422,3125.6104736328125,3058.3721826171877,1.0219849929965312,65.28897537008018,22.45932003446387,23.177414396667572
2019-12-13,3166.64990234375,3182.679931640625,3156.510009765625,3168.800048828125,3757650000,7.258178414493166e-05,0.005058578019013751,0.0045430418109043995,3129.2189819335936,3063.5355859375,1.0214403894303037,64.19114886622161,23.641012492945265,23.270134015923112
2019-12-16,3183.6298828125,3197.7099609375,3183.6298828125,3191.449951171875,4070200000,0.007147785279833618,0.0050227177562240785,0.004251212996591556,3132.7684814453123,3068.324384765625,1.0210030259511202,64.0691508956391,26.104256486493796,23.836958510037253
2019-12-17,3195.39990234375,3198.219970703125,3191.030029296875,3192.52001953125,3842940000,0.00033529222633799094,0.005023973380856202,0.003895618410596445,3136.2929809570314,3073.398984375,1.0204639869088854,63.02346513004388,27.82202567835293,24.63397194370039
2019-12-18,3195.2099609375,3198.47998046875,3191.139892578125,3191.139892578125,4029950000,-0.00043230017186479675,0.0050212095482697035,0.004348585701104758,3139.8409790039063,3079.3605810546874,1.0196405702928444,59.98084915919494,28.74070052268462,25.45531765949724
2019-12-19,3192.320068359375,3205.47998046875,3192.320068359375,3205.3701171875,3784360000,0.004459292004863613,0.0049351502822074355,0.0033335090600366195,3144.686486816406,3085.0799853515623,1.0193208933797064,66.99035755882869,30.268105278134044,26.417875183224606
2019-12-20,3223.330078125,3225.64990234375,3216.030029296875,3221.219970703125,6457480000,0.004944781081796634,0.0049330668788955204,0.0032238898623594787,3150.5704833984373,3090.741787109375,1.0193573906880837,80.11550194443798,32.38423002193349,27.611146150966384
2019-12-23,3226.050048828125,3227.780029296875,3222.300048828125,3224.010009765625,3064530000,0.0008661436002121992,0.004937545304549208,0.0024842915974358244,3156.256481933594,3095.8165869140626,1.0195230865016387,90.78889271217459,33.89567867779442,28.868052656331997
2019-12-24,3225.449951171875,3226.429931640625,3220.510009765625,3223.3798828125,1296530000,-0.00019544819997963092,0.004767121734209611,0.002584375856175334,3160.7434814453127,3100.9611865234374,1.0192786337286919,89.11036034091948,34.64332001956973,30.023106128979542
2019-12-26,3227.199951171875,3240.080078125,3227.199951171875,3239.909912109375,2164540000,0.005128166675301138,0.004836711140150484,0.0025098205019030728,3165.7129760742187,3105.8457861328125,1.0192756479438565,89.95294949636529,36.1529180515422,31.24906851349208
2019-12-27,3247.22998046875,3247.929931640625,3234.3701171875,3240.02001953125,2429150000,3.398471712534601e-05,0.004807901089036114,0.0026602190028536805,3170.0324829101564,3110.8523876953127,1.0190237554983081,87.67104545641114,36.932435984302174,32.3857420076541
2019-12-30,3240.090087890625,3240.919921875,3216.570068359375,3221.2900390625,3021720000,-0.005780822450430323,0.004926823910015594,0.0038892486434622766,3174.047985839844,3115.319189453125,1.0188516144944455,81.91330835141235,35.628157449963055,33.03422509611589
2019-12-31,3215.179931640625,3231.719970703125,3212.030029296875,3230.780029296875,2894760000,0.0029460216619106028,0.004347821387758205,0.004108691965620366,3179.8934814453123,3120.210791015625,1.0191277751495311,85.15803395314626,34.9573041730946,33.41884091151163
2020-01-02,3244.669921875,3258.139892578125,3235.530029296875,3257.85009765625,3459930000,0.008378802677341701,0.004093407147956871,0.005377643325287184,3188.1259887695314,3125.2333935546876,1.0201241274794228,86.84835480584944,36.19276869227224,33.97362646766375
2020-01-03,3226.360107421875,3246.14990234375,3222.340087890625,3234.85009765625,3484700000,-0.007059870562045378,0.004524628652861811,0.006358164386118809,3194.2304931640624,3130.010595703125,1.020517469668984,71.55300943310846,34.91351418516297,34.1616040111636
2020-01-06,3217.550048828125,3246.840087890625,3214.639892578125,3246.280029296875,3702460000,0.0035333728907271933,0.0045371641880573585,0.006591921529908883,3200.672998046875,3134.8457958984377,1.0209985455216215,73.48441121362544,34.42516387103751,34.214315983138384
2020-01-07,3241.860107421875,3244.909912109375,3232.429931640625,3237.179931640625,3435910000,-0.0028032386528962228,0.004334907152015776,0.006001621455188825,3205.2364990234373,3139.38359375,1.0209763806514565,65.10130962401118,32.92430995011546,33.9563147765338
2020-01-08,3238.590087890625,3267.070068359375,3236.669921875,3253.050048828125,3726840000,0.004902451368978156,0.004258666874411983,0.006220094197151006,3211.0910034179688,3143.99359375,1.0213414587743923,68.20882521860344,32.63921369141417,33.692894559509874
2020-01-09,3266.030029296875,3275.580078125,3263.669921875,3274.699951171875,3641230000,0.006655262605488987,0.004329189710671024,0.005767253310583792,3218.2,3148.6991943359376,1.022072862910844,72.40450679737741,33.77094856240137,33.708505360088175
2020-01-10,3281.81005859375,3282.989990234375,3260.860107421875,3265.35009765625,3214580000,-0.002855178689662563,0.00447121285881571,0.004444840131784384,3224.3860107421874,3153.2683984375,1.0225536184423525,66.51430292242624,33.526924051958304,33.6721890984622
2020-01-13,3271.1298828125,3288.1298828125,3268.429931640625,3288.1298828125,3459390000,0.006976215252569862,0.004359266652010423,0.004996212567058425,3230.3640014648436,3158.095595703125,1.0228835396433364,67.74516037548933,34.77085438755694,33.89192215628115
2020-01-14,3285.35009765625,3294.25,3277.18994140625,3283.14990234375,3687620000,-0.001514532772802224,0.004407744551484224,0.004672124006186963,3236.081494140625,3163.007392578125,1.0231027286670167,65.50437858187968,34.95193122976343,34.103923970977604
2020-01-15,3282.27001953125,3298.659912109375,3280.68994140625,3289.2900390625,3721490000,0.0018701968845122874,0.004223825440360936,0.004530989670064233,3240.973498535156,3167.4549951171875,1.0232105913205718,66.79410966982599,35.1852994201131,34.320199060804704
2020-01-16,3302.969970703125,3317.110107421875,3302.820068359375,3316.81005859375,3540580000,0.00836655302646827,0.004479363124017322,0.004990502152224707,3247.1880004882814,3172.2257958984374,1.0236307909376334,68.55519673693672,37.16249486609786,34.88865822186334
2020-01-17,3323.659912109375,3329.8798828125,3318.860107421875,3329.6201171875,3726220000,0.003862162248501333,0.004463520075907303,0.003963936156371778,3254.11201171875,3177.3257958984377,1.024166931801402,70.37107345535928,39.30996041825301,35.772918661141276
2020-01-21,3321.030029296875,3329.7900390625,3316.610107421875,3320.7900390625,4104840000,-0.0026519776473655776,0.00455106529926832,0.0044161469989427915,3259.8830078125,3182.20599609375,1.0244097999356738,73.6882179665722,39.840077220730564,36.58635037305913
2020-01-22,3330.02001953125,3337.77001953125,3320.0400390625,3321.75,3623780000,0.0002890760711180551,0.004499452394809496,0.004122587315641563,3264.9095092773437,3186.9373974609375,1.0244661573454588,72.57431513032184,39.87797100434409,37.244674499316126
2020-01-23,3315.77001953125,3326.8798828125,3301.8701171875,3325.5400390625,3766710000,0.0011409766124783616,0.004497681720725535,0.004156440732007031,3269.9860107421873,3191.5865966796873,1.0245644013369593,68.99162680081321,39.75554935256787,37.74684946996648
2020-01-24,3333.10009765625,3333.179931640625,3281.530029296875,3295.469970703125,3708780000,-0.009042160974207403,0.005077215852287021,0.004921849880362486,3273.5905151367188,3195.7557958984376,1.0243556530002003,66.35898733309878,36.80782836763501,37.55904524950019
2020-01-27,3247.159912109375,3258.85009765625,3234.5,3243.6298828125,3831050000,-0.015730711659182384,0.006223298975956322,0.007114921679323063,3273.776513671875,3198.791591796875,1.0234416402954463,49.41287954592412,29.943506301354773,36.03593745987111
2020-01-28,3255.35009765625,3285.780029296875,3253.219970703125,3276.239990234375,3531570000,0.010053584595046017,0.0066109708929837216,0.009954335298500648,3275.587512207031,3202.4355908203124,1.0228425894329949,57.83708426567809,26.825615744032348,34.19387311670336
2020-01-29,3289.4599609375,3293.469970703125,3271.889892578125,3273.39990234375,3600250000,-0.0008668741908683941,0.00645164681020532,0.009881942478457858,3278.193005371094,3205.9709912109374,1.022527344869355,54.30830317371218,23.85055925634788,32.125210344632265
2020-01-30,3256.449951171875,3285.909912109375,3242.800048828125,3283.659912109375,3790350000,0.003134358792605374,0.006455045988385185,0.010122459208813333,3280.8369995117187,3209.234990234375,1.0223112391255944,51.99304876724231,22.066335616174,30.113435398940613
2020-01-31,3282.330078125,3282.330078125,3214.679931640625,3225.52001953125,4529700000,-0.01770582037552626,0.007413916269882073,0.012077138003435413,3279.220495605469,3211.3047900390625,1.0211489441229837,42.72032155810035,15.779031240960194,27.246554567344532
2020-02-03,3235.659912109375,3268.43994140625,3235.659912109375,3248.919921875,3760460000,0.007254613892351713,0.007435409753818073,0.010921040011112456,3279.9239868164063,3213.87958984375,1.0205497421811833,42.849866973440996,12.539921376223447,24.305227929120313
2020-02-04,3280.610107421875,3306.919921875,3280.610107421875,3297.590087890625,3996900000,0.014980414164082134,0.00811179970999025,0.01216424039070586,3282.4894897460936,3217.6621923828125,1.0201473285532419,52.27132213397602,13.741772516194942,22.19253684653524
2020-02-05,3324.909912109375,3337.580078125,3313.75,3334.68994140625,4121480000,0.01125059589785371,0.00838588253573863,0.012800286245631735,3287.364990234375,3222.2851904296876,1.0201967845670448,56.507261084088604,17.48632485768985,21.251294448766163
2020-02-06,3344.919921875,3347.9599609375,3334.389892578125,3345.780029296875,3887250000,0.003325672876785646,0.008359765176258454,0.012798148972082191,3292.0014892578124,3226.994990234375,1.0201445924831498,54.35756081474611,21.105495955746846,21.2221347501623
2020-02-07,3335.5400390625,3341.419921875,3322.1201171875,3327.7099609375,3733920000,-0.005400853672730133,0.008398463172749416,0.007850545712055103,3294.651989746094,3230.8763916015623,1.019739411359194,49.71715670183892,22.2590234602485,21.429512492179544
2020-02-10,3318.280029296875,3352.260009765625,3317.77001953125,3352.090087890625,3462730000,0.007326397804890528,0.008471158877031254,0.007852834163358729,3298.9889892578126,3235.10779296875,1.0197462342453947,54.4306675946975,24.853973672740267,22.114404728291692
2020-02-11,3365.8701171875,3375.6298828125,3352.719970703125,3357.75,3762940000,0.0016884725532351208,0.008368075163202744,0.006268073385607693,3302.4699951171874,3239.1901953125,1.0195356851524993,55.029051009452665,27.055321116633877,23.102588005960133
2020-02-12,3370.5,3381.469970703125,3369.719970703125,3379.449951171875,3930910000,0.006462646466197652,0.008427724995928509,0.0050645247057276585,3307.2849975585937,3243.9595947265625,1.0195210208336054,57.17210785233997,30.202751018106028,24.522620608389314
2020-02-13,3365.89990234375,3385.090087890625,3360.52001953125,3373.93994140625,3500890000,-0.0016304457368023773,0.008455508579171978,0.0053817445981044505,3311.5174926757813,3249.1609912109375,1.0191915702649146,61.16945822325919,31.88495029273554,25.99508654525856
2020-02-14,3378.080078125,3380.68994140625,3366.14990234375,3380.159912109375,3419700000,0.0018435333204338544,0.00829304793460345,0.003711832390222184,3314.6849853515623,3254.9001904296874,1.0183676277071902,72.33436346542933,33.3357314296004,27.46321552212693
2020-02-18,3369.0400390625,3375.010009765625,3355.610107421875,3370.2900390625,3750400000,-0.002919942636890105,0.008307605905125713,0.003649375641474293,3316.7184814453126,3260.050791015625,1.0173824563058522,66.62190768200526,33.30514864215593,28.631602146132728
2020-02-19,3380.389892578125,3393.52001953125,3378.830078125,3386.14990234375,3614200000,0.004705785881164548,0.00831705767949028,0.004005421184237106,3319.986474609375,3265.4251904296875,1.0167087840014206,69.05013331925342,34.166816194176135,29.738644955741414
2020-02-20,3380.449951171875,3389.14990234375,3341.02001953125,3373.22998046875,4019180000,-0.00381551976362815,0.008386086055072756,0.0035575850713883725,3322.5604736328123,3269.971591796875,1.0160823665770868,64.99885938367471,33.42189738941488,30.475295442476114
2020-02-21,3360.5,3360.760009765625,3328.449951171875,3337.75,3908780000,-0.01051810302712286,0.008758312245152526,0.005838270415283609,3323.1709716796877,3274.007392578125,1.0150163311216134,70.33669908547807,29.627083389437757,30.305653031868445
2020-02-24,3257.610107421875,3259.81005859375,3214.64990234375,3225.889892578125,4851160000,-0.03351362667122315,0.011424049622660746,0.0146175554747163,3319.6919677734377,3275.8747900390626,1.0133757181036374,46.83991930539931,17.39299452515297,27.72312133052535
2020-02-25,3238.93994140625,3246.989990234375,3118.77001953125,3128.2099609375,5596760000,-0.030279995565056117,0.012792471392430489,0.01665256943065774,3313.9209716796877,3275.6063916015623,1.0116969426413263,29.51375580602202,-0.1824598956918635,22.142005085281905
2020-02-26,3139.89990234375,3182.510009765625,3108.989990234375,3116.389892578125,5484650000,-0.0037785406053220116,0.012492190622492388,0.014472351325279204,3305.928466796875,3274.5627880859374,1.0095785852160348,21.877238968157656,-14.893234939030663,14.734957080419392
2020-02-27,3062.5400390625,3097.070068359375,2977.389892578125,2978.760009765625,7064710000,-0.04416324258407911,0.015578580508577506,0.01677913208578938,3291.1964721679688,3270.7619873046874,1.0062476220961956,14.343425143474107,-37.228069457298716,4.342351772875768
2020-02-28,2916.89990234375,2959.719970703125,2855.840087890625,2954.219970703125,8569570000,-0.008238340444361891,0.015489184287416103,0.01727600201423592,3274.724475097656,3266.0173876953127,1.0026659648032332,14.16534749527652,-56.26022988021714,-7.778164557742818
2020-03-02,2974.280029296875,3090.9599609375,2945.18994140625,3090.22998046875,6381330000,0.046039229006110016,0.018944105917796366,0.034432029725337654,3267.9599731445314,3263.9715869140623,1.0012219426929019,29.30808636371178,-59.680523109117985,-18.158636268017855
2020-03-03,3096.4599609375,3136.719970703125,2976.6298828125,3003.3701171875,6376510000,-0.028107896121075893,0.019674109217731797,0.03409402459011593,3255.682482910156,3260.21619140625,0.99860938409298,25.18207290575978,-68.6091120475403,-28.248731423922344
2020-03-04,3045.75,3130.969970703125,3034.3798828125,3130.1201171875,5073020000,0.04220259077449118,0.021857677432004285,0.04091768422821545,3247.308984375,3258.71119140625,0.9965010071891859,34.778575374039065,-64.71146392752917,-35.541277924643715
2020-03-05,3075.699951171875,3083.0400390625,2999.830078125,3023.93994140625,5579290000,-0.033922077046888544,0.022693424026069085,0.03822529031794739,3231.771484375,3254.7655908203124,0.9929352496197684,30.971635844680975,-69.39051188525491,-42.31112471676596
2020-03-06,2954.199951171875,2985.929931640625,2901.5400390625,2972.3701171875,6555240000,-0.01705385200037013,0.022774569630000886,0.03910080084241022,3213.1009887695313,3249.73279296875,0.9887277488541591,28.871641872604997,-76.37948971704554,-49.12479771682188
2020-03-09,2863.889892578125,2863.889892578125,2734.429931640625,2746.56005859375,8441290000,-0.07596969747745097,0.02767310916948435,0.042535226699846815,3184.043493652344,3240.196396484375,0.9826699076349331,23.592465308815832,-98.99810107174426,-59.09945838780636
2020-03-10,2813.47998046875,2882.590087890625,2734.0,2882.22998046875,7642040000,0.04939630628156144,0.03045326566050862,0.0528774800826304,3160.55048828125,3233.0427978515627,0.9775776832838448,30.630083292135836,-104.7683800055197,-68.23324271134904
2020-03-11,2825.60009765625,2825.60009765625,2707.219970703125,2741.3798828125,7431200000,-0.048868445131273974,0.03175759526245808,0.047023307618134065,3129.731982421875,3223.0699951171873,0.9710406498038467,27.887390900472255,-119.33121738768796,-78.45283764661683
2020-03-12,2630.860107421875,2660.949951171875,2478.860107421875,2480.639892578125,8850810000,-0.09511268097833658,0.0367778309707073,0.05678334008061119,3084.7914794921876,3208.2569921875,0.9615163270910135,24.08930867537137,-150.18071920281136,-92.79841395785574
2020-03-13,2569.989990234375,2711.330078125,2492.3701171875,2711.02001953125,8299070000,0.09287124972971839,0.04392038969707142,0.0822558022810884,3051.6454833984376,3197.8617919921876,0.954276851813955,35.476085171606684,-154.26119375454937,-105.09096991719447
2020-03-16,2508.590087890625,2562.97998046875,2380.93994140625,2386.1298828125,7805450000,-0.11984055240393443,0.050181268167435227,0.09206830097009193,3001.943981933594,3180.4273876953125,0.9438806852021684,31.445216641361753,-181.61734633242668,-120.39624520024094
2020-03-17,2425.659912109375,2553.929931640625,2367.0400390625,2529.18994140625,8370250000,0.05995484974402432,0.05294038471702612,0.09427612944673132,2959.8889770507812,3166.3141845703126,0.9348058355909666,36.222045199706564,-189.5683176514044,-134.23065969047366
2020-03-18,2436.5,2453.570068359375,2280.52001953125,2398.10009765625,8799300000,-0.051830762729157875,0.05345768265825028,0.0944946832385616,2910.4864868164063,3149.3505859375,0.9241544907106655,36.333556014146,-204.09469789959076,-148.2034673322971
2020-03-19,2393.47998046875,2466.969970703125,2319.780029296875,2409.389892578125,7956100000,0.0047078080405855705,0.053591449776213024,0.08551319956221064,2862.294482421875,3132.79478515625,0.9136552754696686,37.09636683022503,-212.2492891213583,-161.01263169010934
2020-03-20,2431.93994140625,2453.010009765625,2295.56005859375,2304.919921875,9053950000,-0.04335951230846191,0.053939187695035584,0.06712462932555696,2810.652978515625,3113.8321826171873,0.9026347001633405,31.118812897081753,-224.55320538685191,-173.72074642945788
2020-03-23,2290.7099609375,2300.72998046875,2191.860107421875,2237.39990234375,7411380000,-0.02929386782180443,0.05387917984645792,0.04562244900742274,2761.228479003906,3093.086181640625,0.8927098428079699,31.41092653918193,-237.02022731943953,-186.38064260745423
2020-03-24,2344.43994140625,2449.7099609375,2344.43994140625,2447.330078125,7563150000,0.09382773976227554,0.05912796914955883,0.059404857236251454,2727.1844848632813,3076.72578125,0.8863917939918882,34.072640443064884,-227.34018515507705,-194.57255111697881
2020-03-25,2457.77001953125,2571.419921875,2407.530029296875,2475.56005859375,8300010000,0.011535011448221999,0.05931880101011432,0.05342526002620871,2695.1429931640623,3060.474384765625,0.8806291621259427,36.7252509607238,-214.91337094155915,-198.6407150818949
2020-03-26,2501.2900390625,2637.010009765625,2500.719970703125,2630.070068359375,7766990000,0.062414163303876835,0.06083348762064246,0.058653025624802596,2677.70849609375,3047.4127880859373,0.8786825685586243,42.107228709612805,-190.4025228905016,-196.99307664361626
2020-03-27,2555.8701171875,2615.909912109375,2520.02001953125,2541.469970703125,6201670000,-0.033687352562252526,0.061182442307541184,0.05618889999789716,2657.07099609375,3032.45638671875,0.8762107866516811,44.95157945648269,-176.09685174740207,-192.81383166437345
2020-03-30,2558.97998046875,2631.800048828125,2545.280029296875,2626.64990234375,5751120000,0.03351600948370015,0.06068708234409273,0.048662264944282545,2633.8919921875,3018.65318359375,0.872538788656673,43.548369602194576,-156.08692280928426,-185.46844989335563
2020-03-31,2614.68994140625,2641.389892578125,2571.14990234375,2584.590087890625,6576210000,-0.016012721914555605,0.06051868191279168,0.038326852748490264,2612.952990722656,3003.7525830078125,0.8698962109942395,45.834379261142324,-141.9860585798483,-176.77197163065418
2020-04-01,2498.080078125,2522.75,2447.489990234375,2470.5,5964000000,-0.04414243033166543,0.0599971733958969,0.04571044230388885,2579.9719848632812,2986.7467822265626,0.8638067345434491,49.70783460229334,-138.42150178076918,-169.1018776606772
2020-04-02,2458.5400390625,2533.219970703125,2455.7900390625,2526.89990234375,6464190000,0.02282934723487151,0.060150233649996554,0.03428955345749972,2555.119982910156,2970.8497802734373,0.8600636760149423,44.10370270294782,-129.5521673292169,-161.19193559438514
2020-04-03,2514.919921875,2538.179931640625,2459.9599609375,2488.64990234375,6096970000,-0.015137125124949469,0.060135242448590975,0.031649639817009884,2530.933972167969,2954.1119775390625,0.856749504220343,54.021403201784764,-124.17816264689782,-153.7891810048877
2020-04-06,2578.280029296875,2676.85009765625,2574.570068359375,2663.679931640625,6403840000,0.07033131865275055,0.06021629426519837,0.044265990310613436,2526.7899658203123,2941.4761767578125,0.8590210540496097,55.146367635350806,-104.59011490177681,-143.94936778426552
2020-04-07,2738.64990234375,2756.889892578125,2657.669921875,2659.409912109375,7050410000,-0.0016030527844311804,0.05909291039174674,0.0431264285803436,2515.648962402344,2929.79177734375,0.8586442838211246,61.074046736496825,-88.3920720452511,-132.83790863646263
2020-04-08,2685.0,2760.75,2663.300048828125,2749.97998046875,5875710000,0.03405645287963033,0.058563634014232174,0.033234721694196764,2516.078967285156,2919.2665771484376,0.8618873613600857,63.52503192067966,-67.4690179489885,-119.7641304989678
2020-04-09,2776.989990234375,2818.570068359375,2762.360107421875,2789.820068359375,7899550000,0.014487410153376512,0.05396505552777785,0.03339764944995124,2531.537976074219,2909.59498046875,0.8700654190936141,70.29753764416441,-47.129307381451326,-105.2371658754645
2020-04-13,2782.4599609375,2782.4599609375,2721.169921875,2761.6298828125,5319530000,-0.010104660822607414,0.050146483635763565,0.03210888554909034,2534.068469238281,2899.1543798828125,0.8740715868123972,72.69098399322328,-32.9053403151097,-90.77080076339355
2020-04-14,2805.10009765625,2851.85009765625,2805.10009765625,2846.06005859375,5615730000,0.030572589146256046,0.041408722130498433,0.019366831079130578,2557.064978027344,2891.5651806640626,0.8843186365386032,69.36239640654728,-14.651046222860714,-75.546849855287
2020-04-15,2795.639892578125,2801.8798828125,2761.5400390625,2783.360107421875,5208000000,-0.022030438529415775,0.04020765694579952,0.024750783483776764,2569.773486328125,2882.253984375,0.8915846765271678,64.46265197124697,-5.183990874007122,-61.474278059031015
2020-04-16,2799.340087890625,2806.510009765625,2764.320068359375,2799.550048828125,5228810000,0.005816689462164515,0.03787609851089673,0.02058881427969183,2589.845983886719,2872.29318359375,0.9016649131361864,59.15316087907474,3.5837998490865175,-48.462662477407505
2020-04-17,2842.429931640625,2879.219970703125,2830.8798828125,2874.56005859375,5804810000,0.026793594848223412,0.038083069345655134,0.022809347563355214,2613.1044921875,2863.0905859375,0.9126866278776354,68.25730988517597,16.396015014019667,-35.49092697912207
2020-04-20,2845.6201171875,2868.97998046875,2820.429931640625,2823.159912109375,5228630000,-0.01788104803401469,0.03661834294573945,0.024408883727559845,2639.016491699219,2852.63818359375,0.925114340429458,61.18529170375851,22.146929568829364,-23.963355669531783
2020-04-21,2784.81005859375,2785.5400390625,2727.10009765625,2736.56005859375,5121010000,-0.030674795694063395,0.03669916288592166,0.023501651583664865,2663.974499511719,2840.815185546875,0.9377500208620178,58.23265626888811,19.49199477070897,-15.272285581483631
2020-04-22,2787.889892578125,2815.10009765625,2775.949951171875,2799.31005859375,5084920000,0.022930247703843776,0.031274847785084,0.025141821018603374,2681.5734985351564,2829.7595849609374,0.9476329765916045,68.86178301595598,22.19548466083461,-7.7787315330199815
2020-04-23,2810.419921875,2844.89990234375,2794.260009765625,2797.800048828125,5773530000,-0.0005394221197431159,0.031303298823623524,0.0250228890658447,2697.685498046875,2818.5605859375,0.957114603640702,66.58422434117134,23.940206905005198,-1.4349438454149441
2020-04-24,2812.639892578125,2842.7099609375,2791.760009765625,2836.739990234375,5382810000,0.013918057304545428,0.028505269165760946,0.022082101999256407,2708.018994140625,2807.70638671875,0.9644950793111151,71.29172584034085,28.14065177367138,4.4801752784023225
2020-04-27,2854.64990234375,2887.719970703125,2852.889892578125,2878.47998046875,5203930000,0.014714069804799612,0.027143995411876103,0.02118039776275604,2724.869494628906,2797.7971875,0.9739338887046852,65.69853606348353,34.44059325045464,10.472258872812787
2020-04-28,2909.9599609375,2921.14990234375,2860.7099609375,2863.389892578125,5691160000,-0.005242380698498916,0.026496447869953952,0.011668481116742532,2736.706494140625,2787.461787109375,0.981791573537091,64.67565389498475,37.7801917466827,15.933845447586773
2020-04-29,2918.4599609375,2954.860107421875,2912.159912109375,2939.510009765625,6645640000,0.026583916282167053,0.0264597511153858,0.012805716278780105,2754.452490234375,2778.8461865234376,0.9912216457293086,63.9255771836616,46.038402859862344,21.954756930041892
2020-04-30,2930.909912109375,2930.909912109375,2892.469970703125,2912.429931640625,6544980000,-0.009212446303987654,0.02395570007128628,0.014974788347750014,2776.5489868164063,2769.371787109375,1.002591634586746,59.18081419879156,49.82362296580186,27.528530137193886
2020-05-01,2869.090087890625,2869.090087890625,2821.610107421875,2830.7099609375,4759810000,-0.028059034078492195,0.025035220268820043,0.02134580696780632,2791.7394897460936,2758.52138671875,1.0120419958269224,54.788712562162274,45.70248865692065,31.163321841139243
2020-05-04,2815.010009765625,2844.239990234375,2797.85009765625,2842.739990234375,4735930000,0.004249827591976452,0.024544822714259604,0.01998212781196947,2809.443994140625,2748.6211865234377,1.0221284795138024,49.744169360297356,42.9125141006316,33.51316029303772
2020-05-05,2868.8798828125,2898.22998046875,2863.550048828125,2868.43994140625,5140290000,0.009040556385797371,0.019529362886704812,0.020477554329573287,2819.681994628906,2741.4721875,1.0285283970727521,56.9523285882835,42.287743654564565,35.26807696534309
2020-05-06,2883.139892578125,2891.110107421875,2847.64990234375,2848.419921875,4892570000,-0.006979410390386298,0.019645621108646948,0.014395944114956294,2829.1324951171873,2735.87638671875,1.034086374973353,53.96857747718134,39.71930093615583,36.15832175950564
2020-05-07,2878.260009765625,2901.919921875,2876.47998046875,2881.18994140625,5178790000,0.011504630788313985,0.018415537419549557,0.01618012064465168,2835.6929931640625,2731.1723876953124,1.0382695013832317,50.5780494471109,39.86847927110739,36.90035326182599
2020-05-08,2908.830078125,2932.159912109375,2902.8798828125,2929.800048828125,4876030000,0.016871538638701944,0.018504756118765127,0.009012083988124309,2842.6919921875,2730.1931884765627,1.0412054371045119,59.34324874460216,43.40874460683244,38.202031530827284
2020-05-11,2915.4599609375,2944.25,2903.43994140625,2930.18994140625,4819730000,0.00013307822091168653,0.018274590013364945,0.009494170462525701,2851.1199951171875,2729.712587890625,1.0444762601620194,69.98367256436487,45.718872758070574,39.70539977627595
2020-05-12,2939.5,2945.820068359375,2869.590087890625,2870.1201171875,5119630000,-0.020500317528877154,0.01779956490721405,0.014881080785962623,2852.322998046875,2725.310390625,1.0466048226502183,57.34864285815633,42.21589461685471,40.2074987443917
2020-05-13,2865.860107421875,2874.139892578125,2793.14990234375,2820.0,6151650000,-0.01746272460422804,0.017521422947712924,0.016765723804684142,2854.154992675781,2721.64298828125,1.048688239039836,52.09275500007135,34.992117270553535,39.16442244962407
2020-05-14,2794.5400390625,2852.800048828125,2766.639892578125,2852.5,5651130000,0.01152482269503552,0.017653429438834543,0.016769758956737706,2856.802490234375,2716.0905859375,1.0518067788406646,51.503931941098,31.52628467991235,37.636794895681724
2020-05-15,2829.949951171875,2865.010009765625,2816.780029296875,2863.699951171875,5507700000,0.0039263632504382695,0.01661048022141473,0.013904166687277779,2856.259484863281,2712.8857861328124,1.0528491466405765,48.5022876733815,29.345058274403527,35.97844757142609
2020-05-18,2913.860107421875,2968.090087890625,2913.860107421875,2953.909912109375,6373670000,0.03150119163168075,0.017469698520488283,0.021503552495954197,2862.796984863281,2712.51658203125,1.0554025747999278,57.96074271923874,34.49793978904063,35.682346014949
2020-05-19,2948.590087890625,2964.2099609375,2922.35009765625,2922.93994140625,4984330000,-0.010484399194493177,0.015976693739380387,0.01925611840155182,2872.1159790039064,2716.0441796875,1.0574629089186478,48.41704352774623,35.67141978243535,35.68016076844627
2020-05-20,2953.6298828125,2980.2900390625,2953.6298828125,2971.610107421875,5005380000,0.01665110025908012,0.015631096510474576,0.01551948294805745,2880.7309814453124,2717.8317822265626,1.05993718974222,55.42957336986468,40.06682139921895,36.557492894600806
2020-05-21,2969.949951171875,2978.5,2938.570068359375,2948.510009765625,4976620000,-0.007773596407737116,0.015802674646806788,0.017511314682783646,2888.2664794921875,2721.974384765625,1.0610924539397828,62.11037326360566,41.21116733837516,37.488227783355676
2020-05-22,2948.050048828125,2956.760009765625,2933.590087890625,2955.449951171875,3970860000,0.002353711326488428,0.015582380041884693,0.01758897950148365,2894.2019775390627,2731.4705859375,1.0595764759244917,61.7096387021238,42.191705296464534,38.42892328597745
2020-05-26,3004.080078125,3021.719970703125,2988.169921875,2991.77001953125,5848500000,0.012289184036080147,0.0154887676682304,0.011939295513111651,2899.8664794921874,2737.0855859375,1.0594723432803919,62.536343882365436,45.37644327752241,39.81842728428644
2020-05-27,3015.64990234375,3036.25,2969.75,3036.1298828125,6398000000,0.014827297215913804,0.015641117922153055,0.0102468473281253,2908.5034790039062,2750.0855859375,1.0576047137865354,68.18084652571463,50.89317645004621,42.0333771174384
2020-05-28,3046.610107421875,3068.669921875,3023.39990234375,3029.72998046875,5447020000,-0.0021079145460738413,0.014653547136764623,0.009546485731612275,2913.0144775390627,2760.09638671875,1.0554031705400346,65.16148292570121,54.12489055551214,44.45167980505315
2020-05-29,3025.169921875,3049.169921875,2998.610107421875,3044.31005859375,7297550000,0.004812335824971425,0.01444220102949643,0.007017361834437378,2919.6084838867187,2773.0205859375,1.0528621744434905,62.5606093796781,57.203135581955394,47.00197096043361
2020-06-01,3038.780029296875,3062.179931640625,3031.5400390625,3055.72998046875,4684170000,0.003751234813537785,0.012548420700300324,0.006839750512248006,2930.859484863281,2785.9473876953125,1.0520153746650067,63.445152275477476,59.87396934960225,49.57637063826734
2020-06-02,3064.780029296875,3081.070068359375,3051.639892578125,3080.820068359375,5197150000,0.008210832780053412,0.012585329592929696,0.006224216347410636,2942.7634887695312,2801.465390625,1.0504372099749582,74.39333718112292,63.28566698390887,52.31822990739565
2020-06-03,3098.89990234375,3130.93994140625,3098.89990234375,3122.8701171875,6005560000,0.013648979133831007,0.012721905420408254,0.0058101829383099095,2955.484997558594,2819.174794921875,1.0483511000744798,85.73182266986035,68.59186512831411,55.57295695157935
2020-06-04,3111.56005859375,3128.909912109375,3090.409912109375,3112.35009765625,6451290000,-0.0033687022311144066,0.012577696848938152,0.006242991156507774,2968.681506347656,2832.4751953125,1.048087379992088,82.33333090304612,71.12826536285365,58.684018633834214
2020-06-05,3163.840087890625,3211.719970703125,3163.840087890625,3193.929931640625,8639300000,0.026211650818398713,0.013410194242641262,0.011142542684684875,2984.318505859375,2846.8425927734374,1.0482906618844727,84.96643524981232,78.8126880255586,62.7097525121791
2020-06-08,3199.919921875,3233.1298828125,3196.0,3232.389892578125,8498300000,0.012041579421169235,0.013232216297954534,0.010643387759511519,2999.447998046875,2858.8889892578127,1.0491656057010987,83.11611168014939,87.00312787282792,67.56842758430886
2020-06-09,3213.320068359375,3222.7099609375,3193.110107421875,3207.179931640625,6410930000,-0.007799170822611612,0.013502188009257425,0.013771917932327708,3013.297497558594,2872.2031884765624,1.0491240695115547,84.27055988687228,90.41759949749394,72.13826196694588
2020-06-10,3213.419921875,3223.27001953125,3181.489990234375,3190.139892578125,6598870000,-0.0053130910724373814,0.012397364850916708,0.014471075601226072,3029.298486328125,2883.47298828125,1.050572867732601,78.52349249930214,90.70303597909833,75.85121676937636
2020-06-11,3123.530029296875,3123.530029296875,2999.489990234375,3002.10009765625,7037320000,-0.05894405927443824,0.018423807631078846,0.0322760693405791,3038.4034912109373,2891.8231884765623,1.0506878509441633,54.88952160406514,74.89269019765197,75.65951145503149
2020-06-12,3071.0400390625,3088.419921875,2984.469970703125,3041.31005859375,5845330000,0.013060843963234703,0.018463066557369165,0.029317698164072543,3047.843994140625,2903.2393896484373,1.0498080196237962,57.39816772374912,64.7800493303057,73.48361903008633
2020-06-15,2993.760009765625,3079.760009765625,2965.659912109375,3066.590087890625,5757480000,0.008312217041285264,0.018495979737548525,0.028676550311169818,3057.9885009765626,2914.033193359375,1.0494007096230884,56.57193220978683,58.13544643706109,70.41398451148129
2020-06-16,3131.0,3153.449951171875,3076.06005859375,3124.739990234375,5845810000,0.01896239819380252,0.01769543629756652,0.03157306107049513,3066.5300048828126,2926.7549951171877,1.0477576736005634,57.599109580924335,56.90578741778609,67.71234509274225
2020-06-17,3136.1298828125,3141.159912109375,3108.030029296875,3113.489990234375,4560450000,-0.0036002995561740248,0.017485721870814614,0.031575181624580416,3076.057507324219,2935.7511962890626,1.047792303112236,57.12390804645435,54.39644445490421,65.04916496517464
2020-06-18,3101.639892578125,3120.0,3093.510009765625,3115.340087890625,4448690000,0.0005942198825281686,0.017207404851973897,0.00913605332538645,3083.244006347656,2944.8697998046873,1.046988225609209,56.17491710929519,51.95811864796042,62.4309557017318
2020-06-19,3140.2900390625,3155.530029296875,3083.110107421875,3097.739990234375,8346650000,-0.005649494809462974,0.017147052393121927,0.010056885793600612,3090.7055053710938,2951.825,1.047049030810124,53.61326800292468,48.051637719537666,59.55509210529298
2020-06-22,3094.419921875,3120.919921875,3079.389892578125,3117.860107421875,4686690000,0.006495095537691675,0.017168727098707034,0.00988091543055767,3098.8260131835937,2958.38580078125,1.047471905917496,53.21327363529696,46.048431095764045,56.85375990338719
2020-06-23,3138.699951171875,3154.89990234375,3127.1201171875,3131.2900390625,4711850000,0.004307419569164139,0.01702927541351892,0.0051247025363746115,3105.8020141601564,2965.77900390625,1.047212894173666,50.76860607022289,45.02553234937295,54.48811439258435
2020-06-24,3114.39990234375,3115.010009765625,3032.1298828125,3050.330078125,5597680000,-0.025855145939064572,0.017878147680985345,0.013044472152851736,3106.5120239257812,2969.864404296875,1.0460114001942988,44.9836576010717,37.252660010612544,51.04102351618999
2020-06-25,3046.60009765625,3086.25,3024.010009765625,3083.760009765625,4847690000,0.010959447267809841,0.018020323256739978,0.01468222582374371,3109.213525390625,2975.87240234375,1.044807406037254,40.336476729474626,33.40504620074353,47.5138280531007
2020-06-26,3073.199951171875,3073.72998046875,3004.6298828125,3009.050048828125,8107850000,-0.024226905044785974,0.018851276999254308,0.017859700652708605,3107.4505249023437,2980.06240234375,1.0427467969994206,31.58112399439139,24.050080705680557,42.821078583616675
2020-06-29,3018.590087890625,3053.889892578125,2999.739990234375,3053.239990234375,4473970000,0.014685678433118632,0.019134742188792075,0.019549453945858934,3107.326025390625,2983.6360009765626,1.0414561375360727,37.689921064057756,19.971740322233018,38.25121093133995
2020-06-30,3050.199951171875,3111.510009765625,3047.830078125,3100.2900390625,4705850000,0.015409875731554612,0.019360997343529068,0.021286009961813235,3108.299523925781,2989.178603515625,1.0398507202848488,43.14405631924172,20.302141463118005,34.66139703769556
2020-07-01,3105.919921875,3128.43994140625,3101.169921875,3115.860107421875,4449230000,0.005022132820864389,0.019147475927875673,0.016506976921478976,3107.9490234375,2996.7646044921876,1.0371014856417635,61.78127571048808,21.571696055577377,32.04345684127192
2020-07-02,3143.639892578125,3165.81005859375,3124.52001953125,3130.010009765625,4197720000,0.004541250844364075,0.01915450269420185,0.016111266238859445,3108.8320190429686,3003.378603515625,1.0351115957887909,59.68890123915744,23.449297179022324,30.324624908822
2020-07-06,3155.2900390625,3182.590087890625,3155.2900390625,3179.719970703125,4759160000,0.01588172586745884,0.018553432646325578,0.00579340897367861,3108.1215209960938,3011.017001953125,1.0322497411937497,61.731329317740844,28.61859070176024,29.983418067409648
2020-07-07,3166.43994140625,3184.14990234375,3142.929931640625,3145.320068359375,4571330000,-0.010818532028197159,0.018472927418598385,0.010864405121057045,3103.768029785156,3017.188603515625,1.028695397486471,52.2446753667276,29.598317454811877,29.906397944890095
2020-07-08,3153.070068359375,3171.800048828125,3136.530029296875,3169.93994140625,4937310000,0.007827461915415501,0.018509497301730755,0.009689517684838757,3101.9060302734374,3023.017802734375,1.0260958527825097,55.982532027978976,31.992585353906634,30.323635426693407
2020-07-09,3176.169921875,3179.780029296875,3115.699951171875,3152.050048828125,4843650000,-0.005643606159361103,0.01851424530141122,0.010667936258640777,3100.0015380859377,3028.791005859375,1.0235112069762495,53.762580386857834,32.076734466864764,30.674255234727685
2020-07-10,3152.469970703125,3186.820068359375,3136.219970703125,3185.0400390625,4524190000,0.01046620127324438,0.012496851124348321,0.011282495514280474,3109.14853515625,3033.7016064453123,1.0248695944751605,58.67415232096845,34.40879656019342,31.421163499820835
2020-07-13,3205.080078125,3235.320068359375,3149.429931640625,3155.219970703125,4902440000,-0.009362541127788226,0.012555911298353423,0.009950067718938907,3114.844030761719,3038.5574072265626,1.025106197879864,53.641884166826124,33.46497882618269,31.829926565093206
2020-07-14,3141.110107421875,3200.949951171875,3127.659912109375,3197.52001953125,4507140000,0.013406370782667931,0.012742784496495534,0.010177322867758111,3121.39052734375,3045.8936083984377,1.0247864596245728,56.1121500380773,35.718516076979085,32.60764446747039
2020-07-15,3225.97998046875,3238.280029296875,3200.760009765625,3226.56005859375,4686830000,0.009082050740923053,0.01223907900586406,0.010329977063651546,3126.4815307617187,3053.570009765625,1.0238774682626943,67.98743686786882,39.393643636555225,33.96484430128736
2020-07-16,3208.360107421875,3220.389892578125,3198.590087890625,3215.570068359375,3972860000,-0.0034061012455366413,0.012234748888683979,0.009868127143078186,3131.5855346679687,3060.5126123046875,1.023222554965967,64.09945304273705,40.947392291183405,35.36135389926657
2020-07-17,3224.2099609375,3233.52001953125,3205.64990234375,3224.72998046875,4012850000,0.002848612194617406,0.012234547421544504,0.009192317777948168,3137.055029296875,3068.0388134765626,1.0224952225236377,76.83389638168786,42.428785026000696,36.7748401246134
2020-07-20,3224.2900390625,3258.610107421875,3215.159912109375,3251.840087890625,3979340000,0.0084069387471426,0.012187822072328255,0.006490952807974911,3144.7600341796874,3075.45181640625,1.0225359465570902,75.80563909297398,45.26853109375861,38.47357831844244
2020-07-21,3268.52001953125,3277.2900390625,3247.77001953125,3257.300048828125,4556610000,0.0016790373419135474,0.012152287658808774,0.005158127688402109,3151.73203125,3082.00181640625,1.0226249752587941,72.87377106204568,47.41307511230116,40.26147767721419
2020-07-22,3254.860107421875,3279.320068359375,3253.10009765625,3276.02001953125,4267160000,0.005747082068739751,0.01216930209775156,0.004460164027839719,3158.9685302734374,3088.91841796875,1.0226778771162082,73.12046544380058,50.04628446938841,42.218439035649034
2020-07-23,3271.639892578125,3279.989990234375,3222.659912109375,3235.659912109375,4296760000,-0.012319859824193036,0.010820869270209395,0.008036226550475345,3168.2350219726563,3096.2292138671874,1.0232559681896205,64.17853721316396,48.31940249647914,43.43863172781506
2020-07-24,3218.580078125,3227.260009765625,3200.050048828125,3215.6298828125,3689410000,-0.006190400054688405,0.010837210142247613,0.0085905653904784,3174.828515625,3104.1418115234374,1.0227717380176233,55.23636200521618,44.817946733377994,43.71449472892765
2020-07-27,3219.840087890625,3241.429931640625,3214.25,3239.409912109375,3970310000,0.007395138795039502,0.008923991000392702,0.008335383145875041,3186.3465087890627,3111.880009765625,1.0239297462594152,64.15864180023482,43.460877498410355,43.66377128282419
2020-07-28,3234.27001953125,3243.719970703125,3216.169921875,3218.43994140625,4053180000,-0.006473392152297919,0.008810685847579425,0.008539290611147773,3194.6065063476562,3118.9748095703126,1.0242488963185192,57.37934129156303,40.22954778531266,42.97692658332189
2020-07-29,3227.219970703125,3264.739990234375,3227.219970703125,3258.43994140625,4478200000,0.01242838167815008,0.008606736287399087,0.010438296823222585,3202.5140014648437,3125.06541015625,1.0247830304789434,65.16691250328034,40.43030601254031,42.46760246916558
2020-07-30,3231.760009765625,3250.919921875,3204.1298828125,3246.219970703125,4264920000,-0.003750251937389204,0.00869589560575017,0.008676377290619689,3209.0319946289064,3131.5310107421874,1.024748592180906,59.270804584774,39.15203851610113,41.80448967855269
2020-07-31,3270.449951171875,3272.169921875,3220.260009765625,3271.1201171875,5007530000,0.007670504990141325,0.008770207445926973,0.008128735706316031,3216.0875,3137.5212109375,1.0250408790189578,67.82858194409496,39.69070628241843,41.38173299932584
2020-08-03,3288.260009765625,3302.72998046875,3284.530029296875,3294.610107421875,4438940000,0.00718102343932614,0.00825900226984985,0.008103307488830421,3221.8320068359376,3144.443212890625,1.0246112868656867,65.85246655755034,41.53426906637878,41.412240212736435
2020-08-04,3289.919921875,3306.840087890625,3286.3701171875,3306.510009765625,4414380000,0.0036119303819721615,0.007709883669911934,0.006013436630339075,3229.89150390625,3151.4644140625,1.0248859195407036,63.82786102339895,43.454610818369474,41.820714333863044
2020-08-05,3317.3701171875,3330.77001953125,3317.3701171875,3327.77001953125,4535060000,0.006429743053199433,0.0076655472236297996,0.004728924415841153,3237.7830078125,3158.1844140625,1.025203909371337,68.73996374101986,46.15989803193452,42.68855107347734
2020-08-06,3323.169921875,3351.030029296875,3318.139892578125,3349.159912109375,4278930000,0.00642769555966427,0.00746652792206156,0.0015737636710512729,3247.6385009765627,3164.4450146484373,1.0262900717007302,69.96692713862943,49.45970254415715,44.04278136761331
2020-08-07,3340.050048828125,3352.5400390625,3328.719970703125,3351.280029296875,4110030000,0.0006330295486443038,0.007274730635880704,0.0027264360632836783,3255.9505004882812,3170.876015625,1.0268299625857533,67.34820438294457,51.650502293258796,45.56432555274241
2020-08-10,3356.0400390625,3363.2900390625,3335.43994140625,3360.469970703125,4327920000,0.002742218294476073,0.006711246684283011,0.002493071956294685,3266.213000488281,3177.1992138671876,1.0280164322817984,67.76769436726786,53.51143186934132,47.153746816062196
2020-08-11,3370.340087890625,3381.010009765625,3326.43994140625,3333.68994140625,4880540000,-0.007969132154236114,0.0066985751997981485,0.005925098203278797,3273.0214965820314,3182.7584130859377,1.0283600172494953,59.6635100793156,52.223309606187286,48.16765937408722
2020-08-12,3355.4599609375,3387.889892578125,3355.4599609375,3380.35009765625,3772250000,0.013996549490237653,0.007048825553122061,0.008039374330320469,3280.7109985351562,3188.749013671875,1.028839518089693,73.7438211682429,54.34113728199236,49.40235495566826
2020-08-13,3372.949951171875,3387.239990234375,3363.35009765625,3373.429931640625,3438730000,-0.002047174350497949,0.006996732087795947,0.008073122479309016,3288.6039916992186,3193.7602099609376,1.0296965881917106,77.05944756525298,54.82909572438848,50.48770310941231
2020-08-14,3368.659912109375,3378.510009765625,3361.639892578125,3372.85009765625,3200060000,-0.00017188262276812694,0.007019609061582122,0.008101985503680291,3296.0099975585936,3198.9702099609376,1.0303346956140742,74.8602955557476,54.54031178478408,51.29822484448667
2020-08-17,3380.860107421875,3387.590087890625,3379.219970703125,3381.989990234375,3460330000,0.0027098425110787527,0.006871556171019117,0.008100567635599616,3302.5174926757813,3202.7314111328124,1.0311565563056924,81.87488164106624,54.42162278665637,51.92290443292062
2020-08-18,3387.0400390625,3395.06005859375,3370.14990234375,3389.780029296875,3669550000,0.002303389154016955,0.006871504046883599,0.0062527399675671525,3309.141491699219,3205.8792138671874,1.0322102833398605,79.2725408832546,54.32987101491335,52.40429774931917
2020-08-19,3392.510009765625,3399.5400390625,3369.659912109375,3374.85009765625,3679480000,-0.0044043954214108005,0.006955938871727095,0.00298954224571158,3314.0829956054686,3209.2326171875,1.032671479735195,78.32638169800548,52.44785019660458,52.41300823877626
2020-08-20,3360.47998046875,3390.800048828125,3354.68994140625,3385.510009765625,3431040000,0.0031586327691348615,0.0061506774450826125,0.003141194174451109,3321.5755004882812,3213.14001953125,1.0337475118724675,76.87608484413235,51.22599952207793,52.1756064954366
2020-08-21,3386.010009765625,3399.9599609375,3379.31005859375,3397.159912109375,3505010000,0.0034411070444764214,0.00582042489906025,0.0032967033520191797,3330.652001953125,3221.0412158203126,1.0340296130314797,75.51374439363826,50.61427397233956,51.863339990817195
2020-08-24,3418.090087890625,3432.090087890625,3413.1298828125,3431.280029296875,3743410000,0.010043718303008653,0.005959763984469481,0.0051259676032323915,3340.2455078125,3228.840615234375,1.0345030634378458,77.95153283905026,52.28003368511054,51.946678729675874
2020-08-25,3435.949951171875,3444.2099609375,3425.840087890625,3443.6201171875,3627650000,0.0035963511532906,0.005536720086019147,0.00512042064451848,3351.5045166015625,3236.3812158203127,1.0355716132013422,77.03366945821227,53.97372669710194,52.35208832316109
2020-08-26,3449.969970703125,3481.070068359375,3444.14990234375,3478.72998046875,3780530000,0.010195626139483993,0.005364977560167694,0.0036849641889031568,3362.5190185546876,3243.461015625,1.0367070861515335,78.41573619661465,57.48639576657342,53.37894981184356
2020-08-27,3485.139892578125,3501.3798828125,3468.35009765625,3484.550048828125,3955890000,0.0016730440109038458,0.005121966585369365,0.00402437514009542,3374.4355224609376,3250.882216796875,1.0380060849407828,78.76042410869525,60.047650254040036,54.71268990028286
2020-08-28,3494.68994140625,3509.22998046875,3484.320068359375,3508.010009765625,3868510000,0.00673256535528588,0.005086531607865515,0.0038074589538007668,3386.2800170898436,3258.735615234375,1.039139229724316,79.99269444102548,63.24147728904563,56.41844737803542
2020-08-31,3509.72998046875,3514.77001953125,3493.25,3500.31005859375,4348280000,-0.0021949627140287475,0.005162295746666984,0.004738351899631952,3396.5650146484377,3266.7870166015623,1.0397264949895275,86.71989669643818,64.40882171257272,58.016522244942884
2020-09-01,3507.43994140625,3528.030029296875,3494.60009765625,3526.64990234375,4101490000,0.007525003016613407,0.005258161429099418,0.004974425701916868,3407.5720092773436,3274.9628125,1.0404918175776519,85.41346558432656,66.69058824995045,59.7513354459444
2020-09-02,3543.760009765625,3588.110107421875,3535.22998046875,3580.840087890625,4295640000,0.015365910154807594,0.005885614556328932,0.006638920889236002,3420.2255126953123,3283.9538134765626,1.04149622892366,90.85618157789948,72.0411541761373,62.209299191982986
2020-09-03,3564.739990234375,3564.85009765625,3427.409912109375,3455.06005859375,4911830000,-0.03512584371534122,0.010439879290012017,0.01977913855689356,3425.5205200195314,3292.0484130859377,1.0405437861736906,60.844789005646355,65.37847666241714,62.843134686069824
2020-09-04,3453.60009765625,3479.14990234375,3349.6298828125,3426.9599609375,4438720000,-0.008133027264274895,0.01066465778033833,0.019337196534782403,3429.3045166015627,3298.912412109375,1.0395257855326971,55.649635896199584,57.17177308037253,61.70886236493037
2020-09-08,3371.8798828125,3379.969970703125,3329.27001953125,3331.840087890625,4694330000,-0.027756342102360998,0.012457995451289363,0.02179410914105422,3427.8730224609376,3305.368212890625,1.0370623790392113,44.03074647738534,42.50257928351675,57.867605748647655
2020-09-09,3369.820068359375,3424.77001953125,3366.840087890625,3398.9599609375,3932520000,0.02014498633677464,0.013121850049483665,0.024800231481699724,3431.1365234375,3312.2826123046875,1.0358827808627458,52.24273723224505,35.879553169680094,53.469995232854146
2020-09-10,3412.56005859375,3425.550048828125,3329.25,3339.18994140625,4208630000,-0.01758479659017942,0.013379908628436837,0.021495424267484173,3429.078515625,3317.0606103515624,1.0337702316695279,46.051951997569496,25.51371003332997,47.878738192949314
2020-09-11,3352.699951171875,3368.949951171875,3310.469970703125,3340.969970703125,3710090000,0.0005330721905940639,0.0133769126531945,0.01828095620083351,3427.455517578125,3321.5628076171874,1.0318803876651372,45.12874370123537,17.24356506946333,41.75170356825212
2020-09-14,3363.56005859375,3402.929931640625,3363.56005859375,3383.5400390625,3839580000,0.012741829089357504,0.013696223718731058,0.020122594276026952,3427.9900146484374,3326.633408203125,1.0304682223762252,45.921053125621874,13.9635017894675,36.194063212495195
2020-09-15,3407.72998046875,3419.47998046875,3389.25,3401.199951171875,4057190000,0.005219359577689042,0.013731411875569395,0.014285199127782271,3428.9505126953127,3331.0630078125,1.0293862663820026,46.40823493272818,12.64329133335832,31.48390883666782
2020-09-16,3411.22998046875,3428.919921875,3384.449951171875,3385.489990234375,4718900000,-0.004618946596211537,0.013767409078655146,0.011376376574410263,3428.7360107421873,3335.86640625,1.027839725331383,41.83709107013316,10.211639062664744,27.229454881867206
2020-09-17,3346.860107421875,3375.169921875,3328.820068359375,3357.010009765625,4379840000,-0.008412365876402483,0.013864147454700175,0.008306832958318211,3427.8440063476564,3339.6078076171875,1.0264211260164184,39.26032493435774,5.918219165751907,22.967207738644145
2020-09-18,3357.3798828125,3362.27001953125,3292.39990234375,3319.469970703125,7076400000,-0.011182581807410497,0.014052367767221685,0.009986608040566504,3424.5420043945314,3342.9562060546873,1.0244052848170961,34.49148805081866,-0.5076624355697277,18.272233703801373
2020-09-21,3285.570068359375,3285.570068359375,3229.10009765625,3281.06005859375,4836070000,-0.011571097930805796,0.014208923012610297,0.006917968365951361,3418.73701171875,3344.8766064453125,1.0220816532158807,32.83273091801365,-8.600438303614737,12.89769930231815
2020-09-22,3295.75,3320.31005859375,3270.949951171875,3315.570068359375,3974510000,0.010517945160813724,0.01422982761673757,0.009137634370847372,3412.951513671875,3348.0836083984377,1.0193746372135752,33.68124461362898,-12.089986272447732,7.900162187364974
2020-09-23,3320.110107421875,3323.35009765625,3232.570068359375,3236.919921875,4378650000,-0.023721455093028143,0.01499368693529915,0.012342117455018703,3402.61650390625,3348.8716064453124,1.0160486587056663,24.380200310268137,-20.960270739403768,2.1280756020112244
2020-09-24,3226.139892578125,3278.699951171875,3209.449951171875,3246.590087890625,4601920000,0.0029874591429570607,0.01474481234746681,0.01345175946911912,3391.0095092773436,3349.27220703125,1.0124616034965663,31.221969618001722,-26.8996510727884,-3.6774697329487025
2020-09-25,3236.659912109375,3306.8798828125,3228.43994140625,3298.4599609375,3803330000,0.0159767237756141,0.015335960406080125,0.01631451283816665,3381.7050048828123,3350.9300048828127,1.0091840175578588,38.90059510503963,-27.10869535221036,-8.363714856801035
2020-09-28,3333.89990234375,3360.739990234375,3332.909912109375,3351.60009765625,3950910000,0.016110590199083896,0.015774322807756855,0.01659364262878249,3373.8845092773436,3353.4674072265625,1.0060883555948041,51.84026273031989,-22.72444625621938,-11.235861136684706
2020-09-29,3350.919921875,3357.919921875,3327.5400390625,3335.469970703125,3661590000,-0.0048126645432444715,0.01578549358510379,0.016590998112226144,3365.6425048828123,3355.1400048828127,1.0031302717575765,43.466634375218256,-20.317258986319757,-13.05214070661172
2020-09-30,3341.2099609375,3393.56005859375,3340.469970703125,3363.0,4738640000,0.008253718228220741,0.0158101620078275,0.008920812085154063,3357.460009765625,3357.25400390625,1.0000613614159475,52.62427400987647,-16.00362264592013,-13.642437094473404
2020-10-01,3385.8701171875,3397.179931640625,3361.389892578125,3380.800048828125,4076340000,0.005292907769290922,0.01537375944350896,0.008672254477448134,3347.4580078125,3359.3496044921876,0.9964601491122609,54.24021582621623,-11.021668653381766,-13.11828340625508
2020-10-02,3338.93994140625,3369.10009765625,3323.68994140625,3348.419921875,3975180000,-0.009577652178616392,0.013488478926814674,0.010295233984153985,3342.1260009765624,3361.6048046875,0.9942055045602697,46.17827964667976,-9.57585535459475,-12.409797795923016
2020-10-05,3367.27001953125,3409.570068359375,3367.27001953125,3408.60009765625,3692720000,0.01797270867614209,0.014061690849058799,0.010901485041776807,3341.2080078125,3365.464208984375,0.9927926135398732,50.7370653075219,-3.5332713077013977,-10.634492498278693
2020-10-06,3408.739990234375,3431.56005859375,3354.5400390625,3360.969970703125,4453390000,-0.013973515692226712,0.012931079784891386,0.01316671200431721,3342.664501953125,3367.89541015625,0.9925084050629843,47.70377788142336,-2.558342124114006,-9.019262423445756
2020-10-07,3384.56005859375,3426.260009765625,3384.56005859375,3419.43994140625,3814750000,0.01739675486921799,0.0127244527768949,0.014850186153612064,3343.6885009765624,3371.91541015625,0.9916288204933411,55.53544300125683,2.8989173450322596,-6.635626469750153
2020-10-08,3434.280029296875,3447.280029296875,3428.14990234375,3446.830078125,3867640000,0.008010123642494982,0.012094333726032884,0.014984865176557218,3349.0705078125,3375.683212890625,0.9921163499653938,61.499555816163,9.326480059448386,-3.443205163910445
2020-10-09,3459.669921875,3482.340087890625,3458.070068359375,3477.139892578125,3944090000,0.00879353312061526,0.01219455871287589,0.012947691154043383,3355.87900390625,3380.301611328125,0.992775021217033,67.96718786842396,16.673912056354766,0.5802182801425984
2020-10-12,3500.02001953125,3549.85009765625,3499.610107421875,3534.219970703125,3435760000,0.01641581296364758,0.012389886045104982,0.012652428802293744,3363.4130004882813,3385.5636083984373,0.9934573351818858,69.23952748773993,26.793827550440255,5.822940134202132
2020-10-13,3534.010009765625,3534.010009765625,3500.860107421875,3511.929931640625,3611100000,-0.006306918994084421,0.012512154982446167,0.009496428478145132,3368.949499511719,3389.9100048828127,0.9938167959205695,76.86322242959272,32.63907073255359,11.186166253872427
2020-10-14,3515.469970703125,3527.93994140625,3480.550048828125,3488.669921875,3858510000,-0.006623141753502759,0.012573115038968794,0.010152320317407575,3374.10849609375,3393.553203125,0.9942701039685059,73.03500880691098,34.99122263772006,15.947177530641955
2020-10-15,3453.719970703125,3489.080078125,3440.889892578125,3483.340087890625,3724550000,-0.0015277553060997207,0.01237794867899711,0.010120070782378211,3380.425,3396.6646044921877,0.9952189555392928,69.30174918270708,36.010144380761176,19.959770900665802
2020-10-16,3493.5,3515.760009765625,3480.449951171875,3483.81005859375,4688030000,0.00013491955745537076,0.012000279784427898,0.009415390709322239,3388.6420043945313,3399.357607421875,0.9968477564690611,65.50848205131729,36.43556341637577,23.2549294038078
2020-10-19,3493.659912109375,3502.419921875,3419.929931640625,3426.919921875,4091080000,-0.016329861778318078,0.012336176457180199,0.0064175840699324535,3395.9349975585938,3400.8704052734374,0.9985487810099465,59.79099522969352,31.815404308124016,24.967024384671046
2020-10-20,3439.3798828125,3476.929931640625,3435.64990234375,3443.1201171875,3917850000,0.004727334073110212,0.012199093568044116,0.008035128655983671,3402.3125,3402.523408203125,0.999938014180118,58.79125706950239,29.125376093731575,25.798694726483152
2020-10-21,3439.909912109375,3464.860107421875,3433.06005859375,3435.56005859375,4103960000,-0.0021956999281005363,0.010667474938482432,0.007906195822571854,3412.2445068359375,3404.560810546875,1.0022568832565009,56.14672311971609,26.082809415788688,25.855517664344266
2020-10-22,3438.5,3460.530029296875,3415.340087890625,3453.489990234375,4172060000,0.005218925396392127,0.010678601438804454,0.008758239508095598,3422.589501953125,3406.0236083984373,1.0048637048533193,62.189372340805186,24.832100047811764,25.650834141037773
2020-10-23,3464.89990234375,3466.4599609375,3440.449951171875,3465.389892578125,3651600000,0.003445761353703114,0.010245089568546877,0.009050869799525735,3430.935998535156,3407.8628076171876,1.0067705750555438,57.41942521630462,24.5184926097495,25.424365834780122
2020-10-26,3441.419921875,3441.419921875,3364.860107421875,3400.969970703125,4002210000,-0.018589516294535646,0.01074848291505241,0.01001146202653229,3433.4044921875,3408.425205078125,1.0073286886483996,55.00625782227785,18.85446460859248,24.110385589542595
2020-10-27,3403.14990234375,3409.510009765625,3388.7099609375,3390.679931640625,3962400000,-0.0030256189119989285,0.010706836233017636,0.009391151093744873,3436.164990234375,3408.59900390625,1.0080871895745245,45.906864942283114,13.381112322260378,21.964530936086152
2020-10-28,3342.47998046875,3342.47998046875,3268.889892578125,3271.030029296875,5139970000,-0.035287878760604796,0.013251933522472344,0.017129521916479755,3431.5664916992187,3406.22400390625,1.007440053197883,30.183944877629685,-0.6043395115152634,17.45075684656587
2020-10-29,3277.169921875,3341.050048828125,3259.820068359375,3310.110107421875,4911860000,0.011947330894238384,0.013507291452793137,0.018774691341436844,3428.0319946289064,3404.9292041015624,1.0067851015814115,31.53755398510168,-8.437216174598689,12.273162242332956
2020-10-30,3293.590087890625,3304.929931640625,3233.93994140625,3269.9599609375,4843930000,-0.012129550130175693,0.013604597411159143,0.01759317200773871,3424.108996582031,3402.618203125,1.0063159579400631,19.654596824973183,-17.680795431613205,6.282370707543723
2020-11-02,3296.199951171875,3330.139892578125,3279.739990234375,3310.239990234375,4314690000,0.01231820260127181,0.01324136126889679,0.019741701568919842,3419.1909912109377,3400.8798046875,1.005384249833881,27.758554961102064,-21.508203675601635,0.7242558309146505
2020-11-03,3336.25,3389.489990234375,3336.25,3369.159912109375,4241380000,0.01779929009643455,0.013553114139590547,0.022349059576668922,3419.60048828125,3399.63740234375,1.0058721221044742,37.7819133190331,-19.561612906070877,-3.3329179164824563
2020-11-04,3406.4599609375,3486.25,3405.169921875,3443.43994140625,4790400000,0.02204704770168342,0.01389896948369772,0.013267041067737259,3420.80048828125,3399.633798828125,1.0062261674949877,46.42484788797589,-11.888109391661146,-5.0439562115181955
2020-11-05,3485.739990234375,3529.050048828125,3485.739990234375,3510.449951171875,4858150000,0.01946019413896294,0.014451922162800045,0.013897076170523047,3423.981481933594,3400.2681982421873,1.0069739450857629,52.13269178824633,-0.3951003390484402,-4.114185037024244
2020-11-06,3508.340087890625,3521.580078125,3484.340087890625,3509.43994140625,4842460000,-0.00028771518741854685,0.014336857493466474,0.008882750497500626,3425.596484375,3400.76599609375,1.0073014398255484,57.25539794119643,8.533325921313462,-1.584682845356702
2020-11-09,3583.0400390625,3645.989990234375,3547.47998046875,3550.5,8570510000,0.01169988923568721,0.014099174606998258,0.008920892740239177,3426.4104858398437,3401.6157958984377,1.007289091840208,59.04571517888728,18.70673207099844,2.473600137914328
2020-11-10,3543.260009765625,3557.219970703125,3511.909912109375,3545.530029296875,6037470000,-0.0013997945931910616,0.014020170953036133,0.010872520471985824,3428.0904907226563,3402.5201953125,1.0075151046701745,59.304507977794955,26.067702393481795,7.192420589027824
2020-11-11,3563.219970703125,3581.159912109375,3557.0,3572.659912109375,4635560000,0.007651855318760337,0.013998041055732689,0.008667972865448157,3432.289990234375,3403.4403955078124,1.008476597611241,59.92834635227039,33.7019837264138,12.494333216505023
2020-11-12,3562.669921875,3569.02001953125,3518.580078125,3537.010009765625,4909660000,-0.009978532303877019,0.014213269499635079,0.008444489406218433,3434.973486328125,3402.5637939453127,1.0095250800118674,55.73971216524085,36.455323230760314,17.286531219356085
2020-11-13,3552.570068359375,3593.659912109375,3552.570068359375,3585.14990234375,4719580000,0.013610335409063534,0.014493653268524694,0.00986202794117155,3440.040478515625,3405.1655908203124,1.0102417596927824,65.15585152910366,42.03727212808144,22.23667940110116
2020-11-16,3600.159912109375,3628.510009765625,3600.159912109375,3626.909912109375,5295510000,0.011648051240012336,0.0140210940025986,0.009852348399951152,3450.0399780273438,3409.16458984375,1.0119898547302075,68.48175047522416,49.262819511809084,27.641907423242753
2020-11-17,3610.31005859375,3623.110107421875,3588.679931640625,3609.530029296875,4812180000,-0.004791925698091615,0.014118247700723499,0.010442611309273523,3458.3604736328125,3414.718388671875,1.0127805810006816,81.52826933064824,52.97603185861226,32.708732310316655
2020-11-18,3612.090087890625,3619.090087890625,3567.330078125,3567.7900390625,5284810000,-0.011563829610944043,0.014432676275469387,0.012009815039862681,3464.97197265625,3418.094990234375,1.0137143591842253,73.88226232503918,51.95184251779756,36.55735435181284
2020-11-19,3559.409912109375,3585.219970703125,3543.840087890625,3581.8701171875,4363370000,0.003946442467421596,0.014420490795126131,0.01072564337709952,3471.390979003906,3422.94859375,1.0141522386115753,80.37634229640035,51.680568297582795,39.581997140966834
2020-11-20,3579.31005859375,3581.22998046875,3556.85009765625,3557.5400390625,4236370000,-0.006792562915180156,0.014544890730915394,0.009255580357225056,3475.998486328125,3427.2799951171874,1.0142149142411319,74.85628890922877,48.9382182370432,41.45324136018211
2020-11-23,3566.820068359375,3589.81005859375,3552.77001953125,3577.590087890625,5057550000,0.005635930617216234,0.013779961323119774,0.007303334284564532,3484.8294921875,3431.16099609375,1.0156414974857926,72.72511903849266,47.83138697661889,42.72887048346947
2020-11-24,3594.52001953125,3642.31005859375,3594.52001953125,3635.409912109375,6280290000,0.016161668273416252,0.01403144945144483,0.01092569492784699,3497.0659912109377,3435.8451953125,1.0178182637512192,71.70969257792677,51.031532086595234,44.38940280409463
2020-11-25,3635.5,3635.5,3617.760009765625,3629.64990234375,4910440000,-0.001584418237524976,0.010759560324512703,0.008614870566693399,3514.9969848632813,3440.7283935546875,1.0215851362890824,65.6479815496996,52.497724404144265,46.011067124104564
2020-11-27,3638.550048828125,3644.31005859375,3629.330078125,3638.35009765625,2778390000,0.002396979198154181,0.010659069951196273,0.008621466843293141,3531.408984375,3446.3551953125,1.0246793450594367,66.58777241763227,53.74221858778901,47.55729741684146
2020-11-30,3634.179931640625,3634.179931640625,3594.389892578125,3621.6298828125,6308410000,-0.004595548640170977,0.010150559046292314,0.008022358593590552,3548.99248046875,3452.3983935546876,1.0279788355522337,59.76441899716198,52.77099639555536,48.60003721258424
2020-12-01,3645.8701171875,3678.449951171875,3645.8701171875,3662.449951171875,5418480000,0.011271187194776155,0.01011438285964323,0.008742866958376058,3566.602978515625,3460.02619140625,1.0308023064605936,64.61206496746257,54.66499020072979,49.813027810213356
2020-12-02,3653.780029296875,3670.9599609375,3644.840087890625,3669.010009765625,5041250000,0.0017911667548251575,0.009682086066904556,0.005966606430384955,3581.5954833984374,3467.094990234375,1.0330249080243175,62.69400453143636,56.04923514729717,51.06026927763013
2020-12-03,3668.280029296875,3682.72998046875,3657.169921875,3666.719970703125,5065340000,-0.000624157213091503,0.008782289299152429,0.005842347441406905,3592.759484863281,3475.6909912109377,1.0336820775921616,68.7360702819516,56.312338640079815,52.110683150120074
2020-12-04,3670.93994140625,3699.199951171875,3670.93994140625,3699.1201171875,5099620000,0.008836275129611826,0.008035472364117533,0.006599224212452204,3602.1929931640625,3484.741591796875,1.0337044794494001,67.24675290129322,58.46136487232343,53.38081949456075
2020-12-07,3694.72998046875,3697.409912109375,3678.8798828125,3691.9599609375,4804500000,-0.0019356376714373402,0.008075547182020382,0.005866554804766269,3611.318994140625,3492.611591796875,1.0339881487602454,60.99521227822432,58.90766794747333,54.48618918514327
2020-12-08,3683.050048828125,3708.449951171875,3678.830078125,3702.25,4584390000,0.002787148065356293,0.007785885992907214,0.0041721451642997365,3618.906494140625,3499.62458984375,1.0340841999576305,66.0570217681196,59.40688096065378,55.47032754024537
2020-12-09,3705.97998046875,3712.389892578125,3660.5400390625,3672.820068359375,5232800000,-0.007949201604598555,0.008074266412328824,0.006183155236207482,3625.27099609375,3506.371591796875,1.033909527608266,68.99889505104758,56.77331392032511,55.73092481626132
2020-12-10,3659.1298828125,3678.489990234375,3645.179931640625,3668.10009765625,4658480000,-0.0012851080682624305,0.007979881277979942,0.006212785738453587,3630.043005371094,3512.47359375,1.033471970246351,66.1448657939004,53.68646670818998,55.32203319464706
2020-12-11,3656.080078125,3665.909912109375,3633.39990234375,3663.4599609375,4375470000,-0.0012649972997506032,0.007555449738020096,0.003851636627284912,3636.3655029296874,3518.1267919921875,1.0336084279869133,71.4100020726616,50.28603172729345,54.314832901176345
2020-12-14,3675.27001953125,3697.610107421875,3645.840087890625,3647.489990234375,4623850000,-0.004359258971957769,0.00713175139336509,0.004002156739369645,3639.4825073242187,3524.108193359375,1.0327385845253696,64.36609739502528,45.774855298965576,52.606837380734184
2020-12-15,3666.409912109375,3695.2900390625,3659.6201171875,3694.6201171875,4387080000,0.012921249154708825,0.007237763030652814,0.00793178268581271,3642.868017578125,3529.82859375,1.0320240546604091,62.72839204234732,45.478475286719004,51.18116496193115
2020-12-16,3696.25,3711.27001953125,3688.570068359375,3701.169921875,4067040000,0.0017727951669590514,0.007111409082240786,0.0067126018360737375,3647.4500122070312,3536.6325927734374,1.0313341622367085,65.3225975178047,45.250487043798785,49.995029378304686
2020-12-17,3713.64990234375,3725.1201171875,3710.8701171875,3722.47998046875,4192810000,0.005757654753379748,0.006492964077166765,0.006706057254767377,3655.1845092773438,3542.6933935546876,1.0317529922085027,67.10021457395854,46.25613640461597,49.24725078356695
2020-12-18,3722.389892578125,3726.699951171875,3685.840087890625,3709.409912109375,7097100000,-0.0035111185091528663,0.006597326195608696,0.007122591383075731,3661.5614990234376,3547.944990234375,1.0320231878176773,68.11088152951713,45.474276332090994,48.49265589327176
2020-12-21,3684.280029296875,3702.89990234375,3636.47998046875,3694.919921875,4748580000,-0.0039062790518439305,0.006429565763654449,0.00701534811512434,3668.4304931640627,3552.3005908203127,1.032691462722453,57.51583163705287,43.18758587102229,47.43164188882187
2020-12-22,3698.080078125,3698.260009765625,3676.159912109375,3687.260009765625,4053310000,-0.002073092860288006,0.006425883917182721,0.004105171203299456,3673.9139892578123,3555.3613916015624,1.0333447390007366,54.202931796816316,40.292805929881524,46.00387469703381
2020-12-23,3693.419921875,3711.239990234375,3689.280029296875,3690.010009765625,3779160000,0.000745811250824957,0.005425115878076836,0.003993965539751293,3676.643994140625,3558.9229931640625,1.0330777039016241,55.35230169844519,37.78501189132476,44.360102135892
2020-12-24,3694.030029296875,3703.820068359375,3689.320068359375,3703.06005859375,1883780000,0.0035365890047962534,0.005429510284205543,0.0031433874562135566,3680.314501953125,3563.2107958984375,1.0328646585235663,50.993829365323734,36.43064710220551,42.77421112915471
2020-12-28,3723.030029296875,3740.510009765625,3723.030029296875,3735.360107421875,3535460000,0.008722529021144565,0.005692098335280633,0.004970695311445373,3685.165002441406,3568.2511962890626,1.0327650156115502,59.71528599831891,37.53101309015665,41.7255715213551
2020-12-29,3750.010009765625,3756.1201171875,3723.31005859375,3727.0400390625,3393290000,-0.00222738052560012,0.005585946199126311,0.0045621167312266675,3690.435510253906,3573.1157958984377,1.0328340084836152,55.59872256052508,37.30171018492365,40.84079925406881
2020-12-30,3736.18994140625,3744.6298828125,3730.2099609375,3732.0400390625,3154850000,0.0013415471654707467,0.0050860251809307115,0.004078378488170233,3693.9150146484376,3579.2181982421876,1.0320452149194423,65.03348625160986,37.09582659609623,40.0918047224743
2020-12-31,3733.27001953125,3760.199951171875,3726.8798828125,3756.070068359375,3179040000,0.006438845522919845,0.005230425352772263,0.004282384920009837,3698.268017578125,3585.477197265625,1.0314576872496966,70.33797185280011,38.428702741397046,39.759184326258854
2021-01-04,3764.610107421875,3769.989990234375,3662.7099609375,3700.64990234375,5015000000,-0.014754827521051062,0.006327238989134751,0.009246096596579345,3699.9645141601563,3590.778994140625,1.0304071958195418,56.96309691197417,34.61406308485721,38.730160077978525
2021-01-05,3698.02001953125,3737.830078125,3695.070068359375,3726.860107421875,4591020000,0.007082595157549276,0.006216519325184312,0.008876789607748185,3701.351513671875,3596.246396484375,1.029226339243676,64.31172531348446,33.32176560422977,37.648481183228775
2021-01-06,3712.199951171875,3783.0400390625,3705.340087890625,3748.139892578125,6064110000,0.005709842747752214,0.006300359760305983,0.009178222078108438,3704.160510253906,3601.901396484375,1.0283903145903275,60.64264554097052,33.62707932156718,36.84420081089646
2021-01-07,3764.7099609375,3811.550048828125,3764.7099609375,3803.7900390625,5099160000,0.014847403800101189,0.007037213588579271,0.011041877263624322,3709.237512207031,3609.9577978515626,1.0275016274191775,67.07259218822855,37.92239857098048,37.05984036291326
2021-01-08,3815.050048828125,3826.68994140625,3783.60009765625,3824.679931640625,4773040000,0.005491862685268911,0.006734977630821607,0.010994708138538993,3716.8305053710938,3618.6377978515625,1.027135268298427,67.02649409050568,42.521943276086404,38.152260945547894
2021-01-11,3803.139892578125,3817.860107421875,3789.02001953125,3799.610107421875,4465430000,-0.006554750898592476,0.006971226038684538,0.007665984634824588,3723.406005859375,3629.2093994140623,1.0259551312912727,64.4495965407949,43.6411225999459,39.2500332764275
2021-01-12,3801.6201171875,3810.780029296875,3776.510009765625,3801.18994140625,4994950000,0.0004157884466327033,0.006942584082908641,0.007859120656387384,3730.2925048828124,3639.03099609375,1.0250785192231189,67.75843611594335,44.146664409701316,40.229359503082264
2021-01-13,3802.22998046875,3820.9599609375,3791.5,3809.840087890625,4602510000,0.0022756417379066196,0.006786019838525104,0.007820338583454616,3738.410009765625,3649.8285986328124,1.024270019465022,70.41638880304484,44.72968845986179,41.12942529443817
2021-01-14,3814.97998046875,3823.60009765625,3792.860107421875,3795.5400390625,5198480000,-0.0037534511943366766,0.006413808674372748,0.0047870159931594925,3743.456005859375,3659.534599609375,1.0229322620037418,66.92541245441211,43.53598900905672,41.610738037361884
2021-01-15,3788.72998046875,3788.72998046875,3749.6201171875,3768.25,5369820000,-0.007190027975370938,0.006691154722967131,0.00419084771524749,3746.810009765625,3667.5164013671874,1.0216205190981227,59.998756792704924,39.92763459664138,41.27411734921779
2021-01-19,3781.8798828125,3804.530029296875,3780.3701171875,3798.909912109375,5014440000,0.008136379515524483,0.006801899649985183,0.00585948630943732,3750.6315063476563,3674.62580078125,1.0206839307420765,59.796483051293976,39.0913654720307,40.837566973780376
2021-01-20,3816.219970703125,3859.75,3816.219970703125,3851.85009765625,4566190000,0.013935625421946263,0.007289002143287471,0.008594059426307305,3757.753515625,3681.4538037109373,1.020725429675948,66.9132972761235,42.21383192261919,41.11281996354814
2021-01-21,3857.4599609375,3861.449951171875,3845.050048828125,3853.070068359375,4501760000,0.0003167233075522802,0.00717184008063928,0.008661535574750284,3765.661022949219,3688.32640625,1.0209674004361904,66.57082173712195,44.276459061961305,41.745547783230776
2021-01-22,3844.239990234375,3852.31005859375,3830.409912109375,3841.469970703125,5110890000,-0.0030106116552376383,0.0072036971738460845,0.008537461935283841,3773.3715209960938,3694.1458056640627,1.0214462881271653,62.10452444657299,44.462538528331606,42.28894593225095
2021-01-25,3851.679931640625,3859.22998046875,3797.159912109375,3855.360107421875,7000840000,0.0036158389430824833,0.007204405211873756,0.006650118735151269,3781.639025878906,3700.3424072265625,1.0219700259342421,74.85462414074689,45.20967678264424,42.87309210232961
2021-01-26,3862.9599609375,3870.89990234375,3847.780029296875,3849.6201171875,6137500000,-0.0014888337468982327,0.007243555948842763,0.006762248429747316,3788.9670288085936,3705.881611328125,1.0224198790448387,71.11019494472075,44.82194056111348,43.26286179408638
2021-01-27,3836.830078125,3836.830078125,3732.47998046875,3750.77001953125,9976520000,-0.025677883699462,0.00933691851968425,0.011683868871773787,3789.7375244140626,3710.1568115234377,1.0214494203165358,50.3570337268117,36.121889400029886,41.834667315275084
2021-01-28,3755.75,3830.5,3755.75,3787.3798828125,6992770000,0.009760625975629766,0.009551994628706841,0.013439907207526936,3792.7545166015625,3714.2014111328126,1.0211493930386484,47.650926964014616,31.814409471189265,39.83061574645792
2021-01-29,3778.050048828125,3778.050048828125,3694.1201171875,3714.239990234375,6643370000,-0.019311475173124593,0.010559007536179369,0.015196238398979104,3791.8645141601564,3715.9480126953126,1.020429914844201,36.247954044122125,22.242524540979957,36.31299750536233
2021-02-01,3731.169921875,3784.320068359375,3725.6201171875,3773.860107421875,5436230000,0.016051767614439383,0.01108225504880508,0.018041739270719302,3792.754016113281,3719.2346142578126,1.0197673471777309,47.047630031138276,19.24572917710111,32.89954383971009
2021-02-02,3791.840087890625,3843.090087890625,3791.840087890625,3826.31005859375,5514090000,0.013898223484416938,0.010884602205138814,0.019829292981962267,3799.0370239257813,3724.4050146484374,1.020038639456184,52.57927694413389,20.862529721367082,30.49214101604149
2021-02-03,3840.27001953125,3847.510009765625,3816.679931640625,3830.169921875,4864870000,0.0010087690809532646,0.010811817316750858,0.014390801201656929,3804.2025146484375,3729.3710107421875,1.0200654490236298,52.10815967237967,22.1994134896363,28.833595510760453
2021-02-04,3836.659912109375,3872.419921875,3836.659912109375,3871.739990234375,4879240000,0.010853322230420792,0.010979010328300587,0.014502669463078969,3810.38251953125,3735.655009765625,1.0200038573075605,57.47879273501713,26.30997558757963,28.328871526124292
2021-02-05,3878.300048828125,3894.56005859375,3874.929931640625,3886.830078125,4879470000,0.003897495164625342,0.01055262339997869,0.006460446002612965,3814.534521484375,3741.8398095703124,1.0194275318061814,61.923821719097994,30.43444036114579,28.749985293128592
2021-02-08,3892.590087890625,3915.77001953125,3892.590087890625,3915.590087890625,4648360000,0.007399348360373592,0.010602588464446082,0.005178490674724696,3819.080029296875,3747.4434130859377,1.0191161302024696,61.777778653999135,35.61327319511611,30.122642873526097
2021-02-09,3910.489990234375,3918.35009765625,3902.639892578125,3911.22998046875,4568320000,-0.0011135249921484514,0.010461216260060633,0.004816455181994206,3824.661022949219,3753.0750146484374,1.0190739614906117,56.64560939489489,38.91709920294761,31.881534139410405
2021-02-10,3920.780029296875,3931.5,3884.93994140625,3909.8798828125,4837070000,-0.00034518493235935477,0.01046675340027012,0.005085942631875794,3830.0955200195312,3758.5056103515626,1.0190474398842981,56.356124106305344,40.95436706895043,33.69610072531841
2021-02-11,3916.39990234375,3925.989990234375,3890.389892578125,3916.3798828125,4590960000,0.0016624551635393559,0.010465145479918642,0.00345003492913501,3835.422509765625,3764.4006103515626,1.0188667218942538,58.47799453241179,42.60231919110083,35.47734441847489
2021-02-12,3911.64990234375,3937.22998046875,3905.780029296875,3934.830078125,4135060000,0.0047110331133788375,0.010415429303133272,0.003561582988302015,3842.38701171875,3769.848212890625,1.0192418354086739,58.90219668962303,44.879763708414885,37.35782827646289
2021-02-16,3939.610107421875,3950.429931640625,3923.85009765625,3932.590087890625,5058990000,-0.0005692724183511411,0.010216107934750295,0.002390819286013304,3850.6040161132814,3775.119814453125,1.0199951803837228,59.36772119972546,45.97394735760281,39.081052092690875
2021-02-17,3918.5,3933.610107421875,3900.429931640625,3931.330078125,4730650000,-0.0003204020092266724,0.010131547118306923,0.002248464470931886,3857.2250244140623,3780.4120166015623,1.0203186868191028,76.14839914975823,46.20678052187259,40.50619777852722
2021-02-18,3915.860107421875,3921.97998046875,3885.030029296875,3913.969970703125,4793650000,-0.004415835627354592,0.00979663973314162,0.0033412500464353855,3860.331018066406,3784.709013671875,1.019980929609477,69.41503243745596,44.47777479615843,41.300513182053464
2021-02-19,3921.159912109375,3930.409912109375,3903.070068359375,3906.7099609375,4845320000,-0.0018548966445751658,0.009814833894748921,0.0033301997382340926,3863.0130126953127,3789.004013671875,1.0195325734035623,86.99487092853556,42.037125373954495,41.44783562043367
2021-02-22,3885.550048828125,3902.919921875,3874.7099609375,3876.5,5917100000,-0.0077328394581538396,0.009965393048294335,0.0031145635427260463,3864.764514160156,3792.489013671875,1.019057537207815,72.2433443982261,37.23596868206869,40.60546223276068
2021-02-23,3857.070068359375,3895.97998046875,3805.590087890625,3881.3701171875,6296610000,0.0012563181187927874,0.009940518069706429,0.0035449019702692543,3866.0650146484377,3796.6600146484375,1.0182805412473646,65.03218048801297,33.438536534642026,39.17207709313695
2021-02-24,3873.7099609375,3928.64990234375,3859.60009765625,3925.429931640625,6012790000,0.01135161376597904,0.010223850177529518,0.0072935752571603625,3869.855505371094,3801.806611328125,1.0178990940360315,71.326176236851,33.59701749762371,38.05706517403431
2021-02-25,3915.800048828125,3925.02001953125,3814.0400390625,3829.340087890625,6547470000,-0.02447880752512621,0.010061239564379699,0.013236243162424286,3873.7840087890627,3805.1242138671873,1.0180440351123508,42.370285629935786,25.67302481907518,35.580257103042484
2021-02-26,3839.659912109375,3861.080078125,3789.5400390625,3811.14990234375,6526070000,-0.004750214169902844,0.009925008224466179,0.01316613131051705,3874.972509765625,3808.397412109375,1.0174811319439943,36.53188091211959,17.72112943107004,32.00843156864799
2021-03-01,3842.510009765625,3914.5,3842.510009765625,3901.820068359375,5114820000,0.023790763506800205,0.010106700882744794,0.01808268237066336,3884.351513671875,3812.5414111328123,1.0188352321444625,47.9919509996454,18.52200948523523,29.31114715196544
2021-03-02,3903.639892578125,3906.409912109375,3868.570068359375,3870.2900390625,5536010000,-0.008080851690870694,0.009842634970118466,0.01858088178754133,3889.1730102539063,3815.9238134765624,1.0191956654162362,44.468181404327815,16.423186569685186,26.73355503550939
2021-03-03,3863.989990234375,3874.469970703125,3818.860107421875,3819.719970703125,6173660000,-0.01306622187199813,0.00987405563348681,0.01790563686345415,3888.843505859375,3817.86861328125,1.0185901872922563,39.247745431612934,10.557571292997181,23.498358287006948
2021-03-04,3818.530029296875,3843.669921875,3723.340087890625,3768.469970703125,7195400000,-0.013417213930100202,0.010310677729912421,0.015462985007211423,3885.758508300781,3819.049814453125,1.0174673536844685,34.06179248832072,1.7533704774377838,19.149360725093118
2021-03-05,3793.580078125,3851.68994140625,3730.18994140625,3841.93994140625,6851070000,0.01949596819778221,0.010982309849655281,0.018350238045490602,3884.268505859375,3821.99021484375,1.0162947280120578,41.051568523783274,0.6963632794295336,15.4587612359604
2021-03-08,3844.389892578125,3881.06005859375,3819.25,3821.35009765625,5871710000,-0.005359231030161227,0.010989868125906032,0.013614377679945994,3880.9945068359375,3824.6720166015625,1.0147260967711476,39.64978563078884,-1.7822066851572345,12.010567651736874
2021-03-09,3851.929931640625,3903.760009765625,3851.929931640625,3875.43994140625,5513560000,0.01415464230382213,0.011352688126409964,0.015485978202431788,3878.9869995117188,3828.380615234375,1.0132187442585945,45.26523267838677,0.6110631481169548,9.73066675101289
2021-03-10,3891.989990234375,3917.35009765625,3885.72998046875,3898.81005859375,5847380000,0.006030313342701321,0.01144287382746119,0.013584503056123024,3878.366003417969,3832.295615234375,1.0120216164954634,48.72866451525459,4.343451275774896,8.653223655965292
2021-03-11,3915.5400390625,3960.27001953125,3915.5400390625,3939.340087890625,5312880000,0.010395487004435822,0.011680186008928797,0.009403106226638931,3879.839013671875,3836.37521484375,1.0113293920417257,52.591790771841815,10.451353698325875,9.01284966443741
2021-03-12,3924.52001953125,3944.989990234375,3915.2099609375,3943.340087890625,4476280000,0.0010153984958789497,0.011677517970889832,0.007695212425217167,3881.1870239257814,3840.7012158203124,1.0105412542737517,55.53972323338196,15.436731907465855,10.2976261130431
2021-03-15,3942.9599609375,3970.080078125,3923.5400390625,3968.93994140625,4900100000,0.006491921301497117,0.011718775479758322,0.004945333013200277,3882.8925170898438,3845.4392138671874,1.0097396685111013,57.01670302635738,21.2088913898624,12.479879168406962
2021-03-16,3973.590087890625,3981.0400390625,3953.43994140625,3962.7099609375,4613080000,-0.0015696837343783798,0.011725698595797876,0.004744632619411949,3884.3985107421877,3849.57201171875,1.0090468496023506,53.17991347746536,24.992563295772925,14.982415993880158
2021-03-17,3949.570068359375,3983.8701171875,3935.739990234375,3974.1201171875,4561660000,0.00287938213053085,0.011736503999637096,0.00469502139592776,3886.5380126953123,3855.041416015625,1.0081702356163635,64.43469180607991,28.582374965124018,17.702407788128934
2021-03-18,3953.5,3969.6201171875,3910.860107421875,3915.4599609375,5118590000,-0.014760539319459198,0.012188740735964805,0.008135404985252276,3886.612512207031,3858.8134130859376,1.0072040537194211,59.623227968701435,26.389737740654255,19.439873778634
2021-03-19,3913.139892578125,3930.1201171875,3886.75,3913.10009765625,7757420000,-0.0006027039747036333,0.012181440841801026,0.00805761958434016,3886.932019042969,3862.1126171875,1.0064263796309345,51.243225265863416,24.182870619381447,20.38847314678349
2021-03-22,3916.47998046875,3955.31005859375,3914.159912109375,3940.590087890625,4316260000,0.007025118077311765,0.012125520161412884,0.008192436280609616,3890.1365234375,3864.8486181640624,1.0065430519463527,57.81772037251519,24.371189097258593,21.185016336878512
2021-03-23,3937.60009765625,3949.1298828125,3901.570068359375,3910.52001953125,4669010000,-0.007630854183940605,0.012273333345171075,0.008657977863988307,3891.5940185546874,3866.565419921875,1.0064730829339796,60.57980001991267,21.84224582365414,21.31646223423364
2021-03-24,3919.929931640625,3942.080078125,3889.070068359375,3889.139892578125,4783020000,-0.00546733601831495,0.012061118882188495,0.008121078007980656,3889.7795166015626,3868.356015625,1.0055381409803104,65.11207537570445,17.906428335838427,20.634455454554598
2021-03-25,3879.340087890625,3919.5400390625,3853.5,3909.52001953125,4948340000,0.005240265846959469,0.010690675508013678,0.006420387118482569,3893.7885131835938,3870.5226171875,1.0060110476793958,59.76138889829265,16.24451389764681,19.75646714317304
2021-03-26,3917.1201171875,3978.18994140625,3917.1201171875,3974.5400390625,5483160000,0.016631202604519668,0.011135651920005625,0.00989461221619148,3901.9580200195314,3873.8166162109374,1.0072645162630645,69.61005289219418,19.944103700443975,19.793994454627228
2021-03-29,3969.31005859375,3981.830078125,3943.25,3971.090087890625,4628180000,-0.0008680126852336212,0.009912559839319846,0.009752355949043709,3905.421520996094,3877.3276171875,1.007245687386348,64.06824868916871,22.340149706582906,20.303225505018364
2021-03-30,3963.340087890625,3968.010009765625,3944.35009765625,3958.550048828125,4121510000,-0.0031578329337678124,0.0097366700321539,0.008860445916051904,3909.834521484375,3881.1336181640627,1.0073949794426014,59.07570561622222,22.96246013140353,20.835072430295398
2021-03-31,3967.25,3994.409912109375,3966.97998046875,3972.889892578125,4578050000,0.0036224990395776757,0.009149549722987501,0.007676735781368129,3917.493017578125,3884.6132177734376,1.0084641116017037,55.53754748944634,24.332263981260894,21.5345107404885
2021-04-01,3992.780029296875,4020.6298828125,3992.780029296875,4019.8701171875,4162130000,0.011825201774944727,0.008636460307757492,0.008409597803333063,3930.063024902344,3887.9736181640624,1.0108255381522255,61.06211741688776,28.87589159336403,23.00278691106361
2021-04-05,4034.43994140625,4083.419921875,4034.43994140625,4077.909912109375,4005030000,0.014438226417743616,0.008199307539478649,0.007720052931332275,3941.8615234375,3892.4704150390626,1.0126888847266786,64.40067031333987,36.736598957373644,25.74954932032562
2021-04-06,4075.570068359375,4086.22998046875,4068.139892578125,4073.93994140625,4081270000,-0.0009735307519511682,0.008020199747378555,0.007740808108134955,3954.491015625,3897.119814453125,1.0147214363179453,64.78766814717105,42.159929298074076,29.031625315875317
2021-04-07,4074.2900390625,4083.1298828125,4068.31005859375,4079.949951171875,4120810000,0.001475232784985625,0.007601913183174186,0.006705645938717161,3964.716516113281,3901.611611328125,1.016174061149996,64.27470136931808,46.407953229520444,32.50689089860434
2021-04-08,4089.949951171875,4098.18994140625,4082.5400390625,4097.169921875,3907100000,0.0042206328286402695,0.007569660512544773,0.006656051608593369,3974.6345092773436,3906.562607421875,1.0174250123948205,77.59452709757024,50.580984420167624,36.121709602917
2021-04-09,4096.10986328125,4129.47998046875,4095.510009765625,4128.7998046875,3640390000,0.007719934348738189,0.007445620660547042,0.0060101034675965285,3984.1074951171877,3914.123203125,1.0178799410136892,80.08196129650841,55.79721336175544,40.05681035468469
2021-04-12,4124.7099609375,4131.759765625,4114.81982421875,4127.990234375,3588900000,-0.00019607884876882142,0.007462196744948457,0.0035559743024279633,3993.3400024414063,3920.93541015625,1.0184661527699768,78.23655565896492,59.183555631669606,43.88215941008168
2021-04-13,4130.10009765625,4148.0,4124.43017578125,4141.58984375,3734720000,0.0032944868090414303,0.007402057081407924,0.0029973203524304433,4001.9724975585937,3929.4824072265624,1.018447745229427,86.63481844812317,62.247085444204004,47.55514461690615
2021-04-14,4141.580078125,4151.68994140625,4120.8701171875,4124.66015625,3985350000,-0.004087726727828533,0.007489681876425083,0.004500743258828749,4010.0700073242188,3936.498408203125,1.0186896046922769,87.87489507452948,62.58740198742362,50.56159609100965
2021-04-15,4139.759765625,4173.490234375,4139.759765625,4170.419921875,4033420000,0.01109419052516647,0.007759044493782907,0.006056717495124931,4019.8849975585936,3943.38060546875,1.0194007121665472,88.78994800642914,65.79113668524633,53.60750420985699
2021-04-16,4174.14013671875,4191.31005859375,4170.75,4185.47021484375,4163820000,0.0036088195555097347,0.006618994737584584,0.0056145608946267305,4033.3855102539064,3950.486611328125,1.02098447788383,86.83358316237523,68.75202186554634,56.63640774099486
2021-04-19,4179.7998046875,4180.81005859375,4150.47021484375,4163.259765625,3810290000,-0.005306560094486046,0.006846882437255339,0.006652524529697003,4045.8934936523438,3956.3170068359377,1.0226413825438232,81.49402430290203,68.51653115043291,59.012432422882476
2021-04-20,4159.18017578125,4159.18017578125,4118.3798828125,4134.93994140625,4342650000,-0.006802319771775922,0.007124856164045756,0.007529925630429953,4055.610986328125,3961.2792041015623,1.0238134646325587,77.48628715820614,65.29208343139271,60.268362624584526
2021-04-21,4128.419921875,4175.02001953125,4126.35009765625,4173.419921875,3887250000,0.009306055472153574,0.006867498192046867,0.008197797888497815,4068.7559814453125,3966.43580078125,1.0257965049236166,79.06156216188293,65.09136547316984,61.2329631943016
2021-04-22,4170.4599609375,4179.56982421875,4123.68994140625,4134.97998046875,4245140000,-0.009210657476561801,0.007163116807899452,0.007822498366459896,4081.047985839844,3970.91080078125,1.0277360007776868,67.10558012909817,61.1258917985856,61.2115489151584
2021-04-23,4138.77978515625,4194.169921875,4138.77978515625,4180.169921875,3569880000,0.010928696540176919,0.007362980314042191,0.0095534165372897,4094.5804809570313,3976.3166015625,1.0297420681612877,65.7994497349388,60.92734345576491,61.1547078232797
2021-04-26,4185.02978515625,4194.18994140625,4182.35986328125,4187.6201171875,3748320000,0.001782270924804541,0.006672544643459926,0.009125700228871075,4105.234484863281,3981.74140625,1.0310148415011176,67.37702250637781,60.671774511750755,61.05812116097392
2021-04-27,4188.25,4193.35009765625,4176.22021484375,4186.72021484375,3710700000,-0.00021489588801437698,0.006656072753364645,0.00809921194254972,4116.0159912109375,3986.779208984375,1.0324163379640694,66.57979917611101,59.70833911780301,60.78816475233974
2021-04-28,4185.14013671875,4201.52978515625,4181.77978515625,4183.18017578125,3787360000,-0.0008455399168898481,0.006569060445033396,0.007194088365711688,4127.247497558594,3991.7910107421876,1.0339337621763973,63.94870584732435,57.9906776261887,60.22866732710954
2021-04-29,4206.14013671875,4218.77978515625,4176.81005859375,4211.47021484375,4298680000,0.006762806734045723,0.006627429552087451,0.005032379270016406,4139.176513671875,3997.3938134765626,1.0354687846159454,63.553893274968495,58.240824273057115,59.83109871629906
2021-04-30,4198.10009765625,4198.10009765625,4174.85009765625,4181.169921875,4300880000,-0.007194706699326425,0.006650080547754705,0.0050353786991581195,4147.24150390625,4002.7378125,1.036101213263328,57.95008277686451,55.35597762824818,58.93607449868889
2021-05-03,4191.97998046875,4209.39013671875,4188.02978515625,4192.66015625,4070220000,0.002748090747253684,0.005978164109334561,0.005135588964465741,4152.979016113281,4008.45681640625,1.0360543237276538,57.68319880585436,53.381532684271406,57.8251661358054
2021-05-04,4179.0400390625,4179.0400390625,4128.58984375,4164.66015625,4452460000,-0.006678337608227225,0.006228505872107815,0.006019603244485655,4157.515026855469,4014.22001953125,1.0356968493572887,55.823757404105635,48.992648096435005,56.05866252793132
2021-05-05,4177.06005859375,4187.72021484375,4160.93994140625,4167.58984375,4230920000,0.0007034637617677753,0.006228581372855837,0.0060718453596667575,4161.897021484375,4019.9444140625,1.0353120821584743,49.52924741313494,45.229449794323955,53.89281998120984
2021-05-06,4169.14013671875,4202.7001953125,4147.330078125,4201.6201171875,4511000000,0.008165456466051824,0.006393493647808642,0.00652049851885536,4167.11953125,4025.4682177734376,1.035188779494305,52.52681132072588,44.48030541823391,52.01031706861465
2021-05-07,4210.33984375,4238.0400390625,4201.64013671875,4232.60009765625,4016080000,0.007373341616968343,0.006375560776901713,0.005986876492293008,4172.309545898437,4033.53341796875,1.0344055976607163,60.55921634760522,45.857808347087484,50.77981532430922
2021-05-10,4228.2900390625,4236.39013671875,4188.1298828125,4188.43017578125,4560700000,-0.010435647322188157,0.006889216925406765,0.008289853062307036,4175.33154296875,4041.0790234375,1.0332219485817058,57.77044184865414,42.89092589565189,49.20203743857776
2021-05-11,4150.33984375,4162.0400390625,4111.52978515625,4152.10009765625,4870710000,-0.00867391280271812,0.007170583363546995,0.008718241302298731,4175.8570556640625,4046.0846240234373,1.032073583154961,46.88343595065803,37.17953397192741,46.7975367452477
2021-05-12,4130.5498046875,4134.72998046875,4056.8798828125,4063.0400390625,4733070000,-0.021449400664502738,0.008615995474487416,0.012649658342592502,4172.776049804687,4049.9396240234373,1.03033043382983,40.83942554363573,25.17659221826034,42.47334783985023
2021-05-13,4074.989990234375,4131.580078125,4074.989990234375,4112.5,4779540000,0.012173141406923493,0.008696839620878813,0.013770103314361983,4169.880053710937,4055.795224609375,1.0281288434902554,41.47585107403735,19.43118924139071,37.86491612015833
2021-05-14,4129.580078125,4183.1298828125,4129.580078125,4173.85009765625,4008880000,0.014917956876899785,0.009333550481976573,0.015641854367439412,4169.299047851562,4063.9028271484376,1.0259347295410306,48.47281655711409,19.60239197292958,34.21241129071258
2021-05-17,4169.919921875,4171.919921875,4142.68994140625,4163.2900390625,4125050000,-0.0025300521932207776,0.009272443254944888,0.015052057680730363,4169.300561523438,4070.3298291015626,1.0243151627944904,47.45595571979196,18.670738248304588,31.104076682230982
2021-05-18,4165.93994140625,4169.14990234375,4125.990234375,4127.830078125,4398150000,-0.008517292959364653,0.009346694228638026,0.015032538344917343,4168.945068359375,4076.4594287109376,1.0226877370585492,44.37968103746615,14.89932333800516,27.863126013385816
2021-05-19,4098.4501953125,4116.93017578125,4061.409912109375,4115.68017578125,4247450000,-0.002943411456817757,0.009099804857259657,0.010295826012963518,4166.058081054687,4081.2642333984377,1.0207763680092927,39.943736018585156,10.805495248804618,24.451599860469578
2021-05-20,4121.97021484375,4172.7998046875,4121.97021484375,4159.1201171875,3978880000,0.010554741756143349,0.00919474781134616,0.009939694749503748,4167.265087890625,4086.4704345703126,1.0197712560543235,47.74730822338753,10.940235003361522,21.749326889047968
2021-05-21,4168.60986328125,4188.72021484375,4151.72021484375,4155.85986328125,3995250000,-0.0007838806801412357,0.008850824675537813,0.007001154427256788,4166.049584960938,4090.800830078125,1.018394626873432,46.176038122414276,10.66104806066869,19.531671123372114
2021-05-24,4170.16015625,4209.52001953125,4170.16015625,4197.0498046875,3684800000,0.009911292190138532,0.009131473303778751,0.008335770232245134,4166.521069335938,4095.8750244140624,1.0172480958283099,53.27585014864638,13.606625718480245,18.346662042393742
2021-05-25,4205.93994140625,4213.419921875,4182.52001953125,4188.1298828125,4182250000,-0.0021252837802967495,0.009145495966121608,0.006721618599257923,4166.591552734375,4100.258823242188,1.016177693251017,52.05252464532397,15.047792500600735,17.68688813403514
2021-05-26,4191.58984375,4202.60986328125,4184.10986328125,4195.990234375,4420890000,0.0018768165702687245,0.009151618720286362,0.005974035407025592,4167.2320556640625,4104.924428710938,1.0151787512864618,49.40636899650103,16.63246355140018,17.476003217508147
2021-05-27,4201.93994140625,4213.3798828125,4197.77978515625,4200.8798828125,6406310000,0.0011653145418315525,0.009024831594980916,0.004692227195836764,4166.7025390625,4109.459624023438,1.01392954798836,46.46058826926618,18.074528625515086,17.595708299109535
2021-05-28,4210.77001953125,4218.35986328125,4203.56982421875,4204.10986328125,4649250000,0.0007688818911402162,0.008869071223366285,0.004508989373361458,4167.849536132812,4115.232622070313,1.0127858905910474,51.92549384551917,19.256036414701157,17.92777392222786
2021-06-01,4216.52001953125,4234.1201171875,4197.58984375,4202.0400390625,5074670000,-0.0004923335226864056,0.008851789569720962,0.0015768610090323057,4168.318530273437,4121.011420898438,1.0114794899948825,56.696159088855694,19.797162962399852,18.30165173026226
2021-06-02,4206.81982421875,4217.3701171875,4198.27001953125,4208.1201171875,5833670000,0.0014469348384307246,0.00870722565213733,0.0009035173682770904,4170.491528320313,4126.362021484375,1.0106945310678443,75.02071558013729,20.48053429079755,18.73742824236932
2021-06-03,4191.43017578125,4204.39013671875,4167.93017578125,4192.85009765625,5587970000,-0.0036287033416374515,0.008757088543082606,0.0020822551448168233,4171.754541015625,4132.008623046875,1.0096190307413837,65.70994873361528,19.56442155937657,18.90282690577077
2021-06-04,4206.0498046875,4233.4501953125,4206.0498046875,4229.89013671875,4139790000,0.008834095710505974,0.008789756824269971,0.0045971203949286025,4173.168041992188,4138.823627929687,1.0082981100790904,62.107868373745646,21.57847399918228,19.437956324453072
2021-06-07,4229.33984375,4232.33984375,4215.66015625,4226.52001953125,4476920000,-0.0007967387044511831,0.00863575326249747,0.004701771991891169,4172.864038085938,4145.163627929687,1.0066825854520214,64.09935913488654,22.641685519694875,20.078702163501433
2021-06-08,4233.81005859375,4236.740234375,4208.41015625,4227.259765625,4659620000,0.00017502486450582388,0.008281936403332026,0.004655483920595896,4174.805517578125,4150.218022460937,1.0059243863778047,76.23339413989632,23.275672176923763,20.7180961661859
2021-06-09,4232.990234375,4237.08984375,4218.740234375,4219.5498046875,4713260000,-0.0018238673194856947,0.008020344142928702,0.004839352788521554,4178.178002929688,4155.187216796875,1.0055330325526308,78.06228118082544,22.892095925584727,21.15289611806567
2021-06-10,4228.56005859375,4249.740234375,4220.33984375,4239.18017578125,4408210000,0.004652243012262192,0.0060958043071499554,0.004452439354401329,4186.985009765625,4160.799819335937,1.0062933069521878,74.82324585706456,23.896650164344464,21.70164692732143
2021-06-11,4242.89990234375,4248.3798828125,4232.25,4247.43994140625,3815010000,0.0019484346695590737,0.005620446581492804,0.002548465987120886,4193.732006835938,4166.2908203125,1.0065864788866035,77.54126284875184,25.070266268337036,22.375370795524553
2021-06-14,4248.31005859375,4255.58984375,4234.06982421875,4255.14990234375,4151200000,0.0018152018730952513,0.004674075745702834,0.0023944356342705296,4197.7969970703125,4170.996416015625,1.0064254624990276,71.87836709777775,26.31910464376324,23.164117565172294
2021-06-15,4255.27978515625,4257.16015625,4238.35009765625,4246.58984375,4048940000,-0.0020116937805257917,0.004655013296537209,0.0028245469098062467,4201.961987304688,4174.370014648437,1.0066098531178183,72.0737031519639,26.314752774937915,23.79424460712542
2021-06-16,4248.8701171875,4251.89013671875,4202.4501953125,4223.7001953125,4538350000,-0.005390124612855707,0.004361745392568746,0.003925220113178722,4206.7554931640625,4177.365219726563,1.007035600645764,59.39644210135905,24.18550510748264,23.872496707196866
2021-06-17,4220.3701171875,4232.2900390625,4196.0498046875,4221.85986328125,5312680000,-0.00043571559205179966,0.0042727861629702265,0.003043937857144774,4212.064477539063,4180.20341796875,1.0076218921388747,57.26454108632508,22.094865717582252,23.516970509273946
2021-06-18,4204.77978515625,4204.77978515625,4164.39990234375,4166.4501953125,6817010000,-0.013124468779900589,0.004814744667315168,0.005820585129502286,4212.430981445313,4181.5890234375,1.0073756550045798,40.42126703014195,15.78496258875657,21.970568925170472
2021-06-21,4173.39990234375,4226.240234375,4173.39990234375,4224.7900390625,4128950000,0.014002289962720793,0.005721804531800634,0.00989846563591537,4215.877490234375,4183.508828125,1.007737204208048,54.49872160297855,15.315311347211718,20.639517409578723
2021-06-22,4224.60986328125,4255.83984375,4217.27001953125,4246.43994140625,3828390000,0.005124491902218642,0.00541415902985995,0.010293362972012292,4218.346997070313,4185.877822265625,1.0077568376773869,57.138049526761655,16.499875246958254,19.81158897705463
2021-06-23,4249.27001953125,4256.60009765625,4241.43017578125,4241.83984375,3730350000,-0.0010832833431588806,0.005391529543231425,0.009898479074283354,4221.032495117188,4187.882822265625,1.0079156161379008,59.50336351116088,16.872960252849225,19.22386323221355
2021-06-24,4256.97021484375,4271.27978515625,4256.97021484375,4266.490234375,3816660000,0.005811249724885448,0.005509101016883666,0.010080830433180568,4224.5574951171875,4190.719423828125,1.0080745256045207,57.45845248827356,18.93939180016696,19.166968945804232
2021-06-25,4274.4501953125,4286.1201171875,4271.16015625,4280.7001953125,7341450000,0.0033305973193167304,0.005536873826518229,0.005489830220908709,4228.548510742187,4192.925029296875,1.0084960931083677,60.573816888604284,21.476115488378127,19.628798254319012
2021-06-28,4284.89990234375,4292.14013671875,4274.669921875,4290.60986328125,4147890000,0.0023149642620619026,0.005544909124001277,0.002721155890026696,4232.873510742187,4195.027822265625,1.009021558397227,61.93619969198329,24.00934983433035,20.50490857032128
2021-06-29,4293.2099609375,4300.52001953125,4287.0400390625,4291.7998046875,3707150000,0.00027733619326086867,0.005536426886326031,0.0026825733034354276,4237.361499023437,4197.598623046875,1.009472767538622,63.95598011031382,25.815390874714467,21.56700503119992
2021-06-30,4290.64990234375,4302.43017578125,4287.9599609375,4297.5,4266040000,0.0013281596467464851,0.005536067131369774,0.0021177057879733898,4241.830493164062,4200.84982421875,1.0097553282455018,61.905920114833684,27.39090424040296,22.731784873040528
2021-07-01,4300.72998046875,4320.66015625,4300.72998046875,4319.93994140625,3788230000,0.0052216268542757405,0.005494618287379712,0.001900307728146633,4248.184985351562,4203.780224609375,1.010563054767287,63.990758259899444,30.103214548031247,24.206070808038675
2021-07-02,4326.60009765625,4355.43017578125,4326.60009765625,4352.33984375,3225840000,0.007500081663913916,0.005408431368593607,0.002971709930309268,4254.307470703125,4208.127421875,1.0109740139017815,67.1235940750274,34.4697950096579,26.258815648362525
2021-07-06,4356.4599609375,4356.4599609375,4314.3701171875,4343.5400390625,4309570000,-0.0020218560598241897,0.0054419532887893755,0.003845813241688671,4260.158471679688,4211.39482421875,1.0115789778675013,67.0669357666944,36.79610815968226,28.366274150626474
2021-07-07,4351.009765625,4361.8798828125,4329.7900390625,4358.1298828125,4037380000,0.003358975310182588,0.005451394573397411,0.0036503205590496515,4266.701977539063,4214.80501953125,1.0123130151376694,74.3770962680673,39.36325148907872,30.565669618316928
2021-07-08,4321.06982421875,4330.8798828125,4289.3701171875,4320.81982421875,4347500000,-0.008561024934316985,0.0058628104482429605,0.0064446336155926,4271.765478515625,4217.48701171875,1.0128698598587396,65.89977656997252,37.949661087375716,32.042467912128686
2021-07-09,4329.3798828125,4371.60009765625,4329.3798828125,4369.5498046875,3531120000,0.011277947808795874,0.0062428584236190075,0.007832712515872024,4278.283959960938,4221.214404296875,1.0135197007775703,83.34755057275164,40.296964358905825,33.693367201484115
2021-07-12,4372.41015625,4386.68017578125,4364.02978515625,4384.6298828125,3384460000,0.0034511743312370946,0.006257133845539454,0.007356949456450285,4285.14345703125,4224.67759765625,1.0143125381706157,80.59021418158711,42.87976415872254,35.5306465929318
2021-07-13,4381.06982421875,4392.3701171875,4366.919921875,4369.2099609375,3695430000,-0.0035168126585656267,0.006360634833676594,0.007563397065271475,4290.846459960938,4228.4383984375,1.0147591275177377,74.0697413943301,43.18458773654129,37.0614348216537
2021-07-14,4380.10986328125,4393.68017578125,4362.35986328125,4374.2998046875,4006370000,0.0011649345752446916,0.006311939212059925,0.007470043459219629,4297.231958007813,4232.07119140625,1.0153968975602017,75.91973308058031,43.33730499566991,38.316608856456945
2021-07-15,4369.02001953125,4369.02001953125,4340.7001953125,4360.02978515625,3905230000,-0.0032622408541723713,0.006206716153144763,0.006059152448913935,4304.0484375,4235.978583984375,1.0160694517609195,69.0788674322023,41.82473371191645,39.01823382754885
2021-07-16,4367.43017578125,4375.08984375,4322.52978515625,4327.16015625,3985700000,-0.007538854211077806,0.006524881548618953,0.004309501312586479,4309.313452148437,4239.169990234375,1.016546508414536,58.80594528560323,37.54095693911131,38.722778449861345
2021-07-19,4296.39990234375,4296.39990234375,4233.1298828125,4258.490234375,5157660000,-0.015869512427409305,0.006863320786142711,0.006414477237637023,4313.915454101562,4240.307392578125,1.0173591333619527,45.02112470311126,28.27896191695163,36.634015143279406
2021-07-20,4265.10986328125,4336.83984375,4262.0498046875,4323.06005859375,4438270000,0.015162609437855634,0.006981866944459325,0.011501999478257191,4318.828955078125,4242.116591796875,1.0180835112899989,54.049896065677885,25.851014906590535,34.47741509594163
2021-07-21,4331.1298828125,4359.7001953125,4331.1298828125,4358.68994140625,3810280000,0.008241819990835397,0.0071083627634057145,0.01239976512668059,4324.441455078125,4245.521787109375,1.018588920732517,57.35688312420233,26.496448613924258,32.88122179953815
2021-07-22,4361.27001953125,4369.8701171875,4350.06005859375,4367.47998046875,3358300000,0.0020166699583279435,0.007086749864467791,0.012346708147551663,4330.723461914063,4249.829384765625,1.0190346646475783,55.909724380390024,27.401376160395557,31.785252671709635
2021-07-23,4381.2001953125,4415.18017578125,4381.2001953125,4411.7900390625,4540070000,0.010145452020822843,0.007289399094626446,0.012032001412049803,4337.988452148437,4256.804384765625,1.0190715992666601,57.177740362394715,31.33280411271153,31.69476295991002
2021-07-26,4409.580078125,4422.72998046875,4405.4501953125,4422.2998046875,4275630000,0.0023821998626283314,0.007281321132475242,0.0055335975581400675,4345.068432617188,4263.000380859375,1.0192512419483455,59.46998607389525,34.89429957691664,32.33467028331135
2021-07-27,4416.3798828125,4416.3798828125,4372.509765625,4401.4599609375,4241950000,-0.0047124448070912095,0.007416042962467338,0.005862487923234206,4350.6109375,4267.552578125,1.0194627618182721,55.13281461481332,35.62455151238282,32.99264652912564
2021-07-28,4402.9501953125,4415.47021484375,4387.009765625,4400.64013671875,4215290000,-0.0001862618826539153,0.0074201386776722765,0.0053922695089757,4356.052954101562,4272.299580078125,1.0196038158030822,60.35018095341811,35.725309341666616,33.53917909163384
2021-07-29,4403.58984375,4429.97021484375,4403.58984375,4419.14990234375,4044600000,0.004206152980007483,0.007448990064729465,0.005489187452985677,4362.13544921875,4278.1259765625,1.019636979629981,56.97849041308574,36.87368712852276,34.20608069901163
2021-07-30,4395.1201171875,4412.25,4389.64990234375,4395.259765625,3956740000,-0.0054060480514769305,0.0075422363054576304,0.004244745444253568,4365.901440429688,4283.717568359375,1.0191851752032728,51.459393074821214,35.44743446398297,34.4543514520059
2021-08-02,4406.85986328125,4422.18017578125,4384.81005859375,4387.16015625,3724090000,-0.001842805614891363,0.00739936913073519,0.0038710996592222877,4367.6424560546875,4288.278369140625,1.0185072143369198,52.51496170296607,33.27991798790208,34.219464759185136
2021-08-03,4392.740234375,4423.7900390625,4373.0,4423.14990234375,3965190000,0.0082034265474622,0.007572671609165953,0.0053078916057679995,4371.62294921875,4293.624169921875,1.0181661869344039,56.298880940478426,34.07343989032688,34.19025978541349
2021-08-04,4415.9501953125,4416.169921875,4400.22998046875,4402.66015625,4260760000,-0.004632387901412294,0.00764853298898443,0.005895176154051623,4373.849462890625,4297.736376953125,1.017710040649692,55.41011318809201,32.67233411534289,33.88667465139937
2021-08-05,4408.85986328125,4429.759765625,4408.85986328125,4429.10009765625,3769410000,0.006005446813494242,0.007426996075918555,0.006252166231289098,4379.2634765625,4302.55578125,1.0178284022828437,63.15156875418126,33.31143649367095,33.77162701985368
2021-08-06,4429.06982421875,4440.81982421875,4429.06982421875,4436.52001953125,3451870000,0.001675266241764728,0.007046218127667266,0.005322532584261555,4382.611987304687,4307.366376953125,1.01746905272655,77.27939977165227,34.024442820067634,33.822190179896474
2021-08-09,4437.77001953125,4439.39013671875,4424.740234375,4432.35009765625,3449280000,-0.0009399082741974318,0.007027135325690256,0.0051779276209238285,4384.997998046875,4311.99578125,1.016930029735723,70.55033236622718,33.86267973168833,33.83028809025485
2021-08-10,4435.7900390625,4445.2099609375,4430.02978515625,4436.75,3886610000,0.0009926793341701323,0.006961315715409598,0.00388189407243951,4388.375,4316.648583984375,1.0166162277563533,66.63129576110907,33.70103214591654,33.804436901387184
2021-08-11,4442.18017578125,4449.43994140625,4436.419921875,4442.41015625,3532560000,0.0012757437876824707,0.006961673656255062,0.0025561217188040395,4391.780517578125,4321.455986328125,1.0162733420107684,66.18024465902309,33.64185026651194,33.77191957441214
2021-08-12,4446.080078125,4461.77001953125,4435.9599609375,4460.830078125,3375310000,0.004146380281677686,0.0069314184318586,0.0018214271142929683,4396.820532226562,4326.510185546875,1.0162510530807407,61.9227043505513,34.68149526536581,33.95383471260287
2021-08-13,4464.83984375,4468.3701171875,4460.81982421875,4468.0,3016470000,0.001607306655808216,0.006621651789438327,0.001819392050740539,4403.862524414062,4332.01318359375,1.016585669935729,61.29412957224362,35.67276080987722,34.29761993205774
2021-08-16,4461.64990234375,4480.259765625,4437.66015625,4479.7099609375,3370640000,0.002620850702215849,0.005185863495837027,0.001284832114255186,4414.923510742187,4337.009580078125,1.0179648970622424,70.2522431441931,36.97699410831319,34.833494767308835
2021-08-17,4462.1201171875,4462.1201171875,4417.830078125,4448.080078125,3836960000,-0.00706069881494753,0.0046987128565875455,0.0043813401167699054,4421.17451171875,4341.44078125,1.0183657302923736,60.589341884123996,35.05425753249165,34.877647320345396
2021-08-18,4440.93994140625,4454.31982421875,4397.58984375,4400.27001953125,3755590000,-0.010748470745585936,0.00514846175054462,0.006599723436576482,4423.253515625,4344.900986328125,1.01803321400037,46.273199731665756,29.33445346096414,33.769008548469145
2021-08-19,4382.43994140625,4418.60986328125,4367.72998046875,4405.7998046875,4398410000,0.0012566922329095842,0.005139377480715973,0.00604228613686197,4425.169506835938,4348.625986328125,1.0176017713982444,52.24314876318184,24.959952181367044,32.007197275048725
2021-08-20,4410.56005859375,4444.35009765625,4406.7998046875,4441.669921875,3652610000,0.008141567655737925,0.004956686988929214,0.007638903589753139,4426.663500976562,4352.67578125,1.0169982152232149,60.374552997241786,24.10962631423081,30.427683082885142
2021-08-23,4450.2900390625,4489.8798828125,4450.2900390625,4479.52978515625,3576530000,0.00852379036424833,0.005269628134169694,0.008744997772281457,4429.525,4357.317578125,1.0165715306677443,60.65463645456928,26.188823046867583,29.579911075681633
2021-08-24,4484.39990234375,4492.81005859375,4482.27978515625,4486.22998046875,3979220000,0.0014957363013194946,0.00511738326101752,0.007798314634725652,4433.763500976563,4361.9391796875,1.0164661446045675,66.66134493211868,28.053863725037445,29.274701605552796
2021-08-25,4490.4501953125,4501.7099609375,4485.66015625,4496.18994140625,3444700000,0.002220118224179668,0.00511713689419051,0.0036757913708307475,4438.540991210937,4366.931181640625,1.0163981996948732,64.31649668865893,29.989902579301088,29.417741800302455
2021-08-26,4493.75,4495.89990234375,4468.990234375,4470.0,3263980000,-0.005824918819612557,0.00528419658581788,0.005866404774802821,4441.08349609375,4371.857177734375,1.0158345333676362,56.61451610724917,29.075750770840386,29.349343594410044
2021-08-27,4474.10009765625,4513.330078125,4474.10009765625,4509.3701171875,3331200000,0.008807632480425154,0.005390711541965217,0.0060204066179747094,4446.789013671875,4377.6073828125,1.0158035257184093,63.35855365118725,31.168823508275636,29.713239577183163
2021-08-30,4513.759765625,4537.35986328125,4513.759765625,4528.7900390625,3168660000,0.004306570844779589,0.0053776057197163565,0.00531493547938495,4453.8705078125,4384.8541796875,1.0157397088470383,65.17311215503946,34.00266260018998,30.57112418178453
2021-08-31,4529.75,4531.39013671875,4515.7998046875,4522.68017578125,4290710000,-0.0013491160395050494,0.005181207324059808,0.0055561138588568725,4458.847021484375,4390.811982421875,1.015494865035185,63.21319317964439,35.34801567141676,31.526502479710977
2021-09-01,4528.7998046875,4537.10986328125,4522.02001953125,4524.08984375,4057340000,0.0003116886257619189,0.005007021466896972,0.0055711475944034364,4464.918505859375,4396.36498046875,1.0155932288823106,61.030886755375136,36.111692979185136,32.443540579605816
2021-09-02,4534.47998046875,4545.85009765625,4524.66015625,4536.9501953125,3735990000,0.002842638410522902,0.004901860546142319,0.003924315692881546,4470.311010742187,4402.2671875,1.0154565409921947,61.789192113488824,37.324383382232554,33.41970914013116
2021-09-03,4532.419921875,4541.4501953125,4521.2998046875,4535.43017578125,3217530000,-0.0003350311257153127,0.00491252693926025,0.0023442741707269473,4475.256518554687,4407.645986328125,1.0153393744498265,59.87107868663575,37.72789272819864,34.28134585774466
2021-09-07,4535.3798828125,4535.3798828125,4513.0,4520.02978515625,3822960000,-0.003395574405981705,0.004996548640930806,0.002285749308169306,4479.6405029296875,4412.432578125,1.015231490479396,63.52385969613924,36.38556384423282,34.702189455042294
2021-09-08,4518.08984375,4521.7900390625,4493.9501953125,4514.06982421875,3750880000,-0.001318566739775151,0.005023183479908846,0.0022825668056123093,4483.506494140625,4416.90177734375,1.0150795105153845,75.38359327350352,34.44379289062181,34.6505101421582
2021-09-09,4513.02001953125,4529.89990234375,4492.06982421875,4493.27978515625,3735390000,-0.004605608657393345,0.005168611483427382,0.002889288699186197,4486.049975585937,4420.931376953125,1.0147296108173682,68.26911507077843,30.871475860548344,33.89470328583623
2021-09-10,4506.919921875,4520.47021484375,4457.66015625,4458.580078125,3623180000,-0.007722578759925436,0.00541342146203237,0.0029084410560715696,4485.937475585937,4424.152978515625,1.0139652714023106,53.5488260755509,24.952772488504706,32.10631712636992
2021-09-13,4474.81005859375,4492.990234375,4445.7001953125,4468.72998046875,3914220000,0.0022764876184568905,0.005426005602696543,0.0037314468279317494,4485.973974609375,4427.128779296875,1.0132919547286912,47.43521357372457,20.84092846673593,29.853239394443126
2021-09-14,4479.330078125,4485.68017578125,4435.4599609375,4443.0498046875,3670460000,-0.00574663850657553,0.00553654987617211,0.003943254822872139,4484.140966796875,4428.942978515625,1.0124630162431554,40.59337484602932,15.33333376095652,26.949258267745805
2021-09-15,4447.490234375,4486.8701171875,4438.3701171875,4480.7001953125,4032020000,0.008473996979569742,0.005641077034969946,0.0067107289739777,4485.77197265625,4431.686181640625,1.01220433685934,46.98889641909991,13.846977801887988,24.328802174574243
2021-09-16,4477.08984375,4485.8701171875,4443.7998046875,4473.75,3984560000,-0.0015511404489350067,0.005027610975831048,0.006488697306081715,4489.445971679687,4433.998583984375,1.0125050530903617,50.787912114969515,11.970222050601478,21.857086149779693
2021-09-17,4469.740234375,4471.52001953125,4427.759765625,4432.990234375,7289530000,-0.009110872450405094,0.005495167788992735,0.0068743352039794215,4490.805493164063,4436.2419921875,1.0122994870596898,34.04500112196814,7.11192530613971,18.908053981051697
2021-09-20,4402.9501953125,4402.9501953125,4305.91015625,4357.72998046875,4898070000,-0.01697731100841482,0.006408520591930144,0.009412151682091297,4486.60849609375,4436.005595703125,1.0114073121187312,21.026479933705062,-2.7791471021982943,14.570613764401699
2021-09-21,4374.4501953125,4394.8701171875,4347.9599609375,4354.18994140625,3920920000,-0.0008123585165593639,0.006011049553865822,0.009569353303641484,4480.34150390625,4435.396796875,1.0101331874214536,21.21113017012955,-10.779287893177752,9.500633432885808
2021-09-22,4367.43017578125,4416.75,4367.43017578125,4395.64013671875,3939170000,0.009519611195260236,0.006465157716944816,0.009915157361840758,4475.81201171875,4435.925400390625,1.008991722747324,30.694205729835573,-13.617795292599112,4.876947687788823
2021-09-23,4406.75,4465.39990234375,4406.75,4448.97998046875,3916350000,0.012134715784494876,0.007076256463197404,0.012290919232981916,4473.451513671875,4437.41900390625,1.0081201504148933,38.212514050402184,-11.431478280263946,1.6152624941782683
2021-09-24,4438.0400390625,4463.1201171875,4430.27001953125,4455.47998046875,3384290000,0.001461009046688222,0.00697471715758533,0.011437059746857813,4472.725512695312,4439.3280078125,1.0075230991771813,39.4282371657464,-9.069760070825396,-0.5217420188224651
2021-09-27,4442.1201171875,4457.2998046875,4436.18994140625,4443.10986328125,4058650000,-0.0027763826213396126,0.006666802646072865,0.006559716402885173,4469.4125,4441.647001953125,1.006251171701548,39.7467606345173,-8.10284193228108,-2.037962001514189
2021-09-28,4419.5400390625,4419.5400390625,4346.330078125,4352.6298828125,4416550000,-0.020364110556098214,0.007863086440229105,0.012868702775906592,4460.6044921875,4443.529794921875,1.003842597676545,32.43769540732367,-14.470721126856915,-4.524513826582735
2021-09-29,4362.41015625,4385.56982421875,4355.080078125,4359.4599609375,3712660000,0.0015691842194003325,0.007901849833465625,0.011848328199450106,4452.4434814453125,4444.25779296875,1.0018418572589358,34.98635387027467,-18.750042227999074,-7.369619506866004
2021-09-30,4370.669921875,4382.5498046875,4306.240234375,4307.5400390625,4448140000,-0.011909714125195148,0.008196499005473475,0.009536603385295899,4441.615991210938,4443.234794921875,0.9996356700049281,33.68478237937509,-26.0308711351272,-11.101869832518245
2021-10-01,4317.16015625,4375.18994140625,4288.52001953125,4357.0400390625,4010370000,0.01149147763018199,0.008701234898613078,0.012268404186547255,4432.6204833984375,4443.02599609375,0.9976580121960886,38.880619579240665,-27.489858214670676,-14.379467508948732
2021-10-04,4348.83984375,4355.509765625,4278.93994140625,4300.4599609375,4307870000,-0.012985898136748442,0.009028650826930325,0.01277039869671395,4420.87197265625,4440.79939453125,0.9955126498396798,36.6271252880427,-32.83317502810587,-18.070209012780165
2021-10-05,4309.8701171875,4369.22998046875,4309.8701171875,4345.72021484375,3902890000,0.010524514660609219,0.00949025334967979,0.011783603000257818,4412.156494140625,4439.267802734375,0.9938928422887551,37.518973991297024,-33.03486253297069,-21.063139716818274
2021-10-06,4319.56982421875,4365.56982421875,4290.490234375,4363.5498046875,4009630000,0.004102792854185466,0.009585329751594342,0.011935535039873756,4404.6304931640625,4438.509599609375,0.9923670084101442,40.011224039981656,-31.394110675651064,-23.129333908584833
2021-10-07,4383.72998046875,4429.97021484375,4383.72998046875,4399.759765625,3843740000,0.008298280656405366,0.009807652533483166,0.010065887925901584,4399.9544921875,4438.4919921875,0.9913174339239922,46.962870403427345,-26.86230979327138,-23.875929085522145
2021-10-08,4406.509765625,4412.02001953125,4386.22021484375,4391.33984375,3280160000,-0.0019137230947889883,0.009683481745422272,0.009432290778708228,4396.59248046875,4437.935791015625,0.990684112503256,53.499350795263084,-23.6773050373522,-23.836204275888157
2021-10-11,4385.43994140625,4415.8798828125,4360.58984375,4361.18994140625,3281970000,-0.006865763848056816,0.009750395403738007,0.007197888461320383,4391.215478515625,4437.25439453125,0.989624458748102,50.690553444674805,-23.317224517687464,-23.73240832424802
2021-10-12,4368.31005859375,4374.89013671875,4342.08984375,4350.64990234375,3558450000,-0.0024167805585421087,0.00969644863784216,0.005959151305383436,4386.595483398438,4436.524189453125,0.9887459858387831,45.27343685877969,-23.610187630995824,-23.707964185597582
2021-10-13,4358.009765625,4372.8701171875,4329.919921875,4363.7998046875,3620070000,0.00302251448379387,0.00949038334583713,0.005801634075835824,4380.750463867187,4435.3371875,0.9876927680297558,40.22579687246119,-22.521660109659933,-23.470703370410057
2021-10-14,4386.75,4439.72998046875,4386.75,4438.259765625,3598280000,0.01706310194558336,0.01033715061720356,0.009234755201226953,4378.9759521484375,4436.0491796875,0.9871342211893415,48.29062687516298,-15.472342118046981,-21.871031119937445
2021-10-15,4447.68994140625,4475.81982421875,4447.68994140625,4471.3701171875,3819380000,0.007460210377712606,0.010261587737908917,0.009249457083624525,4380.894946289062,4436.894580078125,0.9873786422511583,52.69432700248498,-7.131767588371986,-18.923178413624353
2021-10-18,4463.72021484375,4488.75,4447.47021484375,4486.4599609375,3662010000,0.00337476955709759,0.009413214298362291,0.007257344132412716,4387.3314453125,4437.89337890625,0.988606771439333,64.90147381515223,0.6878924999864466,-15.000964230902193
2021-10-19,4497.33984375,4520.39990234375,4496.41015625,4519.6298828125,3459130000,0.007393339551406308,0.009485722632342994,0.005665659337334203,4395.603442382812,4439.638974609375,0.9900812808252192,66.84617265031358,9.452601237305316,-10.11025113726069
2021-10-20,4524.419921875,4540.8701171875,4524.39990234375,4536.18994140625,3670760000,0.0036640298040166996,0.009327508615320605,0.005540180601264189,4402.630932617188,4441.6277734375,0.9912201465747474,75.98118468986807,17.5328466459614,-4.58163158061627
2021-10-21,4532.240234375,4551.43994140625,4526.89013671875,4549.77978515625,3822330000,0.002995871849622578,0.009003325641384773,0.0022483844426849334,4407.670922851563,4443.775166015625,0.9918753218119193,73.84686764849808,24.747808827717563,1.284256501050498
2021-10-22,4546.1201171875,4559.669921875,4524.0,4544.89990234375,3758220000,-0.0010725536274130976,0.009016673049736697,0.0030042086102853773,4412.141918945313,4445.4565625,0.9925059118031396,84.68025853648399,29.72925226339339,6.973255653519079
2021-10-25,4553.68994140625,4572.6201171875,4537.35986328125,4566.47998046875,3899400000,0.004748196569493546,0.009006346975307005,0.003077941990691345,4418.3104248046875,4447.426162109375,0.9934533511646031,83.57672690112854,35.014785378086344,12.581561598432534
2021-10-26,4578.68994140625,4598.52978515625,4569.169921875,4574.7900390625,3879740000,0.0018197952535197182,0.007407912316415556,0.002228076630466843,4429.418432617187,4449.327763671875,0.9955253170563777,83.08696436929647,39.419754340061445,17.94920014675832
2021-10-27,4580.22021484375,4584.56982421875,4551.66015625,4551.68017578125,4226050000,-0.005051568068462853,0.007598043162628256,0.0038449518796496635,4439.029443359375,4451.399765625,0.9972210264373126,74.81389558373861,40.57819102184931,22.474998321776518
2021-10-28,4562.83984375,4597.5498046875,4562.83984375,4596.419921875,4132950000,0.009829281576461124,0.007007238998630642,0.00565758304812201,4453.4734375,4455.322763671875,0.9995849175761284,79.94399101118469,44.592351175779186,26.898468892577053
2021-10-29,4572.8701171875,4608.080078125,4567.58984375,4605.3798828125,4510200000,0.001949334719149265,0.006737966064960402,0.005395331999681468,4465.8904296875,4459.314365234375,1.0014746806155657,88.00627432860276,47.94392822386453,31.107560758834552
2021-11-01,4610.6201171875,4620.33984375,4595.06005859375,4613.669921875,3971540000,0.0018000771431341267,0.005636192491785583,0.005269563580455637,4481.550927734375,4462.754365234375,1.004211874766496,91.22577149320921,50.68475178249173,35.02299896356599
2021-11-02,4613.33984375,4635.14990234375,4613.33984375,4630.64990234375,3975250000,0.0036803630854131963,0.005392050432053853,0.005313045675256837,4495.797412109375,4465.776767578125,1.006722379127681,91.32986969772595,53.60904501501955,38.7402081738567
2021-11-03,4630.64990234375,4663.4599609375,4621.18994140625,4660.56982421875,4319660000,0.006461279195357994,0.005438559527917873,0.003406511992837829,4510.648413085937,4469.263564453125,1.009259880970541,89.94222168415105,57.67600305315409,42.527367149716184
2021-11-04,4662.93017578125,4683.0,4662.58984375,4680.06005859375,4462300000,0.004181942361150437,0.005316445593385577,0.0019036403437311614,4524.663427734375,4472.940966796875,1.0115634123771007,89.42463974260345,61.759866331713056,46.373866986115566
2021-11-05,4699.259765625,4718.5,4681.31982421875,4697.52978515625,4467180000,0.003732799652949259,0.005184116828645629,0.0016658407783538495,4539.972924804688,4477.4915625,1.0139545460739632,89.51888494963586,65.64925459389815,50.22894450767209
2021-11-08,4701.47998046875,4714.919921875,4694.39013671875,4701.7001953125,4269710000,0.0008877879113036169,0.004638079498932222,0.0019828938260712733,4556.9984375,4481.3381640625,1.0168834108624625,88.2420629874099,68.28103874803037,53.83936335574376
2021-11-09,4707.25,4708.52978515625,4670.8701171875,4685.25,4117080000,-0.003498775895770745,0.004719709822141486,0.0038248190411002874,4573.728442382812,4484.46736328125,1.0199044996586284,81.32304263689178,68.25258011168899,56.7220067069328
2021-11-10,4670.259765625,4684.85009765625,4630.85986328125,4646.7099609375,4503720000,-0.008225823395229703,0.005424964349971591,0.005253772643523655,4587.873950195312,4486.947958984375,1.022493238640945,68.43549115061506,64.37805720801134,58.25321680714851
2021-11-11,4659.39013671875,4664.5498046875,4648.31005859375,4649.27001953125,3926870000,0.0005509400447352153,0.004347062539414215,0.004646034576975627,4598.424462890625,4489.4515625,1.0242730985897845,70.02724642460949,60.81303046522498,58.76517953876381
2021-11-12,4655.240234375,4688.47021484375,4650.77001953125,4682.85009765625,3728600000,0.007222656026415475,0.004332619457102196,0.005729035871708392,4608.998461914062,4492.369560546875,1.0259615554320045,71.34680701653816,60.005645027539686,59.01327263651899
2021-11-15,4689.2998046875,4697.419921875,4672.85986328125,4682.7998046875,3488410000,-1.0739820344718431e-05,0.004355406626648178,0.0056841211296815,4618.815454101563,4495.316953125,1.0274727015390341,70.43236013508022,58.685241099908126,58.947666329196814
2021-11-16,4679.419921875,4714.9501953125,4679.419921875,4700.89990234375,3972640000,0.003865229864862485,0.004200685046245217,0.00576106553656729,4627.878955078125,4498.93435546875,1.0286611427109698,78.77348186981214,58.42584135596826,58.84330133455111
2021-11-17,4701.5,4701.5,4684.41015625,4688.669921875,3969070000,-0.002601625374463401,0.004300660741843778,0.0038040592840842733,4635.502954101563,4502.426357421875,1.0295566403790974,70.33810725389047,56.58117540687272,58.39087614901543
2021-11-18,4700.72021484375,4708.7998046875,4672.77978515625,4704.5400390625,4226410000,0.0033847802152713324,0.004307876610671769,0.003781491818026447,4643.240966796875,4506.6515625,1.0303084013491168,71.2151602523923,55.75711684169073,57.864124287550496
2021-11-19,4708.43994140625,4717.75,4694.22021484375,4697.9599609375,4253180000,-0.001398665559303236,0.004319455803742807,0.0028732984912204513,4650.893969726562,4511.43916015625,1.0309113798545566,68.16664491768361,53.95117165567444,57.081533761175294
2021-11-22,4712.0,4743.830078125,4682.169921875,4682.93994140625,4441100000,-0.0031971365563219223,0.004385957187757275,0.0033668452638840178,4656.716967773437,4515.723359375,1.0312228179579963,61.3658555223475,50.72325097290468,55.80987720352118
2021-11-23,4678.47998046875,4699.39013671875,4652.66015625,4690.7001953125,4277590000,0.001657132912945114,0.004385032970118242,0.002838132319836494,4662.512475585938,4520.6763671875,1.0313749750873409,57.247352139077,48.23526213450441,54.29495418971783
2021-11-24,4675.77978515625,4702.8701171875,4659.89013671875,4701.4599609375,3418430000,0.0022938506357221833,0.004128608858593862,0.002745043117856013,4670.00146484375,4525.0915625,1.0320236398186142,55.37304979146285,46.59462241485198,52.75488783474466
2021-11-26,4664.6298828125,4664.6298828125,4585.43017578125,4594.6201171875,3517700000,-0.022724822637582465,0.006475413177975153,0.010336528982696509,4669.911474609375,4527.50896484375,1.0314527283924526,32.1653965078672,36.25539153860154,49.45498857551604
2021-11-29,4628.75,4672.9501953125,4625.259765625,4655.27001953125,4336410000,0.013200199537034996,0.007111121372026672,0.01316726102316846,4672.405981445312,4531.954560546875,1.0309913568245241,43.2708080635094,32.57985652008756,46.07996216443035
2021-11-30,4640.25,4646.02001953125,4560.0,4567.0,6625990000,-0.01896131033450521,0.008331653272823338,0.01531183536005076,4670.072485351562,4536.1399609375,1.0295256596064954,35.81489829293322,22.287400386052468,41.32144980875478
2021-12-01,4602.81982421875,4652.93994140625,4510.27001953125,4513.0400390625,5366730000,-0.011815187417889228,0.008639687429817673,0.015051112981391297,4664.1919921875,4539.316962890625,1.0275096518524132,34.53719351835953,9.665024475356404,34.9901647420751
2021-12-02,4504.72998046875,4595.4599609375,4504.72998046875,4577.10009765625,5077180000,0.01419443613158311,0.009160306202901581,0.017712728436874686,4660.018505859375,4542.946162109375,1.0257701367289902,42.69136437359073,4.775759994678992,28.94728379259588
2021-12-03,4589.490234375,4608.02978515625,4495.1201171875,4538.43017578125,5240070000,-0.008448563730297565,0.00922930940368018,0.015151267788116117,4652.93701171875,4544.735166015625,1.0238081740190785,35.52385315353412,-2.194065032856088,22.719014027505484
2021-12-06,4548.3701171875,4612.60009765625,4540.509765625,4591.669921875,4770800000,0.011730872577451423,0.009632217099040653,0.01478366392492117,4647.644018554687,4547.45896484375,1.0220309967578518,41.745627660289635,-3.382705294439802,17.498670163116426
2021-12-07,4631.97021484375,4694.0400390625,4631.97021484375,4686.75,4492400000,0.020707080374404274,0.01079610355153401,0.014489603476861311,4646.896508789063,4552.331767578125,1.0207728140300387,48.875188154367706,3.3093087703537094,14.660797884563882
2021-12-08,4690.85986328125,4705.06005859375,4674.52001953125,4701.2099609375,4234600000,0.0030852853123166657,0.01078751166209289,0.011271067847521748,4647.694506835937,4559.303369140625,1.0193869831723816,50.99331805826085,9.66812796974682,13.66226390160047
2021-12-09,4691.0,4695.259765625,4665.97998046875,4667.4501953125,3903840000,-0.007181080169894716,0.010746886660628355,0.012446994182195796,4648.731518554688,4565.463173828125,1.0182387507151311,47.14302048479888,11.846844010926361,13.29917992346565
2021-12-10,4687.64013671875,4713.56982421875,4670.240234375,4712.02001953125,3870110000,0.009549073338481762,0.010945443342704397,0.010386519684798132,4651.8690185546875,4573.5527734375,1.0171237217534772,51.0231463090339,16.974236071911037,14.034191153154728
2021-12-13,4710.2998046875,4710.2998046875,4667.60009765625,4668.97021484375,4397230000,-0.009136167611567658,0.011045310026152179,0.01231421757813454,4651.175024414062,4579.791376953125,1.0155866592133784,49.023272137344115,17.363812542660526,14.700115431055888
2021-12-14,4642.990234375,4660.47021484375,4606.52001953125,4634.08984375,4485430000,-0.0074706775774360246,0.011167760682114149,0.008165045491587909,4648.739526367188,4586.463974609375,1.0135781185903934,46.186566113598474,14.688678322319902,14.697828009308694
2021-12-15,4636.4599609375,4712.60009765625,4611.22021484375,4709.85009765625,4910130000,0.016348464630746795,0.011755778006038085,0.011709136377552106,4649.187036132813,4593.746572265625,1.0120686814117925,50.51967431363855,18.468936115744327,15.45204963059582
2021-12-16,4719.1298828125,4731.990234375,4651.89013671875,4668.669921875,4829500000,-0.008743415379980468,0.011910932516249919,0.011980453763270503,4648.187036132813,4599.848974609375,1.0105086192590798,54.99263880914631,17.93517607829108,15.948674920134874
2021-12-17,4652.5,4666.7001953125,4600.22021484375,4620.64013671875,7987090000,-0.010287680637092622,0.012088638472975382,0.011340412051189764,4643.992041015625,4604.26658203125,1.0086279667514058,47.624737931450234,13.48116269086131,15.455172474280163
2021-12-20,4587.89990234375,4587.89990234375,4531.10009765625,4568.02001953125,4635700000,-0.01138805785140995,0.012317573914578987,0.011643117810753717,4637.495043945312,4607.800185546875,1.006444476149721,50.0735605340868,5.640303392979149,13.49219865801996
2021-12-21,4594.9599609375,4651.14013671875,4583.16015625,4649.22998046875,4072430000,0.017777934551572505,0.013022921915632833,0.014937788207798034,4635.809545898437,4613.560986328125,1.0048224266756727,59.45015575374037,5.911190531898683,11.975997032795705
2021-12-22,4650.35986328125,4697.669921875,4645.52978515625,4696.56005859375,3319610000,0.010180197220578835,0.013227513764450138,0.013513433995869515,4636.1025390625,4620.479189453125,1.0033813266911875,58.486302814360954,9.831678818436558,11.547133389923877
2021-12-23,4703.9599609375,4740.740234375,4703.9599609375,4725.7900390625,2913040000,0.006223699921661829,0.013290146797508428,0.012871184620603549,4637.31904296875,4627.718994140625,1.0020744666735988,63.49077546301993,15.122980860171992,12.2623028839735
2021-12-27,4733.990234375,4791.490234375,4733.990234375,4791.18994140625,2770290000,0.01383893524747526,0.012437580036963313,0.011305294428307664,4647.147534179688,4634.77759765625,1.002668938533252,64.11911253010466,24.3133324375558,14.672508794689962
2021-12-28,4795.490234375,4807.02001953125,4780.0400390625,4786.35009765625,2707920000,-0.0010101548486260992,0.012177484960104939,0.007227773253593033,4653.7015380859375,4641.077197265625,1.0027201316168044,58.08022829563398,30.850590924821518,17.908125220716276
2021-12-29,4788.64013671875,4804.06005859375,4778.080078125,4793.06005859375,2963310000,0.0014018951394270118,0.011191596881896495,0.006106907955036522,4665.004541015625,4647.20919921875,1.0038292534366362,57.546389419994846,36.156068493336534,21.557713875240328
2021-12-30,4794.22998046875,4808.93017578125,4775.330078125,4778.72998046875,3124950000,-0.0029897555945093135,0.010764205919087645,0.0067300137705089596,4678.289038085937,4652.391201171875,1.005566564760835,59.44425428014709,38.75760658412946,24.997692417018158
2021-12-31,4775.2099609375,4786.830078125,4765.75,4766.18017578125,2677820000,-0.0026261799136575448,0.010490510149034052,0.006990968493000052,4687.7430419921875,4656.991005859375,1.0066034132542065,54.86072523492921,39.35304253108552,27.868762439831634
2022-01-03,4778.14013671875,4796.64013671875,4758.169921875,4796.56005859375,3831020000,0.006374052530970564,0.010227992443435755,0.0038465989378014378,4700.6495361328125,4661.926611328125,1.0083062064320347,61.71731086226967,41.794550890170285,30.65392012989937
2022-01-04,4804.509765625,4818.6201171875,4774.27001953125,4793.5400390625,4683170000,-0.000629621957060511,0.010032742526972406,0.003819598148892901,4710.7430419921875,4666.8994140625,1.0093945945776281,65.55339003071109,42.99020914747052,33.121177933413605
2022-01-05,4787.990234375,4797.7001953125,4699.43994140625,4700.580078125,4887960000,-0.019392757790687165,0.01014602174669683,0.009469914466235909,4711.434545898437,4669.581416015625,1.0089629296834326,49.125122464421956,36.021452104501805,33.70123276763125
2022-01-06,4693.39013671875,4725.009765625,4671.259765625,4696.0498046875,4295280000,-0.0009637690162076495,0.010125715974430276,0.00955900181711658,4711.176538085938,4672.006611328125,1.0083839621850788,52.77607802366454,29.789709507678708,32.91892811564074
2022-01-07,4697.66015625,4707.9501953125,4662.740234375,4677.02978515625,4181510000,-0.004050216740091761,0.01003272996439251,0.009549617079521316,4711.655517578125,4674.513603515625,1.0079456211304139,56.07477028798428,23.050539709867735,30.945250434486137
2022-01-10,4655.33984375,4673.02001953125,4582.240234375,4670.2900390625,4511810000,-0.0014410312534549607,0.00978885992179514,0.007994914761240094,4709.569018554687,4675.991005859375,1.0071809403938623,62.22595803052856,16.970235596299062,28.150247466848725
2022-01-11,4669.14013671875,4714.1298828125,4638.27001953125,4713.06982421875,4101590000,0.009159984668711818,0.009784306186403068,0.010291957823889806,4711.773999023438,4678.1448046875,1.0071885749030771,58.403974957255066,15.425704003017927,25.605338774082565
2022-01-12,4728.58984375,4748.830078125,4706.7099609375,4726.35009765625,4048220000,0.002817754443029452,0.009611252058230008,0.005127246941118511,4716.38701171875,4680.398408203125,1.007689217963272,54.30778833444423,15.099204436311084,23.504111906528273
2022-01-13,4733.56005859375,4744.1298828125,4650.2900390625,4659.02978515625,4251730000,-0.0142436152864307,0.009478458131712953,0.008677151999690704,4713.84599609375,4680.966005859375,1.0070241890655085,41.30408512424553,9.30104788762219,20.663499102747057
2022-01-14,4637.990234375,4665.1298828125,4614.75,4662.85009765625,4338490000,0.0008199802697488323,0.009279830667001578,0.008599530578652441,4713.555004882813,4681.011611328125,1.0069522138069327,30.08878384315865,4.957092068703787,17.522217695938405
2022-01-18,4632.240234375,4632.240234375,4568.7001953125,4577.10986328125,4748700000,-0.018387945694007368,0.009907047797748389,0.011777502872364209,4711.378491210938,4678.952607421875,1.0069301586294395,24.051305900105845,-5.342460013851451,12.949282153980432
2022-01-19,4588.02978515625,4611.5498046875,4530.2001953125,4532.759765625,4465740000,-0.009689541868338813,0.00981498866127236,0.009276527617686993,4709.615478515625,4675.65720703125,1.0072627803923069,20.475497922576523,-16.888926444114986,6.981640434361348
2022-01-20,4547.35009765625,4602.10986328125,4477.9501953125,4482.72998046875,4640870000,-0.01103737849414832,0.009104415908204506,0.007164524016892564,4701.290478515625,4671.277802734375,1.0064249391812412,18.94152558524624,-29.73381689118378,-0.3614510307476793
2022-01-21,4471.3798828125,4494.52001953125,4395.33984375,4397.93994140625,5589100000,-0.018914821867908604,0.009411680580047141,0.008026210445135707,4686.35947265625,4665.5316015625,1.0044642010541251,16.448015859598414,-46.222508341693356,-9.533662492936818
2022-01-24,4356.31982421875,4417.35009765625,4222.6201171875,4410.1298828125,6928110000,0.002771738943381896,0.009259473174556977,0.008783398124221022,4670.57646484375,4660.8,1.0020975937272034,13.583542930345686,-57.64182958428137,-19.15529591120573
2022-01-25,4366.64013671875,4411.009765625,4287.10986328125,4356.4501953125,5145050000,-0.012171906253646725,0.008505279186465898,0.007878729153154069,4648.8394775390625,4654.943603515625,0.9986886788548948,12.399610201955724,-70.21384460814079,-29.36700565059275
2022-01-26,4408.43017578125,4453.22998046875,4304.7998046875,4349.93017578125,5570640000,-0.0014966358477518371,0.008494829909133021,0.008716991311223643,4627.018481445312,4648.285205078125,0.9954248238448065,14.565823013408263,-79.78367167367924,-39.45033885521005
2022-01-27,4380.580078125,4428.740234375,4309.5,4326.509765625,5214200000,-0.00538408875771057,0.008371457978075285,0.008618134974811625,4603.690966796875,4641.159404296875,0.9919269229440144,14.03017819086746,-88.24047862725001,-49.20836680961805
2022-01-28,4336.18994140625,4432.72021484375,4292.4599609375,4431.85009765625,5031090000,0.024347646888076113,0.010651058295872004,0.013846114717305654,4586.34697265625,4635.778408203125,0.9893369718752292,29.56839262956929,-85.45737521086176,-56.45816848986681
2022-01-31,4431.7900390625,4516.89013671875,4414.02001953125,4515.5498046875,5098610000,0.018885951732779516,0.011791136225119216,0.015905399035544728,4573.815454101563,4632.316005859375,0.987371208768181,38.570962827895805,-75.62610815324024,-60.29175642254149
2022-02-01,4519.56982421875,4550.490234375,4483.52978515625,4546.5400390625,4816830000,0.00686300355780145,0.011811280199598921,0.012789583802856075,4561.314453125,4629.156005859375,0.9853447253347037,37.48218966710735,-64.58955705364315,-61.15131654876183
2022-02-02,4566.39013671875,4595.31005859375,4544.31982421875,4589.3798828125,4481580000,0.00942251544733641,0.012109945151469879,0.01149173440636721,4551.1064453125,4626.984404296875,0.9836009909793708,40.142211639088586,-51.78919977272017,-59.27889319355349
2022-02-03,4535.41015625,4542.8798828125,4470.39013671875,4477.43994140625,4401970000,-0.024391082077444004,0.012529808276684254,0.01893080033726503,4539.949438476562,4622.874404296875,0.9820620335816964,37.719638882835035,-50.09992144801981,-57.44309884444676
2022-02-04,4482.7900390625,4539.66015625,4451.5,4500.52978515625,4706290000,0.0051569298644233985,0.012639820341643187,0.016304010045269095,4530.1734375,4619.07099609375,0.980754234202304,39.30160769386234,-46.36354865575595,-55.2271888067086
2022-02-07,4505.75,4521.85986328125,4471.47021484375,4483.8701171875,4228480000,-0.0037017126347429485,0.012637154959813697,0.013804534419800063,4520.515454101563,4614.71919921875,0.9795862454354459,43.23898491478051,-44.23680788831825,-53.02911262303052
2022-02-08,4480.02001953125,4531.31982421875,4465.39990234375,4521.5400390625,4459620000,0.008401207191663262,0.012851151432832999,0.014047764653187874,4513.077954101563,4613.25759765625,0.9782844028467902,49.17847458984509,-39.06142681966139,-50.2355754623567
2022-02-09,4547.0,4590.02978515625,4547.0,4587.18017578125,4524350000,0.014517207887505545,0.013138501154741463,0.015137296928388657,4506.783471679688,4611.89580078125,0.97720843365894,57.47707390458774,-29.32524639434996,-46.05350964875536
2022-02-10,4553.240234375,4588.919921875,4484.31005859375,4504.080078125,5314860000,-0.01811572566845976,0.013620633111363026,0.012668597461578165,4495.669970703125,4610.63740234375,0.9750647423321158,57.61647646644546,-27.992061584768635,-42.44122003595802
2022-02-11,4506.27001953125,4526.330078125,4401.41015625,4418.64013671875,5251500000,-0.01896945434456343,0.013876998721796707,0.015159118543454192,4483.65048828125,4608.749404296875,0.9728562121648464,50.552592514620926,-33.44426754032702,-40.64182953683182
2022-02-14,4412.60986328125,4426.22021484375,4364.83984375,4401.669921875,4600390000,-0.0038405967262932217,0.01385648064345095,0.015159538995083327,4470.591479492187,4605.24080078125,0.9707617197202326,53.083217919352265,-38.68855695127331,-40.25117501972012
2022-02-15,4429.27978515625,4472.77001953125,4429.27978515625,4471.06982421875,4430830000,0.01576672117072042,0.013936972637052068,0.016877936298242757,4465.289477539062,4603.89359375,0.9698941529840961,57.607361135471336,-36.8202609244363,-39.56499220066336
2022-02-16,4455.75,4489.5498046875,4429.68017578125,4475.009765625,4283640000,0.0008812077558950637,0.013792940391711056,0.014441720314252133,4462.4019775390625,4601.560390625,0.9697584294733038,59.55943276072123,-34.62259479779004,-38.5765127200887
2022-02-17,4456.06005859375,4456.06005859375,4373.81005859375,4380.259765625,4539420000,-0.021173138152195015,0.014372564376903912,0.01518893423718337,4457.278466796875,4595.4305859375,0.969937067581135,46.633053606903104,-40.0646216809273,-38.874134512256425
2022-02-18,4384.56982421875,4394.60009765625,4327.22021484375,4348.8701171875,4708060000,-0.0071661613961429005,0.013834293659995556,0.01337463507189856,4454.824975585938,4588.3837890625,0.970891969892551,38.32479878952215,-46.37575861081041,-40.37445933196722
2022-02-22,4332.740234375,4362.1201171875,4267.10986328125,4304.759765625,5121900000,-0.010142945264832837,0.013975708572293135,0.013752759182709533,4449.556469726563,4581.12998046875,0.9712792452292035,33.3699854645305,-54.31065737156496,-43.161698939886776
2022-02-23,4324.93017578125,4341.509765625,4221.509765625,4225.5,4797430000,-0.018412122845487655,0.014301397687636809,0.008871625630919628,4443.008959960937,4571.399580078125,0.9719143737343141,26.165886296182578,-66.23124987077063,-47.77560912606355
2022-02-24,4155.77001953125,4294.72998046875,4114.64990234375,4288.7001953125,6752130000,0.014956856067329216,0.014763001598929182,0.014260941609992361,4439.9474609375,4563.7941796875,0.9728632112067594,36.79439113765859,-69.77436231820138,-52.17535976449112
2022-02-25,4298.3798828125,4385.33984375,4286.830078125,4384.64990234375,5177060000,0.022372677655603468,0.01557255349347711,0.01744252272384989,4442.854467773437,4558.805380859375,0.9745655049077616,42.64235551769081,-64.1010480073628,-54.56049741306546
2022-02-28,4354.169921875,4388.83984375,4315.1201171875,4373.93994140625,6071370000,-0.002442603440647617,0.014558064082114856,0.01705929124464411,4439.958959960937,4552.087177734375,0.9753677349761907,42.96698744762031,-59.78000321744821,-55.60439857394201
2022-03-01,4363.14013671875,4378.4501953125,4279.5400390625,4306.259765625,5846230000,-0.015473503680411893,0.014164972520038512,0.01808622142993895,4429.494458007813,4544.838974609375,0.9746207693504748,36.736312253539936,-61.11230404872549,-56.7059796688987
2022-03-02,4322.56005859375,4401.47998046875,4322.56005859375,4386.5400390625,5337870000,0.018642691757321028,0.014795767919311566,0.01602760278130356,4421.494458007813,4540.15697265625,0.9738637859080425,37.85736195321915,-55.05556859618082,-56.375897454355126
2022-03-03,4401.31005859375,4416.77978515625,4345.56005859375,4363.490234375,5039890000,-0.005254666430088317,0.014578207713644499,0.016258904392312735,4410.199975585938,4536.066376953125,0.9722520812290821,40.82467301537124,-51.52158001331827,-55.40503396614776
2022-03-04,4342.1201171875,4342.1201171875,4284.97998046875,4328.8701171875,5797380000,-0.007934042550334475,0.013711450795428086,0.012771503685183332,4402.771484375,4529.6591796875,0.971987363667115,43.725097357939326,-50.927363776593666,-54.50949992823695
2022-03-07,4327.009765625,4327.009765625,4199.85009765625,4201.08984375,6940470000,-0.029518158313449172,0.014948968995113023,0.017579930867564354,4387.799487304687,4519.749775390625,0.9708058422162246,37.86011416790886,-60.074739092959135,-55.62254776118138
2022-03-08,4202.66015625,4276.93994140625,4157.8701171875,4170.7001953125,7243120000,-0.00723375351819977,0.014974428993906887,0.01707225302938341,4372.1409912109375,4508.647978515625,0.9697232988791399,30.919459727382304,-68.98111918378254,-58.29426204570161
2022-03-09,4223.10009765625,4299.39990234375,4223.10009765625,4277.8798828125,5662670000,0.02569824789143582,0.016151610217322455,0.019729868387719732,4359.957983398437,4498.38177734375,0.9692280911676974,38.92963613748988,-66.62299610184891,-59.960008856931076
2022-03-10,4252.5498046875,4268.27978515625,4209.7998046875,4259.52001953125,4980830000,-0.004291813651667864,0.01563936980635346,0.019729611557696647,4343.574975585938,4487.84517578125,0.9678531244852497,42.583184412134685,-65.48083182816117,-61.0641734511771
2022-03-11,4279.5,4291.009765625,4200.490234375,4204.31005859375,4938640000,-0.012961545123475138,0.01542832592705466,0.02006372730997769,4328.586474609375,4476.07017578125,0.9670506280330751,41.372430968432305,-68.2439668813613,-62.50013213721395
2022-03-14,4202.75,4247.56982421875,4161.72021484375,4173.10986328125,5574920000,-0.007421002465963666,0.015022766975614981,0.015382678890206105,4316.3099609375,4463.9577734375,0.9669244603121991,42.019956988941786,-72.12001172710097,-64.42410805519137
2022-03-15,4188.81982421875,4271.0498046875,4187.89990234375,4262.4501953125,5392470000,0.021408574170870942,0.015957882265255355,0.01774525659879834,4309.348974609375,4453.883173828125,0.9675487224119256,52.212718526203254,-67.20805443022073,-64.98089733019724
2022-03-16,4288.14013671875,4358.89990234375,4251.990234375,4357.85986328125,6309750000,0.02238376135718223,0.016396937679794478,0.016791017139873105,4303.6884765625,4445.109169921875,0.9681851023330749,53.9877124434737,-54.98272344022644,-62.98126255220308
2022-03-17,4345.10986328125,4412.669921875,4335.64990234375,4411.669921875,4985090000,0.01234781757145198,0.016670042846709192,0.01642543818690866,4300.521484375,4437.471767578125,0.9691377679957907,51.6375372046488,-40.48534863500117,-58.482079768762695
2022-03-18,4407.33984375,4465.39990234375,4390.56982421875,4463.1201171875,8278430000,0.011662294827948783,0.016143848589927234,0.011976278912425883,4304.664501953125,4432.722568359375,0.9711107418902496,55.1503967396791,-24.5613459719616,-51.697933009402476
2022-03-21,4462.39990234375,4481.75,4424.2998046875,4461.18017578125,4869820000,-0.00043466036210393355,0.016033087257154004,0.009224189792295749,4310.280004882812,4428.02517578125,0.973409100846482,59.68228334129822,-11.960127291479694,-43.750371865817925
2022-03-22,4469.10009765625,4522.0,4469.10009765625,4511.60986328125,4754840000,0.0113041136006502,0.015937532069106097,0.008088026368399469,4320.622509765625,4424.71677734375,0.9764743659727266,58.11963048410994,2.0718011880026097,-34.58593725505382
2022-03-23,4493.10009765625,4501.06982421875,4455.81005859375,4456.240234375,4550670000,-0.012272698789159042,0.015569020591604539,0.010780244468288933,4332.159521484375,4420.43578125,0.9800299644347139,55.77889355508799,8.624916623132776,-25.9437664794165
2022-03-24,4469.97998046875,4520.580078125,4465.169921875,4520.16015625,4131390000,0.01434391292056647,0.015544366640015673,0.01117236387521363,4343.73251953125,4416.577587890625,0.9835064443203484,61.49871089237242,18.759859331589723,-17.003041317215256
2022-03-25,4522.91015625,4546.02978515625,4501.06982421875,4543.06005859375,4305020000,0.005066170567449069,0.014860987559507224,0.010549356960103146,4351.65302734375,4412.911787109375,0.9861182904347717,73.52222630480503,28.31332677638784,-7.939767698494634
2022-03-28,4541.08984375,4575.64990234375,4517.68994140625,4575.52001953125,4312260000,0.007144955276586762,0.014868813204341743,0.010367414173037647,4361.73203125,4411.241591796875,0.9887765021442165,77.76621974360812,38.06497676631352,1.2611811944669993
2022-03-29,4602.85986328125,4637.2998046875,4589.66015625,4631.60009765625,5085910000,0.012256547427530462,0.014403932140992436,0.010517175113723265,4377.999047851563,4410.616591796875,0.9926047655092088,76.09020260074033,49.7449939391463,10.957943743402863
2022-03-30,4624.2001953125,4627.77001953125,4581.31982421875,4602.4501953125,4385570000,-0.0062937001746978805,0.014123192371288621,0.008074889202326744,4388.7945556640625,4411.1233984375,0.9949380598191048,74.89802502135927,56.00376169170249,19.967107333062792
2022-03-31,4599.02001953125,4603.06982421875,4530.41015625,4530.41015625,4823020000,-0.015652540713177343,0.014606777724056531,0.01129469558442995,4397.140551757812,4411.07640625,0.9968407134203248,73.11129152037252,54.52235141089477,26.87815614862919
2022-04-01,4540.31982421875,4548.7001953125,4507.56982421875,4545.85986328125,4562940000,0.0034102225843584133,0.014420601163062265,0.011150850178794835,4407.9900390625,4412.33900390625,0.9990143629399509,77.02069791576703,53.97282025422555,32.297088969748465
2022-04-04,4547.97021484375,4583.5,4539.2099609375,4582.64013671875,4547350000,0.008090938687879357,0.012318010609568546,0.011305665297862227,4427.067553710937,4416.0330078125,1.0024987462455366,75.12519512047467,55.86123993271303,37.00991916234138
2022-04-05,4572.4501953125,4593.4501953125,4514.169921875,4525.1201171875,4800620000,-0.012551720801807331,0.012636272967330126,0.010167112775895524,4444.788549804687,4418.3328125,1.0059877194469915,63.95465081699413,52.1156841064394,40.03107215116099
2022-04-06,4494.169921875,4503.93994140625,4450.0400390625,4481.14990234375,4986830000,-0.009716916613271898,0.011920631448394331,0.010421799786084138,4454.95205078125,4420.826806640625,1.0077191995147525,55.893533287000714,45.079625404800026,41.0407828018888
2022-04-07,4474.64990234375,4521.16015625,4450.2998046875,4500.2099609375,4821490000,0.004253385628492534,0.011821218150843932,0.009201381482425925,4466.986547851562,4423.83240234375,1.0097549232391692,53.32901502176394,40.57377639071092,40.94738151965323
2022-04-08,4494.14990234375,4520.41015625,4474.60009765625,4488.27978515625,4083200000,-0.002651026482054286,0.011310627243687883,0.008816445570718114,4481.185034179687,4427.067802734375,1.0122241704569979,52.38948523168965,35.629478651929276,39.88380094610844
2022-04-11,4462.64013671875,4464.35009765625,4408.3798828125,4412.52978515625,4266290000,-0.01687729010355421,0.011962725219259769,0.008366935076313814,4493.156030273438,4426.681396484375,1.0150168100739883,41.63711656997974,25.30697211981351,36.968435180849454
2022-04-12,4437.58984375,4471.0,4381.33984375,4397.4501953125,4152090000,-0.003417447717741773,0.011200620854384885,0.007978752370701312,4499.906030273438,4424.319404296875,1.0170843510762702,44.67568189054374,15.72820944050818,32.7203900327812
2022-04-13,4394.2998046875,4453.919921875,4392.7001953125,4446.58984375,3828150000,0.011174577597236057,0.010355506467210833,0.010430829529864202,4504.342529296875,4422.320400390625,1.0185473058213976,43.15382448360157,11.964213946715972,28.56915481556815
2022-04-14,4449.1201171875,4460.4599609375,4390.77001953125,4392.58984375,4083090000,-0.01214413784439794,0.010398389064087297,0.010741421348460968,4503.388525390625,4418.384599609375,1.0192386886801943,36.76392896504862,4.5711780020446895,23.769559452863458
2022-04-18,4385.6298828125,4410.31005859375,4370.2998046875,4391.68994140625,3910490000,-0.0002048682840329885,0.010019645592171255,0.010917074801005788,4499.8170166015625,4416.669599609375,1.0188258177608625,32.878810479249964,-1.3449669051287856,18.74665418126501
2022-04-19,4390.6298828125,4471.02978515625,4390.6298828125,4462.2099609375,4108120000,0.016057604355527166,0.010703056654191426,0.011353702719966191,4499.868505859375,4415.903203125,1.0190142987452613,34.63691752558145,-0.33926728967890085,14.929469887076229
2022-04-20,4472.259765625,4488.2900390625,4448.759765625,4459.4501953125,4290450000,-0.0006184750715809706,0.010371060476209776,0.011067136836303716,4497.260522460938,4415.4148046875,1.0185363598651136,36.37834257679578,0.23238805478649738,11.990053520618282
2022-04-21,4489.169921875,4512.93994140625,4384.47021484375,4393.66015625,4636890000,-0.014752948498371943,0.010532436360049227,0.01220856681238999,4494.131518554687,4412.85720703125,1.0184176164580938,36.816720862667275,-4.570590367552541,8.677924742984118
2022-04-22,4385.830078125,4385.830078125,4267.6201171875,4271.77978515625,4651940000,-0.027740054250753654,0.011534534924371351,0.01655916241048233,4481.7125,4406.54919921875,1.0170571795260055,28.07640271090267,-18.004171835637862,3.34150542725972
2022-04-25,4255.33984375,4299.02001953125,4200.81982421875,4296.1201171875,5240040000,0.005697936985382235,0.011557932150072961,0.017223824702913205,4469.365502929688,4402.39,1.0152134415464527,26.61596079340903,-26.382202945342215,-2.6032362472606687
2022-04-26,4278.14013671875,4278.14013671875,4175.0400390625,4175.2001953125,4689970000,-0.028146308431003852,0.012616947636044271,0.015432149944696456,4449.34951171875,4397.521201171875,1.0117858011765957,24.119881837157735,-42.29156920143123,-10.540902838094784
2022-04-27,4186.52001953125,4240.7099609375,4162.89990234375,4183.9599609375,4769680000,0.0020980468517017847,0.012101172413638278,0.016018632164575178,4426.967504882812,4393.167001953125,1.0076938807276528,26.81209278439279,-53.57543246672594,-19.14780876382102
2022-04-28,4222.580078125,4308.4501953125,4188.6298828125,4287.5,4854180000,0.02474690007293945,0.013797997832671015,0.022923890581640138,4411.219995117188,4389.49560546875,1.0049491767622165,35.33660869483262,-53.545915584502836,-26.027430127957384
2022-04-29,4253.75,4269.68017578125,4124.27978515625,4131.93017578125,5084030000,-0.036284507106413955,0.015432952410553213,0.025271967905444614,4391.29599609375,4382.634013671875,1.0019764329841032,29.495372014511062,-65.3227083855727,-33.88648577948045
2022-05-02,4130.60986328125,4169.81005859375,4062.510009765625,4155.3798828125,5163790000,0.005675242812353654,0.015502047053824363,0.025269258849661715,4371.771997070313,4378.136416015625,0.9985463178072682,34.25578640798757,-71.93449012311339,-41.49608664820704
2022-05-03,4159.77978515625,4200.10009765625,4147.080078125,4175.47998046875,4582050000,0.004837126381486367,0.01538104019059652,0.02229771461687132,4351.413989257812,4374.66861328125,0.9946842547220975,36.4927301802554,-74.69146813723364,-48.135162946012365
2022-05-04,4181.18017578125,4307.66015625,4148.91015625,4300.169921875,5136360000,0.02986242108440229,0.017049996519703823,0.026028965871259545,4340.166479492187,4374.57681640625,0.9921340192758733,41.840353174356984,-66.05353287216076,-51.718836931242045
2022-05-05,4270.43017578125,4270.43017578125,4106.009765625,4146.8701171875,5077030000,-0.035649708609806985,0.018554804607784015,0.028877491575430642,4323.452490234375,4373.00421875,0.9886687215385789,37.671103332301094,-70.76221720796093,-55.52751298658583
2022-05-06,4128.169921875,4157.68994140625,4067.909912109375,4123.33984375,5116940000,-0.0056742248424840325,0.018463285231082562,0.023718604209596875,4304.608984375,4369.69701171875,0.9851046818190835,36.83461103027522,-75.52200917309892,-59.52641222388845
2022-05-09,4081.27001953125,4081.27001953125,3975.47998046875,3991.239990234375,5954520000,-0.03203710063235676,0.019475031483790137,0.027137125140631053,4279.756994628906,4361.828813476563,0.9811840807245615,28.21055741913389,-88.92842128750999,-65.40681403661276
2022-05-10,4035.179931640625,4068.820068359375,3958.169921875,4001.050048828125,5885820000,0.0024578974498534745,0.01936902258468953,0.02688127487105785,4259.1830078125,4354.371015625,0.9781396652993206,28.929556797403322,-97.6360224433156,-71.85265571795333
2022-05-11,3990.080078125,4049.090087890625,3928.820068359375,3935.179931640625,5816140000,-0.01646320750393837,0.019542341722522696,0.01643150337015141,4236.069494628906,4346.949418945313,0.9744924742318927,28.9274272729823,-108.6001520995078,-79.20215499426422
2022-05-12,3903.949951171875,3964.800048828125,3858.8701171875,3930.080078125,6286450000,-0.0012959645058717717,0.01918280847826816,0.013921776801051052,4210.244006347656,4337.820219726563,0.9705897877466788,32.406194579466415,-116.35949952256306,-86.63362389992399
2022-05-13,3963.89990234375,4038.8798828125,3963.89990234375,4023.889892578125,5183340000,0.02386969542307149,0.020235069284284674,0.02100440653581949,4191.809008789062,4331.028212890625,0.9678553920089464,36.918914644907694,-113.629322139549,-92.032763547849
2022-05-16,4013.02001953125,4046.4599609375,3983.989990234375,4008.010009765625,4415030000,-0.003946400929555671,0.020213685797282027,0.014661359174936257,4172.625012207031,4324.611010742187,0.9648555677822519,41.064213192339466,-111.4621445038315,-95.91863973904552
2022-05-17,4052.0,4090.719970703125,4033.929931640625,4088.85009765625,4841410000,0.020169632234863677,0.020451857755553606,0.017066838530678474,4153.957019042969,4322.366215820312,0.9610377306390772,45.28032611871912,-102.04520749877383,-97.14395329099119
2022-05-18,4051.97998046875,4051.97998046875,3911.909912109375,3923.679931640625,5103220000,-0.04039526078745259,0.021967268929966154,0.025617846371245187,4127.168505859375,4317.425810546875,0.9559326985485823,32.98665174266695,-106.6803247125963,-99.05122757531223
2022-05-19,3899.0,3945.9599609375,3876.580078125,3900.7900390625,5113550000,-0.005833781800992588,0.021873731926198025,0.025741164624949006,4102.525,4309.884013671875,0.9518875651841004,37.6598838497565,-110.92207094375863,-101.42539624900152
2022-05-20,3927.760009765625,3943.419921875,3810.320068359375,3901.360107421875,5130730000,0.00014614176965843662,0.021275657147164492,0.02185119924455143,4084.004016113281,4302.720815429688,0.9491677920324085,36.09877854856479,-112.93583167234056,-103.72748333366934
2022-05-23,3919.419921875,3981.8798828125,3909.0400390625,3973.75,4420030000,0.018555039930923556,0.02178212653669461,0.024526038852363517,4067.8855102539064,4298.109614257813,0.9464359626287333,39.557945977915,-107.45185412670844,-104.47235749227717
2022-05-24,3942.93994140625,3955.679931640625,3875.1298828125,3941.47998046875,4923190000,-0.008120797617175213,0.021045370752382667,0.021341877563491464,4056.199499511719,4293.477016601562,0.9447353470922603,29.46893468881028,-104.505014540724,-104.47888890196654
2022-05-25,3929.590087890625,3999.330078125,3925.030029296875,3978.72998046875,4802560000,0.009450764734207695,0.02119661635073736,0.01110512422618626,4045.9380004882814,4287.8026123046875,0.9435924099858682,38.901347820789915,-98.03378677916135,-103.18986847740551
2022-05-26,3984.60009765625,4075.139892578125,3984.60009765625,4057.840087890625,4709970000,0.019883256167224195,0.02089579112651551,0.01200299028376025,4034.4550048828123,4281.802216796875,0.9422329198336729,45.97202108042746,-85.53576458725547,-99.65904769937552
2022-05-27,4077.429931640625,4158.490234375,4077.429931640625,4158.240234375,4375620000,0.02474226295510973,0.020151304258561337,0.012988029772027945,4035.7705078125,4276.733623046875,0.9436572074688379,60.68650949506804,-66.75997181607136,-93.0792325227147
2022-05-31,4151.08984375,4168.33984375,4104.8798828125,4132.14990234375,6822640000,-0.006274368617659065,0.02016729235886204,0.014893263933406384,4034.6090087890625,4270.11421875,0.9448480303110306,58.21797997327934,-53.370075512752464,-85.13740112072226
2022-06-01,4149.77978515625,4166.5400390625,4073.85009765625,4101.22998046875,4531800000,-0.007482768681131846,0.02019713916651805,0.014723053512002027,4030.8965087890624,4262.91521484375,0.9455727608077255,60.885812612696824,-44.7377565014599,-77.0574721968698
2022-06-02,4095.409912109375,4177.509765625,4074.3701171875,4176.81982421875,4405790000,0.018431018038486124,0.019433994775957714,0.015463660960624641,4024.72900390625,4256.2194140625,0.9456112602204181,64.80710614978261,-31.43475257236696,-67.93292827196923
2022-06-03,4137.56982421875,4142.669921875,4098.669921875,4108.5400390625,3711110000,-0.016347313992415624,0.018068270872204077,0.0178907611881733,4022.8125,4249.26541015625,0.9467077510350376,55.240520716355284,-26.100760816199454,-59.566494780815276
2022-06-06,4134.72021484375,4168.77978515625,4109.18017578125,4121.43017578125,4332700000,0.003137400778913113,0.018037946615418476,0.01320574820822314,4022.7170166015626,4241.290810546875,0.9484652659511623,57.04770397304035,-20.59598986367473,-51.77239379738716
2022-06-07,4096.47021484375,4164.85986328125,4080.18994140625,4160.68017578125,4248210000,0.009523393173235029,0.01646198300614479,0.01371970012866134,4031.1890258789062,4233.643212890625,0.9521796767391061,54.70664871561229,-12.917368862538751,-44.00138881041748
2022-06-08,4147.1201171875,4160.14013671875,4107.2001953125,4115.77001953125,4159470000,-0.010793945785935621,0.016716223112297753,0.014325355972492293,4036.9250244140626,4224.448212890625,0.9556100160242591,64.94142883783255,-10.336725341847341,-37.268456116703454
2022-06-09,4101.64990234375,4119.10009765625,4017.169921875,4017.820068359375,4134170000,-0.02379869397635359,0.017205518088562403,0.01376227871318983,4041.05703125,4212.172612304687,0.9593759333236199,58.15119522975979,-16.01072751636366,-33.016910396635495
2022-06-10,3974.389892578125,3974.389892578125,3900.159912109375,3900.860107421875,4889640000,-0.029110303335524668,0.018492261696329938,0.016656642550300766,4039.5960327148437,4198.140810546875,0.9622345259516489,49.97003333206521,-29.60385171629605,-32.334298660567605
2022-06-13,3838.14990234375,3838.14990234375,3734.300048828125,3749.6298828125,5636890000,-0.038768430665237275,0.0194774989493604,0.01868232905400486,4025.8830322265626,4182.525205078125,0.9625484210683588,37.727523087864896,-51.980319058685836,-36.26350274019125
2022-06-14,3763.52001953125,3778.179931640625,3705.679931640625,3735.47998046875,5153890000,-0.0037736797459957394,0.01947725499168347,0.014052815171156054,4012.2565307617188,4166.317607421875,0.9630222438189272,38.49136896318443,-70.04813817135664,-43.02042982642433
2022-06-15,3764.050048828125,3837.56005859375,3722.300048828125,3789.989990234375,5530480000,0.014592504858983224,0.01916040368830085,0.02142625688827098,3997.313525390625,4150.464604492187,0.9631002565506035,39.65514057535093,-79.05719067808468,-50.22778199675641
2022-06-16,3728.179931640625,3728.179931640625,3639.77001953125,3666.77001953125,5644930000,-0.03251195148816344,0.018431080718493663,0.02252768401735815,3984.4680297851564,4133.297602539063,0.9639925340332424,29.55403729847589,-95.04414183570725,-59.19105396454658
2022-06-17,3665.89990234375,3707.7099609375,3636.8701171875,3674.840087890625,8520740000,0.002200865698254617,0.018458601458560413,0.02298468099293134,3973.1705322265625,4117.17140625,0.9650243189280779,22.02611056654837,-105.84264065890056,-68.5213713034174
2022-06-21,3715.31005859375,3779.64990234375,3715.31005859375,3764.7900390625,5292260000,0.024477242280086964,0.019439819547673976,0.02169803008107256,3966.3420288085936,4102.4630078125,0.9668196937438106,30.20434163483833,-105.9213243652539,-76.0013619157847
2022-06-22,3733.889892578125,3801.7900390625,3717.68994140625,3759.889892578125,5058990000,-0.0013015723144006452,0.018854564006249422,0.02159004308821027,3955.6490234375,4087.8952099609373,0.9676493208042138,31.07577410944556,-105.1667854004354,-81.83444661271484
2022-06-23,3774.7099609375,3802.580078125,3743.52001953125,3795.72998046875,5098640000,0.009532217409177868,0.018994810544988,0.020930925186708957,3948.3615234375,4075.5592138671873,0.9687901257827652,27.897850138366408,-100.5181021586568,-85.57117772190324
2022-06-24,3821.75,3913.64990234375,3821.75,3911.739990234375,8120260000,0.03056329358583576,0.020196342708597236,0.013904438093256314,3945.0120239257812,4065.845009765625,0.9702809660600394,39.184915798317384,-86.4761062225848,-85.75216342203956
2022-06-27,3920.760009765625,3927.719970703125,3889.659912109375,3900.110107421875,4325310000,-0.0029730715337762392,0.01961126489898255,0.015062157198839394,3937.125524902344,4054.9154150390623,0.9709513323755524,37.82055571006128,-75.41679970247014,-83.68509067812568
2022-06-28,3913.0,3945.860107421875,3820.139892578125,3821.550048828125,4270120000,-0.020143036075892073,0.018972224799122687,0.01865539032907948,3920.291015625,4043.494619140625,0.9695304148712308,32.11132142486437,-72.15954941410428,-81.3799824253214
2022-06-29,3825.090087890625,3836.5,3799.02001953125,3818.830078125,4211240000,-0.0007117454091590814,0.018978534262593445,0.018622153356760825,3904.6250244140624,4032.037421875,0.9683999962972349,33.60716145678899,-69.00221936490425,-78.90442981323798
2022-06-30,3785.989990234375,3818.989990234375,3738.669921875,3785.3798828125,4840070000,-0.008759278267998716,0.01899384293264575,0.018875303474443265,3888.83251953125,4018.5008203125,0.9677321701352382,36.184019013471556,-68.41056930154309,-76.80565771089901
2022-07-01,3781.0,3829.820068359375,3752.10009765625,3825.330078125,4046950000,0.010553814029047315,0.018585287214253572,0.011248357332146889,3871.2580322265626,4005.81841796875,0.9664087655250185,45.05816860349027,-63.98050800986084,-74.24062777069138
2022-07-05,3792.610107421875,3832.18994140625,3742.06005859375,3831.389892578125,5076590000,0.0015841285142366157,0.018401096201109152,0.011573492977725098,3857.400524902344,3994.5730126953126,0.9656602877561593,56.60398492293651,-59.297135668152805,-71.25192935018366
2022-07-06,3831.97998046875,3870.909912109375,3809.3701171875,3845.080078125,4417720000,0.0035731642904301975,0.018409405782947346,0.007001852728015494,3843.5830200195314,3986.0390185546876,0.9642612634065961,58.85928614506336,-53.85998144605901,-67.77353976935873
2022-07-07,3858.85009765625,3910.6298828125,3858.85009765625,3902.6201171875,4057770000,0.014964587965241805,0.018647587916354468,0.009100246463554397,3830.6800170898437,3978.1690185546877,0.9629254059400351,59.05983224896751,-44.39622523349453,-63.09807686218589
2022-07-08,3888.260009765625,3918.5,3869.340087890625,3899.3798828125,3521620000,-0.000830271529819071,0.018562154839808134,0.0065791021901857255,3819.8605102539063,3972.6526123046874,0.9615390226727777,73.18628753654,-36.73414176657343,-57.82528984306341
2022-07-11,3880.93994140625,3880.93994140625,3847.219970703125,3854.429931640625,3423480000,-0.011527461422777274,0.018017002809412028,0.009496462217143042,3811.6910034179687,3966.06201171875,0.961077005895356,66.6752959887707,-33.898213311710606,-53.03987453679285
2022-07-12,3851.949951171875,3873.409912109375,3802.360107421875,3818.800048828125,3817210000,-0.009243878717321574,0.016955307595820795,0.010651877305447113,3807.588000488281,3956.6880126953124,0.9623169651666663,55.577579856017884,-34.13229747243986,-49.25835912392226
2022-07-13,3779.669921875,3829.43994140625,3759.070068359375,3801.780029296875,4109390000,-0.0044569025122100925,0.014479859840626448,0.010466719216151806,3810.1955078125,3950.085009765625,0.9645856983818621,54.22032402501763,-35.28444704846743,-46.4635767088313
2022-07-14,3763.989990234375,3796.409912109375,3721.56005859375,3790.3798828125,4199690000,-0.00299863390215227,0.014468034317274609,0.004444469195851952,3812.9405029296877,3942.785009765625,0.9670678196974134,49.433072903192425,-36.69443977432502,-44.509749321930045
2022-07-15,3818.0,3863.6201171875,3817.179931640625,3863.159912109375,4143800000,0.01920124935943668,0.014733059722087959,0.012243192328669758,3816.5989990234375,3936.5386083984376,0.9695317075973511,44.33297448779071,-31.575150373188535,-41.922829532181744
2022-07-18,3883.7900390625,3902.43994140625,3818.6298828125,3830.85009765625,4046870000,-0.008363571580831342,0.012683984871635943,0.011684074552726473,3824.8030029296874,3927.1522119140627,0.9739380590663455,42.292463056997775,-29.781901421285966,-39.494643910002594
2022-07-19,3860.72998046875,3939.81005859375,3860.72998046875,3936.68994140625,4041070000,0.02762829164595959,0.013893667839322046,0.016112775986865002,3837.8954956054686,3922.9486083984375,0.9783190856462195,62.0797992698019,-19.59447494704591,-35.51461011741126
2022-07-20,3935.320068359375,3974.1298828125,3922.030029296875,3959.89990234375,4185300000,0.005895806193263242,0.013013163225422108,0.015029389901577716,3847.650988769531,3919.6798095703125,0.9816237998254563,64.19012770137525,-9.538067293330187,-30.319301552595043
2022-07-21,3955.469970703125,3999.2900390625,3927.639892578125,3998.949951171875,4132790000,0.00986137270919718,0.013075834950961185,0.013655924037798082,3859.6039916992186,3919.8340087890624,0.9846345490766201,71.24355917640996,1.5646841059083272,-23.94250442089437
2022-07-22,3998.429931640625,4012.43994140625,3938.860107421875,3961.6298828125,3979240000,-0.00933246697634671,0.013271492212746608,0.015168920428776152,3867.8989868164062,3919.04560546875,0.9869492157526892,63.628889092865606,7.268490328997359,-17.700305470916025
2022-07-25,3965.719970703125,3975.300048828125,3943.4599609375,3966.840087890625,3568340000,0.0013151670479691902,0.011474161229302482,0.013545966256411777,3870.6539916992188,3919.67880859375,0.9874926443495712,63.56698639007299,12.07008147492661,-11.746228081747496
2022-07-26,3953.219970703125,3953.219970703125,3910.739990234375,3921.050048828125,3778950000,-0.01154320266205866,0.011777015289117586,0.009369955710796187,3871.7009887695312,3919.4982080078125,0.9878052708021072,57.14957275758043,12.041694425014157,-6.988643580395165
2022-07-27,3951.429931640625,4039.56005859375,3951.429931640625,4023.610107421875,4112180000,0.026156273782937722,0.012086579726462883,0.015405355763203437,3881.803991699219,3919.4926123046876,0.990384311355212,60.496948402650716,20.063655747518624,-1.578183714812406
2022-07-28,4026.1298828125,4078.949951171875,3992.969970703125,4072.429931640625,4413000000,0.012133338697180918,0.01223895518498412,0.015678670117571788,3894.483984375,3920.7810107421874,0.9932929112094916,63.91323857272576,30.014481442172837,4.740349316584644
2022-07-29,4087.330078125,4140.14990234375,4079.219970703125,4130.2900390625,4616360000,0.014207760082581844,0.012125788349759803,0.014237844250088175,3911.7294921875,3921.6098095703123,0.997480545525284,71.72811012941222,42.08428813184173,12.209137079636063
2022-08-01,4112.3798828125,4144.9501953125,4096.02001953125,4118.6298828125,4202810000,-0.0028230841271976725,0.01213966539996832,0.014863112089556972,3926.394482421875,3925.50880859375,1.0002256201352004,74.54280862091775,50.13094144275783,19.79349795226042
2022-08-02,4104.2099609375,4140.47021484375,4079.81005859375,4091.18994140625,4727710000,-0.006662395550704803,0.012355940407745092,0.013375179861120702,3939.384484863281,3929.316806640625,1.0025621955973725,73.2925391047303,53.67506547511039,26.569811456830415
2022-08-03,4107.9599609375,4167.66015625,4107.9599609375,4155.169921875,4351760000,0.015638477163140152,0.012657860256428982,0.010426221541553541,3954.8889770507812,3934.3930029296876,1.0052094374166056,77.0683998017397,60.94393527602642,33.44463622066962
2022-08-04,4154.85009765625,4161.2900390625,4135.419921875,4151.93994140625,4283320000,-0.0007773401640558397,0.012424911989098083,0.010279615062080185,3967.3549682617186,3937.9568017578126,1.0074653349398814,73.89455345999869,65.68673869774375,39.89305671608445
2022-08-05,4115.8701171875,4151.580078125,4107.31005859375,4145.18994140625,4085940000,-0.0016257460597355333,0.012439669009888714,0.008621981030090846,3979.645471191406,3942.0310009765626,1.0095419011685918,77.15818764295881,68.11558196321766,45.5375617655111
2022-08-08,4155.93017578125,4186.6201171875,4128.97021484375,4140.06005859375,4221090000,-0.0012375507238541195,0.012006613717995478,0.008485795900759685,3993.9269775390626,3945.2576025390626,1.0123361716529429,71.27256847793333,68.83305447433577,50.19666030727604
2022-08-09,4133.10986328125,4137.2998046875,4112.08984375,4122.47021484375,3913090000,-0.004248692893594086,0.011774012057339798,0.007990343268882889,4009.110485839844,3946.550205078125,1.0158518902613276,67.20720860401775,67.20757612009129,53.5988434698391
2022-08-10,4181.02001953125,4211.02978515625,4177.259765625,4210.240234375,4546010000,0.021290637641290244,0.012211839622836774,0.010490501323840072,4029.53349609375,3947.590205078125,1.0207578007743088,70.27309393867415,72.16975188925744,57.313025153722776
2022-08-11,4227.39990234375,4257.91015625,4201.41015625,4207.27001953125,4630200000,-0.0007054739583503,0.012141513833238825,0.010484627252192612,4050.3780029296877,3949.092607421875,1.0256477640755899,75.23214814146064,74.99810890731669,60.85004190444156
2022-08-12,4225.02001953125,4280.47021484375,4219.77978515625,4280.14990234375,3788010000,0.017322368774566943,0.01203509905370382,0.011866005369634723,4071.227502441406,3952.671005859375,1.0299940208548308,78.25513167425896,82.17315865970068,65.11466525549339
2022-08-15,4269.3701171875,4301.7900390625,4256.89990234375,4297.14013671875,3696830000,0.0039695418998517695,0.011611714937090355,0.011230349955844581,4094.5420043945314,3955.077412109375,1.0352621649978717,85.77516475993053,88.21353646530497,69.73443949745571
2022-08-16,4290.4599609375,4325.27978515625,4277.77001953125,4305.2001953125,4329820000,0.0018756797165810912,0.010434672044172746,0.009877602747170696,4112.967517089844,3959.010615234375,1.038887721407727,82.6572037403966,92.58371136930691,74.30429387182595
2022-08-17,4280.39990234375,4302.18017578125,4253.080078125,4274.0400390625,3885030000,-0.007237794954094601,0.010752970992043333,0.009025897097559079,4128.674523925782,3962.0628125,1.0420517592250518,74.38023116779593,92.46684207621183,77.93680351270314
2022-08-18,4273.1298828125,4292.52978515625,4261.97998046875,4283.740234375,3340330000,0.002269561170191503,0.01066430018750118,0.00881239418058814,4142.914038085937,3964.524013671875,1.0449965806232664,71.0027053181422,92.09532938346001,80.76850868685452
2022-08-19,4266.31005859375,4266.31005859375,4218.7001953125,4228.47998046875,3761340000,-0.012900001139847905,0.01091706728581743,0.007319690577597965,4156.25654296875,3966.778212890625,1.0477663030069055,63.432041831801094,86.34651337942614,81.88410962536885
2022-08-22,4195.080078125,4195.080078125,4129.85986328125,4137.990234375,3907430000,-0.0214000649197158,0.01223835166108794,0.010072064809255253,4164.814050292969,3969.1816162109376,1.0492878515014352,54.95807361042858,73.63989416218465,80.23526653273201
2022-08-23,4133.08984375,4159.77001953125,4124.02978515625,4128.72998046875,3823520000,-0.0022378626777133093,0.011860004308994752,0.00925155548537992,4175.198046875,3973.739013671875,1.0506976005495061,46.83157228303037,62.10665492923454,76.60954421203252
2022-08-24,4126.5498046875,4156.56005859375,4119.97021484375,4140.77001953125,3583630000,0.0029161604463010526,0.01049579582274769,0.010564605514704705,4181.056042480469,3981.56181640625,1.050104515582853,48.6891325674573,53.3233320943973,71.95230178850548
2022-08-25,4153.259765625,4200.5400390625,4147.58984375,4199.1201171875,3566870000,0.014091605518061545,0.010608852540823182,0.01378561499877993,4187.390551757812,3990.834619140625,1.0492518361132974,55.64535502423256,50.488846699573514,67.65961077071908
2022-08-26,4198.740234375,4203.0400390625,4057.659912109375,4057.659912109375,3832750000,-0.03368805871951874,0.012791207752024756,0.019234225144045918,4183.759045410156,3996.188017578125,1.0469374881779732,43.28968490182582,36.40814979768675,61.40931857611262
2022-08-29,4034.580078125,4062.989990234375,4017.419921875,4030.610107421875,3396510000,-0.006666355799502699,0.012851791386420057,0.017751743042057545,4179.358056640625,4003.4648193359376,1.0439352523981624,42.63281661487734,22.80353789324363,53.68816243953882
2022-08-30,4041.25,4044.97998046875,3965.2099609375,3986.159912109375,3835860000,-0.011028155571448206,0.01298935733182183,0.01783043550594703,4174.106555175781,4009.6912158203127,1.0410044890007402,30.686771229584338,8.338900018471577,44.61830995532537
2022-08-31,4000.669921875,4015.3701171875,3954.530029296875,3955.0,4542490000,-0.007817025105971265,0.012434244387216381,0.016982924485070657,4164.098059082031,4013.4954150390627,1.0375240603187539,29.264717804564228,-5.574514667278891,34.579745030804524
2022-09-01,3936.72998046875,3970.22998046875,3903.64990234375,3966.85009765625,4152250000,0.0029962320243361873,0.01248854235260487,0.013594718613521404,4154.843566894531,4017.634619140625,1.0341516739974865,21.37670944441271,-15.466503970804297,24.570495230482756
2022-09-02,3994.659912109375,4018.429931640625,3906.2099609375,3924.260009765625,3665850000,-0.010736500458081055,0.012631719307512269,0.005707007511113428,4143.7970703125,4020.2052197265625,1.030742672035619,17.45571422544269,-26.437881473721063,14.36881988964199
2022-09-06,3930.889892578125,3942.550048828125,3886.75,3908.18994140625,4127340000,-0.004095056983834944,0.012630960609896394,0.005819938704515427,4132.203564453125,4020.13421875,1.0278770159415154,15.827480845448079,-36.01434643517359,4.292186624678871
2022-09-07,3909.429931640625,3987.889892578125,3906.030029296875,3979.8701171875,3890320000,0.018341016392734,0.01347644603277999,0.011599290759743329,4125.073559570313,4021.7294189453123,1.0256964429626154,26.330491494126434,-37.38877822088216,-4.044006344433337
2022-09-08,3959.93994140625,4010.5,3944.81005859375,4006.179931640625,3966850000,0.006610721877456038,0.012526233060768471,0.01103070497482441,4114.870544433594,4025.4220166015625,1.02222090689203,28.24833268473631,-35.94074068099235,-10.423353211745141
2022-09-09,4022.93994140625,4076.81005859375,4022.93994140625,4067.360107421875,3901940000,0.015271449816332883,0.013135048051273173,0.012413769149428136,4107.875048828125,4030.3926171875,1.0192245369124098,37.4895406055776,-29.516187381652344,-14.241920045726584
2022-09-12,4083.669921875,4119.27978515625,4083.669921875,4110.41015625,3814200000,0.0105842727693497,0.012703283000705556,0.008742114907280068,4099.3880615234375,4036.89322265625,1.015480924418919,47.688178292352696,-20.712146714892242,-15.535965379559718
2022-09-13,4037.1201171875,4037.1201171875,3921.280029296875,3932.68994140625,4224550000,-0.0432366134006168,0.015601586413087055,0.025412987465686796,4081.1655517578124,4039.040419921875,1.0104294900412887,37.18627125568095,-27.755469351377542,-17.979866173923284
2022-09-14,3940.72998046875,3961.93994140625,3912.179931640625,3946.010009765625,4293240000,0.0033870120853238816,0.015636715429282032,0.02376404869487551,4063.2060424804686,4041.332822265625,1.0054123778408781,37.291203537460134,-31.89487087150701,-20.76286711344003
2022-09-15,3932.409912109375,3959.139892578125,3888.280029296875,3901.35009765625,4441830000,-0.011317739184353415,0.015704503965212308,0.023590656088427444,4044.5715454101564,4042.45822265625,1.0005227815941453,30.215951737060934,-38.33713148008883,-24.277719986769792
2022-09-16,3880.949951171875,3880.949951171875,3837.080078125,3873.330078125,7954650000,-0.007182134089448455,0.015634254702470807,0.02071397347579758,4024.0510375976564,4041.872421875,0.9955908097987229,35.57919120542961,-45.182811503776975,-28.45873829017123
2022-09-19,3849.909912109375,3900.449951171875,3838.5,3899.889892578125,3766850000,0.006857100716286535,0.01572643152237605,0.019857478291353266,4007.621533203125,4041.8826220703127,0.991523482478163,39.76542459448197,-47.91260055167322,-32.34951074247163
2022-09-20,3875.22998046875,3876.010009765625,3827.5400390625,3855.929931640625,4058050000,-0.011272103097361819,0.01529088762930564,0.00849939363341024,3993.518518066406,4041.9126220703124,0.9880269296917363,39.79597380347711,-53.01208913348182,-36.48202642067367
2022-09-21,3871.39990234375,3907.070068359375,3789.489990234375,3789.929931640625,4078330000,-0.017116493600784488,0.01558981827081404,0.009030872841035018,3976.578515625,4041.3352197265626,0.9839764086420072,37.735712158265216,-61.6682458385053,-41.519270304239996
2022-09-22,3782.360107421875,3790.89990234375,3749.449951171875,3757.989990234375,4284600000,-0.00842758097968943,0.015525234300594291,0.008856745328245956,3957.4395141601562,4040.4594189453123,0.9794528551887234,34.93203934795818,-70.29527851629018,-47.27447194665004
2022-09-23,3727.139892578125,3727.139892578125,3647.469970703125,3693.22998046875,5144270000,-0.017232619015461026,0.015101611598052574,0.009869530600799554,3932.1450073242186,4038.5164208984374,0.9736607698253323,33.84925431366854,-81.41930457259559,-54.103438471839155
2022-09-26,3682.719970703125,3715.669921875,3644.760009765625,3655.0400390625,4886140000,-0.010340526208282075,0.013710425002252594,0.004054363151097298,3912.014013671875,4034.3540234375,0.9696754402179647,32.83380560005246,-92.25334533205069,-61.73341984388146
2022-09-27,3686.43994140625,3717.530029296875,3623.2900390625,3647.2900390625,4577740000,-0.0021203598092424114,0.013721136659224134,0.006366828098847614,3892.848010253906,4030.682822265625,0.9658036074557108,25.306635033977102,-100.30846734778197,-69.44842934466156
2022-09-28,3651.93994140625,3736.739990234375,3640.610107421875,3719.0400390625,4684850000,0.019672139926234733,0.014682336603749898,0.014127367538074299,3879.4920166015627,4026.32982421875,0.9635306062772244,30.028110503452083,-99.75269721939185,-75.50928291960763
2022-09-29,3687.010009765625,3687.010009765625,3610.39990234375,3640.469970703125,4681810000,-0.021126437880238824,0.01518795732221956,0.016183849254106087,3863.765515136719,4019.9412255859374,0.9611497527736976,21.009158796689306,-104.44817966918572,-81.29706226952325
2022-09-30,3633.47998046875,3671.43994140625,3584.1298828125,3585.6201171875,5645360000,-0.015066695771983274,0.015285258271476934,0.01584106471770267,3844.7040161132813,4011.67462890625,0.9583788247456919,14.92278750866511,-111.31217070466755,-87.30008395655211
2022-10-03,3609.780029296875,3698.35009765625,3604.929931640625,3678.429931640625,4806680000,0.025883894952576147,0.016682290869611944,0.020762380948910256,3832.4125122070313,4006.0106298828123,0.9566655873599469,30.829067906527413,-108.01779477091077,-91.44362611942385
2022-10-04,3726.4599609375,3791.919921875,3726.4599609375,3790.929931640625,5146580000,0.030583700679551518,0.018297101394214404,0.024220432245695474,3826.54951171875,4002.4924267578126,0.9560416619747152,39.82840452719971,-95.2314000106062,-92.20118089766034
2022-10-05,3753.25,3806.909912109375,3722.659912109375,3783.280029296875,4293180000,-0.002017948757084831,0.017699799635024896,0.023537642863829245,3816.720007324219,3999.7370263671874,0.9542427370008383,41.86070934848312,-84.73855985818136,-90.70865668976455
2022-10-06,3771.969970703125,3797.929931640625,3739.219970703125,3744.52001953125,4252100000,-0.010245080846639998,0.01765038245887739,0.021045039729009212,3803.63701171875,3994.155224609375,0.9523007489251353,41.24990298050521,-78.64395869603868,-88.29571709101938
2022-10-07,3706.739990234375,3706.739990234375,3620.72998046875,3639.659912109375,4449660000,-0.028003617786773516,0.017914372114347384,0.02472893562344982,3782.252001953125,3985.49982421875,0.9490031787153657,34.02221985048459,-81.33766768019586,-86.90410720885468
2022-10-10,3647.510009765625,3652.169921875,3588.10009765625,3612.389892578125,3834320000,-0.00749246363390188,0.01751779060207613,0.02136432319514856,3757.3509887695313,3975.1418212890626,0.9452118082043911,34.73408843130569,-84.69658462263897,-86.46260269161155
2022-10-11,3595.860107421875,3640.659912109375,3568.449951171875,3588.840087890625,4759030000,-0.006519175777754405,0.015214660544137991,0.010033027812920038,3740.15849609375,3964.546025390625,0.94340145684782,36.68648560228465,-88.24162836033474,-86.8184078253562
2022-10-12,3590.830078125,3608.340087890625,3573.860107421875,3577.030029296875,4006830000,-0.0032907731480149582,0.015106399065220448,0.009765307877671877,3721.7094970703124,3954.2628271484373,0.9411892076365022,37.69113144768683,-90.95559461403855,-87.64584518309267
2022-10-13,3520.3701171875,3685.409912109375,3491.580078125,3669.909912109375,5021680000,0.02596564246086497,0.016494918941677494,0.019320150936771443,3710.137487792969,3944.557626953125,0.9405712474427131,48.472216668559355,-84.63616903729326,-87.0439099539328
2022-10-14,3690.409912109375,3712.0,3579.679931640625,3583.070068359375,4243030000,-0.02366266361565439,0.017118665915995653,0.018018084578281857,3695.6244873046876,3933.1802294921877,0.9396021213555803,45.56752928652301,-85.6479323285921,-86.76471442886466
2022-10-17,3638.64990234375,3689.72998046875,3638.64990234375,3677.949951171875,4352780000,0.026480052302171098,0.018281372995023606,0.021889853121104624,3684.527490234375,3923.8354296875,0.9390117287686085,51.70526250611383,-77.89581397258871,-84.99093433760949
2022-10-18,3746.260009765625,3762.7900390625,3686.530029296875,3719.97998046875,4483740000,0.011427569666488724,0.018429623355850935,0.021237544638785622,3677.7299926757814,3915.433828125,0.9392905496852569,50.05406565283503,-67.58169253639562,-81.50908597736672
2022-10-19,3703.110107421875,3728.580078125,3666.510009765625,3695.159912109375,4223800000,-0.0066720972934503076,0.01811303390537633,0.02171099603206095,3672.991491699219,3906.8876220703123,0.9401323628942394,53.353115833604264,-60.71061489811518,-77.34939176151642
2022-10-20,3689.050048828125,3736.0,3656.43994140625,3665.780029296875,4496620000,-0.007950909706564868,0.0181032097787872,0.019361104249855463,3668.380993652344,3895.99841796875,0.9415766127453721,55.073159742534074,-56.979127458315816,-73.27533890087629
2022-10-21,3657.10009765625,3757.889892578125,3647.419921875,3752.75,5078020000,0.02372481982226482,0.01849298593176156,0.0162819382260693,3671.3569946289062,3886.908017578125,0.9445443468241562,54.73859469919968,-46.46848718633464,-67.91396855796796
2022-10-24,3762.010009765625,3810.739990234375,3741.64990234375,3797.340087890625,4747930000,0.011881976654619875,0.018445725713262414,0.0135302660769621,3678.4719970703127,3877.2518212890627,0.9487317735909497,50.44745565833038,-34.147055606626054,-61.16058596769958
2022-10-25,3799.43994140625,3862.85009765625,3799.43994140625,3859.110107421875,4843120000,0.016266654579669915,0.01868244051648916,0.014132119683609782,3689.0630004882814,3868.491220703125,0.9536180360822349,54.921412676773144,-19.176849185767423,-52.763838611313155
2022-10-26,3825.969970703125,3886.14990234375,3824.070068359375,3830.60009765625,4817310000,-0.007387716072364547,0.01838840297122988,0.014313360178070044,3694.641003417969,3858.99921875,0.9574091089385424,55.66197351373677,-9.503818162856987,-44.11183452162192
2022-10-27,3834.68994140625,3859.949951171875,3803.7900390625,3807.300048828125,4687320000,-0.006082610618211248,0.017703074508268656,0.01383174794195429,3702.9825073242187,3849.6644189453127,0.9618974810117916,62.35191815635945,-3.6756203373174685,-36.024591684761035
2022-10-28,3808.260009765625,3905.419921875,3808.260009765625,3901.06005859375,4459410000,0.024626377895927698,0.01786709976120984,0.014096531462302041,3718.754504394531,3842.0108154296877,0.9679188016493463,69.37150687427156,8.41194991000475,-27.137283365807875
2022-10-31,3881.85009765625,3893.72998046875,3863.179931640625,3871.97998046875,4820620000,-0.00745440410765752,0.017301070954887022,0.015317151876332827,3728.4320068359375,3834.8808154296876,0.9722419512581846,68.86040476312058,15.466627490840892,-18.61650119447812
2022-11-01,3901.7900390625,3911.7900390625,3843.800048828125,3856.10009765625,4481210000,-0.004101230608784645,0.016053254951239864,0.013877961744091782,3731.6905151367187,3829.2430126953127,0.9745243388222757,68.48906042910718,19.55076739402284,-10.983047476777925
2022-11-02,3852.89990234375,3894.43994140625,3758.679931640625,3759.68994140625,4899000000,-0.02500198485734284,0.017069283177492563,0.01786088145368517,3730.5110107421874,3821.8622119140623,0.9760977251123545,55.920447414067624,14.836952661255964,-5.819047449171146
2022-11-03,3733.25,3750.590087890625,3698.14990234375,3719.889892578125,4625290000,-0.010585992315429671,0.01708003581063784,0.018128734347350114,3729.279504394531,3813.444609375,0.9779293752494643,59.6192096516505,7.79977821868215,-3.0952823156004863
2022-11-04,3766.97998046875,3796.340087890625,3708.840087890625,3770.550048828125,5400180000,0.013618724670070526,0.016015490659699292,0.013876569841316504,3735.824011230469,3804.8732080078125,0.9818524316048111,56.94194818933551,6.238702123005169,-1.228485427879355
2022-11-07,3780.7099609375,3813.949951171875,3764.699951171875,3806.800048828125,4341620000,0.009613981920559844,0.015944703928773604,0.015634238039749497,3745.5445190429687,3799.8560107421877,0.985706960593854,56.56553534734389,7.836278377127201,0.5844673331219566
2022-11-08,3817.02001953125,3859.39990234375,3786.280029296875,3828.110107421875,4607640000,0.005597892802462701,0.01580375624050293,0.01610329751210576,3757.508020019531,3795.8060107421875,0.9899104457355639,60.10766131936159,10.69858606088792,2.60729107867515
2022-11-09,3810.93994140625,3818.199951171875,3744.219970703125,3748.570068359375,4645010000,-0.02077788695478977,0.016651543147098376,0.014592249929817872,3766.0850219726562,3791.0542138671876,0.9934136547551345,55.8481537102047,6.47413926613217,3.3806607161665543
2022-11-10,3859.889892578125,3958.330078125,3859.889892578125,3956.3701171875,5781260000,0.05543448436034493,0.019838297311724182,0.027421763824420468,3780.4080322265627,3791.0816162109377,0.9971845544187881,62.28609796611507,19.667250210761722,6.637978615085589
2022-11-11,3963.719970703125,4001.47998046875,3944.820068359375,3992.929931640625,5593310000,0.009240746788147902,0.01876309392355793,0.027454868164924952,3800.901025390625,3791.603212890625,1.0024522113675791,61.91704881025269,32.69605737206575,11.849594366481623
2022-11-14,3977.969970703125,4008.969970703125,3956.39990234375,3957.25,4561930000,-0.008935777048800997,0.018355063417857583,0.029035601426763005,3814.8660278320312,3792.2630126953127,1.0059602973372497,56.1758915597383,39.684945275008886,17.41666454818708
2022-11-15,4006.409912109375,4028.840087890625,3953.169921875,3991.72998046875,5015310000,0.008713116550319144,0.01830585209226432,0.02900157304404281,3828.4535278320313,3793.9338134765626,1.0090986601381526,60.0641985549988,47.458859364280215,23.42510351140571
2022-11-16,3976.820068359375,3983.090087890625,3954.340087890625,3958.7900390625,4165320000,-0.008252046497990273,0.01835625487600261,0.02622277853983977,3841.6350341796874,3793.5122119140624,1.012685558811301,59.34950088522244,50.38100346034116,28.816283501192803
2022-11-17,3919.260009765625,3954.330078125,3906.5400390625,3946.56005859375,4051780000,-0.0030893228355314273,0.0182268454968169,0.008912330936050542,3855.674035644531,3792.319814453125,1.016705927846579,53.122340361369076,51.1206791282907,33.27716262661239
2022-11-18,3966.389892578125,3979.889892578125,3935.97998046875,3965.340087890625,4037360000,0.00475858190881473,0.017621854922544637,0.007854743407144081,3866.3035400390627,3790.2794140625,1.020057657410296,56.49850335067953,52.61574725503033,37.144879552295976
2022-11-21,3956.22998046875,3962.0,3933.340087890625,3949.93994140625,3850690000,-0.003883688698329779,0.01755159628748784,0.006904181210265782,3873.9335327148438,3787.070009765625,1.022936867479404,56.536261586505205,51.95898555779604,40.10770075339599
2022-11-22,3965.510009765625,4005.8798828125,3956.8798828125,4003.580078125,3887990000,0.013579987927526016,0.017447564501816462,0.00862908754788078,3881.15703125,3788.4878125,1.0244607408909276,68.0640543809094,55.13128874627046,43.11241835197089
2022-11-23,4000.300048828125,4033.780029296875,3998.659912109375,4027.260009765625,3279720000,0.0059146891478476515,0.01732471775404798,0.007192865991888566,3890.990026855469,3790.1128125,1.026615887005466,73.32271235170762,58.87743207328731,46.26542109623418
2022-11-25,4023.340087890625,4034.02001953125,4020.760009765625,4026.1201171875,1706460000,-0.0002830441976333642,0.01721913265385118,0.006642912905402708,3901.9310302734375,3792.608212890625,1.0288252335190429,70.9679616220493,61.0505451628851,49.22244590956437
2022-11-28,4005.360107421875,4012.27001953125,3955.77001953125,3963.93994140625,3615430000,-0.015444192913123267,0.016890672356235942,0.010875237511600664,3905.0750244140627,3794.42041015625,1.029162454946118,62.36620703302869,57.097151992266845,50.79738712610487
2022-11-29,3964.18994140625,3976.77001953125,3937.64990234375,3957.6298828125,3546040000,-0.0015918653377758885,0.016788009230796822,0.010719027927536266,3909.35751953125,3795.5752099609376,1.029977619537536,60.43907996670596,52.84571788823814,51.20705327853154
2022-11-30,3957.179931640625,4080.110107421875,3938.580078125,4080.110107421875,6579360000,0.030947872397389053,0.017988999595895987,0.017011042288444682,3920.5580200195313,3800.0588134765626,1.0317098267310045,74.99170003216928,58.68309406744493,52.70226143631423
2022-12-01,4087.139892578125,4100.509765625,4050.8701171875,4076.570068359375,4527130000,-0.0008676332180498347,0.016782242435898875,0.017081360566439455,3936.4020263671873,3805.7916162109377,1.0343188548736901,63.092527559143065,62.30538745565627,54.62288664018265
2022-12-02,4040.169921875,4080.47998046875,4026.6298828125,4071.699951171875,4012620000,-0.001194660488065602,0.01647577190334314,0.01712400150421829,3953.992529296875,3812.0658154296875,1.0372309190708948,59.216088865123275,64.0448343237058,56.50727617688728
2022-12-05,4052.02001953125,4052.449951171875,3984.489990234375,3998.840087890625,4280820000,-0.017894212283564803,0.017069571829067785,0.01778354261275036,3965.40703125,3818.178017578125,1.0385600181537011,54.47657218598457,58.865610333802124,56.97894300827025
2022-12-06,3996.6298828125,4001.510009765625,3918.389892578125,3941.260009765625,4368380000,-0.014399194981406072,0.017426540420066663,0.019268937420445387,3972.130029296875,3823.9024169921877,1.0387634401040182,44.824979284897125,49.54369800884888,55.49189400838597
2022-12-07,3933.280029296875,3957.570068359375,3922.679931640625,3933.919921875,4118050000,-0.0018623708845491027,0.017422584004087992,0.008228583261537966,3977.420520019531,3829.6350146484374,1.0385899713173217,47.308608078931435,41.090070822709095,52.61152937125059
2022-12-08,3947.7900390625,3974.18994140625,3935.830078125,3963.510009765625,4006900000,0.00752178195750397,0.01664960066940249,0.010417841254883898,3988.167517089844,3834.5244140625,1.040068359576453,51.7678633723521,36.359058576151256,49.36103521223073
2022-12-09,3954.169921875,3977.02001953125,3933.0400390625,3934.3798828125,3888260000,-0.007349578247904498,0.011280302556831438,0.010131940985924365,3987.068005371094,3840.4026123046874,1.0381901086611307,46.839124437494114,29.914305992688696,45.47168936832233
2022-12-12,3939.2900390625,3990.7099609375,3935.300048828125,3990.56005859375,3904130000,0.014279296218109305,0.01155558442045755,0.011452530052425186,3986.94951171875,3848.5014111328123,1.0359745484789065,53.8283232413597,29.00570410508726,42.17849231567532
2022-12-13,4069.3798828125,4100.9599609375,3993.030029296875,4019.64990234375,5079360000,0.0072896644387934195,0.011461935879716468,0.00854497149797761,3990.0695068359373,3855.325810546875,1.0349500153580922,51.588019239009185,30.28384453098215,39.79956275873669
2022-12-14,4015.5400390625,4053.760009765625,3965.64990234375,3995.320068359375,4472340000,-0.006052724634100337,0.011403838877023084,0.009421266629304882,3990.2490112304686,3859.41361328125,1.0339003307390997,46.847745525796604,28.999280107719642,37.639506228533286
2022-12-15,3958.3701171875,3958.3701171875,3879.449951171875,3895.75,4493900000,-0.024921675023714007,0.012593961094759477,0.015104908551684532,3987.0970092773437,3861.6630126953123,1.0324818598022831,39.22651443254376,19.719467427119525,34.05549846825053
2022-12-16,3890.909912109375,3890.909912109375,3827.909912109375,3852.360107421875,7493660000,-0.011137750774080746,0.012800311930964094,0.01544674587637984,3982.38701171875,3863.819814453125,1.0306865234300286,40.483766656963674,8.76293366911068,28.99698550842256
2022-12-19,3853.7900390625,3854.860107421875,3800.0400390625,3817.659912109375,3969610000,-0.009007516001852345,0.012837094875628523,0.011530780448084183,3975.0030029296877,3867.379814453125,1.0278284506927287,38.613859419790764,-2.6892144416547126,22.659745518407107
2022-12-20,3810.469970703125,3838.239990234375,3795.6201171875,3821.6201171875,3985370000,0.0010373383615349674,0.01284257431771122,0.009517593605565106,3968.58701171875,3871.5644189453124,1.0250603069649733,23.94940139782919,-11.315135041388203,15.864769406448044
2022-12-21,3839.489990234375,3889.820068359375,3839.489990234375,3878.43994140625,3775200000,0.014867993802734736,0.012925514862381427,0.014818300662576032,3962.3300048828123,3877.356416015625,1.0219153412144932,31.968840887225966,-13.411751983372142,10.009465128484006
2022-12-22,3853.260009765625,3853.260009765625,3764.489990234375,3822.389892578125,3956950000,-0.01445169956861636,0.013110939971662893,0.011898469756435985,3952.0864990234377,3882.26361328125,1.0179850965048647,29.244582763215547,-19.372789072544037,4.133014288278396
2022-12-23,3815.110107421875,3845.800048828125,3797.010009765625,3844.820068359375,2819280000,0.005868102525282026,0.013237850204647355,0.01168317734341946,3943.0214965820314,3885.76181640625,1.0147357668537538,36.00226851354673,-22.033042979544916,-1.1001971652862683
2022-12-27,3843.340087890625,3846.64990234375,3813.219970703125,3829.25,3030300000,-0.004049622110409712,0.012879006127127814,0.010950772264886334,3936.286999511719,3890.6854150390627,1.0117207071783259,38.97866084362095,-25.108255419913803,-5.901808816211777
2022-12-28,3829.56005859375,3848.320068359375,3780.780029296875,3783.219970703125,3083520000,-0.012020638322615351,0.013086048960773033,0.012309407446536665,3927.56650390625,3892.7908154296874,1.0089333565879584,36.22085140180699,-30.903387100068358,-10.902124472983097
2022-12-29,3805.449951171875,3858.18994140625,3805.449951171875,3849.280029296875,3003680000,0.01746133164481911,0.011546596631529283,0.013216779579684779,3916.025,3895.37681640625,1.0053006896551795,40.208476335571135,-29.821808818066074,-14.686061341999695
2022-12-30,3829.06005859375,3839.85009765625,3800.340087890625,3839.5,2979870000,-0.0025407424823445934,0.011537580075628674,0.011205250651349613,3904.171496582031,3898.2636181640623,1.0015155153670061,41.58807298065526,-29.41474203028747,-17.63179747965725
2023-01-03,3853.2900390625,3878.4599609375,3794.330078125,3824.139892578125,3959140000,-0.004000548879248611,0.011532454084704819,0.010988040065329736,3891.793493652344,3901.4308154296873,0.9975297981091376,34.094119656540116,-29.985912038983315,-20.102620391522464
2023-01-04,3840.360107421875,3873.159912109375,3815.77001953125,3852.969970703125,4414080000,0.007538970575044379,0.011209273403812628,0.011406129507200675,3884.4999877929686,3903.43521484375,0.9951490863794086,34.061377799795395,-27.791854821704874,-21.640467277558948
2023-01-05,3839.739990234375,3839.739990234375,3802.419921875,3808.10009765625,3893450000,-0.011645528874622113,0.01106227490337206,0.01129742868156223,3877.8419921875,3903.6504150390624,0.9933886439338591,32.7739367999026,-29.335510922200683,-23.1794760064873
2023-01-06,3823.3701171875,3906.18994140625,3809.56005859375,3895.080078125,3923560000,0.02284078102943865,0.012343291661320888,0.013293625791731776,3875.9,3904.369814453125,0.9927082177646862,49.93689870955101,-23.27204633765041,-23.197990072719925
2023-01-09,3910.820068359375,3950.570068359375,3890.419921875,3892.090087890625,4311770000,-0.0007676325452631305,0.012200804637786054,0.013150468501607226,3872.32900390625,3905.5996142578124,0.9914813053979972,54.05051961266505,-18.494777905913907,-22.257347639358724
2023-01-10,3888.570068359375,3919.830078125,3877.2900390625,3919.25,3851030000,0.006978233159061986,0.012218977269533181,0.012639144092395012,3871.572509765625,3907.83861328125,0.9907196516784571,60.51895957316756,-12.374534403310463,-20.280784992149073
2023-01-11,3932.35009765625,3970.070068359375,3928.5400390625,3969.610107421875,4303360000,0.012849424614881588,0.012134170557545223,0.013120937176648669,3870.525012207031,3909.2096142578125,0.9901042395092631,63.98004034183082,-3.4211209883774245,-16.908852191394743
2023-01-12,3977.570068359375,3997.760009765625,3937.56005859375,3983.169921875,4440260000,0.0034159058663651987,0.012038984480987353,0.0091793453204497,3868.7010131835937,3911.4334130859374,0.9890750025912802,60.7740182240127,4.714343335690046,-12.584213085977785
2023-01-13,3960.60009765625,4003.949951171875,3947.669921875,3999.090087890625,3939700000,0.003996858363534361,0.011999718987160943,0.00504663957507006,3868.889514160156,3914.293212890625,0.9884005371439869,69.81386415302605,12.304542663932807,-7.606461935995666
2023-01-17,3999.280029296875,4015.389892578125,3984.570068359375,3990.969970703125,4235560000,-0.0020304911890052235,0.010481595551292711,0.005442001303578769,3873.6505126953125,3918.9188134765627,0.9884487781105392,66.9315542421798,17.463298684904657,-2.5925098118156003
2023-01-18,4002.25,4014.159912109375,3926.590087890625,3928.860107421875,4298710000,-0.015562598500411085,0.010798954428488647,0.010459965954687983,3877.4755126953123,3923.0982177734377,0.9883707461435879,60.41663156185518,16.351414181066048,1.1962749867607305
2023-01-19,3911.840087890625,3922.93994140625,3885.5400390625,3898.85009765625,3991500000,-0.007638350296294338,0.010736071506500163,0.008197621763816476,3881.535021972656,3925.66421875,0.9887587948641732,62.51110126093418,12.8999778029538,3.537015549999345
2023-01-20,3909.0400390625,3972.9599609375,3897.860107421875,3972.610107421875,4013360000,0.018918401045981525,0.0114506797274261,0.013014123080570527,3889.084521484375,3928.980419921875,0.9898457375264055,63.125525504302246,15.932842071457799,6.016180854291037
2023-01-23,3978.139892578125,4039.31005859375,3971.639892578125,4019.81005859375,3945210000,0.01188134498366522,0.011292431970074209,0.014120311718586343,3896.15302734375,3932.8144189453124,0.9906780774030538,67.77399459187318,21.892685200703454,9.191481723573522
2023-01-24,4001.739990234375,4023.919921875,3989.7900390625,4016.949951171875,3320430000,-0.0007115031258156934,0.010647907114489059,0.01405907533202115,3905.8810302734373,3938.1820166015623,0.9917979955746182,69.48639320494232,26.08443195833115,12.57007177052505
2023-01-25,3982.7099609375,4019.550048828125,3949.06005859375,4016.219970703125,3724020000,-0.0001817250594663422,0.010634281753737042,0.010709594477755043,3914.451025390625,3939.379013671875,0.9936721020763081,67.49245022801044,29.013073489354156,15.858672114290874
2023-01-26,4036.080078125,4061.570068359375,4013.2900390625,4060.429931640625,3809590000,0.011007853469181317,0.010698630350851307,0.008455578032505455,3926.0100219726564,3940.729013671875,0.9962649064048422,77.07576129891183,34.50368042190166,19.587673775813034
2023-01-27,4053.719970703125,4094.2099609375,4048.699951171875,4070.56005859375,3907760000,0.002494840970949097,0.010102525907455882,0.006106200163795197,3940.3770263671877,3942.99521484375,0.999335989943202,72.5483048444131,39.22033495024971,23.51420601070037
2023-01-30,4049.27001953125,4063.85009765625,4015.550048828125,4017.77001953125,3802000000,-0.012968740984683369,0.010214180957091142,0.008603760184158891,3948.8015258789064,3943.516015625,1.0013403039908966,64.31694660802518,38.25759296091883,26.462883400744065
2023-01-31,4020.85009765625,4077.159912109375,4020.43994140625,4076.60009765625,4679320000,0.014642470285510134,0.010513281983911613,0.010782533034341138,3960.656530761719,3945.872216796875,1.0037467797111903,66.71837338615373,41.76032164636126,29.522371049867512
2023-02-01,4070.070068359375,4148.9501953125,4037.199951171875,4119.2099609375,4856930000,0.010452303944590291,0.010499645868750017,0.011043907477125591,3975.4100341796875,3949.32521484375,1.0066048800534066,66.16107349272838,47.42780105885822,33.10345705166566
2023-02-02,4158.68017578125,4195.43994140625,4141.8798828125,4179.759765625,5624360000,0.014699373244309921,0.010753730921855498,0.011642607735756006,3991.7495239257814,3953.6136083984375,1.0096458377840298,69.27993778564397,56.15783002025728,37.714331645383986
2023-02-03,4136.68994140625,4182.35986328125,4123.35986328125,4136.47998046875,4694510000,-0.010354610691310495,0.01065748060531232,0.013791962786687104,4008.1685180664062,3957.3444091796873,1.0128429834837787,62.78783763700792,58.90510255566687,41.95248582744057
2023-02-06,4119.56982421875,4124.6298828125,4093.3798828125,4111.080078125,4114240000,-0.006140463017754394,0.009935044485947347,0.012000812978336882,4018.9685180664064,3959.4944091796874,1.0150206321162707,60.83108369618869,58.36003780179135,45.23399622231073
2023-02-07,4105.35009765625,4176.5400390625,4088.389892578125,4164.0,4355860000,0.01287251059802652,0.010146847933630241,0.011653824036206073,4032.564013671875,3962.229208984375,1.0177513215358707,71.56140794684492,61.48945334018754,48.4850876458861
2023-02-08,4153.47021484375,4156.85009765625,4111.669921875,4117.85986328125,4029820000,-0.011080724476164705,0.010607630811836468,0.01274243700558392,4042.4945068359375,3964.06400390625,1.0197853775449641,69.50534325650327,59.55984545293268,50.70003920729542
2023-02-09,4144.25,4156.22998046875,4069.669921875,4081.5,4270200000,-0.00882979617773516,0.010605082207596234,0.010007638668747074,4048.089001464844,3966.415205078125,1.0205913380631846,60.39006812983759,54.468797809964144,51.45379092782917
2023-02-10,4068.919921875,4094.360107421875,4060.7900390625,4090.4599609375,3891520000,0.0021952617756952897,0.010596646529844158,0.009808765962221591,4053.453503417969,3969.071806640625,1.0212598060423512,57.271956946532974,50.57411294726853,51.27785533171704
2023-02-13,4096.6201171875,4138.89990234375,4092.669921875,4137.2900390625,3448620000,0.011448609342766147,0.010821994152918608,0.011108686180471259,4060.3635009765626,3970.2154052734377,1.022706096899273,61.35842120956967,50.682111233506475,51.158706512074936
2023-02-14,4126.7001953125,4159.77001953125,4095.010009765625,4136.1298828125,3929200000,-0.0002804145319874607,0.010796814777974999,0.009057364521941044,4067.6214965820313,3971.4066015625,1.0242269061499965,61.30863543741294,50.096603281317584,50.94628586592347
2023-02-15,4119.5,4148.10986328125,4103.97998046875,4147.60009765625,4075980000,0.002773175690496066,0.00998932562330968,0.007261995174387804,4078.55849609375,3972.9246044921874,1.0265884460737367,58.76205476097107,49.98197341136802,50.75342337501239
2023-02-16,4114.75,4136.5400390625,4089.489990234375,4090.409912109375,4143660000,-0.013788741489130674,0.01041201123096672,0.009119838807387806,4088.1364868164064,3974.7560009765625,1.028525143634474,51.822793244287254,44.760388501983016,49.55481640040652
2023-02-17,4077.389892578125,4081.510009765625,4047.949951171875,4079.090087890625,4045480000,-0.002767405825327751,0.009712705035383039,0.00915505743978359,4093.460485839844,3977.5126025390623,1.0291508525269701,56.095194598637434,39.25630735607456,47.49511459154014
2023-02-21,4052.35009765625,4052.35009765625,3995.18994140625,3997.340087890625,4121590000,-0.020041234255327334,0.010486281842979894,0.00967707479527871,4092.3369873046877,3978.781005859375,1.02854039497979,42.46491468720654,27.975260220607197,43.59114371735355
2023-02-22,4001.830078125,4017.3701171875,3976.89990234375,3991.050048828125,4079320000,-0.0015735561458868341,0.01049014502394081,0.009473717174496991,4091.0419921875,3979.331806640625,1.028072598862064,36.912304916072586,18.31625709557511,38.53616639299787
2023-02-23,4018.60009765625,4028.300048828125,3969.18994140625,4012.320068359375,3952940000,0.005329429416074394,0.010564733953741074,0.010180925310349842,4090.8469970703127,3980.8906103515624,1.0276210520411762,31.409638874266577,12.236683474803158,33.27626980935893
2023-02-24,3973.239990234375,3978.25,3943.080078125,3970.0400390625,3877700000,-0.010537551485558128,0.010481837949201945,0.009696792076028237,4086.327502441406,3980.4802099609374,1.0265915886770625,31.479523476798136,3.96126951490578,27.4132697504683
2023-02-27,3992.360107421875,4018.050048828125,3973.550048828125,3982.239990234375,3836950000,0.0030730045671669703,0.010492986344932693,0.010490492012025088,4081.9114990234375,3979.73201171875,1.0256749668077672,35.229516281345326,-1.5942441153474647,21.611766977305145
2023-02-28,3977.18994140625,3997.5,3968.97998046875,3970.14990234375,5043400000,-0.0030360018281855305,0.010127568587403062,0.006153889478820846,4079.5304931640626,3979.2286083984377,1.0252063640058102,25.481289433248193,-6.893137940976885,15.910785993648739
2023-03-01,3963.340087890625,3971.72998046875,3939.050048828125,3951.389892578125,4249480000,-0.004725264845680033,0.009505564158163214,0.006341212764360844,4073.269982910156,3980.34140625,1.0233468859013546,27.377520084032113,-12.462663649585465,10.236096065001897
2023-03-02,3938.679931640625,3990.840087890625,3928.159912109375,3981.35009765625,4244900000,0.0075821940867943916,0.00933551926110649,0.00703266426548527,4066.376989746094,3982.9212060546874,1.020953410668667,36.14918660480947,-14.294239641270906,5.330028923747336
2023-03-03,3998.02001953125,4048.2900390625,3995.169921875,4045.639892578125,4084730000,0.0161477371607488,0.00947369050065431,0.008466268981684769,4059.67099609375,3987.4808056640627,1.0181042101386781,44.62409390316968,-10.437807109464302,2.1764617171050076
2023-03-06,4055.14990234375,4078.489990234375,4044.610107421875,4048.419921875,4000870000,0.0006871667698291617,0.009255051018508226,0.008584482689217346,4055.2679931640623,3992.0168017578126,1.0158444201383117,38.08106182450663,-7.0756675225775325,0.32603586916849897
2023-03-07,4048.260009765625,4050.0,3980.31005859375,3986.3701171875,3922500000,-0.015326919115337678,0.009737189581825168,0.011959759228743313,4049.0324951171874,3994.1754052734377,1.0137342716024247,32.734643972538265,-9.310720157237483,-1.601315336112698
2023-03-08,3987.550048828125,4000.409912109375,3969.760009765625,3992.010009765625,3535570000,0.0014147940136839399,0.009167868791374866,0.011549420778000684,4040.432995605469,3997.5678076171876,1.010722816985519,31.818059918233672,-10.505818737622576,-3.382216016414674
2023-03-09,3998.659912109375,4017.81005859375,3908.699951171875,3918.320068359375,4445260000,-0.01845935787384867,0.009683652197747663,0.014058881007057556,4030.456005859375,3999.0378076171874,1.0078564394120866,30.636633046505253,-17.200824988421573,-6.145937810816055
2023-03-10,3912.77001953125,3934.050048828125,3846.320068359375,3861.590087890625,5518190000,-0.01447813845705137,0.009958412089544722,0.009507342321037381,4019.4605102539062,3999.684609375,1.0049443650713241,27.796143635183626,-26.775647985974047,-10.271879845847657
2023-03-13,3835.1201171875,3905.050048828125,3808.860107421875,3855.760009765625,6558020000,-0.001509761003189447,0.00989646828453933,0.008969864580068574,4007.7255126953123,4001.13541015625,1.0016470581131383,32.89516685642148,-34.43723180330471,-15.10495023733907
2023-03-14,3894.010009765625,3937.2900390625,3873.6298828125,3919.2900390625,5665870000,0.016476655480623936,0.010334418833902322,0.013886203835695023,3996.8255126953127,4002.5356103515624,0.9985733799240957,42.383779231716005,-34.97952753618256,-19.07986569710777
2023-03-15,3876.739990234375,3894.260009765625,3838.239990234375,3891.929931640625,6594010000,-0.00698088356543769,0.010362061149350938,0.013677914231001502,3984.615515136719,4003.584208984375,0.9952620719691398,37.38551190287378,-37.1883486877764,-22.701562295241498
2023-03-16,3878.929931640625,3964.4599609375,3864.110107421875,3960.280029296875,5695790000,0.017562006217166637,0.011281613931881195,0.014283070417966906,3975.24951171875,4006.30701171875,0.9922478482280179,49.03032134719284,-33.042678281969984,-24.769785492587197
2023-03-17,3958.68994140625,3958.909912109375,3901.27001953125,3916.639892578125,9354280000,-0.011019457310067593,0.011148720683564655,0.013324122683735172,3966.5610107421876,4007.58041015625,0.9897645473787354,43.865712203647995,-32.899355642085084,-26.395699522486776
2023-03-20,3917.469970703125,3956.6201171875,3916.889892578125,3951.570068359375,5347140000,0.008918403718310097,0.011415434346100588,0.0132762543464384,3960.185009765625,4010.4498095703125,0.9874665431082722,48.33376757302342,-29.625691623818057,-27.041697942753032
2023-03-21,3975.889892578125,4009.080078125,3971.18994140625,4002.8701171875,4920240000,0.012982193897784988,0.01097605121301686,0.012594986841629328,3960.4615112304687,4012.6056103515625,0.9870049279234983,54.362137040235105,-22.630928835481427,-26.15954412129871
2023-03-22,4002.0400390625,4039.489990234375,3936.169921875,3936.969970703125,4533010000,-0.01646322377571363,0.011585469609453197,0.015167908658947887,3957.7575073242188,4013.5032080078126,0.9861104631553878,46.45537616523651,-22.149790999093966,-25.357593496857763
2023-03-23,3959.2099609375,4007.659912109375,3919.050048828125,3948.719970703125,4991600000,0.0029845287333754023,0.011533862471361265,0.012728898355894585,3954.577502441406,4014.092607421875,0.9851734599071211,41.549849806894585,-20.583089947803273,-24.402692787046867
2023-03-24,3939.2099609375,3972.739990234375,3909.159912109375,3970.989990234375,4583970000,0.005639807253104534,0.011376442027284172,0.011404840215158732,3954.625,4014.120205078125,0.9851785193171696,43.47101272353053,-17.344526711988237,-22.991059572035144
2023-03-27,3982.929931640625,4003.830078125,3970.489990234375,3977.530029296875,4233540000,0.0016469543057482383,0.011361111433475051,0.010883253928488396,3954.389501953125,4014.0074072265625,0.9851475348136864,49.17760610219043,-14.087819901597868,-21.21041163794769
2023-03-28,3974.1298828125,3979.199951171875,3951.530029296875,3971.27001953125,4014600000,-0.0015738434957162095,0.011345225374703009,0.008730414625288655,3954.4455078125,4013.451005859375,0.9852980644436096,48.07278109274181,-11.875098024030649,-19.343348915164285
2023-03-29,3999.530029296875,4030.590087890625,3999.530029296875,4027.81005859375,4145250000,0.014237268879836451,0.011709434940760082,0.005987567702592255,3958.2665161132813,4014.1878076171874,0.9860690893939262,60.50907025386963,-5.49583875856888,-16.573846883845203
2023-03-30,4046.739990234375,4057.85009765625,4032.10009765625,4050.830078125,3930860000,0.005715269388667954,0.011661741491349827,0.005929120240092951,3961.740515136719,4016.62720703125,0.9863351291853897,69.42034628195125,1.401141867959268,-12.978849133484308
2023-03-31,4056.179931640625,4110.75,4056.179931640625,4109.31005859375,4525120000,0.014436542471763847,0.011549957938058832,0.007270467667646052,3964.9240234375,4020.83640625,0.986094340290595,73.48247261466162,11.453861406273518,-8.092307025532744
2023-04-03,4102.2001953125,4127.66015625,4098.7900390625,4124.509765625,4234700000,0.0036988464765423945,0.011567418095236265,0.00695127100767645,3968.728515625,4023.8743994140623,0.9862953267634068,70.87515831822584,20.411907629311827,-2.391464094563828
2023-04-04,4128.02978515625,4133.1298828125,4086.8701171875,4100.60009765625,4227800000,-0.005796972083329965,0.01104412514960694,0.008404211470838264,3974.4400146484377,4025.4902001953124,0.9873182685814518,71.37619377986482,25.290381639833868,3.144905052315713
2023-04-05,4094.5,4099.68994140625,4072.56005859375,4090.3798828125,3968020000,-0.002492370531228194,0.011079681976982102,0.00784451105516468,3979.358508300781,4026.958798828125,0.988179593359337,65.12929010395106,28.0090506162137,8.117734165095312
2023-04-06,4081.14990234375,4107.31982421875,4069.840087890625,4105.02001953125,3486690000,0.0035791630944272956,0.010062837421876516,0.0077245578969663,3988.693505859375,4028.7347998046876,0.9900610747703588,73.49112512505076,30.98774461668245,12.69173625541274
2023-04-10,4085.199951171875,4109.5,4072.550048828125,4109.10986328125,3423650000,0.0009963029974375814,0.009261565691846723,0.004101866782198567,4001.0694946289063,4029.7083984375,0.9928930580139004,71.2822664215497,33.29459788352642,16.812308581035477
2023-04-11,4110.2900390625,4124.259765625,4102.60986328125,4108.93994140625,3665830000,-4.1352477946232646e-05,0.00922842699903333,0.0035637475141003985,4013.7284912109376,4030.47599609375,0.9958447823782989,66.62589871894761,34.7089809158565,20.391643047999683
2023-04-12,4121.72021484375,4134.3701171875,4086.93994140625,4091.949951171875,3633120000,-0.004134884052006904,0.008812208072984131,0.0030098865141240673,4022.3614868164063,4031.9595947265625,0.9976194930319466,78.6915387716656,34.0662449718825,23.126563432776248
2023-04-13,4100.0400390625,4150.259765625,4099.39990234375,4146.22021484375,3596590000,0.01326268999363811,0.008865259098907563,0.006509057937771413,4035.0760009765627,4033.3519970703123,1.0004274370071105,81.58994508785864,37.50370941157507,26.001992628536012
2023-04-14,4140.10986328125,4163.18994140625,4113.2001953125,4137.64013671875,3575690000,-0.0020693734728036706,0.008258213598118345,0.0068086339831764505,4043.9440063476563,4033.7206005859375,1.0025344853483986,77.8763165310148,39.085036180147654,28.61860133885834
2023-04-17,4137.169921875,4151.72021484375,4123.18017578125,4151.31982421875,3611180000,0.00330615690296554,0.00764765712806895,0.00683551494150192,4055.6780029296874,4033.1518017578123,1.0055852599354325,78.392426803576,40.969811013871094,31.088843273860892
2023-04-18,4164.259765625,4169.47998046875,4140.35986328125,4154.8701171875,3536640000,0.0008552202959737354,0.007527586703244189,0.006777974771019557,4065.8430053710936,4033.5196044921877,1.008013696237625,80.26310282660486,42.26280827410892,33.3236362739105
2023-04-19,4139.330078125,4162.56982421875,4134.490234375,4154.52001953125,3572560000,-8.42619976980652e-05,0.007129984091673328,0.006025222210580562,4073.425500488281,4034.3884033203126,1.0096760879879192,75.6342324508113,42.76628485272386,35.212165989673174
2023-04-20,4130.47998046875,4148.56982421875,4114.56982421875,4129.7900390625,3772080000,-0.00595254815297297,0.006004999342823317,0.0034739031306266614,4083.06650390625,4033.7042041015625,1.012237461476351,65.86434226403617,40.70061951535399,36.30985669480934
2023-04-21,4132.14013671875,4138.02001953125,4113.85986328125,4133.52001953125,3611750000,0.0009031888869577287,0.006012560793211944,0.0034542981660753004,4092.306506347656,4034.0174072265627,1.0144493920667457,56.23614908800941,38.91594432243937,36.831074220335346
2023-04-24,4132.06982421875,4142.41015625,4117.77001953125,4137.0400390625,3290940000,0.0008515791660903549,0.005968016613369165,0.0029733670754694603,4100.6090087890625,4035.1282080078126,1.0162276877972058,53.43426557142742,37.355007261282026,36.93586082852468
2023-04-25,4126.43017578125,4126.43017578125,4071.3798828125,4071.6298828125,3978640000,-0.015810858882773227,0.007185277731098841,0.007180166980800619,4105.314001464843,4034.7516064453125,1.0174886590061234,43.53143193563158,30.488448583608715,35.64637837954149
2023-04-26,4087.780029296875,4089.669921875,4049.35009765625,4055.989990234375,3837030000,-0.003841187197329843,0.007248856615002447,0.006854722873455286,4109.55,4033.12560546875,1.018949172926234,42.502759684443255,23.513592677960787,33.21982123922535
2023-04-27,4075.2900390625,4138.240234375,4075.2900390625,4135.35009765625,3750550000,0.01956614972249704,0.007832344763072565,0.012733382340854417,4114.927001953125,4033.110009765625,1.0202863279180066,55.156943226800564,24.11172163251331,31.39820131788294
2023-04-28,4129.6298828125,4170.06005859375,4127.18017578125,4169.47998046875,4087800000,0.008253202753460531,0.007926825926680682,0.013230123545048766,4120.8594970703125,4033.547607421875,1.0216464259620441,59.31320411342346,27.028175463629395,30.52419614703223
2023-05-01,4166.7900390625,4186.919921875,4164.1201171875,4167.8701171875,3321370000,-0.0003861064902076494,0.00732088403103959,0.013263928642904408,4123.7875,4035.0968115234373,1.0219798167477123,59.050855897541275,28.876710876242214,30.19469909287423
2023-05-02,4164.10009765625,4164.10009765625,4089.719970703125,4119.580078125,4486130000,-0.011586262936400304,0.00777851877908537,0.011950596533049373,4123.541015625,4035.906611328125,1.021713684863495,53.87138860705541,26.143717432406447,29.384502760780673
2023-05-03,4122.25,4148.2998046875,4088.860107421875,4090.75,4246510000,-0.006998305064656485,0.007829855735764774,0.012436404133316724,4123.048510742187,4037.7748095703123,1.0211189838942378,41.63118362584128,21.404713858946707,27.78854498041388
2023-05-04,4082.550048828125,4082.610107421875,4048.280029296875,4061.219970703125,4920090000,-0.007218732334382416,0.007976100537347382,0.0077338672365856705,4121.590515136719,4039.1782080078124,1.0204032362240223,39.155956590152755,15.092219105528784,25.249279805436863
2023-05-05,4084.72998046875,4147.02001953125,4084.72998046875,4136.25,4186270000,0.018474751389515376,0.008990973413969256,0.011883709380401609,4123.152014160156,4041.656806640625,1.0201638118767606,48.178699106197605,15.959842714361912,23.391392387221877
2023-05-08,4136.97998046875,4142.2998046875,4123.81005859375,4138.1201171875,3641640000,0.0004521286642489297,0.008989952238115002,0.011909992518681911,4124.602526855469,4045.018408203125,1.019674599871029,47.9673823648615,16.60690938906737,22.034495787590977
2023-05-09,4124.25,4130.35009765625,4116.64990234375,4119.169921875,3810140000,-0.004579421277258522,0.00905842296384938,0.010765395102066002,4125.114025878906,4047.7570068359373,1.0191110827335552,45.89554058083909,15.412921438178273,20.71018091770844
2023-05-10,4143.740234375,4154.27978515625,4098.919921875,4137.64013671875,4057160000,0.004483965263404999,0.009048197018348648,0.010096250266031729,4127.39853515625,4051.1068115234375,1.018832316002086,50.92491062706605,15.775222416462384,19.72318921745923
2023-05-11,4132.240234375,4132.7998046875,4109.2900390625,4130.6201171875,3752900000,-0.0016966239932159066,0.008550446801381081,0.009038198954960096,4126.6185302734375,4054.691416015625,1.0177392326266081,49.66095753948455,15.319300286796533,18.842411431326692
2023-05-12,4138.5400390625,4143.740234375,4099.1201171875,4124.080078125,3533740000,-0.0015833068345566526,0.008545405012284608,0.0033525277731677175,4125.94052734375,4057.546015625,1.0168561271900238,48.495409474011204,14.265804900598596,17.927090125181074
2023-05-15,4126.64990234375,4141.25,4110.27001953125,4136.27978515625,3562170000,0.0029581644391338813,0.008538392625087928,0.003714106863266607,4125.188525390625,4059.3588134765623,1.0162167758355127,58.56357664809543,14.251039504782057,17.19188000110127
2023-05-16,4127.9501953125,4135.5400390625,4109.85986328125,4109.89990234375,3654200000,-0.006377683373153031,0.008646205680453808,0.004299280339043704,4122.940014648438,4060.5884130859376,1.015355311895577,56.94339193099341,11.9726880500275,16.148041610886516
2023-05-17,4122.85009765625,4164.669921875,4113.6201171875,4158.77001953125,4039080000,0.011890829058788244,0.0090808544118606,0.006906748646579528,4123.152514648437,4064.0364111328126,1.0145461549885935,53.27349712193784,13.949684856273961,15.708370259964004
2023-05-18,4157.68017578125,4202.2001953125,4153.5,4198.0498046875,3980500000,0.009445048649426635,0.009193596648599813,0.007569337572605999,4126.565502929688,4068.15720703125,1.0143574333355376,53.93664604296798,18.47307336529866,16.261310881030937
2023-05-19,4204.14990234375,4212.91015625,4180.2001953125,4191.97998046875,4041900000,-0.0014458676054706077,0.009208010089272581,0.007547540311539153,4129.488500976562,4073.6304052734376,1.013712116747463,53.28177090810483,21.322316865000175,17.273512077824787
2023-05-22,4190.77978515625,4209.22021484375,4179.68017578125,4192.6298828125,3728520000,0.0001550346964389604,0.00920889331798883,0.0076816472862798225,4132.267993164062,4080.251201171875,1.0127484288166493,61.425102142120735,23.363484843869628,18.491506631033754
2023-05-23,4176.7998046875,4185.68017578125,4142.5400390625,4145.580078125,4155320000,-0.011222026747550129,0.00882482416355992,0.009261210549920535,4135.965502929687,4086.0476025390626,1.0122166712790144,58.11312657234635,20.943179212996256,18.981841147426255
2023-05-24,4132.9599609375,4132.9599609375,4103.97998046875,4115.240234375,0,-0.007318600335353365,0.008957188988790013,0.007893728522629222,4138.928015136718,4089.9666064453127,1.0119711023102849,57.974189037728976,16.387987217720365,18.463070361485077
2023-05-25,4155.7099609375,4165.740234375,4129.72998046875,4151.27978515625,4147760000,0.008757581265902425,0.008042367874837749,0.007644923735756158,4139.724499511719,4095.153603515625,1.0108838154343784,52.50722902361345,15.507296831118765,17.871915655411815
2023-05-26,4156.16015625,4212.8701171875,4156.16015625,4205.4501953125,3715460000,0.01304908677799732,0.008359644068593764,0.01029748724915772,4141.523010253906,4100.0570068359375,1.0101135187507961,59.56313561437869,18.961862189338717,18.089904962197195
2023-05-30,4226.7099609375,4231.10009765625,4192.18017578125,4205.52001953125,4228510000,1.660326849850513e-05,0.008357976855303333,0.010299451631045464,4143.405505371094,4105.834609375,1.0091506111596182,62.95968423937657,21.457910915487446,18.763506152855246
2023-05-31,4190.740234375,4195.43994140625,4166.14990234375,4179.830078125,5980670000,-0.006108624209833935,0.008024777199693182,0.008996563946575204,4146.418005371093,4110.399809570313,1.008762698878323,56.19768317612882,21.119629994274874,19.234730921139175
2023-06-01,4183.02978515625,4232.43017578125,4171.64013671875,4221.02001953125,4391860000,0.009854453563032717,0.008052368637470964,0.007915869093639566,4152.931506347656,4114.762807617188,1.0092760386236141,62.06816981833115,23.89972283206407,20.167729303324155
2023-06-02,4241.009765625,4290.669921875,4241.009765625,4282.3701171875,4454200000,0.014534424705965554,0.00826492361126259,0.008936447075453165,4163.989013671875,4121.670810546875,1.0102672447825558,68.43374206476471,30.699521616789752,22.274087766017278
2023-06-05,4282.990234375,4299.27978515625,4266.81982421875,4273.7900390625,3813290000,-0.0020035816359177394,0.007432681992568581,0.008610974027123415,4170.866015625,4128.172211914062,1.0103420597589707,66.1499748248925,34.99269652229577,24.81780951727298
2023-06-06,4271.33984375,4288.330078125,4263.08984375,4283.85009765625,3996560000,0.0023538963079141606,0.007428538361062188,0.008452966864468425,4178.152514648437,4134.4294140625,1.0105753651125888,71.24405166553365,38.76002972329297,27.606253558476986
2023-06-07,4285.47021484375,4299.18994140625,4263.9599609375,4267.52001953125,4537800000,-0.0038120096998572883,0.007395990584531626,0.0078239526779901,4185.57001953125,4140.229213867187,1.0109512791012147,64.42808501375954,39.96725001925097,30.078452850631788
2023-06-08,4268.68994140625,4298.009765625,4261.06982421875,4293.93017578125,3826740000,0.0061886426142414575,0.00743829309296023,0.007315127979215136,4193.384521484375,4146.682416992187,1.0112625226134542,63.1703983119397,42.56440374093563,32.57564302869256
2023-06-09,4304.8798828125,4322.6201171875,4291.7001953125,4298.85986328125,3786510000,0.001148059539441082,0.007393328013574227,0.0038955354965609654,4201.7965087890625,4152.103413085937,1.0119681739010908,64.72745231020971,44.50739778224488,34.961993979403026
2023-06-12,4308.31982421875,4340.1298828125,4304.3701171875,4338.93017578125,3945670000,0.009321148810237156,0.007514389382426558,0.005009166462204738,4212.539013671875,4157.865415039062,1.013149439237513,68.18389816827676,48.71897191395692,37.71338956631381
2023-06-13,4352.60986328125,4375.3701171875,4349.31005859375,4369.009765625,4275400000,0.006932489951473775,0.007577501046828289,0.005264397187719606,4224.175512695312,4163.0594091796875,1.0146805744306366,78.99352945201834,53.86294773785994,40.94330120062304
2023-06-14,4366.2900390625,4391.81982421875,4337.85009765625,4372.58984375,4252110000,0.0008194255259321714,0.007285588540048186,0.0037438178652046007,4237.310009765625,4168.021010742187,1.0166239562720198,85.88756792090534,57.56489573820636,44.26762010813971
2023-06-15,4365.330078125,4439.2001953125,4362.60009765625,4425.83984375,4176690000,0.01217813742034668,0.00730403640583804,0.005010407795764888,4250.663500976562,4174.525805664062,1.0182386452634202,86.53394095564072,64.057135388186,48.225523164148974
2023-06-16,4440.9501953125,4448.47021484375,4407.43994140625,4409.58984375,6848600000,-0.0036716195284263176,0.007297184051774685,0.006452509324994588,4261.240502929688,4180.910004882812,1.0192136396031148,80.21248858209904,67.11735579328979,52.00388968997715
2023-06-20,4396.10986328125,4400.14990234375,4367.18994140625,4388.7099609375,4055790000,-0.0047351076976228645,0.0074263933798177735,0.007183010060396873,4271.077001953125,4186.583803710938,1.0201818958376738,75.53882493890526,67.08446254394676,55.02000426077109
2023-06-21,4380.009765625,4386.22021484375,4360.14013671875,4365.68994140625,3709330000,-0.005245281583003636,0.0076053426475157825,0.0072853936595514675,4279.730004882813,4191.715405273438,1.020997274647665,76.10538140888036,64.45784134559926,56.90757167773672
2023-06-22,4355.39990234375,4382.25,4351.81982421875,4381.89013671875,3511000000,0.003710798414438443,0.00693727610238344,0.007491516888326932,4291.5455078125,4197.174409179687,1.0224844358210163,74.30133890373938,62.9577082225851,58.1175989867064
2023-06-23,4354.169921875,4366.5498046875,4341.33984375,4348.330078125,6053620000,-0.007658808766684566,0.00696375576390548,0.004297972064131516,4303.2,4202.30201171875,1.0240101706159817,60.87729525858598,58.38776781704564,58.17163275277426
2023-06-26,4344.83984375,4362.06005859375,4328.080078125,4328.81982421875,3415030000,-0.004486838293256468,0.006995216699608773,0.004320564797713378,4312.077001953125,4205.95400390625,1.0252316116506062,58.75906792530843,52.58556897896506,57.05441999801241
2023-06-27,4337.35986328125,4384.419921875,4335.0,4378.41015625,3573500000,0.011455854954693034,0.006872186753011304,0.007910739630342518,4320.725,4210.769404296875,1.0261129463871665,63.368756187033775,51.39634487778767,55.922804973967466
2023-06-28,4367.47998046875,4390.35009765625,4360.22021484375,4376.85986328125,3739330000,-0.00035407668843834283,0.006878426874497613,0.007458193058491367,4329.2919921875,4215.280205078125,1.0270472617625812,66.13249033180217,49.75523316707586,54.68929061258915
2023-06-29,4374.93994140625,4398.39013671875,4371.97021484375,4396.43994140625,3696660000,0.004473544672805918,0.006622394127006162,0.0075467065540398585,4340.122485351562,4220.1116015625,1.028437845990762,65.43585671431092,49.46439423370248,53.64431133681182
2023-06-30,4422.43994140625,4458.47998046875,4422.43994140625,4450.3798828125,3923450000,0.012269004495714109,0.0067826311515722625,0.0072958946396294525,4351.590478515625,4226.028798828125,1.0297115059230828,69.88133206392,52.975733480889176,53.51059576562729
2023-07-03,4450.47998046875,4456.4599609375,4442.2900390625,4455.58984375,2034280000,0.0011706778016009611,0.006184257268930661,0.005807310845853497,4360.25146484375,4232.544794921875,1.03017255011101,66.84856118101209,55.53868010568294,53.91621263363842
2023-07-05,4442.0400390625,4454.06005859375,4436.60986328125,4446.81982421875,3482620000,-0.0019683184132291975,0.006183059848266837,0.005641285309609593,4368.9029541015625,4238.810791015625,1.0306907218792767,61.974790231703224,56.21416459149623,54.37580302520998
2023-07-06,4422.6201171875,4422.6201171875,4385.0498046875,4411.58984375,3682020000,-0.007922511336500904,0.006567532624002578,0.007511328970147156,4375.28994140625,4244.301787109375,1.030862120760288,55.46921648434119,53.29240425562148,54.15912327129229
2023-07-07,4404.5400390625,4440.39013671875,4397.39990234375,4398.9501953125,3630480000,-0.0028651005386203243,0.006530602944279499,0.007527528127119397,4381.8614501953125,4250.848193359375,1.0308204976692898,45.744375032842576,49.38766389767807,53.20483139656944
2023-07-10,4394.22998046875,4412.60009765625,4389.919921875,4409.52978515625,3429600000,0.002405026057131332,0.006443006151768165,0.004035733816174677,4387.641430664063,4257.918989257812,1.0304661600499032,49.990321255624295,46.60952789083967,51.885770695423496
2023-07-11,4415.5498046875,4443.64013671875,4408.4599609375,4439.259765625,3624220000,0.0067422110558885695,0.006554298767329348,0.0055562192928313315,4394.66142578125,4263.997182617188,1.030643604479087,57.92042696828646,46.27338526884978,50.76329361010876
2023-07-12,4467.68994140625,4488.33984375,4463.22998046875,4472.16015625,3920290000,0.007411233485312474,0.006449392919878035,0.006528444817185923,4401.322924804687,4270.050786132812,1.0307425239761052,66.18134000620387,48.10722622433968,50.232080132954955
2023-07-13,4491.5,4517.3798828125,4489.35986328125,4510.0400390625,3839530000,0.008470153458069118,0.006525859425704156,0.004687106991162727,4408.374438476562,4276.894184570312,1.0307419936599296,68.27212941728526,52.01752273890543,50.589168654145055
2023-07-14,4514.60986328125,4527.759765625,4499.56005859375,4505.419921875,3647450000,-0.0010244071333035398,0.006550591762958933,0.003991251858477678,4415.015942382813,4284.610981445312,1.0304356595037973,74.41326809368285,54.11979672551388,51.29529426841883
2023-07-17,4508.85986328125,4532.85009765625,4504.89990234375,4522.7900390625,3538240000,0.0038553825145495324,0.006085581291546593,0.0038227481741095557,4419.863452148437,4293.251782226563,1.0294908559628457,80.3466962862918,56.535778037951786,52.34339102232543
2023-07-18,4521.77978515625,4562.2998046875,4514.58984375,4554.97998046875,4090010000,0.007117275205842377,0.00611829268415964,0.003866679358632811,4427.132958984375,4303.126982421875,1.028817642860427,79.2150399508794,60.35221709249163,53.94515623635868
2023-07-19,4563.8701171875,4578.43017578125,4557.47998046875,4565.72021484375,4115670000,0.002357910335732072,0.00593198184262297,0.003792795261012133,4435.983471679688,4311.71638671875,1.0288207928851056,80.32635728690023,63.51130095040844,55.858385179168636
2023-07-20,4554.3798828125,4564.740234375,4527.56005859375,4534.8701171875,3761770000,-0.006756896218903741,0.006037782790714984,0.005282648733767576,4444.44248046875,4319.65138671875,1.0288891585403592,71.45207154499104,62.80161469043742,57.24703108142239
2023-07-21,4550.16015625,4555.0,4535.7900390625,4536.33984375,3570190000,0.0003240945218980773,0.006032407143741801,0.005179868952582104,4452.164965820312,4327.99478515625,1.0286900023747554,65.90792441372929,61.64714791977167,58.12705444909225
2023-07-24,4543.39013671875,4563.41015625,4541.2900390625,4554.64013671875,3856250000,0.004034153877153557,0.005625347570747487,0.005201801408126802,4462.48046875,4336.33478515625,1.0290903931185296,67.48337030735843,61.499971992457176,58.80163795776524
2023-07-25,4555.18994140625,4580.6201171875,4552.419921875,4567.4599609375,3812470000,0.002814673351556163,0.005391353026166407,0.004300530910965642,4474.4124755859375,4345.07158203125,1.0297672641549953,70.99405027947202,61.70647287605698,59.382604941423594
2023-07-26,4558.9599609375,4582.47021484375,4547.580078125,4566.75,3990290000,-0.00015543889679858758,0.005010651643510303,0.004182345260868633,4483.8294677734375,4353.92498046875,1.0298361795132955,80.68834575283833,61.108418588979475,59.72776767093478
2023-07-27,4598.259765625,4607.06982421875,4528.56005859375,4537.41015625,4553210000,-0.006424666064487883,0.005341361805988908,0.00404759279638237,4491.856982421875,4361.947587890625,1.0297824290442865,75.68830444109462,57.602964947092914,59.30280712616641
2023-07-28,4565.75,4590.16015625,4564.009765625,4582.22998046875,3981010000,0.009877842794752345,0.005612668433353267,0.005968217921561046,4501.146484375,4371.394189453125,1.0296821309857913,78.42892968523937,57.77545345654562,58.997336392242254
2023-07-31,4584.81982421875,4594.22021484375,4573.14013671875,4588.9599609375,4503600000,0.0014687129405193122,0.005075261593065661,0.005862104757356465,4508.07548828125,4379.99798828125,1.0292414517866613,76.66169237298159,57.78904883944688,58.75567888168318
2023-08-01,4578.830078125,4584.6201171875,4567.52978515625,4576.72998046875,4042370000,-0.002665087639215691,0.005161949184801037,0.006067308670039883,4514.132495117187,4387.571591796875,1.028845319255174,70.10418250807794,56.1655248560146,58.237648076549476
2023-08-02,4550.93017578125,4550.93017578125,4505.75,4513.39013671875,4270710000,-0.013839541336347905,0.006151797140974814,0.00884320157782724,4517.461010742188,4393.999794921875,1.0280976835645272,50.58664591759083,49.2007191014045,56.43026228152048
2023-08-03,4494.27001953125,4519.490234375,4485.5400390625,4501.89013671875,4149120000,-0.0025479738404268204,0.005863116249912921,0.00855832972714462,4521.976025390625,4400.185,1.0276786147379313,49.39643152349066,42.26589158310435,53.59738814183725
2023-08-04,4513.9599609375,4540.33984375,4474.5498046875,4478.02978515625,4143310000,-0.005300074155050516,0.005972515908083519,0.00571490395845181,4525.930004882813,4406.833994140625,1.027025300000077,42.512501082256385,34.44756970955768,49.76742445538134
2023-08-07,4491.580078125,4519.83984375,4491.14990234375,4518.43994140625,3493920000,0.00902409277936278,0.006237341781812741,0.008180154416207243,4531.375512695313,4414.89798828125,1.0263828348295332,44.05118111488087,31.153141165216766,46.04456779734843
2023-08-08,4498.02978515625,4503.31005859375,4464.39013671875,4499.3798828125,3884910000,-0.004218283044793103,0.0062098317802223735,0.008190621572925317,4534.381518554687,4421.859990234375,1.0254466510854743,39.48447496288821,26.696554113992534,42.17496506067725
2023-08-09,4501.56982421875,4502.43994140625,4461.330078125,4467.7099609375,3803100000,-0.007038730380597102,0.006227400770060773,0.006384153403106767,4534.159008789063,4427.105185546875,1.024181450124945,39.382121352477995,20.37431631330128,37.81483531120206
2023-08-10,4487.16015625,4527.3701171875,4457.919921875,4468.830078125,4504370000,0.00025071394456976925,0.00589940266862892,0.006448240231716102,4532.0985107421875,4432.37138671875,1.0224997220048533,39.31503715702397,15.278164235827717,33.30750109612719
2023-08-11,4450.68994140625,4476.22998046875,4443.97998046875,4464.0498046875,3753290000,-0.0010696923700230787,0.0058996465277861045,0.006085149327815457,4530.030004882812,4438.05578125,1.0207239900006184,35.0209512429456,10.730010006487646,28.79200287819928
2023-08-14,4458.1298828125,4490.330078125,4453.43994140625,4489.72021484375,3896410000,0.005750475751703066,0.0059869164815221695,0.004837620206569373,4528.376513671875,4443.42978515625,1.0191173783817624,37.6697805031807,9.09214399873963,24.85203110230735
2023-08-15,4478.8701171875,4478.8701171875,4432.18994140625,4437.85986328125,3832250000,-0.011550909428841738,0.0062124746154840465,0.006706961558806407,4522.5205078125,4446.539580078125,1.0170876535260795,32.410853859900925,3.568293366614853,20.59528355516885
2023-08-16,4433.7900390625,4449.9501953125,4403.5498046875,4404.330078125,3753910000,-0.007555395210577687,0.006301505356391721,0.006793333930545965,4514.451000976563,4449.150380859375,1.0146770988901872,32.04440345213783,-3.474914843287479,15.781243875477585
2023-08-17,4416.31982421875,4421.169921875,4364.830078125,4370.35986328125,3943700000,-0.007712913029036983,0.006344731747744689,0.006822512209923655,4506.22548828125,4450.880576171875,1.0124345983142455,20.551626783217728,-11.663372432960387,10.29232061378999
2023-08-18,4344.8798828125,4381.81982421875,4335.31005859375,4369.7099609375,3940400000,-0.00014870682600087726,0.006337172570620351,0.006947132352192991,4497.893994140625,4452.924375,1.0100988957713044,19.001957811779462,-17.99775879493427,4.634304732045137
2023-08-21,4380.27978515625,4407.5498046875,4360.2998046875,4399.77001953125,3726850000,0.006879188518795987,0.006505900323353059,0.007359185053252677,4490.15048828125,4455.041171875,1.0078808062713083,26.181857375321044,-20.357541056296213,-0.36406442562313485
2023-08-22,4415.330078125,4418.58984375,4382.77001953125,4387.5498046875,3522760000,-0.002777466728829614,0.006420906097653406,0.006042051009915757,4481.15498046875,4456.814970703125,1.005461301383527,30.35965499214298,-22.949210495824445,-4.881093639663399
2023-08-23,4396.43994140625,4443.18017578125,4396.43994140625,4436.009765625,3837270000,0.011044879965972587,0.007047026638211997,0.007515382199594325,4474.61796875,4458.7565625,1.0035573608981934,40.781366366263775,-20.852439406471603,-8.075362793025041
2023-08-24,4455.16015625,4458.2998046875,4375.5498046875,4376.31005859375,3723470000,-0.013457974663146133,0.007472179628764513,0.009456371587955762,4466.562963867187,4458.902568359375,1.001718000200805,37.06386287031449,-23.734405189026802,-11.207171272225395
2023-08-25,4389.3798828125,4418.4599609375,4356.2900390625,4405.7099609375,3296180000,0.006717966037625089,0.007242604011784278,0.00986332750234562,4457.736962890625,4459.564970703125,0.9995900927950352,35.250592541957076,-23.376586681396475,-13.641054354059612
2023-08-28,4426.02978515625,4439.56005859375,4414.97998046875,4433.31005859375,2957230000,0.006264619755036449,0.00743806644603094,0.009785884943863366,4449.9544677734375,4459.714375,0.9978115398418174,41.54448936741924,-20.62812750561625,-15.038468984370938
2023-08-29,4432.75,4500.14013671875,4431.68017578125,4497.6298828125,3354820000,0.01450830719454621,0.008265715167723984,0.010865021492048271,4445.999462890625,4461.47517578125,0.996531256528192,53.53378654259159,-13.10877177488328,-14.652529542473408
2023-08-30,4500.33984375,4521.64990234375,4493.58984375,4514.8701171875,3064110000,0.003833182103508026,0.007730027866697074,0.010330033448446848,4446.073461914062,4463.99837890625,0.9959845601474928,55.23824020906295,-5.692861588128835,-12.860595951604493
2023-08-31,4517.009765625,4532.259765625,4507.39013671875,4507.66015625,3946360000,-0.0015969365120942491,0.007716151721968604,0.005817440237273308,4446.361962890625,4466.837783203125,0.9954160367341981,54.93451875817687,-0.3929532079009732,-10.367067402863789
2023-09-01,4530.60009765625,4541.25,4501.35009765625,4515.77001953125,3246260000,0.0017991292600010311,0.007617695255713689,0.0060647841683182085,4448.248974609375,4469.515380859375,0.9952418988552825,53.06952135029021,4.4108154224959435,-7.411490837791843
2023-09-05,4510.06005859375,4514.2900390625,4496.009765625,4496.830078125,3526250000,-0.004194177587506065,0.007404840332964961,0.007200361188904162,4447.168481445313,4472.485380859375,0.994339411477473,57.53305547481497,6.613307594274374,-4.606531151378599
2023-09-06,4490.35009765625,4490.35009765625,4442.3798828125,4465.47998046875,3418850000,-0.006971599351452862,0.00750808469183169,0.004373389810067233,4445.473486328125,4475.218583984375,0.9933533754613237,57.855240527734665,5.762679054351793,-2.53268911023252
2023-09-07,4434.5498046875,4457.81005859375,4430.4599609375,4451.14013671875,3763760000,-0.0032112659361860363,0.007376279906964341,0.003244547316557899,4444.644995117187,4476.67318359375,0.9928455379334055,60.92807884376569,3.886641476869954,-1.248822992812025
2023-09-08,4451.2998046875,4473.52978515625,4448.3798828125,4457.490234375,3259290000,0.0014266227216406246,0.007384407399314471,0.003771883244196479,4444.0780029296875,4478.285791015625,0.9923614102175958,61.69468679987614,2.879079752254256,-0.4232424437987685
2023-09-11,4480.97998046875,4490.77001953125,4467.89013671875,4487.4599609375,3369920000,0.006723453106275201,0.007534692385460375,0.005384969879357282,4445.248510742187,4480.10619140625,0.9922194521346553,61.68546475991927,4.4476169330855555,0.5509294315780967
2023-09-12,4473.27001953125,4487.10986328125,4456.830078125,4461.89990234375,3435740000,-0.005695885604828921,0.007532698819180735,0.00562699141781978,4443.857495117188,4480.336591796875,0.9918579562199685,59.56765261407806,3.5868637033736377,1.158116285937205
2023-09-13,4462.64990234375,4479.39013671875,4453.52001953125,4467.43994140625,3529430000,0.0012416323054647016,0.007053502528487783,0.004782523067432864,4445.336499023438,4480.57359375,0.992135583985114,54.54680306110484,3.313548890740094,1.589202806897783
2023-09-14,4487.77978515625,4511.990234375,4478.68994140625,4505.10009765625,3648720000,0.00842991886716793,0.007015444911123646,0.005542599771210759,4450.375,4481.73919921875,0.9930017794823452,69.90019797438404,6.065881101460036,2.484538465810234
2023-09-15,4497.97998046875,4497.97998046875,4447.2099609375,4450.31982421875,6932230000,-0.012159612938677844,0.007372652652416386,0.0086267417879471,4454.372998046875,4482.513798828125,0.9937220938865583,56.391643381545315,3.7832035438887033,2.7442714814259284
2023-09-18,4445.1298828125,4466.35986328125,4442.10986328125,4453.52978515625,3161230000,0.0007212876971294246,0.007368501363861463,0.007782777148800387,4458.563989257813,4483.605390625,0.9944148962307103,53.11475163221711,2.207732785319422,2.6369637422046273
2023-09-19,4445.41015625,4449.85009765625,4416.60986328125,4443.9501953125,3614880000,-0.002151010615372817,0.0072636786671563605,0.007458864942979677,4460.772998046875,4484.293798828125,0.9947548484027973,40.0534171021584,0.18404644522615854,2.146380282808934
2023-09-20,4452.81005859375,4461.02978515625,4401.3798828125,4402.2001953125,3308450000,-0.0093947947580596,0.007566417684308964,0.008215290228607112,4461.505517578125,4483.552607421875,0.9950826739922146,30.861207508609425,-4.734044521459509,0.7702953219552447
2023-09-21,4374.35986328125,4375.7001953125,4329.169921875,4330.0,3662340000,-0.01640093410321941,0.00797279341317107,0.007071411331211985,4456.205029296875,4480.709404296875,0.9945311394270513,25.27964692198151,-14.292860209500759,-2.242335784335957
2023-09-22,4341.740234375,4357.39990234375,4316.490234375,4320.06005859375,3349570000,-0.002295598477193961,0.007440902567306691,0.006952898700007358,4453.392529296875,4476.9098046875,0.9947469847692708,22.906110242863093,-22.412009020749792,-6.276270431618726
2023-09-25,4310.6201171875,4338.509765625,4302.7001953125,4337.43994140625,3195650000,0.0040230650909416354,0.007324512692178191,0.007839713417501452,4449.979028320313,4473.550205078125,0.9947309908959878,27.838464264522784,-27.131328588443466,-10.447282062983675
2023-09-26,4312.8798828125,4313.009765625,4265.97998046875,4273.52978515625,3472340000,-0.014734533990868215,0.007757590741978507,0.008583162672391618,4441.990014648438,4468.565,0.9940529039296594,25.527165062179094,-35.617858337052894,-15.481397317797521
2023-09-27,4282.6298828125,4292.06982421875,4238.6298828125,4274.509765625,3875880000,0.00022931406074522265,0.006771629606017708,0.009183209971369026,4430.834008789063,4462.955595703125,0.9928026200966488,26.686156150466033,-41.78277228119714,-20.741672310477448
2023-09-28,4269.64990234375,4317.27001953125,4264.3798828125,4299.7001953125,3846230000,0.005893173970516585,0.006888000242266604,0.008121944269290334,4420.075512695313,4457.6351953125,0.9915740788621096,30.159702746111194,-44.12718314804806,-25.418774477991573
2023-09-29,4328.18017578125,4333.14990234375,4274.85986328125,4288.0498046875,3865960000,-0.002709582086142026,0.0068855300778894665,0.008135749195367754,4409.094995117188,4452.6987890625,0.9902073335720757,23.71555086436598,-46.39047429702805,-29.61311444179887
2023-10-02,4284.52001953125,4300.580078125,4260.2099609375,4288.39013671875,3938660000,7.936755559079245e-05,0.006839977285759561,0.0076478596093609635,4397.726000976562,4447.739794921875,0.9887552338375516,25.50067565704201,-47.60789273550836,-33.21207010054077
2023-10-03,4269.75,4281.14990234375,4216.4501953125,4229.4501953125,3953830000,-0.013744071674259506,0.0072794593376102525,0.0072458583291523625,4384.357006835938,4441.23599609375,0.9871929820194558,20.79960890648384,-52.72093221988143,-37.1138425244089
2023-10-04,4233.830078125,4268.5,4220.47998046875,4263.75,3777600000,0.008109754957160709,0.007623226326030961,0.008596810430653875,4374.2705078125,4435.161796875,0.9862707851818611,20.141089596363912,-53.38989973575826,-40.36905396667878
2023-10-05,4259.31005859375,4267.1298828125,4225.91015625,4258.18994140625,3581470000,-0.001304030159777203,0.007622905763952857,0.007832700478105449,4364.622998046875,4428.990595703125,0.985466756755208,22.93416682945889,-53.74912511623825,-43.04506819659068
2023-10-06,4234.7900390625,4324.10009765625,4219.5498046875,4308.5,3902030000,0.011814893014644445,0.00821306878734901,0.00988754148359365,4357.173486328125,4424.412392578125,0.9848027488660885,31.96284974112143,-49.40470585282492,-44.31699572783753
2023-10-09,4289.02001953125,4341.72998046875,4283.7900390625,4335.66015625,3174630000,0.00630385429964031,0.00819101611271172,0.010132844263833297,4349.58349609375,4419.48099609375,0.9841842288581442,37.09638756103352,-43.27131982476203,-44.10786054722244
2023-10-10,4339.75,4385.4599609375,4339.64013671875,4358.240234375,3520240000,0.005207990781392224,0.00827262860814771,0.004804399027977103,4344.4005126953125,4414.8666015625,0.9840389087085329,44.5110620116473,-36.17158015377572,-42.5206044685331
2023-10-11,4366.58984375,4378.64013671875,4345.33984375,4376.9501953125,3601660000,0.00429300817103373,0.008346708579865712,0.004692559933758668,4339.876025390625,4410.871005859375,0.9839045439382741,56.766109919555944,-28.704361816492565,-39.757355938124995
2023-10-12,4380.93994140625,4385.85009765625,4325.43017578125,4349.60986328125,3713140000,-0.00624643434611849,0.008116991989586259,0.006567678674074786,4332.101513671875,4407.595400390625,0.9828718655273895,54.055122542187526,-24.707856992720735,-36.74745614904415
2023-10-13,4360.490234375,4377.10009765625,4311.97021484375,4327.77978515625,3566560000,-0.005018858888767519,0.007783989615494178,0.006028619902650267,4325.97451171875,4404.113193359375,0.9822577944276173,48.690332130288915,-23.036551958509335,-34.005275310937186
2023-10-16,4342.3701171875,4383.330078125,4342.3701171875,4373.6298828125,3409960000,0.01059436938392988,0.008223980525784547,0.007183428692222426,4321.979516601563,4402.0251953125,0.9818161697947178,64.2697742924801,-17.80704248096754,-30.765628744943257
2023-10-17,4345.22998046875,4393.56982421875,4337.5400390625,4373.2001953125,3794850000,-9.824505308242415e-05,0.008219993802764208,0.0069354818116689355,4318.4420166015625,4399.120400390625,0.9816603374206583,64.09092683688607,-13.541196252341251,-27.320742246422853
2023-10-18,4357.35009765625,4364.2001953125,4303.83984375,4314.60009765625,3686030000,-0.013399820506516447,0.008485658545407046,0.008886230060364446,4314.06201171875,4395.4248046875,0.9814892083054223,51.9421090483252,-14.719345074260673,-24.800462811990418
2023-10-19,4321.35986328125,4339.5400390625,4269.68994140625,4278.0,3969730000,-0.008482848196321058,0.007891763200219204,0.009153219531646044,4311.46201171875,4391.63060546875,0.9817451418500068,48.77006664180746,-18.394320231256643,-23.519234295843667
2023-10-20,4273.85009765625,4276.56005859375,4223.02978515625,4224.16015625,4004030000,-0.012585283719027562,0.008332960465406006,0.010089894396692676,4306.667016601563,4386.73720703125,0.9817472105916563,43.0494600429683,-25.358868699202503,-23.887161176515438
2023-10-23,4210.39990234375,4255.83984375,4189.22021484375,4217.0400390625,3776100000,-0.0016855698941634634,0.00824596403423827,0.006122008246867067,4300.647021484375,4381.79701171875,0.9814802032094718,48.48741656271722,-31.094420366262966,-25.328613014464946
2023-10-24,4235.7900390625,4259.3798828125,4219.43017578125,4247.68017578125,3821820000,0.007265792222727274,0.007826647372922213,0.008640543413471823,4299.354541015625,4376.9562109375,0.9822704029508091,48.02373606418969,-32.78950640287621,-26.8207916921472
2023-10-25,4232.419921875,4232.419921875,4181.419921875,4186.77001953125,3869370000,-0.014339628627712542,0.008431903549523391,0.008855358607863437,4294.967553710938,4371.9344140625,0.9823952390264604,42.26924760098688,-38.60282551813907,-29.177198457345575
2023-10-26,4175.990234375,4183.60009765625,4127.89990234375,4137.22998046875,4277640000,-0.011832519778109618,0.008598861936644123,0.009212902261055936,4286.84404296875,4366.592412109375,0.9817367041358227,31.430153625916816,-46.66941397504797,-32.67564156088606
2023-10-27,4152.93017578125,4156.7001953125,4103.77978515625,4117.3701171875,4019500000,-0.004800280229768528,0.008622040908292704,0.008592965408236486,4278.31005859375,4361.5326171875,0.9809189645250399,25.951332241690565,-54.041808110730926,-36.948874870855036
2023-10-30,4139.39013671875,4177.47021484375,4132.93994140625,4166.81982421875,3911140000,0.012010022325859904,0.009168410621983234,0.011601146284266518,4272.23154296875,4357.474814453125,0.9804374608886699,30.09024748226284,-55.2573333471837,-40.610566566120774
2023-10-31,4171.330078125,4195.5498046875,4153.1201171875,4193.7998046875,4249470000,0.006474957307233353,0.008844290919691094,0.011441750255582805,4270.4490234375,4353.35541015625,0.9809557504711579,31.272592196131214,-53.42770557940821,-43.17399436877827
2023-11-01,4201.27001953125,4245.64013671875,4197.740234375,4237.85986328125,4224900000,0.010505999486313922,0.008980618275464067,0.010356737299913758,4269.154516601562,4350.361611328125,0.9813332541103931,38.95117669890913,-47.87061128003188,-44.113317751028994
2023-11-02,4268.259765625,4319.72021484375,4268.259765625,4317.77978515625,4669780000,0.01885855702012762,0.009938570726717258,0.008726137603392544,4272.134008789062,4347.99701171875,0.9825521952464038,49.113160388061615,-36.595850055106894,-42.609824211844575
2023-11-03,4334.22998046875,4373.6201171875,4334.22998046875,4358.33984375,4570960000,0.009393730253031363,0.009810517819802786,0.004611690717476228,4274.626000976563,4347.637607421875,0.9832066025188775,48.63117531656857,-24.10974071692999,-38.90980751286166
2023-11-06,4364.27001953125,4372.2099609375,4347.52978515625,4365.97998046875,3656340000,0.0017529924220356374,0.009724168060432177,0.006279333898622325,4276.1419921875,4346.8430078125,0.9837350887763993,49.36185638639905,-13.442951944875858,-33.816436399264504
2023-11-07,4366.2099609375,4386.259765625,4355.41015625,4378.3798828125,3791230000,0.0028401189192852616,0.009676763368637969,0.006883565220930788,4277.148974609375,4345.744404296875,0.9842154937552987,56.13833757684612,-3.9434192220287514,-27.841832963817353
2023-11-08,4384.3701171875,4391.2001953125,4359.759765625,4382.77978515625,3729510000,0.0010049156221052513,0.009632737669674108,0.00753106399322076,4277.440454101563,4343.44740234375,0.9848030971420146,60.75061796677659,3.895163231805782,-21.494433724692726
2023-11-09,4391.41015625,4393.39990234375,4343.93994140625,4347.35009765625,3900780000,-0.008083839306732843,0.009705048078649001,0.0062489173732181895,4277.327465820313,4340.097001953125,0.985537296492552,63.13578603954695,7.165813579034875,-15.762384263947206
2023-11-10,4364.14990234375,4418.02978515625,4353.33984375,4415.240234375,3665080000,0.015616441094852496,0.010224304882439125,0.008468886016455,4281.70048828125,4338.248603515625,0.9869652202069402,68.70943892977772,15.062364631162382,-9.597434484925287
2023-11-13,4406.66015625,4421.759765625,4393.81982421875,4411.5498046875,3326240000,-0.0008358389332403515,0.009979273219309704,0.008613514810209858,4283.596484375,4336.16419921875,0.9878769086158635,66.29797657516431,20.78307702307302,-3.521332183325624
2023-11-14,4458.97021484375,4508.669921875,4458.97021484375,4495.7001953125,4700350000,0.019075017703661823,0.010807479414205047,0.011525929260376575,4289.721484375,4336.1416015625,0.989294603024317,79.36764925681427,31.741124137554834,3.53115908085047
2023-11-15,4505.2998046875,4521.169921875,4495.31005859375,4502.8798828125,4347170000,0.0015970120755575135,0.010228598601187718,0.011472978068522738,4299.135473632812,4336.889599609375,0.9912946536660828,87.80422300145491,40.53750507753284,10.932428280186947
2023-11-16,4497.080078125,4511.990234375,4487.830078125,4508.240234375,3964520000,0.0011904273935798848,0.009921586809767352,0.009271636385478848,4310.647485351563,4338.0316015625,0.9936874327515102,91.66078577093859,47.394897048853636,18.22492203392029
2023-11-17,4509.5498046875,4520.1201171875,4499.66015625,4514.02001953125,3777240000,0.0012820490603360213,0.009261906888283034,0.008225430300595384,4325.140478515625,4339.162197265625,0.996768565425179,90.8047955817845,52.68845029185377,25.11762768550699
2023-11-20,4511.7001953125,4557.10986328125,4510.35986328125,4547.3798828125,3644790000,0.007390278097329839,0.009223711646527718,0.007707287374155059,4341.657470703125,4340.360595703125,1.0002987942986312,90.94064914153384,58.896568561177446,31.873415860641085
2023-11-21,4538.77001953125,4542.14013671875,4525.509765625,4538.18994140625,3511080000,-0.0020209310950652926,0.009274639216852381,0.0034092984743856664,4356.182958984375,4341.886396484375,1.0032927076377622,87.82969270094003,62.35619218067677,37.969971124648225
2023-11-22,4553.0400390625,4568.43017578125,4545.0498046875,4556.6201171875,3042810000,0.00406112922094648,0.008287170865258823,0.0035326284152808122,4374.675463867187,4343.67,1.007138079980106,85.59888096905053,65.8263250824275,43.541241916204086
2023-11-24,4555.83984375,4560.31005859375,4552.7998046875,4559.33984375,1639500000,0.0005968736678840791,0.007438319380919724,0.003592093763951745,4395.78095703125,4344.754794921875,1.0117443134349065,83.76787864668611,68.01189086989689,48.435371706942654
2023-11-27,4554.85986328125,4560.52001953125,4546.31982421875,4550.43017578125,3403990000,-0.001954157460090089,0.007268345377702027,0.004072248940840933,4417.4339599609375,4346.757001953125,1.01625969843174,80.8559022162104,68.23842171020897,52.39598170759593
2023-11-28,4545.5498046875,4568.14013671875,4540.509765625,4554.89013671875,3586240000,0.0009801185306033133,0.00712858490257217,0.002507958296451153,4436.837475585938,4348.784208984375,1.0202477893521709,80.33346479487804,67.99403766603518,55.515592899283796
2023-11-29,4571.83984375,4587.64013671875,4547.14990234375,4550.580078125,4418760000,-0.0009462486392383118,0.007212276569487237,0.002292638321342751,4454.676489257812,4350.916806640625,1.0238477744411991,78.84555659824638,66.68388551949101,57.74925142332524
2023-11-30,4554.8701171875,4569.89013671875,4537.240234375,4567.7998046875,5399300000,0.0037840728581564065,0.0070536675002017876,0.002187421271183983,4471.173486328125,4354.228798828125,1.0268577267991692,90.42724848536946,66.2711361216916,59.453628362998515
2023-12-01,4559.43017578125,4599.39013671875,4554.7099609375,4594.6298828125,4397120000,0.005873742123607695,0.006129731008692211,0.0032604040408007622,4485.0159912109375,4359.521396484375,1.0287863238445771,88.73003356553713,67.33282147388127,61.02946698517508
2023-12-04,4564.3701171875,4572.3701171875,4546.72021484375,4569.77978515625,4369910000,-0.005408509126972105,0.006226479305549589,0.004366317808915402,4495.58798828125,4364.515791015625,1.0300313261634744,81.30173811073911,65.41495666357241,61.90656492085454
2023-12-05,4557.25,4578.56005859375,4551.68017578125,4567.18017578125,3909950000,-0.0005688697261614362,0.006260529735490308,0.004410098295791771,4505.647998046875,4369.110595703125,1.0312506171114162,70.87631732812343,62.95951019066888,62.11715397481741
2023-12-06,4586.22998046875,4590.740234375,4546.5,4549.33984375,4245680000,-0.003906202808869552,0.006408403244668361,0.004838487985352207,4514.19599609375,4374.626796875,1.0319042527967075,62.77359524014091,58.89507965595021,61.472739111043985
2023-12-07,4568.83984375,4590.919921875,4565.22021484375,4585.58984375,3818880000,0.007968189065892917,0.006542878128809805,0.005909593502390481,4524.336499023438,4380.8483984375,1.0327534960207971,68.17860503545937,57.93126565118928,60.76444441907305
2023-12-08,4576.2001953125,4609.22998046875,4574.06005859375,4604.3701171875,3707010000,0.00409549786994079,0.006077288836701853,0.0055710989068001775,4537.1875,4386.941796875,1.0342483921788126,70.01113910908757,58.01409682593476,60.2143749004454
2023-12-11,4593.39013671875,4623.7099609375,4593.39013671875,4622.43994140625,3823210000,0.003924494286698943,0.005301886937993294,0.004602675689697894,4547.5474853515625,4393.629599609375,1.0350320577219054,67.83242579827896,58.85933119595302,59.943366159546926
2023-12-12,4618.2998046875,4643.93017578125,4608.08984375,4643.7001953125,3808380000,0.00459935752021523,0.005271421276812677,0.004371095728585293,4559.155004882812,4400.73580078125,1.0359983446571455,73.70699585949038,60.546764917737164,60.064045911184984
2023-12-13,4646.2001953125,4709.68994140625,4643.22998046875,4707.08984375,5063650000,0.013650676351045998,0.004454330190958705,0.00414459814327074,4569.7244873046875,4410.28859375,1.036150898102367,78.12631202333621,66.2355608438611,61.29834889772021
2023-12-14,4721.0400390625,4738.56982421875,4694.33984375,4719.5498046875,6314040000,0.0026470624846992585,0.004451678428172841,0.004456376073604198,4580.5579833984375,4419.40458984375,1.0364649559185042,78.89482638974508,70.93173048078097,63.22502521433237
2023-12-15,4714.22998046875,4725.52978515625,4704.68994140625,4719.18994140625,8218980000,-7.62494933082003e-05,0.004478154636716206,0.0051827377395944,4591.10546875,4428.62458984375,1.0366887903027207,81.40538222209298,73.77401981512412,65.33482413449073
2023-12-18,4725.580078125,4749.52001953125,4725.580078125,4740.56005859375,4060340000,0.004528344366900416,0.004498156648804831,0.005159879158702242,4602.432470703125,4437.265791015625,1.0372226248024001,82.50639438661761,76.86489380069179,67.64083806773094
2023-12-19,4743.72021484375,4768.68994140625,4743.72021484375,4768.3701171875,4026970000,0.005866407818910568,0.0044225353490741645,0.005162109535091562,4613.481982421875,4445.919990234375,1.0376889355983814,85.23086304295626,80.62903172506049,70.23847679919685
2023-12-20,4764.72998046875,4778.009765625,4697.81982421875,4698.35009765625,4201320000,-0.014684266911006771,0.005783554780251406,0.008321212423226948,4621.489990234375,4452.7221875,1.037902163132511,68.03728255105909,77.07365068638774,71.60551157663502
2023-12-21,4724.2900390625,4748.7099609375,4708.35009765625,4746.75,3431180000,0.010301467821202559,0.006075664013972173,0.009612854361756636,4630.996484375,4460.11818359375,1.0383125051281858,69.83520219628537,77.27072441073051,72.73855414345412
2023-12-22,4753.919921875,4772.93994140625,4736.77001953125,4754.6298828125,3046770000,0.0016600585268868873,0.0060668002217753115,0.009587132251516731,4640.760986328125,4468.218583984375,1.038615479323729,75.21899993471636,77.17314348566288,73.62547201189588
2023-12-26,4758.85986328125,4784.72021484375,4758.4501953125,4774.75,2513910000,0.0042316894655107795,0.006005710830303652,0.009564863921850136,4651.976977539062,4477.15798828125,1.0390468662744072,77.02659917375863,77.82224876462078,74.46482736244086
2023-12-27,4773.4501953125,4785.39013671875,4768.89990234375,4781.580078125,2748450000,0.0014304577464787638,0.006000846617315062,0.009256472210092953,4663.311474609375,4485.3169921875,1.0396838133696917,81.13139870978551,77.98879333486275,75.16962055692524
2023-12-28,4786.43994140625,4793.2998046875,4780.97998046875,4783.35009765625,2698860000,0.0003701746080437829,0.005968784402984923,0.004006580635088825,4674.949975585938,4493.519990234375,1.0403759159291288,79.20953599436888,77.3717139341561,75.61003923237142
2023-12-29,4782.8798828125,4788.43017578125,4751.990234375,4769.830078125,3126060000,-0.0028264750133749628,0.006076828291022755,0.002554397321694635,4685.051489257812,4502.62458984375,1.0405156805267641,74.82447297938803,74.9279981569307,75.47363101728328
2024-01-02,4745.2001953125,4754.330078125,4722.669921875,4742.830078125,3743050000,-0.005660579005492328,0.006252985762690637,0.003837851221141204,4692.461499023438,4511.92119140625,1.0400140649533194,67.59112734640877,70.00567954905455,74.38004072363753
2024-01-03,4725.06982421875,4729.2900390625,4699.7099609375,4704.81005859375,3950760000,-0.008016314922730805,0.00643161716631146,0.003976228319467917,4699.2130126953125,4521.534189453125,1.03929613617799,58.51231552557442,62.31844056832233,71.9677206925745
2024-01-04,4697.419921875,4726.77978515625,4687.52978515625,4688.68017578125,3715480000,-0.0034283812973570083,0.006510781252755601,0.003148499640573833,4705.288012695312,4530.9669921875,1.0384732488248942,47.04679787135716,54.29877902779663,68.43393235961894
2024-01-05,4690.56982421875,4721.490234375,4682.10986328125,4697.240234375,3844370000,0.0018256861788026324,0.006393076485186971,0.003667882148205845,4712.683032226562,4539.958193359375,1.038045469035339,46.37584595322628,48.079632591526206,64.36307240600038
2024-01-08,4703.7001953125,4764.5400390625,4699.81982421875,4763.5400390625,3742320000,0.014114629309846638,0.006845974412244485,0.008808259224699166,4721.580541992187,4551.49359375,1.0373694798726611,55.93344125090312,47.94803923229392,61.08006577125909
2024-01-09,4741.93017578125,4765.47021484375,4730.35009765625,4756.5,3529960000,-0.0014779006799081618,0.00686649160029576,0.008350656548468472,4729.187036132813,4563.878994140625,1.0362209520025443,52.21757731461542,46.73692406286864,58.211437429581004
2024-01-10,4759.93994140625,4790.7998046875,4756.2001953125,4783.4501953125,3498680000,0.00566597189372442,0.0069077832673722864,0.006942965517556702,4737.237548828125,4577.200595703125,1.034963936969517,52.102983834724704,47.40530326773023,56.05021059721085
2024-01-11,4792.1298828125,4798.5,4739.580078125,4780.240234375,3759890000,-0.0006710555783868699,0.006893319110332071,0.006355629142596055,4744.06455078125,4589.46900390625,1.033684843877019,64.03526243466123,47.13266555267728,54.26670158830413
2024-01-12,4791.18017578125,4802.39990234375,4768.97998046875,4783.830078125,3486340000,0.0007509755941104146,0.00626911155345517,0.006460269360246081,4747.9015625,4601.269609375,1.0318677159943508,57.508522974458764,46.66830541350282,52.747022353343866
2024-01-16,4772.35009765625,4782.33984375,4747.1201171875,4765.97998046875,4260550000,-0.0037313402367431525,0.006333588554246065,0.003505959531893335,4750.223071289062,4611.83201171875,1.0300078275224809,52.20913457426284,44.34871853514869,51.06736158970484
2024-01-17,4739.1298828125,4744.22998046875,4714.81982421875,4739.2099609375,3928600000,-0.005616897183990499,0.0064800015589883565,0.004358743303236047,4751.224072265625,4620.260615234375,1.0283454696471936,43.25718414762937,39.89047975291851,48.831985222347576
2024-01-18,4760.10009765625,4785.7900390625,4740.56982421875,4780.93994140625,4019000000,0.008805260963896,0.006696223421909199,0.005567235630428724,4753.24306640625,4628.7126171875,1.0269039060140264,49.892752840699934,39.27185259907219,46.91995869769251
2024-01-19,4796.27978515625,4842.06982421875,4785.8701171875,4839.81005859375,4287200000,0.012313502764936146,0.007113123632443034,0.0078075887328898355,4756.8150634765625,4638.18921875,1.0255758959222738,57.94002851076569,43.03582240974538,46.14313144010309
2024-01-22,4853.419921875,4868.41015625,4844.0498046875,4850.43017578125,4297610000,0.0021943252026270788,0.006114508915724491,0.0077530486338247846,4764.4190673828125,4647.630224609375,1.0251286864766127,61.428094715227076,46.341553718993055,46.18281589588109
2024-01-23,4856.7998046875,4866.47998046875,4844.3701171875,4864.60009765625,3912800000,0.002921374261968035,0.005775802456092734,0.00687453980282656,4770.311572265625,4657.266630859375,1.024272808573425,67.91736537099224,49.53376941035185,46.85300659877525
2024-01-24,4888.56005859375,4903.68017578125,4865.93994140625,4868.5498046875,4330030000,0.0008119284117831249,0.005775690866009847,0.0049209305428735755,4776.007568359375,4667.690625,1.0232056817945974,76.77763493064816,51.785382043848585,47.83948168778993
2024-01-25,4886.66015625,4898.14990234375,4869.33984375,4894.16015625,4020430000,0.005260365527706368,0.0058085929525550145,0.004550781521065764,4781.978076171875,4677.2690234375,1.0223867928506323,82.59308426183952,55.00231021987747,49.27204739420744
2024-01-26,4888.91015625,4906.68994140625,4881.47021484375,4890.97021484375,3353400000,-0.0006517852510764532,0.005823862709919567,0.0022306193909496248,4787.447583007813,4686.857431640625,1.0214621743533547,81.26188791518075,56.641420328577624,50.74592198108149
2024-01-29,4892.9501953125,4929.31005859375,4887.39990234375,4927.93017578125,3525160000,0.007556774896180896,0.005992626515843855,0.0033106384350333755,4794.676586914063,4695.50203125,1.0211211825709,79.30198351567056,60.2285100859217,52.64243960204953
2024-01-30,4925.89013671875,4931.08984375,4916.27001953125,4924.97021484375,3836130000,-0.0006006499345398986,0.0059282345452498775,0.0037277644882132066,4802.43359375,4703.943837890625,1.0209376980792229,80.47247182179326,62.11642101662255,54.53723588496413
2024-01-31,4899.18994140625,4906.75,4845.14990234375,4845.64990234375,4696120000,-0.016105744611597972,0.006971520340477125,0.009230827406711701,4807.5745849609375,4710.69203125,1.0205665225126657,59.45858449054995,56.56012777410524,54.94181426279235
2024-02-01,4861.10986328125,4906.97021484375,4853.52001953125,4906.18994140625,4386090000,0.012493688211609788,0.007068381544731258,0.010861952263831015,4817.643579101563,4718.5354296875,1.0210040066225858,66.30922046801004,56.39175153752785,55.231801717739444
2024-02-02,4916.06005859375,4975.2900390625,4907.990234375,4958.60986328125,3974350000,0.01068444607751462,0.007188593215066158,0.01170203428025856,4831.140063476562,4726.760029296875,1.0220827868418814,70.09145721986665,59.79883797995262,56.145208970182075
2024-02-05,4957.18994140625,4957.18994140625,4918.08984375,4942.81005859375,4023640000,-0.0031863375266721894,0.0073116523359951485,0.011597406997249322,4843.4185546875,4734.852431640625,1.0229291460746237,70.42341529438303,60.52635618079876,57.021438412305415
2024-02-06,4950.16015625,4957.77001953125,4934.8798828125,4954.22998046875,4440880000,0.0023104108269635937,0.006789008698601818,0.011591550337879498,4852.953051757812,4742.80462890625,1.0232243222038357,75.74719673325436,61.31758094720681,57.8806669192857
2024-02-07,4973.0498046875,4999.89013671875,4969.0498046875,4995.06005859375,4895590000,0.008241457963390042,0.006875294766865034,0.006462950301863809,4864.8810546875,4751.519033203125,1.0238580590106474,75.69481554399287,64.49581078901156,59.203695693230884
2024-02-08,4995.16015625,5000.39990234375,4987.08984375,4997.91015625,4341860000,0.0005705832608251526,0.006845063777216462,0.005669000621795822,4875.604052734375,4760.4686328125,1.0241857322886827,71.91937080197295,66.47824012723231,60.65860458003117
2024-02-09,5004.169921875,5030.06005859375,5000.33984375,5026.60986328125,3912990000,0.0057423415255595245,0.006852838106828675,0.0044523138326190695,4887.922534179687,4769.90302734375,1.0247425379843957,73.2599037154888,69.56327404283638,62.43953847259222
2024-02-12,5026.830078125,5048.39013671875,5016.830078125,5021.83984375,3805740000,-0.0009489536011326738,0.006886631248749623,0.0037682024732174487,4899.823022460938,4779.32822265625,1.0252116603403563,71.28774787900582,70.80706516461669,64.11304381099713
2024-02-13,4967.93994140625,4971.2998046875,4920.31005859375,4953.169921875,4302190000,-0.013674255653625456,0.007670833571660831,0.008501566238292001,4909.18251953125,4787.035625,1.0255161866549196,59.74796212007011,65.49668478094281,64.38977200498627
2024-02-14,4976.43994140625,5002.52001953125,4956.4501953125,5000.6201171875,3845600000,0.009579763275017639,0.007633773109810339,0.00884074913665085,4922.25302734375,4795.1554296875,1.02650541771167,61.67631704657674,64.3749301487951,64.38680363374803
2024-02-15,5003.14013671875,5032.72021484375,4999.43994140625,5029.72998046875,4137970000,0.005821250684729495,0.0075370424333204575,0.009192614282404341,4934.692529296875,4804.35443359375,1.0271291590794707,64.4001475586941,65.08459945773848,64.52636279854612
2024-02-16,5031.1298828125,5038.7001953125,4999.52001953125,5005.56982421875,3833270000,-0.0048034698371121065,0.007341316741018963,0.009129303520566161,4942.980517578125,4813.1222265625,1.0269800526358892,58.277148021055446,62.971597426765584,64.21540972419001
2024-02-20,4989.31982421875,4993.7099609375,4955.02001953125,4975.509765625,4034880000,-0.006005322001165325,0.007539188742264241,0.009424497862199645,4949.2344970703125,4821.645625,1.026461685904242,55.093684824898894,58.20053307106991,63.01243439356599
2024-02-21,4963.02978515625,4983.2099609375,4946.0,4981.7998046875,3788390000,0.001264199922982101,0.0075295419848768015,0.0066995280499128175,4955.094482421875,4829.56982421875,1.0259908569027534,66.09071299225457,54.301035246708125,61.27015456419442
2024-02-22,5038.830078125,5094.39013671875,5038.830078125,5087.02978515625,4051710000,0.02112288421741404,0.008743711776463272,0.010957301152946937,4966.018481445312,4839.223017578125,1.0262016161285834,69.33041884313946,59.02147231348499,60.820418114052536
2024-02-23,5100.919921875,5111.06005859375,5081.4599609375,5088.7998046875,3672790000,0.0003479475462115911,0.008723184555908944,0.01093830062249383,4975.750463867187,4848.55021484375,1.0262346976698347,65.60619310007363,62.18840921087758,61.09401633341755
2024-02-26,5093.0,5097.66015625,5068.91015625,5069.52978515625,3683930000,-0.003786751350190576,0.008800934974553478,0.010779550670536868,4984.678442382812,4857.066806640625,1.026273395203812,65.0648750563071,62.423718222457865,61.359956711225614
2024-02-27,5074.60009765625,5080.68994140625,5057.2900390625,5078.18017578125,3925950000,0.0017063496993998672,0.008697231357539905,0.009744535305800462,4992.190942382813,4864.48861328125,1.0262519535461352,64.83330138977837,62.58675538141688,61.605316445263874
2024-02-28,5067.2001953125,5077.3701171875,5058.35009765625,5069.759765625,3789370000,-0.001658155060430544,0.00871412031272212,0.01004254926225907,4999.430419921875,4871.4928125,1.0262625056314554,59.691169781870286,61.32953803900364,61.55016076401183
2024-02-29,5085.35986328125,5104.990234375,5061.89013671875,5096.27001953125,5219740000,0.005229094697149161,0.007693374788031015,0.0034201274218047407,5011.96142578125,4879.0344140625,1.0272445325115198,62.02263902301025,61.76040467164057,61.59220954553758
2024-03-01,5098.509765625,5140.330078125,5094.16015625,5137.080078125,4748110000,0.00800782894888763,0.0074498324506258075,0.004832844768610633,5023.505932617188,4886.964814453125,1.0279398611097514,63.11463911454174,64.64965921840121,62.20369948011031
2024-03-04,5130.990234375,5149.669921875,5127.18017578125,5130.9501953125,4758440000,-0.0011932620709189656,0.007218475843810842,0.004162665623038922,5032.12294921875,4894.216416015625,1.028177448948078,62.911512646993565,65.6875784341737,62.900475270922996
2024-03-05,5110.52001953125,5114.5400390625,5056.81982421875,5078.64990234375,4418410000,-0.010193100883444606,0.007628264902692917,0.007062825391360784,5038.91494140625,4901.822412109375,1.0279676654458563,65.44705037995044,61.580083469716556,62.63639691068172
2024-03-06,5108.02978515625,5127.97021484375,5092.22021484375,5104.759765625,4559050000,0.005141103203274655,0.007672489444369171,0.0073048991293359926,5046.441430664063,4908.982607421875,1.02800148915467,63.53091050279529,59.7430313978366,62.0577238081127
2024-03-07,5132.3798828125,5165.6201171875,5128.2099609375,5157.35986328125,4137980000,0.010304127925951478,0.007780616810952762,0.008260349009431045,5054.556420898438,4917.03720703125,1.027967901823183,65.62898369093375,61.818932506146666,62.0099655477195
2024-03-08,5164.4599609375,5189.259765625,5117.5,5123.68994140625,4208870000,-0.0065285190034379825,0.007990530100812578,0.00835659768964454,5060.84541015625,4924.016005859375,1.0277881721208977,64.13524397626266,60.054941800336564,61.61896079824292
2024-03-11,5111.9599609375,5124.66015625,5091.14013671875,5117.93994140625,3896430000,-0.001122238087346461,0.007935726182149279,0.008355172000560341,5065.4119140625,4930.743203125,1.0273120512242757,68.09734573668806,57.529821540225385,60.80113294663941
2024-03-12,5134.2998046875,5179.8701171875,5114.47998046875,5175.27001953125,4080510000,0.011201787981366396,0.008243413960202818,0.007579502506735977,5073.083422851562,4938.5816015625,1.0272349091582305,71.76016897305811,59.469180029708696,60.53474236325328
2024-03-13,5173.490234375,5179.14013671875,5151.8798828125,5165.31005859375,4282890000,-0.0019245297153407392,0.007486112413543684,0.007917889830503644,5083.6904296875,4946.491201171875,1.0277366769566114,61.20590833855238,59.51638218993321,60.33107032858927
2024-03-14,5175.14013671875,5176.85009765625,5123.2998046875,5150.47998046875,4687970000,-0.0028710915621273925,0.00735006491916595,0.0067267788171519695,5091.183422851563,4954.64419921875,1.0275578261814122,58.51133645521005,57.69208839449766,59.803273941770954
2024-03-15,5123.31005859375,5136.85986328125,5104.35009765625,5117.08984375,7753670000,-0.006482917484461503,0.007483327995230726,0.006716158834050442,5095.551416015625,4962.889794921875,1.0267307207243432,56.31672401694957,52.94173803709691,58.43096676083614
2024-03-18,5154.77001953125,5175.60009765625,5145.47021484375,5149.419921875,4036220000,0.006318059504952345,0.007451303459238469,0.007272935161656705,5102.743920898438,4972.10458984375,1.0262744535425778,58.90182784637744,51.1956664902782,56.98390670672456
2024-03-19,5139.08984375,5180.31005859375,5131.58984375,5178.509765625,4031760000,0.0056491496501236416,0.0072920974139670846,0.005606048403046597,5112.8939208984375,4981.72998046875,1.0263289943340819,62.9214917268107,51.56479265456255,55.90008389629216
2024-03-20,5181.68994140625,5226.18994140625,5171.5498046875,5224.6201171875,4064850000,0.008904173912846591,0.007448490989910041,0.006611665556930681,5125.034936523438,4990.95158203125,1.0268652885704048,64.571638906782,54.94467974376403,55.70900306578653
2024-03-21,5253.43017578125,5261.10009765625,5240.66015625,5241.52978515625,4207730000,0.0032365354015160275,0.0060200769729890505,0.005947485378698523,5132.759936523437,5000.652177734375,1.0264181058977222,62.53867174357249,58.315508614648024,56.23030417555883
2024-03-22,5242.47998046875,5246.08984375,5229.8701171875,5234.18017578125,3374700000,-0.0014021878490156903,0.00605056548857605,0.003887361969111182,5140.028955078125,5009.66677734375,1.0260221255281767,62.3560655561413,59.70561357913266,56.9253660562736
2024-03-25,5219.52001953125,5229.08984375,5216.08984375,5218.18994140625,3331360000,-0.0030549644525015296,0.006019511568295573,0.004935055506850551,5147.461962890625,5018.425771484375,1.0257124838110503,68.29218022705044,58.83874705040671,57.30804225510023
2024-03-26,5228.85009765625,5235.16015625,5203.419921875,5203.580078125,3871790000,-0.002799795225030266,0.006093810805099634,0.005102132899766661,5153.731958007813,5026.820771484375,1.025246809522903,63.356987101304654,56.32359190659918,57.11115218540003
2024-03-27,5226.31005859375,5249.259765625,5213.919921875,5248.490234375,3850500000,0.008630626525532925,0.006268237401590527,0.0049962448933385615,5162.668481445313,5036.4709765625,1.0250567322774378,62.57907627853183,57.29374103146256,57.147669954612546
2024-03-28,5248.02978515625,5264.85009765625,5245.81982421875,5254.35009765625,3998270000,0.0011164855071790214,0.0062154191948753665,0.0048381779145016705,5170.572485351562,5046.773779296875,1.0245302665561393,69.53534279857263,57.86836273256176,57.291808510202394
2024-04-01,5257.97021484375,5263.9501953125,5229.2001953125,5243.77001953125,3325930000,-0.0020135845401164643,0.006069373335916824,0.004905468484730184,5175.906982421875,5056.030380859375,1.0237096284105247,68.5453320744289,56.815101562681775,57.19646712069827
2024-04-02,5204.2900390625,5208.33984375,5184.0498046875,5205.81005859375,3886590000,-0.0072390590731691296,0.006331651416560073,0.005894249316960669,5179.649975585938,5063.350380859375,1.022968901217305,54.77367297905403,52.314286365482076,56.22003096965504
2024-04-03,5194.3701171875,5228.75,5194.3701171875,5211.490234375,3703250000,0.001091122364688113,0.005784967959696437,0.005763689822149065,5186.2919921875,5070.57158203125,1.0228219655879294,57.31624865204402,48.644951884521106,54.70501515262826
2024-04-04,5244.0498046875,5256.58984375,5146.06005859375,5147.2099609375,4075680000,-0.012334336350379616,0.00645629988505603,0.005829224381024123,5188.414501953125,5076.223779296875,1.0221012168757835,49.552113832774005,40.08798765075335,51.78160965225329
2024-04-05,5158.9501953125,5222.18017578125,5157.2099609375,5204.33984375,3386780000,0.011099194174331695,0.006522381639159956,0.008878591594396327,5190.763500976563,5082.939580078125,1.0212129062720003,61.2207092818515,37.48433979850597,48.92215568150383
2024-04-08,5211.3701171875,5219.56982421875,5197.35009765625,5202.39013671875,3278180000,-0.00037463099831791524,0.006316573499316853,0.008902617938884253,5194.698510742188,5089.1041796875,1.0207490999056679,57.38961858143409,34.86174060922622,46.110072667048314
2024-04-09,5217.02978515625,5224.81005859375,5160.77978515625,5209.91015625,3400680000,0.0014454931932483817,0.00630192320567385,0.008345305628530884,5199.297021484375,5095.482978515625,1.0203737395270414,54.661026776913175,33.009600459329704,43.48997822550459
2024-04-10,5167.8798828125,5178.43017578125,5138.7001953125,5160.64013671875,3845930000,-0.009456980649108493,0.00621871286859217,0.009333789627679326,5198.56552734375,5100.137177734375,1.0192991572930787,40.5911658306035,27.251943792852217,40.242371338974124
2024-04-11,5172.9501953125,5211.77978515625,5138.77001953125,5199.06005859375,3509380000,0.007444797710585593,0.006425341590857046,0.007900077969525111,5200.25302734375,5105.618974609375,1.0185352751948387,44.12606095314247,25.495232835720344,37.29294363832337
2024-04-12,5171.509765625,5175.02978515625,5107.93994140625,5123.41015625,3963220000,-0.01455068829580164,0.007215261694551529,0.008814921383257132,5198.8995361328125,5111.1741796875,1.0171634449074236,37.114073145046135,17.793598333786576,33.393074577416016
2024-04-15,5149.669921875,5168.43017578125,5052.47021484375,5061.81982421875,3950210000,-0.01202135494776202,0.007565320076383133,0.009432421289555511,5196.13603515625,5114.28677734375,1.0160040414970648,33.5541884063925,6.64358927896501,28.043177517725812
2024-04-16,5064.58984375,5079.83984375,5039.830078125,5051.41015625,4006200000,-0.0020565070133361507,0.007397069689419071,0.008910012844492545,5191.235546875,5116.142783203125,1.0146776129701487,33.85327831650153,-2.9982840837601543,21.83488519742862
2024-04-17,5068.97021484375,5077.9599609375,5007.25,5022.2099609375,3596130000,-0.005780602724641426,0.007302589499765893,0.008716217865759796,5183.420556640625,5117.73078125,1.0128357231355927,25.161331126509324,-12.84765020103714,14.898378117735467
2024-04-18,5031.52001953125,5056.66015625,5001.89013671875,5011.1201171875,3619760000,-0.002208160119998248,0.006879334868815103,0.005713810921311605,5172.745556640625,5118.868583984375,1.0105251720711912,23.603847070980052,-21.30263796869258,7.658174900449856
2024-04-19,5005.43994140625,5019.02001953125,4953.56005859375,4967.22998046875,3878750000,-0.00875854812743615,0.006915918221361514,0.004292651944901132,5159.03056640625,5118.311982421875,1.0079554712811991,22.012385920454165,-31.185358516713677,-0.11053178298285293
2024-04-22,4987.330078125,5038.83984375,4969.39990234375,5010.60009765625,3820250000,0.008731248071466746,0.007369341482994354,0.0066177051408214055,5147.8515625,5118.56578125,1.0057214818567493,30.457514806320233,-35.1131175918963,-7.111048944765545
2024-04-23,5028.85009765625,5076.1201171875,5027.9599609375,5070.5498046875,3751400000,0.011964576270872662,0.008010175108923167,0.009100427612704211,5140.469555664063,5119.444580078125,1.0041068860609907,37.2733060674522,-33.007959410791955,-12.29043103797083
2024-04-24,5084.85986328125,5089.47998046875,5047.02001953125,5071.6298828125,3656740000,0.0002130100613548791,0.008010864422280188,0.008385256606509071,5133.872045898437,5120.440380859375,1.0026231464561663,42.29591552324146,-30.89629979555957,-16.01160478948858
2024-04-25,5019.8798828125,5057.75,4990.580078125,5048.419921875,3958050000,-0.004576430353515626,0.007691230824617828,0.008740914896147166,5123.8685302734375,5122.345380859375,1.0002973539074023,32.925968542940126,-30.741277894930136,-18.957539410576892
2024-04-26,5084.64990234375,5114.6201171875,5073.14013671875,5099.9599609375,3604140000,0.01020914263474304,0.008135642327262023,0.007136363211482068,5116.1490234375,5124.332177734375,0.9984030788768081,39.88223911594451,-26.158037929109923,-20.3976391142835
2024-04-29,5114.1298828125,5123.490234375,5088.64990234375,5116.169921875,3447450000,0.0031784486665891176,0.008199587128930706,0.00689861943061605,5109.769018554687,5126.0609765625,0.9968217393272722,40.896883185360664,-20.97598081068554,-20.51330745356391
2024-04-30,5103.77978515625,5110.830078125,5035.31005859375,5035.68994140625,4082470000,-0.01573051358686217,0.008731396646858352,0.00966659543068373,5101.263012695313,5126.66337890625,0.9950454390441457,38.55955693531426,-23.096977455458727,-21.030041453942875
2024-05-01,5029.02978515625,5096.1201171875,5013.4501953125,5018.39013671875,4544170000,-0.0034354388154940185,0.008715977893005041,0.009657636879580002,5091.6080078125,5127.520986328125,0.9929960348068038,32.79234851712059,-25.87555494474873,-21.999144152104048
2024-05-02,5049.31982421875,5073.2099609375,5011.0498046875,5064.2001953125,4381660000,0.009128437077573048,0.00867836296947882,0.010661428005825452,5087.45751953125,5129.168994140625,0.9918677909312358,44.02076475356648,-24.103261352585832,-22.419967592200408
2024-05-03,5122.77978515625,5139.1201171875,5101.22021484375,5127.7900390625,3924990000,0.012556739721478527,0.008788759097339366,0.011223426545985635,5083.630029296875,5129.98419921875,0.9909640715991027,56.63511507964181,-17.367337112543282,-21.409441496268986
2024-05-06,5142.419921875,5181.0,5142.419921875,5180.740234375,3683250000,0.01032612390701182,0.009128991136005423,0.011977892279193613,5082.547534179687,5131.8230078125,0.9903980566832103,61.98233150326986,-7.668038015072852,-18.66116080002976
2024-05-07,5187.2001953125,5200.22998046875,5178.9599609375,5187.7001953125,3987890000,0.0013434298232750663,0.009128069685316252,0.006749132371434112,5081.437036132813,5134.186416015625,0.9897258541843621,65.99156739291269,0.5737235522055926,-14.814183929582688
2024-05-08,5168.97998046875,5191.9501953125,5165.85986328125,5187.669921875,3842100000,-5.835618166138978e-06,0.008862989636226185,0.005634802353240457,5082.788525390625,5136.3762109375,0.989567024815518,67.43288147295299,7.0219910181385785,-10.446948940038434
2024-05-09,5189.02978515625,5215.2998046875,5180.41015625,5214.080078125,3727370000,0.005090947698625836,0.008778324127372474,0.005481592714158038,5083.539526367187,5139.2626171875,0.9891573762675689,75.24596827755789,14.100822824575516,-5.537394587115643
2024-05-10,5225.490234375,5239.66015625,5209.68017578125,5222.68017578125,3617900000,0.001649398844549843,0.008065962042584631,0.004163232474254023,5088.50302734375,5141.7908203125,0.989636335893277,73.35065879028599,20.172270658895286,-0.395461537913456
2024-05-13,5233.080078125,5237.259765625,5211.16015625,5221.419921875,4255710000,-0.00024130405535727206,0.007474152183993458,0.002134171705766869,5096.4830322265625,5143.4776171875,0.9908632663620621,69.07668409393438,24.59868650626686,4.603368070922609
2024-05-14,5221.10009765625,5250.3701171875,5217.97998046875,5246.68017578125,4763580000,0.004837813139759728,0.00745657574198503,0.002570143955335886,5106.246533203125,5145.792216796875,0.9923149474507219,70.85864762620685,29.80141220819769,9.642976898377626
2024-05-15,5263.259765625,5311.759765625,5263.259765625,5308.14990234375,4360810000,0.011715927882596233,0.0075309976741748715,0.004557349264586269,5120.543530273438,5150.382216796875,0.9942065102612919,78.36281444654529,38.44157250149601,15.402696019001306
2024-05-16,5310.06982421875,5325.490234375,5296.18994140625,5297.10009765625,3817470000,-0.0020816677921287052,0.007526622731154142,0.005416261160910153,5134.842529296875,5154.2290234375,0.9962387208537942,73.61636415748805,43.89138235734026,21.1004332866691
2024-05-17,5303.10009765625,5305.4501953125,5283.58984375,5303.27001953125,3578120000,0.0011647735102702228,0.00703519962112897,0.0054546109161324715,5151.64453125,5157.1472265625,0.9989329962727925,72.96606583532419,48.15317721040901,26.510982071417086
2024-05-20,5305.35009765625,5325.31982421875,5302.39990234375,5308.1298828125,3420100000,0.0009163899374069473,0.006934074993242812,0.00530083205418889,5166.521020507813,5160.836025390625,1.0011015647637744,91.06471797845923,51.33111751704109,31.47500916054189
2024-05-21,5298.68994140625,5324.31982421875,5297.8701171875,5321.41015625,3662240000,0.002501874243978186,0.006598537653143471,0.005235117913718564,5179.064038085938,5164.9054296875,1.0027413102894498,96.23426722949768,54.295381820476905,36.0390836925289
2024-05-22,5319.27978515625,5323.18017578125,5286.009765625,5307.009765625,3847130000,-0.002706123039226127,0.006682101027075501,0.0022418686687031304,5190.833032226563,5167.540224609375,1.0045075232324772,90.97484525481045,54.85031121837619,39.80132919769836
2024-05-23,5340.259765625,5341.8798828125,5256.93017578125,5267.83984375,3869520000,-0.0073807894850155265,0.006860849672637187,0.004006134991212506,5201.804028320313,5169.5908203125,1.0062312877609654,75.75665598643658,51.53534405897153,42.148132169952994
2024-05-24,5281.4501953125,5311.64990234375,5278.39013671875,5304.72021484375,3005510000,0.0070010425881694704,0.006698131176010859,0.005428876511537542,5212.042041015625,5172.675625,1.0076104551821041,74.23365229889994,51.292874103281974,43.977080556618795
2024-05-28,5315.91015625,5315.91015625,5280.89013671875,5306.0400390625,3751540000,0.0002488018529340774,0.006702839840520124,0.005410927803058366,5221.535546875,5176.45462890625,1.0087088405483187,73.65272383034372,50.62365570982638,45.30639558726032
2024-05-29,5278.72998046875,5282.27001953125,5262.7001953125,5266.9501953125,3552750000,-0.007367046509680453,0.005740433219130165,0.0060067511676454854,5233.098559570312,5178.805234375,1.0104837549855965,63.70584342353172,46.40415341341577,45.52594715249141
2024-05-30,5259.77001953125,5260.2099609375,5222.10009765625,5235.47998046875,3818750000,-0.005975035585443322,0.00589902013573726,0.00626941954192653,5243.953051757812,5179.944638671875,1.0123569685683647,53.63596692810696,40.05900879577621,44.432559481148374
2024-05-31,5243.2099609375,5280.330078125,5191.68017578125,5277.509765625,5437160000,0.00802787620486467,0.005835148619886341,0.007119487011843144,5254.6185302734375,5181.002431640625,1.0142088523609323,58.365554100344035,37.98403209874323,43.14285400466735
2024-06-03,5297.14990234375,5302.10986328125,5234.31982421875,5283.39990234375,4046920000,0.0011160825806737495,0.005289411260077342,0.0061767575551223385,5262.3990234375,5181.839833984375,1.0155464452847014,59.3247756132894,36.39534009887393,41.793351223508665
2024-06-04,5278.240234375,5298.7998046875,5257.6298828125,5291.33984375,3707900000,0.0015028090913065117,0.004866360052050163,0.006254445471592098,5267.92900390625,5182.98302734375,1.0163893989454242,57.08838568977356,35.369262318291476,40.50853344246523
2024-06-05,5314.47998046875,5354.16015625,5297.64013671875,5354.02978515625,3591460000,0.011847649793331305,0.005431663823199009,0.0068818734882456906,5276.2454833984375,5185.69982421875,1.0174606441269147,57.25396041132693,39.16319371556074,40.23946549708433
2024-06-06,5357.7998046875,5362.35009765625,5335.35986328125,5352.9599609375,3609990000,-0.00019981663563317653,0.0054348416436899895,0.0052189021141382415,5284.509985351562,5188.687421875,1.0184675922223767,59.11967233239958,41.604000784682285,40.51237255460393
2024-06-07,5343.81005859375,5375.080078125,5331.330078125,5346.990234375,3692760000,-0.0011152197300303701,0.005401108062063347,0.005257425833383659,5291.155493164062,5190.657421875,1.0193613377113915,57.142424111893384,42.56597684485314,40.92309341265377
2024-06-10,5341.22021484375,5365.7900390625,5331.52001953125,5360.7900390625,3622280000,0.0025808546645145203,0.005408533728594302,0.0051923641432126315,5298.060986328125,5192.786220703125,1.0202732716408158,58.358754960317455,43.9354185554439,41.5255584412118
2024-06-11,5353.0,5375.9501953125,5327.25,5375.31982421875,3568030000,0.0027103813151374556,0.005403964820399857,0.005137571970766495,5305.7559814453125,5195.417216796875,1.0212377100902907,58.52328082275325,45.66672562258282,42.35379187748601
2024-06-12,5409.1298828125,5447.25,5409.1298828125,5421.02978515625,3962840000,0.008503672791998707,0.005583490347814345,0.0037567814451449242,5314.473461914063,5199.721611328125,1.0220688450581545,66.40296936924787,50.14912290811935,43.91285808361268
2024-06-13,5441.93017578125,5441.93017578125,5402.509765625,5433.740234375,3530380000,0.0023446558536817097,0.005063347063129317,0.0034610102151689417,5320.752978515625,5204.166611328125,1.02240250474182,75.83316606144656,54.103411626109846,45.95096879211212
2024-06-14,5424.080078125,5432.39013671875,5403.75,5431.60009765625,3438650000,-0.000393860697500914,0.0050199673109336184,0.003255246822854374,5327.477978515625,5209.8544140625,1.0225771307803984,72.15396000436515,56.41421482502119,48.04361799869394
2024-06-17,5431.10986328125,5488.5,5420.39990234375,5473.22998046875,3447840000,0.007664386564552705,0.00521945947822046,0.0037842622637823072,5335.9759765625,5215.232216796875,1.0231521348899368,75.590080401304,60.90267846932511,50.61543009282018
2024-06-18,5476.14990234375,5490.3798828125,5471.31982421875,5487.02978515625,3544330000,0.0025213273947457537,0.005220872223945169,0.0038033366825145154,5344.920971679688,5220.925009765625,1.0237498071093016,86.51204990076552,64.82607254213599,53.45755858268335
2024-06-20,5499.990234375,5505.52978515625,5455.56005859375,5473.169921875,3847060000,-0.0025259318472709014,0.00529925203880512,0.00382949550120627,5352.508959960937,5226.190205078125,1.0241703324842775,91.88087941509983,66.05556800646445,55.977160467439575
2024-06-21,5466.77001953125,5478.31005859375,5452.02978515625,5464.6201171875,6773800000,-0.001562130321101196,0.0052583842383049605,0.00411001751094472,5360.389477539063,5232.2698046875,1.0244864423346025,87.37885101601273,65.58404222132049,57.89853681821575
2024-06-24,5459.580078125,5490.66015625,5447.58984375,5447.8701171875,3696750000,-0.003065171894990004,0.0049555761465684455,0.004513219138307102,5369.3909912109375,5237.246005859375,1.0252317697514532,81.48973604844878,63.131034358642864,58.94503632630118
2024-06-25,5460.72998046875,5472.8798828125,5446.56005859375,5469.2998046875,3591960000,0.003933590015736899,0.004828495801289741,0.0031602434477761756,5377.619970703125,5244.163798828125,1.0254485132414861,82.39892614585926,62.199210855306774,59.595871232102304
2024-06-26,5460.7099609375,5483.14013671875,5451.8701171875,5477.89990234375,3563920000,0.0015724312002203256,0.004818929795132626,0.0029840773214423657,5386.212963867188,5252.485400390625,1.0254598639087351,78.08224333826303,61.446374466520865,59.96597187898602
2024-06-27,5473.58984375,5490.81005859375,5467.5400390625,5482.8701171875,3589530000,0.0009073212238914774,0.004339340773754915,0.002737080746178681,5397.008959960937,5261.114599609375,1.0258299563293398,78.9397657460102,60.55278617832391,60.0833347388536
2024-06-28,5488.47998046875,5523.64013671875,5451.1201171875,5460.47998046875,7199220000,-0.004083652583445674,0.004173371625680897,0.003344107223794798,5408.258959960937,5269.88,1.0262584650809767,73.55833456652226,57.37651338033993,59.54197046715087
2024-07-01,5471.080078125,5479.5498046875,5446.52978515625,5475.08984375,3488760000,0.0026755639309195,0.003939252713244246,0.003065666720725783,5418.137963867188,5279.15939453125,1.0263258899664798,73.6469613706158,55.39957634019174,58.71349164175905
2024-07-02,5461.83984375,5509.68994140625,5458.43017578125,5509.009765625,3329950000,0.006195317856513505,0.0040517883765039345,0.003706440050778764,5429.41845703125,5289.994990234375,1.0263560678326271,75.6042500902424,55.925222554147695,58.15583782423678
2024-07-03,5507.43994140625,5539.27001953125,5507.419921875,5537.02001953125,2179470000,0.005084444409779065,0.004102801223744557,0.004051366588305412,5441.702465820313,5300.523388671875,1.0266349314579313,73.83000750368163,57.93416536895165,58.111503333179755
2024-07-05,5537.91015625,5570.330078125,5531.6298828125,5567.18994140625,3253080000,0.005448765178485582,0.0035264247938333712,0.004207560816046686,5452.3604736328125,5310.45619140625,1.0267216745815928,75.58178063907417,61.254622420506166,58.740127150645044
2024-07-08,5572.75,5583.10986328125,5562.509765625,5572.85009765625,3185670000,0.0010166989647510949,0.003497586775324447,0.002162935723575944,5463.35498046875,5320.480595703125,1.0268536614682915,76.71651384958662,63.609584171205825,59.7140185547572
2024-07-09,5584.240234375,5590.75,5574.56982421875,5576.97998046875,3232920000,0.0007410719362856977,0.003434043338890372,0.0026056093031771744,5474.854467773437,5331.051796875,1.0269745401803698,72.86757298940137,65.05919346894734,60.783053537595244
2024-07-10,5591.259765625,5635.39013671875,5586.43994140625,5633.91015625,3336100000,0.010208065293514812,0.0038828602494266444,0.0038757794743536395,5488.510473632812,5341.73080078125,1.0274779239773923,77.20208565811629,69.99495046290212,62.62543292265663
2024-07-11,5635.2099609375,5642.4501953125,5576.52978515625,5584.5400390625,4020950000,-0.008763028841120457,0.004625824731892903,0.007023126732836111,5498.971484375,5351.098203125,1.0276341931388295,68.2280977680598,69.12597636101054,63.92554161032742
2024-07-12,5590.759765625,5655.56005859375,5590.43994140625,5615.35009765625,3700280000,0.0055170270744306915,0.004446889615292328,0.00703222264218027,5508.6875,5362.69140625,1.0272244070542353,72.99462332751817,70.11517823326358,65.16346893491466
2024-07-15,5638.16015625,5666.93994140625,5614.75,5631.22021484375,3620470000,0.0028262026252154904,0.004451455596186918,0.007031999644923729,5518.561499023437,5374.9480078125,1.0267190475149146,78.04628109543776,71.35715282923502,66.40220571377873
2024-07-16,5644.08984375,5669.669921875,5639.02001953125,5667.2001953125,4041760000,0.006389375498743188,0.004533487883440397,0.007209389397054375,5530.34150390625,5387.0080078125,1.0266072550636423,78.98188006807487,74.38722079419313,67.9992087298616
2024-07-17,5610.06982421875,5622.490234375,5584.81005859375,5588.27001953125,4246450000,-0.013927543241993745,0.005594273186302311,0.009183550731102651,5536.093505859375,5396.217607421875,1.0259211004102422,63.402532534218146,69.61706377229075,68.32277973834744
2024-07-18,5608.56005859375,5614.0498046875,5522.81005859375,5544.58984375,4007510000,-0.007816403936922511,0.005919816353215946,0.009006802655102815,5538.971508789063,5403.494599609375,1.0250720911592068,56.85073015487608,61.6019459432664,66.97861297933123
2024-07-19,5543.3701171875,5557.5,5497.0400390625,5505.0,3760570000,-0.007140265531926926,0.006131666339560126,0.008329113493784816,5540.563012695313,5409.840595703125,1.0241638204822554,54.75986380849662,51.46211457074514,63.875313297614014
2024-07-22,5544.5400390625,5570.35986328125,5529.0400390625,5564.41015625,3375180000,0.01079203564940956,0.0065419235973255135,0.010439792418531137,5545.552514648438,5417.375400390625,1.0236603714500883,58.714841070203526,47.670611121383445,60.6343728623679
2024-07-23,5565.2998046875,5585.33984375,5550.89990234375,5555.740234375,3500210000,-0.001558102589770738,0.006502094809971345,0.00932369350356159,5550.946020507812,5424.208603515625,1.0233651443475171,54.79571220114491,43.465187458819855,57.200535781658296
2024-07-24,5505.83984375,5508.0400390625,5419.97998046875,5427.1298828125,3945550000,-0.02314909375473495,0.008401810321123986,0.012248870414984125,5548.8375244140625,5428.29759765625,1.0222058434692043,40.65259665552728,29.415494863975255,51.643527598121686
2024-07-25,5428.7001953125,5491.58984375,5390.9501953125,5399.22021484375,4592120000,-0.005142620237842288,0.008454814780145588,0.012195682287862327,5544.903540039062,5431.853603515625,1.0208124048943934,35.65711703057352,15.846269376329474,44.484075953763245
2024-07-26,5433.669921875,5488.31982421875,5430.7001953125,5459.10009765625,3638770000,0.011090468702846357,0.008853234861341864,0.014067033135393186,5543.7150390625,5436.102001953125,1.0197959929873852,41.11009349360808,9.811268328301594,37.54951442867092
2024-07-29,5476.5498046875,5487.740234375,5444.43994140625,5463.5400390625,3379970000,0.0008133101292933098,0.008807181918000163,0.012490022853114187,5543.8680419921875,5439.2098046875,1.019241441507642,41.13862009253291,5.325365188286014,31.104684580593936
2024-07-30,5478.72998046875,5489.4599609375,5401.7001953125,5436.43994140625,3777740000,-0.004960171878030217,0.008853443228580267,0.0124442961253923,5541.935546875,5441.9966015625,1.018364389511711,33.82056068484941,-0.4117503633733577,24.801397591800477
2024-07-31,5505.58984375,5551.509765625,5493.75,5522.2998046875,4546910000,0.0157933986591674,0.009464084064063757,0.009516154412957608,5542.600048828125,5446.377197265625,1.0176673131656782,45.18815816096953,1.9472707096238082,20.230572215365143
2024-08-01,5537.83984375,5566.16015625,5410.419921875,5446.68017578125,4703620000,-0.013693502993456064,0.009872788693300496,0.011925285656820299,5538.083056640625,5449.148203125,1.0163208725842,37.80493315653389,-2.2590195956172465,15.732653853168665
2024-08-02,5376.6298828125,5383.89013671875,5302.02978515625,5346.56005859375,5156450000,-0.018381860868696753,0.010500136403516271,0.0133850070856969,5527.0515625,5449.651201171875,1.0142028101379188,31.653762057554005,-13.515592350057887,9.883004612523354
2024-08-05,5151.14013671875,5250.89013671875,5119.259765625,5186.330078125,5333250000,-0.02996879838863975,0.012187099136159866,0.01712495601467631,5507.725561523437,5447.237607421875,1.0111043355294704,23.286471777277953,-34.96269944748201,0.9138638005222791
2024-08-06,5206.419921875,5312.33984375,5193.56005859375,5240.02978515625,4690190000,0.010354085880061037,0.012548072767815138,0.01950934360479826,5490.8780517578125,5446.68140625,1.008114417240762,30.096448485457373,-47.08381584955259,-8.6856721294927
2024-08-07,5293.1298828125,5330.64013671875,5195.5400390625,5199.5,4558260000,-0.007734647858502863,0.012187586601609245,0.014868641599432119,5469.157543945313,5444.577001953125,1.004514683506794,30.205223232641217,-59.27699457190556,-18.803936617975275
2024-08-08,5252.56982421875,5328.02978515625,5233.85009765625,5319.31005859375,4016830000,0.023042611519136447,0.013525770741339618,0.02139544870532512,5455.896044921875,5444.84240234375,1.0020301124920286,40.24624141240512,-58.59703596716008,-26.76255648781224
2024-08-09,5314.66015625,5358.669921875,5300.83984375,5344.16015625,3516400000,0.004671676849538509,0.01350121516745475,0.02011169202531659,5442.3365478515625,5446.3866015625,0.999256377850633,37.99503909639164,-55.41418840434471,-32.49288287111874
2024-08-12,5351.8798828125,5371.2001953125,5324.3701171875,5344.39013671875,3360160000,4.303397765514916e-05,0.013458952932401668,0.01156795919716043,5427.995043945312,5448.5648046875,0.9962247378016883,38.37316435703138,-52.27065767352724,-36.44843783160044
2024-08-13,5376.97998046875,5436.5,5376.97998046875,5434.43017578125,3648980000,0.016847579753558328,0.014015159380559096,0.012495708799566381,5416.35654296875,5451.703212890625,0.9935163987213579,50.41940335937854,-42.02941928201926,-37.5646341216842
2024-08-14,5442.35986328125,5463.22021484375,5415.91015625,5455.2099609375,3380050000,0.0038237284285767004,0.013780243945399801,0.009774760275923269,5409.703540039062,5455.1394140625,0.9916709967290092,53.243191721286955,-31.869042589234596,-36.42551581519428
2024-08-15,5501.1298828125,5546.22998046875,5501.1298828125,5543.22021484375,3723310000,0.016133247764330783,0.014201293328216125,0.007677890984811053,5409.63505859375,5460.177021484375,0.9907435303486031,54.71885405128239,-16.52469253154959,-32.44535115846534
2024-08-16,5530.5,5561.97998046875,5525.169921875,5554.25,3357690000,0.001989779357261412,0.014103257475230852,0.008078309683148589,5412.09755859375,5464.18142578125,0.9904681299669597,55.051176833333514,-3.4345813624195216,-26.643197199256175
2024-08-19,5557.22998046875,5608.2998046875,5550.740234375,5608.25,3222050000,0.009722284736913167,0.014064305538426592,0.006827391237433033,5414.28955078125,5469.2872265625,0.9899442699746788,59.2889474126047,11.168036577639214,-19.0809504438771
2024-08-20,5602.8798828125,5620.509765625,5585.5,5597.1201171875,2994420000,-0.0019845553982971165,0.014067891792929598,0.007090298943334217,5416.358544921875,5474.28982421875,0.9894175717477395,54.40078531294767,21.593709137342557,-10.946018527633166
2024-08-21,5603.08984375,5632.68017578125,5591.56982421875,5620.85009765625,3119670000,0.004239676828782013,0.012935659139780311,0.007061689399957713,5426.0445556640625,5479.491025390625,0.9902460886460249,60.91031215666315,31.408878853850183,-2.4750390513364944
2024-08-22,5637.77001953125,5643.22021484375,5560.9501953125,5570.64013671875,2981530000,-0.008932805548120926,0.013070323887326906,0.006984292747811216,5434.615551757813,5483.397431640625,0.9911037125265938,64.97302404735865,34.7355376868245,4.967076296295708
2024-08-23,5602.490234375,5641.81982421875,5585.16015625,5634.60986328125,3291940000,0.01148337085011919,0.013085553648989934,0.008454090286450285,5443.391040039062,5487.669033203125,0.9919313659595433,84.37628010948563,42.049045869363,12.383470210909168
2024-08-26,5639.66015625,5651.6201171875,5602.33984375,5616.83984375,2938570000,-0.0031537266931381813,0.013129137996173325,0.0077938491524408285,5451.0560302734375,5491.331025390625,0.992665713479853,80.58079605246994,45.88225960111595,19.08322808895053
2024-08-27,5602.89013671875,5631.18017578125,5593.47998046875,5625.7998046875,2798990000,0.0015951960865450143,0.013041782948622536,0.007691783963579007,5460.5240234375,5495.21501953125,0.9936870539241048,86.46583064349058,49.077369698203256,25.08205641080108
2024-08-28,5624.509765625,5627.02978515625,5560.9501953125,5592.18017578125,3053450000,-0.00597597320797616,0.012716316218984818,0.007982759404091851,5464.018041992187,5497.5940234375,0.9938926044189201,77.37850512160756,48.339467101426635,29.733538548926195
2024-08-29,5607.2998046875,5646.9501953125,5583.7099609375,5591.9599609375,3065640000,-3.937906806072977e-05,0.012260928243166536,0.006652357400778274,5471.28203125,5499.692626953125,0.9948341484460623,76.15581732870443,47.1928941722399,33.22540967358894
2024-08-30,5612.740234375,5651.3701171875,5581.7900390625,5648.39990234375,4185850000,0.010093051774424433,0.011472220455953638,0.006099280712574118,5486.3740234375,5503.1972265625,0.9969430128646309,78.6850820176659,50.259102796625484,36.63214829819625
2024-09-03,5623.89013671875,5623.89013671875,5504.330078125,5528.93017578125,3866350000,-0.02115107439771169,0.0102504871733532,0.011614444621619256,5503.5040283203125,5504.483427734375,0.9998220724202515,58.447473038586644,42.558301135001784,37.81737886555736
2024-09-04,5506.68017578125,5552.990234375,5503.66015625,5520.06982421875,3478140000,-0.0016025435809103872,0.010162854589706827,0.011377187795154283,5517.506030273437,5505.927421875,1.0021029351662785,55.92414694299871,35.333105963386515,37.32052428512319
2024-09-05,5520.080078125,5546.2998046875,5480.5400390625,5503.41015625,3521650000,-0.003018017615584734,0.00996179465807267,0.011308237017741885,5532.7015380859375,5506.60962890625,1.0047382892447507,45.81887590526662,27.94070767514586,35.44456096312773
2024-09-06,5507.330078125,5522.47021484375,5402.6201171875,5408.419921875,3822800000,-0.01726024985928465,0.009744925703266046,0.01266725198033221,5537.15703125,5505.220029296875,1.0058012217101528,36.9801384553682,14.25296145729044,31.20624106196027
2024-09-09,5442.06982421875,5484.2001953125,5434.490234375,5471.0498046875,3825940000,0.0115800702824842,0.010005494947723934,0.01316449241213073,5543.501513671875,5504.983623046875,1.006996912845252,37.936518022280346,8.36263286187932,26.637519421944077
2024-09-10,5490.509765625,5497.91015625,5441.72021484375,5495.52001953125,3848180000,0.004472672652839682,0.010027036390598185,0.010687637183505763,5551.0580078125,5505.684423828125,1.008241224976136,41.27146195052583,5.604442321820898,22.430904001919444
2024-09-11,5496.419921875,5560.41015625,5406.9599609375,5554.1298828125,3839450000,0.010665025888896507,0.0096139225927463,0.011901437157175718,5557.042993164063,5507.265224609375,1.00903856388326,44.592118375549816,8.055029228008607,19.555729047137277
2024-09-12,5557.47998046875,5600.7099609375,5535.5,5595.759765625,3655070000,0.007495302358939249,0.009702631850583787,0.011879201973476207,5564.070483398437,5509.000224609375,1.0099964161451758,52.06474249014887,13.204111852051028,18.285405608120026
2024-09-13,5603.33984375,5636.27001953125,5601.64990234375,5626.02001953125,3500790000,0.005407711405364557,0.009119537367476366,0.003134773641260361,5568.210473632813,5510.780224609375,1.0104214370166629,49.25252387912574,19.501742574499985,18.52867300139602
2024-09-16,5615.2099609375,5636.0498046875,5604.52978515625,5633.08984375,3437070000,0.0012566297656613212,0.009115896760820431,0.003502953962036901,5572.1524658203125,5512.09822265625,1.0108949878500393,51.44088475866046,24.77751623974291,19.7784416490654
2024-09-17,5655.509765625,5670.81005859375,5614.0498046875,5634.580078125,3443600000,0.00026455008109871336,0.008867598380893339,0.0043278457515364245,5573.468969726562,5513.332822265625,1.0109074038153614,50.788997040932024,28.747471383567245,21.57224759596577
2024-09-18,5641.68017578125,5689.75,5615.080078125,5618.259765625,3691390000,-0.002896455862498093,0.008882142788882698,0.004149810665934997,5574.525952148438,5514.15841796875,1.0109477330181467,52.418715736256694,30.22832331808968,23.303462740390554
2024-09-19,5702.6298828125,5733.56982421875,5686.419921875,5713.64013671875,4024530000,0.01697685316676334,0.00961173237275174,0.007733327334290916,5579.165454101562,5515.753017578125,1.0114966055081416,59.59198064367629,38.65274320226763,26.37331883276597
2024-09-20,5709.64013671875,5715.14013671875,5674.490234375,5702.5498046875,7867260000,-0.0019410273951238066,0.009360563844766814,0.008134764417985845,5585.7609375,5518.113212890625,1.0122592128866343,54.597303278002144,43.92788621783802,29.884232309780383
2024-09-23,5711.89990234375,5725.35986328125,5704.22021484375,5718.56982421875,3529550000,0.0028092730585327352,0.009055622199924795,0.008093891843124847,5589.958935546875,5520.177607421875,1.012641138218303,69.53109127738452,48.83818060896283,33.67502196961688
2024-09-24,5727.66015625,5735.31982421875,5698.990234375,5732.93017578125,3872710000,0.0025111788443470395,0.009014643985869758,0.00796240456963282,5595.763452148438,5522.211806640625,1.0133192365818648,71.67702604596582,53.274272001765894,37.59487197604668
2024-09-25,5733.64990234375,5741.02978515625,5712.06005859375,5722.259765625,3624910000,-0.0018612489301417234,0.009036991287691492,0.007765793504675299,5600.586450195313,5523.312998046875,1.013990417015252,72.56217883664362,55.291527160280566,41.134203012893465
2024-09-26,5762.22021484375,5767.3701171875,5721.009765625,5745.3701171875,4391180000,0.00403867571712313,0.008913173576233837,0.0028091391706344883,5608.245947265625,5526.455,1.0147998938316922,90.78191226564735,58.08545566085104,44.524453542484984
2024-09-27,5755.35986328125,5763.77978515625,5727.33984375,5738.169921875,3898530000,-0.0012532169669905446,0.00892754024963852,0.00263365602316683,5615.5564453125,5530.3266015625,1.0154113581150739,87.34038283547248,59.03811391231466,47.42718561645093
2024-09-30,5726.52001953125,5765.14013671875,5703.52978515625,5762.47998046875,4425730000,0.004236552581176722,0.00871856170573564,0.002908107733596726,5621.26044921875,5535.476201171875,1.0154971758398519,87.33471181607362,61.05096349672567,50.15194119250588
2024-10-01,5757.72998046875,5757.72998046875,5681.27978515625,5708.75,4025180000,-0.009324107094664358,0.007442099760506144,0.005539999209676095,5630.251440429687,5538.362998046875,1.016591263955652,71.92306414183093,57.64609263803868,51.650771481612445
2024-10-02,5698.14013671875,5719.6298828125,5674.0,5709.5400390625,3829050000,0.00013839090212397487,0.007412448710097675,0.005519321368989907,5639.724951171875,5541.438994140625,1.0177365404789576,68.24555414268086,54.384546304873766,52.19752644626471
2024-10-03,5698.18994140625,5718.77978515625,5677.3701171875,5699.93994140625,3597450000,-0.001681413492255035,0.007373453654553433,0.004921213398044233,5649.551440429687,5546.8951953125,1.0185069739922143,62.6947975715292,50.443617070643086,51.8467445711404
2024-10-04,5737.47998046875,5753.2099609375,5702.830078125,5751.06982421875,3479400000,0.008970249395274354,0.006016044027850275,0.006839302142516319,5666.683935546875,5553.9321875,1.020301246799635,67.59830734382625,50.85987550669415,51.64937075825116
2024-10-07,5737.7998046875,5739.33984375,5686.85009765625,5695.93994140625,3637790000,-0.009586022165882668,0.006299548815296829,0.007677419193723847,5677.928442382812,5558.668984375,1.0214546788706147,57.89007081066216,46.20857878059087,50.56121236271911
2024-10-08,5719.14013671875,5757.60009765625,5714.56005859375,5751.1298828125,3393400000,0.009689347495581924,0.006510268469388683,0.008027221037677876,5690.708935546875,5564.42078125,1.022695651400487,65.53266495729228,46.4404233520263,49.73705456058055
2024-10-09,5751.7998046875,5796.7998046875,5745.02001953125,5792.0400390625,3650340000,0.007113411987488272,0.006315491183513806,0.008330457679723605,5702.604443359375,5571.532783203125,1.0235252425600725,60.50256476002716,49.35632061338492,49.66090777114143
2024-10-10,5778.35986328125,5795.02978515625,5764.759765625,5780.0498046875,3208790000,-0.002070122839989974,0.0062486954707037705,0.008385545891979108,5711.8189453125,5576.687783203125,1.0242314376136292,60.35704124806523,50.12190437953814,49.75310709282078
2024-10-11,5775.08984375,5822.1298828125,5775.08984375,5815.02978515625,3208720000,0.006051847587953629,0.006270758209295643,0.007940482718862336,5721.26943359375,5584.054775390625,1.0245725845684468,62.269088975892835,52.94095671942159,50.39067701814095
2024-10-14,5829.81005859375,5871.41015625,5829.56982421875,5859.85009765625,3005250000,0.0077076668832223305,0.006412568053430286,0.004539877381426105,5732.607446289063,5594.320576171875,1.0247191536906555,64.9824659290291,58.12170975814024,51.936883566140814
2024-10-15,5866.740234375,5870.35986328125,5804.47998046875,5815.259765625,3882120000,-0.007609466332438197,0.00675685398131246,0.006777994626560688,5741.641430664063,5606.899169921875,1.0240315112968341,60.16434665852654,57.961285113524355,53.141763875617535
2024-10-16,5816.580078125,5846.52001953125,5808.33984375,5842.47021484375,3467230000,0.004679145956573816,0.006703591132032267,0.0064181873507916905,5752.851953125,5618.947978515625,1.0238307909454518,60.51819544513545,59.345702949426595,54.38255169037936
2024-10-17,5875.6201171875,5878.4599609375,5840.25,5841.47021484375,3480010000,-0.00017116047891174713,0.005707044592711184,0.0061875264151727335,5759.24345703125,5631.7873828125,1.0226315493741347,61.342174366650546,59.67428441118045,55.440898234539574
2024-10-18,5859.43017578125,5872.169921875,5846.10986328125,5864.669921875,3374490000,0.00397155273894878,0.005693125966736967,0.005922278280476198,5767.349462890625,5642.694580078125,1.0220913751477179,61.247685003552434,61.10236008414995,56.57319060446166
2024-10-21,5857.81982421875,5866.919921875,5824.7900390625,5853.97998046875,3407010000,-0.0018227694906369774,0.0057276631828722625,0.004968447289781215,5774.119970703125,5652.8909765625,1.0214454859722668,67.65795813588443,60.67214074043295,57.392980631655924
2024-10-22,5832.7001953125,5863.0400390625,5821.169921875,5851.2001953125,3342080000,-0.0004748538883844189,0.005730231179846149,0.002898348433598483,5780.033471679688,5663.027177734375,1.02066143959283,67.14098001124928,59.42190465251588,57.79876543582792
2024-10-23,5834.5,5834.85009765625,5762.41015625,5797.419921875,3532650000,-0.009191323428069387,0.006144785956940284,0.004796044048324235,5783.791479492187,5670.28697265625,1.0200174184099127,60.655858456355276,53.475037988591794,56.9340199463807
2024-10-24,5817.7998046875,5817.7998046875,5784.919921875,5809.85986328125,3543030000,0.002145772011323821,0.006104625561903506,0.005065449268555792,5787.015966796875,5677.379970703125,1.0193110196357302,57.0203610411419,49.19876982574715,55.386969922253996
2024-10-25,5826.75,5862.81982421875,5799.97998046875,5808.1201171875,3501280000,-0.00029944716993013376,0.006093298952774487,0.004304833784484823,5790.5134765625,5682.67796875,1.018976177852327,65.35365294576016,45.14896437073094,53.33936881194938
2024-10-28,5833.93017578125,5842.919921875,5823.080078125,5823.52001953125,3691280000,0.0026514435020339455,0.006054014949329133,0.004771990703281648,5793.565478515625,5688.063369140625,1.0185479841781264,61.118785877030746,42.69000399469951,51.20949584849941
2024-10-29,5819.68017578125,5847.18994140625,5802.169921875,5832.919921875,3879100000,0.001614127248163344,0.0055920306230745525,0.0049222306109438655,5799.773974609375,5692.556767578125,1.018834631152368,56.95187609814101,41.02682207514772,49.17296109382907
2024-10-30,5832.64990234375,5850.93994140625,5811.27978515625,5813.669921875,3851120000,-0.003300233889343751,0.005675115486261747,0.002431050234398998,5804.98046875,5696.887763671875,1.0189739923906198,55.57954173433038,37.72060465014238,46.88248980509174
2024-10-31,5775.33984375,5775.33984375,5702.85986328125,5705.4501953125,4425660000,-0.018614700871699585,0.0071539882666406505,0.008699021435367094,5805.2559814453125,5698.579765625,1.0187197898788407,35.370663231714545,26.067486262029888,42.71948909647937
2024-11-01,5723.22021484375,5772.52001953125,5723.22021484375,5728.7998046875,3796450000,0.004092509543626166,0.006913809624442986,0.009314305736883344,5804.14248046875,5701.742958984375,1.0179593366837103,31.440228478172173,18.503131734169074,37.876217624017315
2024-11-04,5725.14990234375,5741.43017578125,5696.509765625,5712.68994140625,3602060000,-0.002812083478299976,0.00658648973316834,0.008836083759392334,5804.97998046875,5703.304560546875,1.017827457545442,34.1990651660782,11.080663945072047,32.51710688822826
2024-11-05,5722.43017578125,5783.43994140625,5722.10009765625,5782.759765625,3768310000,0.012265644545291332,0.006804110903872629,0.011385226598520036,5806.561474609375,5706.622958984375,1.017512724485794,41.87454235454682,10.728680413286384,28.159421593239884
2024-11-06,5864.89013671875,5936.14013671875,5864.89013671875,5929.0400390625,6329530000,0.025295927786425976,0.00871054718340524,0.01642912674222367,5813.411474609375,5712.687763671875,1.0176315799330085,58.53992325911619,21.99972731743219,26.927482738078343
2024-11-07,5947.2099609375,5983.83984375,5947.2099609375,5973.10009765625,4925740000,0.007431229727488331,0.008781307093100358,0.010511509092309388,5823.063989257813,5720.306162109375,1.0179636935919782,60.16084205979598,34.09437298693592,28.36086078784986
2024-11-08,5976.759765625,6012.4501953125,5976.759765625,5995.5400390625,4666740000,0.0037568333092317108,0.00873605670074921,0.010553708462202674,5832.089501953125,5728.377763671875,1.0181049055352054,62.97956775216621,44.97177591155378,31.683043812590643
2024-11-11,6008.85986328125,6017.31005859375,5986.68994140625,6001.35009765625,4333000000,0.0009690634297987444,0.00861583013261239,0.00956838874049057,5839.164501953125,5735.436767578125,1.0180854115525018,63.69108625944886,53.44493927693475,36.03542290545947
2024-11-12,6003.60009765625,6009.919921875,5960.080078125,5983.990234375,4243400000,-0.00289265965137242,0.008423577631426439,0.01095038039451709,5847.601025390625,5744.53796875,1.0179410523877261,68.22229428764915,58.089566047581684,40.44625153388392
2024-11-13,5985.75,6008.18994140625,5965.91015625,5985.3798828125,4220180000,0.00023222772482434095,0.008392898379347159,0.0038942272611127097,5854.746508789062,5753.844169921875,1.0175365087908799,67.52122004408271,61.177384435010026,44.59247811410914
2024-11-14,5989.68017578125,5993.8798828125,5942.27978515625,5949.169921875,4184570000,-0.006049734794859041,0.008546537576008697,0.0037715613361313746,5860.131494140625,5762.759365234375,1.0168967889746843,63.17364013301788,60.010893302682234,47.67616115182376
2024-11-15,5912.7900390625,5915.31982421875,5853.009765625,5870.6201171875,4590960000,-0.013203489851361216,0.009073417267326519,0.005756664235128676,5860.42900390625,5772.003369140625,1.0153197476007,53.93485488180464,52.147009639288626,48.57033084931674
2024-11-18,5874.169921875,5908.1201171875,5865.9501953125,5893.6201171875,3983860000,0.003917814394541086,0.009100493391809924,0.006517899343486972,5862.4110107421875,5780.454775390625,1.0141781639224092,54.95836716981312,47.22633714359017,48.30153210817143
2024-11-19,5870.0498046875,5923.509765625,5855.2900390625,5916.97998046875,4036940000,0.003963584828470035,0.009132694886668555,0.0073693030879024065,5865.7,5788.883974609375,1.013269574192115,58.382719424403426,44.696382405652,47.58050216766755
2024-11-20,5914.33984375,5920.669921875,5860.56005859375,5917.10986328125,3772620000,2.195086225209586e-05,0.00884058059273617,0.007352334000100381,5871.684497070312,5796.14357421875,1.013032962673245,70.82777979045326,42.21522467401155,46.50744666893635
2024-11-21,5940.580078125,5963.31982421875,5887.259765625,5948.7099609375,4230120000,0.0053404615405816536,0.008889968119944577,0.007647092661842537,5878.627001953125,5803.202578125,1.0129970344499837,71.29389025686415,42.31101800585748,45.66816093632058
2024-11-22,5944.35986328125,5972.89990234375,5944.35986328125,5969.33984375,4141420000,0.003467959094991535,0.008896011588323023,0.0019843367776600862,5886.68798828125,5810.068974609375,1.0131872812537526,74.63574998054897,43.54958157561305,45.24444506417908
2024-11-25,5992.27978515625,6020.75,5963.91015625,5987.3701171875,5633150000,0.003020480305938378,0.008899109950927455,0.0019597051030295306,5894.8804931640625,5817.154580078125,1.0133615003720415,71.82046731736173,45.46198702185302,45.287953455713875
2024-11-26,6000.02978515625,6025.419921875,5992.27001953125,6021.6298828125,3835170000,0.005722005647630368,0.008950938817165131,0.0022721871456803425,5904.315991210938,5824.895576171875,1.0136346504414517,62.97397596560416,49.175197811393446,46.06540232684979
2024-11-27,6014.10986328125,6020.16015625,5984.8701171875,5998.740234375,3363340000,-0.003801238017440034,0.008966154607320542,0.003842221133665118,5913.569506835937,5832.505185546875,1.0138987139677034,53.81937625558421,49.69805256816926,46.79193237511369
2024-11-29,6003.97998046875,6044.169921875,6003.97998046875,6032.3798828125,2444420000,0.005607785488815242,0.007626955558271198,0.003888857251417516,5929.915991210937,5838.87998046875,1.0155913481775112,55.31050191028287,52.224841753611145,47.87851425081318
2024-12-02,6040.10986328125,6053.580078125,6035.330078125,6047.14990234375,4412470000,0.0024484564662998753,0.007621345909957171,0.003871992666464839,5945.83349609375,5845.771982421875,1.0171169032888656,56.43584057438014,54.78760017485638,49.26033143562183
2024-12-03,6042.97021484375,6052.06982421875,6033.39013671875,6049.8798828125,4095000000,0.0004514491145146682,0.00753072502657657,0.003971341473132563,5962.6929931640625,5852.39818359375,1.018846087725115,59.655901790902085,56.388875440577976,50.68604023661307
2024-12-04,6069.39013671875,6089.83984375,6061.06005859375,6086.490234375,4003390000,0.006051417924264779,0.007246736445640328,0.004048725578161982,5977.8795166015625,5859.469384765625,1.0202083369773718,63.430909369219314,59.921311452148075,52.53309447972008
2024-12-05,6089.02978515625,6094.5498046875,6072.89990234375,6075.10986328125,4212020000,-0.0018697756269248078,0.004947559622756432,0.003374829143395744,5985.1830078125,5866.52638671875,1.020226044045822,67.91058767976557,61.098189704992365,54.24611352477454
2024-12-06,6081.3798828125,6099.97021484375,6079.97998046875,6090.27001953125,3924830000,0.0024954538421815275,0.004740695092962274,0.002923951207172384,5991.04150390625,5873.424384765625,1.0200253057561612,88.10853031024394,62.53332684377256,55.90355618857416
2024-12-09,6083.009765625,6088.509765625,6048.6298828125,6052.85009765625,4556460000,-0.006144213927296471,0.004948158850431571,0.004585422530226131,5993.907006835938,5879.71798828125,1.0194208325607241,76.30944985437559,59.960026539754836,56.71485025881029
2024-12-10,6057.58984375,6065.39990234375,6029.89013671875,6034.91015625,4048410000,-0.002963883313944371,0.005005826028597601,0.00478792819180049,5995.585009765625,5885.166591796875,1.0187621567285212,69.84087604432797,55.82949648522754,56.537779504093734
2024-12-11,6060.14990234375,6092.58984375,6060.14990234375,6084.18994140625,4269950000,0.008165786048233592,0.005240902200480272,0.005543449520685591,6000.594995117188,5892.675390625,1.0183141947143202,74.1208283049299,55.88824358904367,56.40787232108373
2024-12-12,6074.2900390625,6079.68017578125,6051.25,6051.25,3678010000,-0.005414022527810203,0.0054244355925854035,0.006036838617836747,6003.888500976563,5899.50958984375,1.0176928115029265,64.74633732557356,52.66967982784172,55.66023382243534
2024-12-13,6068.169921875,6078.580078125,6035.77001953125,6051.08984375,3584960000,-2.6466639124200775e-05,0.005200657222305823,0.005796126792872662,6008.9844970703125,5906.532587890625,1.0173455250868726,62.49197912034453,49.535012794674,54.43518961688307
2024-12-16,6063.7900390625,6085.18994140625,6059.14013671875,6074.080078125,4391100000,0.0037993543260221863,0.004040619452365856,0.005400839892909663,6019.157495117188,5912.99279296875,1.017954478529837,63.0520488501861,48.34855432515815,53.21786255853809
2024-12-17,6052.5498046875,6057.68017578125,6035.18994140625,6050.60986328125,4544500000,-0.003863994965801476,0.004189051865059513,0.005566465087095946,6027.006982421875,5920.08619140625,1.0180606814763669,54.50867306707668,44.99574431933979,51.573438910698435
2024-12-18,6047.64990234375,6070.669921875,5867.7900390625,5872.16015625,5246960000,-0.02949284635160343,0.008013587156556227,0.013072243587929695,6024.7659912109375,5922.506796875,1.0172662012629339,36.72999076551997,27.620822593548837,46.782915647268524
2024-12-19,5912.7099609375,5935.52001953125,5866.06982421875,5867.080078125,4896880000,-0.0008651123249070469,0.008013879677719053,0.013365192971071747,6022.264501953125,5924.00759765625,1.0165862218569315,31.567031550152237,13.287976575125867,40.08392783284
2024-12-20,5842.0,5982.06005859375,5832.2998046875,5930.85009765625,8223220000,0.010869123768910471,0.008311892805041438,0.015342849523083124,6021.371508789062,5927.023603515625,1.0159182604262744,38.30877762026867,6.994175964037822,33.46597745907956
2024-12-23,5940.25,5978.25,5902.56982421875,5974.06982421875,3593280000,0.007287273468533639,0.0084414594811241,0.0158518819698105,6021.6080078125,5930.204404296875,1.0154132298457361,42.95276058749463,5.431157365303989,27.859013440324446
2024-12-24,5984.6298828125,6040.10009765625,5981.43994140625,6040.0400390625,1757720000,0.01104275925539211,0.008772933828230436,0.017055003509494227,6024.24150390625,5933.808203125,1.0152403477978313,45.90552712948744,9.4072578539417,24.168662323047897
2024-12-26,6024.97021484375,6049.75,6007.3701171875,6037.58984375,2904530000,-0.00040565878647391695,0.008686619012210467,0.005875771746425247,6025.039501953125,5938.2548046875,1.0146145121959267,46.63979940510705,12.219773905821967,21.778884639602712
2024-12-27,6006.169921875,6006.169921875,5932.9501953125,5970.83984375,3159610000,-0.011055736101235558,0.00900667621205217,0.009389528216592799,6023.644482421875,5940.822197265625,1.0139412159472423,40.208877911701244,8.959269115632196,19.21496153480861
2024-12-30,5920.669921875,5940.7900390625,5869.16015625,5906.93994140625,3433250000,-0.010701995701766776,0.009190201510815756,0.010112301071770169,6017.372485351562,5942.131591796875,1.0126622731914179,38.5357473340464,1.205214530476951,15.613012133942277
2024-12-31,5919.740234375,5929.740234375,5868.85986328125,5881.6298828125,3128350000,-0.004284800394927402,0.009180178282027126,0.009079690975431116,6009.096484375,5942.470791015625,1.0112117830617031,38.094555439251195,-6.902670112443047,11.109875684665212
2025-01-02,5903.259765625,5935.08984375,5829.52978515625,5868.5498046875,3621680000,-0.0022238866412221947,0.009172092132313693,0.004894235153096556,6000.02998046875,5942.7621875,1.0096365614443072,32.25302452977432,-14.219763513732687,6.043947844985632
2025-01-03,5891.06982421875,5949.33984375,5888.66015625,5942.47021484375,3667340000,0.01259602672149196,0.009563333723370142,0.00961268498264739,5992.8289794921875,5944.587587890625,1.008115178872935,41.613241066097665,-13.893695556253988,2.056419164737707
2025-01-06,5982.81005859375,6021.0400390625,5960.009765625,5975.3798828125,4940120000,0.005538045085450305,0.009676884301577208,0.009041531967543716,5987.84248046875,5948.146787109375,1.0066736236982925,44.44347288857417,-10.854623836435167,-0.5257894354968686
2025-01-07,5993.259765625,6000.68017578125,5890.68017578125,5909.02978515625,4517330000,-0.01110391288210788,0.009909434070007656,0.009163480690513951,5978.78046875,5950.130185546875,1.0048150682942565,38.61141489835537,-13.642770605890291,-3.1491856695755542
2025-01-08,5910.66015625,5927.89013671875,5874.77978515625,5918.25,4441740000,0.001560360190925314,0.0098675187178585,0.00883034976283093,5972.050463867187,5952.332783203125,1.0033125971584962,40.683873832446984,-14.936227197204971,-5.506593975101439
2025-01-10,5890.35009765625,5890.35009765625,5807.77978515625,5827.0400390625,4751930000,-0.01541164380306681,0.010372434289205819,0.011654126458775487,5961.656958007812,5952.40318359375,1.0015546282952685,46.37961999448358,-23.055413978039724,-9.016357975689099
2025-01-13,5782.02001953125,5838.60986328125,5773.31005859375,5836.22021484375,4421200000,0.0015754440882007614,0.010144714308595992,0.00912054046304564,5949.258471679687,5952.469189453125,0.9994606074099255,47.54003031319745,-28.421538727162442,-12.897394125983771
2025-01-14,5859.27001953125,5871.919921875,5805.419921875,5842.91015625,4142280000,0.0011462798112440442,0.010135561663653569,0.008188114720242227,5938.841479492187,5953.053994140625,0.9976125674884813,42.28814350396381,-31.768204800453532,-16.671556260877725
2025-01-15,5905.2099609375,5960.60986328125,5905.2099609375,5949.91015625,4544570000,0.018312792279639112,0.011080557981223808,0.011924639042480341,5933.782495117188,5957.943193359375,0.9959447921106203,48.09448583582824,-25.492593264708376,-18.435763661643858
2025-01-16,5963.60986328125,5964.68994140625,5930.72021484375,5937.33984375,4285810000,-0.0021126894641922966,0.011030593688766924,0.012027804114090544,5926.945483398437,5962.113994140625,0.9941013354027195,41.15478557514711,-21.288049688101637,-19.006220866935415
2025-01-17,5995.39990234375,6014.9599609375,5978.43994140625,5996.66015625,4366830000,0.009991058969353706,0.011278805144986444,0.008310355993293456,5924.247998046875,5967.7933984375,0.9927032661013321,46.789380872640024,-13.019188057563042,-17.80881430506094
2025-01-21,6014.1201171875,6051.509765625,6006.8798828125,6049.240234375,4702920000,0.008768227105582893,0.009120498882249658,0.008017402613702537,5933.102001953125,5973.1230078125,0.9932998189042768,56.2897309459902,-2.1979462110430177,-14.686640686257357
2025-01-22,6081.39013671875,6100.81005859375,6076.1298828125,6086.3701171875,4323040000,0.006137941522227575,0.009158216261649723,0.007355288853524188,5944.06650390625,5976.269609375,0.9946115039023284,65.04097585653906,9.267210516556588,-9.895870445694568
2025-01-23,6076.31982421875,6118.72998046875,6074.669921875,6118.7099609375,4432250000,0.00531348622041139,0.008953050466059695,0.0047216043382626105,5953.459497070313,5979.181806640625,0.9956980218360739,69.64206250960784,20.72409052517014,-3.7718782515216245
2025-01-24,6121.43017578125,6128.18017578125,6088.740234375,6101.240234375,4214250000,-0.002855132319398823,0.008900957310417148,0.005027343746690535,5959.818017578125,5981.295810546875,0.9964091739233365,69.13916912993189,28.070510173369257,2.5965994334565536
2025-01-27,5969.0400390625,6017.169921875,5962.919921875,6012.27978515625,5198750000,-0.014580715690809543,0.009231150535421583,0.009512996413263737,5958.430004882813,5981.514404296875,0.9961407098848614,55.60331786022785,26.409800157518475,7.359239578268941
2025-01-28,6026.97021484375,6074.5400390625,5994.6298828125,6067.7001953125,4473640000,0.009217869449967608,0.009467107014404192,0.009611641262498905,5959.935522460937,5983.188603515625,0.9961135971811043,57.15171908759147,29.22870907314791,11.733133477244737
2025-01-29,6057.7001953125,6062.830078125,6012.9599609375,6039.31005859375,4115310000,-0.004678895760321544,0.009167476702570643,0.009278224697498498,5963.359033203125,5984.26720703125,0.9965061430071909,60.72298375882751,28.83942499161094,15.154391780117981
2025-01-30,6050.75,6086.64013671875,6027.4599609375,6071.169921875,4634620000,0.005275414405311762,0.008819370876654391,0.009271231043527896,5971.570532226562,5986.70720703125,0.9974716193257439,62.13416939948299,30.747303480174196,18.272974120129227
2025-01-31,6096.7900390625,6120.91015625,6030.93017578125,6040.52978515625,4843770000,-0.005046825754019935,0.008846867231217866,0.009400788589187603,5979.51552734375,5990.105400390625,0.9982321057245197,68.74192522382187,29.447456022367078,20.5078705005768
2025-02-03,5969.64990234375,6022.1298828125,5923.93017578125,5994.56982421875,4797210000,-0.007608597684666707,0.009041814960907647,0.0073559175572128896,5985.8165283203125,5992.12439453125,0.9989473071993141,63.05801576142365,24.427151802319713,21.291726760925386
2025-02-04,5998.14013671875,6042.47998046875,5990.8701171875,6037.8798828125,4410160000,0.007224881828679752,0.008757750170776606,0.006719535576127894,5990.58701171875,5994.542392578125,0.9993401696742903,65.16209434644324,23.670426368993503,21.767466682539013
2025-02-05,6020.4501953125,6062.85986328125,6007.06005859375,6061.47998046875,4756250000,0.003908672930614365,0.008719173358409356,0.006630422808537634,5994.892016601562,5997.429794921875,0.9995768556853368,59.96958011660082,24.69043074145611,22.352059494322436
2025-02-06,6072.22021484375,6084.02978515625,6046.830078125,6083.56982421875,4847120000,0.003644298722618622,0.008276128504802888,0.006387836522592154,6003.6190185546875,6000.1269921875,1.0005819920764567,62.84813596726434,26.970359813995856,23.275719558257123
2025-02-07,6083.1298828125,6101.27978515625,6019.9599609375,6025.990234375,4766900000,-0.009464770111542897,0.008630717861685542,0.007536184536863055,6009.006030273437,6001.26,1.0012907339914348,52.58492183438736,23.856030868318157,23.391781820269333
2025-02-10,6046.39990234375,6073.3798828125,6044.83984375,6066.43994140625,4458760000,0.006712541085862833,0.0078030474579207825,0.006827783444827755,6020.976025390625,6002.841396484375,1.003021007504358,51.54896578775409,24.37092321401724,23.587610099018917
2025-02-11,6049.31982421875,6076.27978515625,6042.33984375,6068.5,4324880000,0.00033958278885926063,0.0078118423162414335,0.006285488162129977,6032.590014648437,6003.778798828125,1.004798846990488,48.2821485769217,24.660932737767325,23.8022746267686
2025-02-12,6025.080078125,6063.0,6003.0,6051.97021484375,4627960000,-0.0027238667143857365,0.007881265849585442,0.006225159033326944,6043.043017578125,6004.8433984375,1.0063614680027402,43.38319228307775,23.28849656598777,23.699519014612438
2025-02-13,6060.58984375,6116.91015625,6050.9501953125,6115.06982421875,4763800000,0.010426292122230674,0.0071768128419619805,0.007830805548032999,6051.301000976562,6006.497197265625,1.0074592232776423,51.257350414677475,26.981417161418904,24.355898643973735
2025-02-14,6115.52001953125,6127.47021484375,6107.6201171875,6114.6298828125,4335190000,-7.194380749464546e-05,0.0071387316669067466,0.005435759762899141,6060.165502929687,6007.846796875,1.008708395507339,61.09055276839219,29.532155439832422,25.391150003145476
2025-02-18,6121.60009765625,6129.6298828125,6099.509765625,6129.580078125,4684980000,0.0024449877750611915,0.006860116928377438,0.0050132527509852455,6066.811499023437,6009.44080078125,1.0095467615280824,57.349870784249134,32.38665650408984,26.790251303334355
2025-02-19,6117.759765625,6147.43017578125,6111.14990234375,6144.14990234375,4562330000,0.0023769693899173827,0.006630053138796376,0.0049180152416193855,6071.556982421875,6010.593994140625,1.0101425896243663,62.87520088268451,35.41627543508639,28.515456129684765
2025-02-20,6134.5,6134.5,6084.58984375,6117.52001953125,4813690000,-0.0043341850761716705,0.006599717994198972,0.005376233284927322,6073.114477539062,6011.442197265625,1.010259148844763,55.76624724064492,35.2619830861795,29.86476152098371
2025-02-21,6114.10009765625,6114.81982421875,6008.56005859375,6013.1298828125,5434560000,-0.01706412670256352,0.00753181066460085,0.008157351545435437,6067.835473632813,6009.89939453125,1.0096401079782271,47.11979378924579,26.4118344923927,29.17417611526551
2025-02-24,6026.68994140625,6043.64990234375,5977.830078125,5983.25,4990120000,-0.00496910650440241,0.007576238540546203,0.007960027788734728,6061.935961914062,6008.507392578125,1.0088921533827075,48.76845615835668,16.79338742683376,26.698018377579157
2025-02-25,5982.72998046875,5992.64990234375,5908.490234375,5955.25,5374690000,-0.004679730915472358,0.006934935323167612,0.007032347096045059,6059.08447265625,6006.914189453125,1.008685038866499,40.700457871633276,6.832571208213267,22.72492894370598
2025-02-26,5970.8701171875,6009.81982421875,5932.68994140625,5956.06005859375,4869580000,0.00013602428004699796,0.006555274685970421,0.00643196033778823,6053.502465820313,6004.351591796875,1.008185875405862,37.494033744676706,-0.984731083321094,17.982996938300566
2025-02-27,5981.8798828125,5993.68994140625,5858.77978515625,5861.56982421875,5057680000,-0.015864553655509872,0.007325845784043099,0.007570053042107595,6044.615454101562,6000.55798828125,1.0073422281571738,27.524855061574115,-14.63585862844593,11.459225824951265
2025-02-28,5856.740234375,5959.39990234375,5837.66015625,5954.5,6441140000,0.01585414463498891,0.008171377077876359,0.011527250498608728,6038.781958007812,5998.62619140625,1.0066941605161346,43.24581911719389,-17.75116266981513,5.617148125997985
2025-03-03,5968.330078125,5986.08984375,5810.91015625,5849.72021484375,5613850000,-0.0175967394669998,0.008948430214284198,0.013568985888558482,6029.241479492188,5994.138994140625,1.0058561346985573,31.74406265167282,-28.34813687230053,-1.1759088736617198
2025-03-04,5811.97998046875,5865.080078125,5732.58984375,5778.14990234375,6138110000,-0.012234826602200433,0.009169914830609697,0.014016989571181769,6018.420483398438,5988.689794921875,1.0049644729472835,28.105616704971467,-42.0368665252754,-9.348100403984459
2025-03-05,5781.35986328125,5860.58984375,5742.35009765625,5842.6298828125,5285970000,0.011159277893187936,0.009412629938796997,0.015945963712182706,6008.657983398438,5988.099189453125,1.0034332754510018,35.278872163876585,-47.138899959297305,-16.906260315047028
2025-03-06,5785.8701171875,5812.080078125,5711.64013671875,5738.52001953125,5165080000,-0.017819007085749905,0.009980133570809346,0.016336754752577766,5992.509985351562,5985.52798828125,1.001166479729772,24.964451699111393,-58.904084478937875,-25.3058251478252
2025-03-07,5726.009765625,5783.009765625,5666.2900390625,5770.2001953125,5705140000,0.00552061780274804,0.010051341257524757,0.013601685253533185,5976.84150390625,5982.314990234375,0.9990850554781786,28.013362940096172,-64.92335651059147,-33.22933142037846
2025-03-10,5705.3701171875,5705.3701171875,5564.02001953125,5614.56005859375,6409370000,-0.0269730913054258,0.011358774942653915,0.01600145149255573,5956.269995117187,5975.124794921875,0.9968444508772918,22.129758369704973,-81.31518047295049,-42.84650123089287
2025-03-11,5603.64990234375,5636.2998046875,5528.41015625,5572.06982421875,6221240000,-0.007567865323653167,0.011131703225777164,0.015832960137831385,5931.551489257812,5965.765390625,0.9942649602981448,19.950016722648215,-96.62064323721461,-53.601329632157224
2025-03-12,5624.83984375,5642.18994140625,5546.08984375,5599.2998046875,5219830000,0.004886869929446425,0.011274442076584044,0.014183563762912575,5908.091479492187,5956.99958984375,0.9917898080041927,22.796295242533247,-105.33882054233891,-63.948827814193564
2025-03-13,5594.4501953125,5597.77978515625,5504.64990234375,5521.52001953125,5018980000,-0.013890984206835322,0.011484835684546009,0.013628706782250796,5881.5689697265625,5948.013193359375,0.9888291734613175,23.451481212520108,-117.17351416374822,-74.5937650841045
2025-03-14,5563.85009765625,5645.27001953125,5563.85009765625,5638.93994140625,4863180000,0.021265869083087807,0.012442756173798348,0.01840262074509568,5857.762475585938,5942.653193359375,0.9857150139825931,33.012312903373456,-115.74356794361393,-82.82372565600639
2025-03-17,5635.60009765625,5703.52001953125,5631.1201171875,5675.1201171875,5031770000,0.006416130719105961,0.012632888241003233,0.01362746250213609,5835.7869873046875,5938.522998046875,0.9827000736082059,36.28952623483786,-110.41805682057475,-88.34259188892007
2025-03-18,5654.52978515625,5654.52978515625,5597.759765625,5614.66015625,4666270000,-0.010653512117636543,0.012639987811706657,0.014237837510754954,5810.040991210937,5933.445205078125,0.9792019291319026,34.212585819694084,-109.81033921411381,-92.63614135395883
2025-03-19,5632.3701171875,5715.330078125,5622.2001953125,5675.2900390625,4660090000,0.010798495567894584,0.013009065443281665,0.014812374696421939,5786.597998046875,5928.1016015625,0.976130030652928,41.10734789875224,-103.24623546088515,-94.7581601753441
2025-03-20,5646.919921875,5711.14990234375,5632.330078125,5662.89013671875,4678420000,-0.0021848931523151816,0.013013996987786134,0.012214531810311726,5763.86650390625,5921.851806640625,0.9733216385865627,34.91959281029479,-97.91598985303244,-95.38972611088178
2025-03-21,5630.72998046875,5670.83984375,5603.10009765625,5667.56005859375,9367460000,0.0008246534476661349,0.012662426767973823,0.008235829538233336,5746.5880126953125,5917.022412109375,0.9711959178884867,39.4916522260355,-92.2514903827423,-94.76207896525389
2025-03-24,5718.080078125,5775.14013671875,5718.080078125,5767.56982421875,4517990000,0.017646000146633645,0.013451122700232104,0.01110119464934672,5735.80400390625,5914.00880859375,0.9698673420255061,49.40905282633549,-78.78420618513246,-91.56650440922961
2025-03-25,5775.9599609375,5786.9501953125,5760.419921875,5776.64990234375,4467340000,0.0015743334544251475,0.013452072277134514,0.008241028681384637,5726.873999023437,5913.001005859375,0.9685224124515623,46.071590336240725,-66.6107527190843,-86.57535407120055
2025-03-26,5771.66015625,5783.6201171875,5694.41015625,5712.2001953125,4183140000,-0.011156934922627149,0.013618630092497953,0.010425981814901926,5714.681005859375,5910.52060546875,0.9668659306545394,48.355256934845556,-61.45533700066699,-81.55135065709385
2025-03-27,5695.64013671875,5732.27978515625,5670.93994140625,5693.31005859375,4403460000,-0.003306980860763864,0.013229686198921052,0.010532373287831435,5706.268017578125,5907.528603515625,0.9659315088516495,45.11702991284697,-58.22275340396391,-76.88563120646786
2025-03-28,5679.2001953125,5685.89013671875,5572.419921875,5580.93994140625,4513330000,-0.01973722070834405,0.013184274711469879,0.014088525087122564,5687.590014648437,5900.14919921875,0.9639739305917114,47.740764413971604,-63.9905932288666,-74.30662361094761
2025-03-31,5527.91015625,5627.56005859375,5488.72998046875,5611.85009765625,5257250000,0.005538521570653376,0.012861132726749502,0.010141128500098288,5675.696508789062,5893.639404296875,0.9630206599764286,52.71545305102665,-65.31455107482998,-72.50820910372408
2025-04-01,5597.52978515625,5650.56982421875,5558.52001953125,5633.06982421875,4434500000,0.0037812354559083605,0.012687420969329653,0.010560865903356257,5668.4425048828125,5886.36759765625,0.9629780014316116,52.32425667542003,-63.91477289702652,-70.78952186238458
2025-04-02,5580.759765625,5695.31005859375,5571.47998046875,5670.97021484375,4243830000,0.006728194715792668,0.012497618735688162,0.010965241313702285,5659.859521484375,5878.802197265625,0.9627572644163661,60.883513401264175,-59.06631412783918,-68.4448803154755
2025-04-03,5492.740234375,5499.52978515625,5390.830078125,5396.52001953125,7210470000,-0.04839563335990149,0.01599166182541237,0.02387137075259605,5642.759521484375,5865.0051953125,0.9621064830418647,35.632163284394466,-76.48800658001073,-70.05350556838255
2025-04-04,5292.14013671875,5292.14013671875,5069.89990234375,5074.080078125,8853500000,-0.05974960534553109,0.02026288832826125,0.03281010584010678,5607.953515625,5844.11259765625,0.9595902580443163,23.40248073244787,-114.98752725637132,-79.04030990598031
2025-04-07,4953.7900390625,5246.56982421875,4835.0400390625,5062.25,8691980000,-0.0023314724921273955,0.019674425526033292,0.03153753050652624,5580.3380126953125,5823.33279296875,0.958272214741559,24.455021676300575,-144.78428014660858,-92.18910395410597
2025-04-08,5193.56982421875,5267.47021484375,4910.419921875,4982.77001953125,7408140000,-0.015700524562941354,0.019814365150492497,0.028964412757810715,5550.873022460937,5802.74259765625,0.9565947358586879,18.524681480955437,-172.81963449804334,-108.31521006289347
2025-04-09,4965.27978515625,5481.33984375,4948.43017578125,5456.89990234375,9489600000,0.09515387644904849,0.02995983778181738,0.06129001823599229,5543.75302734375,5790.526591796875,0.9573832257669421,43.40548510173737,-154.99287435531642,-117.65074292137805
2025-04-10,5353.14990234375,5353.14990234375,5115.27001953125,5268.0498046875,6677140000,-0.03460757958472693,0.030780637794158308,0.059191408141486206,5531.079516601562,5775.10138671875,0.9577458725350908,38.559338268133075,-154.3247039784037,-124.98553513278321
2025-04-11,5255.56005859375,5381.4599609375,5220.77001953125,5363.35986328125,5602550000,0.018092095201708958,0.030662850431470125,0.05024087949337124,5517.300512695312,5760.945185546875,0.957707517602698,38.3935131024473,-144.43944098641077,-128.87631630350876
2025-04-14,5441.9599609375,5459.4599609375,5358.02001953125,5405.97021484375,5031440000,0.007944712390868913,0.030686994511223108,0.04970921840268201,5503.843017578125,5748.253994140625,0.9574808321254358,39.5573821816107,-131.64942693941884,-129.4309384306908
2025-04-15,5411.990234375,5450.41015625,5386.43994140625,5396.6298828125,4317110000,-0.0017277808903947145,0.030619153222399335,0.047972093895944534,5492.94150390625,5736.2951953125,0.957576504848441,40.825011854026535,-120.87358000550194,-127.71946674565302
2025-04-16,5335.75,5367.240234375,5220.7900390625,5275.7001953125,4607750000,-0.0224083715440897,0.030814537903369542,0.021675439381058703,5472.96201171875,5721.0516015625,0.9566356664610413,38.538354596250265,-120.70030086917814,-126.31563357035807
2025-04-17,5305.4501953125,5328.31005859375,5255.580078125,5282.7001953125,4714880000,0.0013268380955802073,0.030830634623704913,0.014960279598121455,5453.9525146484375,5705.476005859375,0.9559154238923047,41.31206031880505,-118.63063429947579,-124.77863371618164
2025-04-21,5232.93994140625,5232.93994140625,5101.6298828125,5158.2001953125,4226340000,-0.023567493023827546,0.03115109995657567,0.01440504112291581,5428.484521484375,5686.96861328125,0.9545480009871664,37.468170508686455,-125.58880853347455,-124.94066867964025
2025-04-22,5207.669921875,5309.60986328125,5207.669921875,5287.759765625,4666950000,0.025117204723895226,0.031470591624705856,0.020017413675928717,5404.4940185546875,5672.20400390625,0.9528031810620351,40.999724848240184,-119.27392167155449,-123.80731927802312
2025-04-23,5395.919921875,5469.68994140625,5356.169921875,5375.85986328125,5371390000,0.01666113847096007,0.031787220258556605,0.022170598130252635,5384.454516601562,5658.39240234375,0.9515873297106929,42.50429735461547,-105.93918575107273,-120.23369257263305
2025-04-24,5381.3798828125,5489.39990234375,5371.9599609375,5484.77001953125,4697710000,0.020259113708281262,0.03214325824024889,0.01974417213895001,5373.0830078125,5646.717802734375,0.9515409119985826,52.44732329431035,-85.59646923786204,-113.30624790567884
2025-04-25,5489.72998046875,5528.10986328125,5455.85986328125,5525.2099609375,4236580000,0.007373133469998461,0.03220113515103918,0.019418876809786014,5364.678002929688,5636.18259765625,0.9518282827033558,64.83013738736713,-65.45700690891681,-103.73639970632642
2025-04-28,5529.22021484375,5553.66015625,5468.64013671875,5528.75,4257880000,0.0006407067039131409,0.0318984434085388,0.009902473861958737,5362.068505859375,5624.456201171875,0.9533487885890496,65.41944667706042,-48.64988080679268,-92.71909592641968
2025-04-29,5508.8701171875,5571.9501953125,5505.7001953125,5560.830078125,4747150000,0.005802410694099036,0.03190090662521483,0.00808746324892182,5359.517504882812,5613.380205078125,0.9547754310378519,69.72496905131234,-32.36839536858406,-80.64895581485257
2025-04-30,5499.43994140625,5581.83984375,5433.240234375,5569.06005859375,5449490000,0.00147999135976562,0.03189077339588187,0.007877610164763385,5356.3170166015625,5602.1698046875,0.9561147204284624,55.611372444024056,-18.586852547768103,-68.23653516143568
2025-05-01,5625.14013671875,5658.91015625,5597.35009765625,5604.14013671875,4935270000,0.006299102138585644,0.03188608514355836,0.003042977761453201,5352.975512695312,5591.369609375,0.9573639173700885,69.87217722540797,-4.779120714675628,-55.545052272083666
2025-05-02,5645.8798828125,5700.7001953125,5642.27978515625,5686.669921875,4854380000,0.01472657412963474,0.029919188467590698,0.005594932792716789,5367.4830078125,5582.752607421875,0.9614402401920533,69.4098589592285,12.676938320463705,-41.90065415357419
2025-05-05,5655.31982421875,5683.3798828125,5634.47998046875,5650.3798828125,4358260000,-0.006381597588933863,0.026169396244721373,0.007697072397261825,5396.297998046875,5575.497607421875,0.9678594410772491,64.78529100572861,23.313939424827367,-28.857735437893876
2025-05-06,5605.8701171875,5649.580078125,5586.0400390625,5606.91015625,4717260000,-0.007693239651855532,0.0262833018110056,0.009279493408820358,5423.531005859375,5567.970810546875,0.9740588071306153,62.216233696238014,27.914415784515768,-17.503305193411943
2025-05-07,5614.18017578125,5654.72998046875,5578.64013671875,5631.27978515625,4987440000,0.00434635623313584,0.025812713063358996,0.009351829845412078,5455.956494140625,5561.49140625,0.9810239907966458,73.26789679686875,33.14468058551756,-7.373708037626039
2025-05-08,5663.60009765625,5720.10009765625,5635.3798828125,5663.93994140625,5627400000,0.005799775094835535,0.015202163144527525,0.009300431734253352,5466.30849609375,5555.64900390625,0.9839189790878288,74.13645252614182,39.47011783034213,1.9950571359675984
2025-05-09,5679.64990234375,5691.68994140625,5644.14990234375,5659.91015625,4645090000,-0.0007114809122162891,0.012570959881281785,0.006095877010696501,5485.901513671875,5551.615810546875,0.9881630323283257,87.48081277941846,43.65467847601212,10.326981403976506
2025-05-12,5807.2001953125,5845.3701171875,5786.080078125,5844.18994140625,6014580000,0.032558782749008364,0.01380061479864097,0.015305179059536086,5509.943017578125,5549.409609375,0.9928881458434423,88.42700592336915,61.13607291484368,20.488799706149948
2025-05-13,5854.14990234375,5906.64013671875,5845.02001953125,5886.5498046875,5516290000,0.0072482009835321826,0.013792054690640076,0.013045089628096744,5533.971997070313,5550.146201171875,0.9970858057580272,87.64656125031046,77.51474912821868,31.8939895905637
2025-05-14,5896.740234375,5906.5498046875,5872.10986328125,5892.580078125,5233450000,0.001024415597859818,0.013741782104653514,0.013472936991290325,5558.769506835937,5552.4348046875,1.0011408872632037,85.43775993998626,89.94473379606825,43.50413843166462
2025-05-15,5869.81982421875,5924.2099609375,5865.16015625,5916.93017578125,4991290000,0.004132332074135769,0.012202265684420429,0.013597704012482219,5590.831005859375,5553.920810546875,1.0066457907074238,85.0188354744226,100.60077249364531,54.92346524406077
2025-05-16,5929.08984375,5958.6201171875,5907.35986328125,5958.3798828125,4850850000,0.007005272294898557,0.012158147808786442,0.012645698064027131,5624.614990234375,5558.3180078125,1.011927525976148,85.96981074071772,111.10960254701877,66.16069270465238
2025-05-19,5902.8798828125,5968.60986328125,5895.68994140625,5963.60009765625,4144010000,0.0008761131291423752,0.010067012126131729,0.0030901600787373233,5664.884985351562,5562.186005859375,1.0184637801368026,85.30907690002782,118.49323750460917,76.62720166464374
2025-05-20,5944.66015625,5953.06005859375,5909.259765625,5940.4599609375,4416850000,-0.0038802294486252054,0.009438689855572174,0.004069697487520093,5697.519995117187,5568.70400390625,1.0231321311243293,81.72951858442815,121.08184957069079,85.51813124585316
2025-05-21,5910.18017578125,5938.3701171875,5830.91015625,5844.60986328125,5254250000,-0.01613513066101424,0.010278319224263498,0.009076218205250907,5720.957495117187,5574.1548046875,1.0263363138580643,68.61136389059368,114.08395266332445,91.23129552934742
2025-05-22,5841.259765625,5878.080078125,5825.81982421875,5842.009765625,5157050000,-0.00044487103794299543,0.009600097240447929,0.008570187781719911,5738.819482421875,5579.00900390625,1.0286449579851424,63.720186445765464,107.09375267884025,94.40378695924599
2025-05-23,5781.89013671875,5829.509765625,5767.41015625,5802.81982421875,4662820000,-0.006708297825321674,0.009792624151644736,0.006765854343879653,5752.699975585938,5584.635,1.0300941736722162,63.395436926279764,97.27039551125108,94.97710866964702
2025-05-27,5854.06982421875,5924.330078125,5854.06982421875,5921.5400390625,5366380000,0.0204590558452733,0.010566770142590857,0.013510804492382334,5772.3394775390625,5590.287001953125,1.0325658549413175,74.41830677629027,97.93609697134434,95.5689063299865
2025-05-28,5925.5400390625,5939.919921875,5881.8798828125,5888.5498046875,4665050000,-0.005571225417268844,0.010740407219102634,0.013611020846396371,5788.7254638671875,5594.555595703125,1.0347069333466261,69.70298688409585,94.70987745892398,95.39710055577402
2025-05-29,5939.9599609375,5943.1298828125,5873.7998046875,5912.169921875,4569750000,0.004011194261904327,0.010737440055520624,0.010992126071310188,5805.88095703125,5600.505791015625,1.0366708246860648,69.2775858603861,92.98712362843526,94.91510517030628
2025-05-30,5903.669921875,5922.14013671875,5843.66015625,5911.68994140625,6378540000,-8.118516130162234e-05,0.01073054468237703,0.010970196543677596,5821.258447265625,5605.2337890625,1.038539812313387,69.66167033352525,90.53941636056334,94.0399674083577
2025-06-02,5896.68017578125,5937.39990234375,5861.43017578125,5935.93994140625,4832240000,0.0041020419271569075,0.010361994029066304,0.009714298018257255,5833.721948242188,5610.69478515625,1.0397503645494997,59.55229707774052,89.52438170498863,93.1368502676839
2025-06-03,5938.56005859375,5981.35009765625,5929.0,5970.3701171875,5026680000,0.005800290454605506,0.01018770955989615,0.0045813680459252885,5849.721459960938,5616.750986328125,1.0414777999238158,58.8732304091536,90.45547248781531,92.6005747117102
2025-06-04,5978.93994140625,5990.47998046875,5966.10986328125,5970.81005859375,4767050000,7.36874595066439e-05,0.009910654084461479,0.002640846901200942,5867.916455078125,5620.815791015625,1.0439617082732846,58.38062906372762,90.18922301402927,92.11830437217402
2025-06-05,5985.669921875,5999.7001953125,5921.2001953125,5939.2998046875,5091850000,-0.005277383403094138,0.010083937123273724,0.004303159958868172,5883.317456054688,5624.0687890625,1.0460962830853644,52.36020768055359,86.43918709744048,90.98248091722732
2025-06-06,5987.06005859375,6016.8701171875,5978.6298828125,6000.35986328125,4355710000,0.010280683010067904,0.010205153803113293,0.00589793954872943,5900.138452148438,5629.831982421875,1.0480132392175372,54.25327820273456,87.3869506734327,90.2633748684684
2025-06-09,6004.6298828125,6021.31005859375,5994.18017578125,6005.8798828125,4642360000,0.0009199480792858594,0.010180938054413514,0.005920376171147896,5917.436938476562,5636.08337890625,1.0499200492000018,54.28105269923515,87.5739812363363,89.72549614204199
2025-06-10,6009.91015625,6043.009765625,6000.27978515625,6038.81005859375,4882880000,0.00548298940767844,0.007491163648761243,0.005875806164714048,5927.167944335937,5645.24078125,1.0499406799480238,59.76487242511065,89.34942967430834,89.65028284849527
2025-06-11,6049.3798828125,6059.39990234375,6002.31982421875,6022.240234375,5111550000,-0.002743888954607865,0.007432238050593459,0.0062644705998963325,5933.952465820313,5653.448583984375,1.0496164204324023,70.93162283987485,88.40041407208628,89.40030909321348
2025-06-12,6009.89990234375,6045.43017578125,6003.8798828125,6045.259765625,4669500000,0.0038224199557175265,0.007455723833315512,0.004889860330604513,5941.586450195313,5661.6923828125,1.0494364667767013,72.85091918384555,88.48578708661807,89.2174046918944
2025-06-13,6000.56005859375,6026.16015625,5963.2099609375,5976.97021484375,5258910000,-0.011296379879250695,0.007930965280325001,0.006666085560848346,5944.588452148438,5667.8123828125,1.0488329624627757,68.37688220576172,82.09669024552113,87.79326180261975
2025-06-16,6004.0,6050.830078125,6004.0,6033.10986328125,5111710000,0.009392659896159117,0.00805054394507743,0.008119332347827609,5948.324951171875,5680.5441796875,1.0471399857150845,63.56473637530439,80.63378928815928,86.36136729972766
2025-06-17,6012.14990234375,6023.25,5974.7998046875,5982.72021484375,4955700000,-0.008352184790166306,0.008297812501486816,0.008527664277407268,5949.28095703125,5698.716982421875,1.0439684889392224,60.98456154819661,74.54905117796898,83.99890407537593
2025-06-18,5987.93017578125,6018.25,5971.89013671875,5980.8701171875,5106470000,-0.0003092402101070313,0.00824380365768895,0.008532334158014005,5951.30146484375,5717.089384765625,1.0409670138623741,58.44233926325592,68.78465824523664,80.95605490934808
2025-06-20,5999.669921875,6018.2001953125,5952.56005859375,5967.83984375,7451500000,-0.002178658486505891,0.0073109423966858985,0.00803041913605637,5957.462963867188,5736.79078125,1.0384661374332194,56.693609129781336,62.445073214658805,77.25385857041023
2025-06-23,5969.669921875,6028.77001953125,5943.22998046875,6025.169921875,5597000000,0.009606504133156335,0.007543179897493673,0.007774863915252632,5966.6209716796875,5748.156181640625,1.0380060637073207,59.859464207290294,61.339876665463635,74.07106218942091
2025-06-24,6061.2099609375,6101.759765625,6059.25,6092.18017578125,5443690000,0.01112172017970181,0.007566694577197477,0.008231398555137904,5981.0889892578125,5764.6387890625,1.0375479207137823,62.55542481199602,65.1204993198362,72.28094961550397
2025-06-25,6104.22998046875,6108.509765625,6080.08984375,6092.16015625,5171110000,-3.2861029504172024e-06,0.006279196547976158,0.006210914837623982,5989.6199951171875,5779.214794921875,1.0364072296430638,62.51885194785831,67.33881466398998,71.29252262520117
2025-06-26,6112.08984375,6146.52001953125,6107.27001953125,6141.02001953125,5308140000,0.008020121275230219,0.006215605976027952,0.005997744531917718,6002.243505859375,5793.915791015625,1.035956289728407,70.09089273295822,72.20707002826748,71.47543210581443
2025-06-27,6150.7001953125,6187.68017578125,6132.35009765625,6173.06982421875,7889350000,0.005218970885222163,0.006240767596773552,0.004382537015954418,6015.288500976562,5809.44458984375,1.0354326318031633,68.25652767254175,77.75503719725111,72.73135312410177
2025-06-30,6193.35986328125,6215.080078125,6174.97021484375,6204.9501953125,5782900000,0.005164427424532603,0.006250955881581322,0.004111411982104332,6029.951513671875,5828.02958984375,1.0346466881671303,69.93218005530416,83.75880133772444,74.9368427668263
2025-07-01,6187.25,6210.77978515625,6177.97021484375,6198.009765625,6275310000,-0.001118531087121899,0.006286896580653774,0.0038649381641726265,6043.055004882813,5846.33578125,1.0336482937336098,66.81523413042649,86.95443638624147,77.34036149070934
2025-07-02,6193.8798828125,6227.60009765625,6188.2900390625,6227.419921875,5645710000,0.004745096791088033,0.006259294036099412,0.0033516203833148907,6055.907495117188,5867.72017578125,1.0320716247023287,71.09948201305913,90.81331464207324,80.03495212098213
2025-07-03,6246.4599609375,6284.64990234375,6246.4599609375,6279.35009765625,3378110000,0.008338955206607324,0.006388017193669294,0.003439453406725815,6071.334497070313,5887.551982421875,1.0312154381306775,72.72146481425838,96.94432086332836,83.41682586945137
2025-07-07,6259.0400390625,6262.06982421875,6201.0,6229.97998046875,5236740000,-0.007862297279128794,0.006577872630989022,0.00641510692032937,6085.868505859375,5904.634384765625,1.0306935382081144,75.49417460442415,96.70468025404716,86.07439674637054
2025-07-08,6234.02978515625,6242.7001953125,6217.75,6225.52001953125,5739030000,-0.0007158868810946961,0.006340895105997771,0.006191498844530849,6097.126513671875,5919.449384765625,1.030015820282799,71.64191564147627,95.05909964202783,87.87133732550201
2025-07-09,6243.330078125,6269.16015625,6231.43017578125,6263.259765625,4813340000,0.0060621034026635545,0.006404589069141375,0.006496056966818842,6109.9955078125,5934.210380859375,1.0296223281062153,82.478775976746,95.69711053590709,89.43649196758304
2025-07-10,6266.7998046875,6290.22021484375,6251.43994140625,6280.4599609375,5367350000,0.0027462050044453346,0.006358016891849176,0.006353567925281842,6122.0780029296875,5949.244580078125,1.0290513224872817,83.49382594739772,96.47850661118628,90.8448948963037
2025-07-11,6255.68017578125,6269.43994140625,6237.60009765625,6259.75,4656210000,-0.0032975229626984737,0.006380844072340729,0.0053761236694318485,6133.9534912109375,5963.222978515625,1.0286305766714448,82.08430561429194,94.33916469667565,91.5437488563781
2025-07-14,6255.14990234375,6273.31005859375,6239.22021484375,6268.56005859375,4722250000,0.001407413809457303,0.0063664849675458355,0.0035342597946465353,6145.118505859375,5977.212978515625,1.028090939363758,79.94530745930801,92.29074861504705,91.6931488081119
2025-07-15,6295.2900390625,6302.0400390625,6241.68017578125,6243.759765625,5133670000,-0.003956298214731202,0.005751566577957472,0.004214348553523571,6158.457983398437,5990.00537109375,1.0281222806773425,70.81101518684227,87.65574684857074,90.88566841620367
2025-07-16,6254.5,6268.1201171875,6201.58984375,6263.7001953125,5177460000,0.003193657417327689,0.005505405126944137,0.0034002246154012936,6169.9875,6001.5459765625,1.0280663555849285,72.33003661141055,84.61609886587848,89.63175450613865
2025-07-17,6263.39990234375,6304.68994140625,6262.27001953125,6297.35986328125,5512290000,0.00537376740890938,0.00499289760893071,0.004065181531835921,6185.719482421875,6014.485576171875,1.0284702497131912,71.18992468663552,83.95542397249028,88.49648839940899
2025-07-18,6312.9501953125,6315.60986328125,6285.27001953125,6296.7900390625,5184700000,-9.048620868445933e-05,0.00498647557666891,0.0035245480371407486,6201.515478515625,6028.283173828125,1.0287365904507588,68.33319103552766,82.4355881613883,87.28430835180485
2025-07-21,6304.740234375,6336.080078125,6303.7900390625,6305.60009765625,5010840000,0.001399134882868358,0.004869239949048462,0.0035244197294018896,6218.403491210937,6041.769580078125,1.029235459709559,66.00915514507037,81.0081934033442,86.02908536211272
2025-07-22,6306.60009765625,6316.1201171875,6281.7099609375,6309.6201171875,5662040000,0.0006375316336257875,0.004612491624594483,0.0021989689652004564,6232.626000976563,6054.68318359375,1.0293892862742977,67.91897273482698,79.28737920049389,84.68074412978896
2025-07-23,6326.89990234375,6360.64013671875,6317.490234375,6358.91015625,5642510000,0.007811886951519131,0.004330821382176232,0.003408837139746976,6245.9625,6068.66318359375,1.0292155473194768,69.84395540909385,80.96757199583408,83.93810970299799
2025-07-24,6368.60009765625,6381.31005859375,6360.56982421875,6363.35009765625,5282720000,0.0006982236416543941,0.00431524477592515,0.003241084034476901,6259.521997070313,6079.04638671875,1.0296881449606732,64.79809518566435,81.7154383494244,83.49357543228328
2025-07-25,6370.009765625,6395.81982421875,6368.52978515625,6388.64013671875,4470720000,0.00397432777929585,0.004117811010457841,0.0030618582127290577,6271.903002929687,6089.088193359375,1.030023347300124,80.5420830607503,83.38758247361056,83.47237684054875
2025-07-28,6397.68994140625,6401.06982421875,6375.7900390625,6389.77001953125,4565620000,0.00017685810881817865,0.00406348383191209,0.0032547785954990622,6282.738012695312,6099.0319921875,1.0301205208864503,82.02876251123536,83.83751416308951,83.5454043050569
2025-07-29,6405.6201171875,6409.259765625,6363.919921875,6370.85986328125,5076120000,-0.002959442388724254,0.004108359782051567,0.0041009986213879765,6291.03349609375,6108.1105859375,1.029947543938937,72.64497035339575,81.72610898632047,83.18154524130962
2025-07-30,6381.22998046875,6396.5400390625,6336.3798828125,6362.89990234375,5375070000,-0.0012494327466496813,0.004112565032616777,0.002576402575306669,6299.278002929687,6116.200986328125,1.0299331263002647,68.05198859809127,78.50553985296847,82.2463441636414
2025-07-31,6427.02001953125,6427.02001953125,6327.64013671875,6339.39013671875,6077080000,-0.0036948193411530106,0.004175332766947539,0.0030406153715588015,6304.876513671875,6123.716787109375,1.0295832960374403,67.2276736202799,73.21222900230168,80.43952113137345
2025-08-01,6287.27978515625,6287.27978515625,6212.68994140625,6238.009765625,5827150000,-0.015992133140148468,0.005289641279840783,0.00646592548797699,6302.809497070312,6129.667783203125,1.028246508618565,45.28123156937306,60.14339769014441,76.38029644312765
2025-08-04,6271.7099609375,6330.68994140625,6271.7099609375,6329.93994140625,4842580000,0.01473710033091602,0.005963826361045559,0.010955878135059065,6307.8074951171875,6139.374384765625,1.0274348980524002,61.02498497703141,56.552351309149344,72.41470741633199
2025-08-05,6336.6298828125,6346.0,6289.3701171875,6299.18994140625,5517410000,-0.004857865996303334,0.0060902925580046145,0.011037322654863986,6311.490991210938,6148.51798828125,1.0265060626382334,54.41799511050003,50.64139073932074,68.06004408092974
2025-08-06,6309.2998046875,6352.830078125,6301.10986328125,6345.06005859375,5408560000,0.007281907295092482,0.006153586278515825,0.011852544350267353,6315.581005859375,6159.36279296875,1.0253627230837834,55.76283704544436,49.09234105723954,64.2665034761917
2025-08-07,6374.31982421875,6389.7099609375,6310.31982421875,6340.0,5306090000,-0.0007974800154801898,0.0061415735402062755,0.011727785938975742,6318.5580078125,6167.7319921875,1.0244540482329725,55.16432418047999,46.91558986799191,60.79632075455174
2025-08-08,6355.22021484375,6395.16015625,6355.22021484375,6389.4501953125,4769910000,0.007799715348974834,0.006281102959891366,0.007721802553530121,6325.043017578125,6177.75,1.0238425021372062,59.1341821868421,48.62025235299188,58.36110707423977
2025-08-11,6389.669921875,6407.25,6364.06005859375,6373.4501953125,4652400000,-0.0025041278217863283,0.006329921732382325,0.005804825516528939,6330.287524414062,6186.97560546875,1.0231634853737968,56.77643829026653,48.125383902743124,56.31396243994045
2025-08-12,6395.169921875,6446.5498046875,6385.759765625,6445.759765625,5135300000,0.01134543584661274,0.006635884490373779,0.005969296124066635,6340.387524414063,6197.657001953125,1.023029755021286,58.79062007013993,52.957513843828565,55.642672720718075
2025-08-13,6462.669921875,6480.27978515625,6445.02001953125,6466.580078125,5195950000,0.0032300788824048965,0.0066363457359064175,0.005790809552811565,6350.531518554688,6208.2698046875,1.02291487295861,60.11323725961239,57.80074583363785,56.07428734330203
2025-08-14,6453.4599609375,6473.919921875,6441.06982421875,6468.5400390625,4462050000,0.00030309080129242716,0.006581865148813196,0.005589069482897196,6359.09052734375,6218.233203125,1.022652306469941,58.202592788275005,61.092953013447186,57.07802047733107
2025-08-15,6477.3798828125,6481.33984375,6441.85009765625,6449.7998046875,4575060000,-0.0028971350972291088,0.006644100457874703,0.005829756244798038,6366.741015625,6227.812998046875,1.0223076732749834,55.94765487046758,61.48115415274606,57.95864721241407
2025-08-18,6445.02001953125,6455.35009765625,6437.7001953125,6449.14990234375,4162290000,-0.00010076318078544588,0.006650459486152536,0.005463915541926577,6373.918505859375,6238.01,1.021787157420295,58.048062096437405,61.03281634952873,58.573481039837006
2025-08-19,6446.240234375,6456.47998046875,6400.22021484375,6411.3701171875,4377440000,-0.005858103118756786,0.0068327685110927796,0.003448901392886529,6379.006005859375,6246.230205078125,1.0212569496195167,54.694811478255275,56.972251831985886,58.25323519826679
2025-08-20,6406.6201171875,6408.39990234375,6343.85986328125,6395.77978515625,4470390000,-0.0024316693228262354,0.006663082136836275,0.0024795966241129646,6380.8494873046875,6254.028203125,1.0202783358278298,55.546984572230016,51.897968223645876,56.982181803342606
2025-08-21,6380.830078125,6393.64990234375,6352.7099609375,6370.169921875,4013560000,-0.004004181529308926,0.006731286701496036,0.002115375469918381,6381.190478515625,6260.655400390625,1.0192527891117404,65.27790634927445,45.28800800409317,54.643347043492724
2025-08-22,6384.58984375,6478.89013671875,6384.58984375,6466.91015625,5046860000,0.015186444876893468,0.007496518832509305,0.008446054848927775,6385.103979492187,6269.548798828125,1.0184311797183334,65.65980351765694,47.31033128074978,53.17674389094413
2025-08-25,6457.669921875,6466.89013671875,6438.06005859375,6439.31982421875,4059070000,-0.004266385548063467,0.007576246298784503,0.008728065276900706,6387.581469726562,6277.43,1.0175472238999976,66.13764111284304,46.154685352210436,51.772332183197406
2025-08-26,6435.490234375,6468.3701171875,6429.2099609375,6465.93994140625,4867680000,0.004133995191134998,0.007576070314551459,0.00826153539614696,6392.335473632813,6287.20939453125,1.0167206263549937,64.56661779000609,46.8468275444975,50.787231255457435
2025-08-27,6462.259765625,6487.06005859375,6457.83984375,6481.39990234375,4143680000,0.0023909843081744153,0.007568772623549562,0.007929990803589441,6398.260473632812,6296.1751953125,1.016213856056025,66.62273536634228,48.0885104474919,50.247487093864336
2025-08-28,6483.83984375,6508.22998046875,6466.9599609375,6501.85986328125,4283760000,0.0031567194195349924,0.0075022289487564914,0.0070127609534413,6406.383959960937,6306.55798828125,1.0158289152125743,64.18130185971158,50.14545535570687,50.22708074623285
2025-08-29,6489.27978515625,6491.759765625,6444.56982421875,6460.259765625,4234840000,-0.00639818429357164,0.0065901275251543726,0.004788454879838014,6417.4964599609375,6316.14578125,1.0160462855388495,60.28718432984537,47.867037389783945,49.75507207494307
2025-09-02,6401.509765625,6416.5400390625,6360.580078125,6415.5400390625,4784000000,-0.006922279936861564,0.0061096421479651985,0.005453856407995596,6421.77646484375,6325.09978515625,1.0152846094087529,46.16832381966543,41.96907319053207,48.19787229806088
2025-09-03,6445.81982421875,6453.669921875,6416.169921875,6448.259765625,4465360000,0.0051000736279842585,0.0060391202008947395,0.005681516197705395,6429.229956054687,6333.56158203125,1.0151049883678174,47.74513810428135,39.48000166971542,46.454298172391795
2025-09-04,6456.60009765625,6502.5400390625,6445.97998046875,6502.080078125,4670770000,0.008346486409699372,0.0061000487546946786,0.0069343134214562485,6437.08095703125,6341.759580078125,1.0150307459230348,53.66077233822573,41.3733181229818,45.4381021625098
2025-09-05,6529.080078125,6532.64990234375,6443.97998046875,6481.5,5066120000,-0.003165152978388819,0.006164320366474631,0.006940827181533208,6444.15595703125,6349.546376953125,1.0149002108908958,53.44611967837208,40.743479275849495,44.49917758517774
2025-09-08,6498.08984375,6508.669921875,6483.2900390625,6495.14990234375,5211500000,0.0021059789159529885,0.005968056799342202,0.006165882128521853,6449.440942382813,6356.628974609375,1.014600815643663,54.86319175867402,40.87458373613481,43.77425881536916
2025-09-09,6503.330078125,6518.22998046875,6483.080078125,6512.60986328125,4798350000,0.0026881536531127015,0.005927838482930635,0.0042396850712840385,6456.39892578125,6363.419775390625,1.0146115066540486,61.18373145969598,41.90431108053235,43.4002692684018
2025-09-10,6550.2900390625,6555.97021484375,6516.33984375,6532.0400390625,5253010000,0.002983469943562689,0.005441948759639642,0.004082206350902277,6460.712939453125,6369.961572265625,1.014246768392234,64.92574593696615,43.78352104424175,43.47691962356979
2025-09-11,6554.41015625,6592.89013671875,6545.7998046875,6587.47021484375,5426460000,0.008485890387959882,0.005692741565523602,0.004131514173728771,6466.7574462890625,6377.75078125,1.0139558079473305,72.3430896382479,49.17865944230107,44.61726758731605
2025-09-12,6590.66015625,6600.2099609375,6579.490234375,6584.2900390625,4641640000,-0.00048276131466740146,0.005700089953131035,0.0032787004455783735,6472.544946289063,6384.88818359375,1.013728785872954,64.94444803628534,52.59148992612336,46.21211205507752
2025-09-15,6603.490234375,6619.6201171875,6602.06982421875,6615.27978515625,5045020000,0.004706619226962694,0.005686880212726038,0.0032767344687677207,6480.8189453125,6391.60677734375,1.0139577059535294,72.21042977908274,57.13814324228133,48.397318292518285
2025-09-16,6624.1298828125,6626.990234375,6600.10986328125,6606.759765625,5359510000,-0.0012879303382402618,0.005708236821747797,0.003982871208148596,6488.699438476562,6399.142373046875,1.0139951668846907,68.6259744118008,59.36952940210995,50.59176051443662
2025-09-17,6604.8701171875,6624.39013671875,6551.14990234375,6600.35009765625,5805340000,-0.0009701681605103207,0.005489534359429942,0.004334404596140635,6498.1484375,6406.638974609375,1.0142835366958078,66.11923509561305,59.929878043760255,52.45938402030135
2025-09-18,6626.85009765625,6656.7998046875,6611.89013671875,6631.9599609375,5292400000,0.004789119185128365,0.0054569270267922475,0.003114293637535281,6509.957446289062,6414.012978515625,1.0149585708814144,67.1130464941521,62.20752059690585,54.40901133562227
2025-09-19,6647.10986328125,6671.81982421875,6630.31005859375,6664.35986328125,9125960000,0.004885418870829605,0.00531705400460978,0.003246595317381079,6524.666943359375,6421.6909765625,1.0160356465567575,77.512726372783,65.86768836144165,56.700746740786144
2025-09-22,6654.27978515625,6698.8798828125,6648.06982421875,6693.75,5642620000,0.004410046474333074,0.004407891062930955,0.0031968080355086236,6536.008935546875,6430.3709765625,1.0164279727202996,89.11950324614692,70.32922457205859,59.42644230704063
2025-09-23,6692.43994140625,6699.52001953125,6645.580078125,6656.919921875,5633620000,-0.005502159197012135,0.004504049829559693,0.004633497066327081,6546.888940429688,6438.138173828125,1.01689164843396,79.0047321309793,70.0852455752829,61.558202960689094
2025-09-24,6669.7900390625,6672.66015625,6621.759765625,6637.97021484375,5459180000,-0.002846617843333288,0.00457322221580587,0.004950974183973603,6555.490454101562,6446.0223828125,1.0169822667046495,70.91714255220961,67.58374414141053,62.763311196833385
2025-09-25,6608.18994140625,6619.0,6569.22021484375,6604.72021484375,5874670000,-0.0050090613431266195,0.004777135161236191,0.0050863281702815885,6561.656469726562,6452.842783203125,1.0168629068116586,68.25487305392514,62.20127157479783,62.650903272426284
2025-09-26,6615.3798828125,6648.97021484375,6604.43017578125,6643.7001953125,5103110000,0.005901836747171263,0.004882047990307594,0.00538266436908192,6568.748486328125,6459.76958984375,1.0168703999374398,70.47108299969722,60.384902375389174,62.197703093018866
2025-09-29,6661.580078125,6677.31005859375,6644.490234375,6661.2099609375,5358760000,0.00263554421636214,0.004559962406444371,0.005014930031257014,6578.79599609375,6467.05798828125,1.017278027816509,70.47513580210367,59.670464478412214,61.69225537009754
2025-09-30,6656.18994140625,6691.25,6641.0,6688.4599609375,6057210000,0.0040908483833717035,0.004128503333099692,0.004667742829269261,6592.4419921875,6474.715185546875,1.0181825459911225,71.09795677509774,60.6045035679208,61.474705009662195
2025-10-01,6664.919921875,6718.47998046875,6656.2001953125,6711.2001953125,6037950000,0.003399920834961989,0.004080558772103083,0.004209480498184589,6605.589013671875,6482.746787109375,1.018949101452916,68.30274917911774,62.459686752658854,61.67170135826153
2025-10-02,6731.31005859375,6731.93994140625,6693.22998046875,6715.35009765625,5416130000,0.0006183547238911569,0.0038054045890303233,0.0019386470756343618,6616.252514648438,6489.8755859375,1.0194729355035366,69.33158943230548,63.53243289060083,62.0438476647294
2025-10-03,6722.14013671875,6750.8701171875,6705.669921875,6715.7900390625,5713110000,6.551280273581206e-05,0.0036571904108734536,0.0017503747816326072,6627.967016601562,6496.924384765625,1.0201699487442417,66.29389405426627,63.68398222321139,62.37187457642581
2025-10-06,6733.85986328125,6749.52001953125,6717.77978515625,6740.27978515625,5604460000,0.0036465919796933033,0.0036804929775692287,0.0018728654533800304,6640.2235107421875,6503.957177734375,1.0209512961546403,70.57960260036215,65.03057204714423,62.9036140705695
2025-10-07,6746.14013671875,6754.490234375,6699.9599609375,6714.58984375,5546150000,-0.0038114057910215715,0.0038848351773413986,0.003028980481983761,6650.322509765625,6510.45357421875,1.02148374670864,66.62011351769897,63.29516336913275,62.981923930282164
2025-10-08,6723.8701171875,6755.64013671875,6718.08984375,6753.72021484375,5383130000,0.0058276636405680815,0.003991232412147348,0.0036781993193208988,6661.406518554688,6518.11078125,1.021984243918789,67.33490254526546,64.33571137681156,63.25268141958804
2025-10-09,6760.5,6764.580078125,6716.169921875,6735.10986328125,5385020000,-0.002755570407195318,0.003767254111995745,0.004111449627314323,6668.788500976562,6525.55498046875,1.021949630481471,60.48427243363396,62.933198592920235,63.18878485425448
2025-10-10,6740.490234375,6762.39990234375,6550.77978515625,6552.509765625,6596610000,-0.02711167321141361,0.007357132552654708,0.013107741677412495,6667.199487304688,6529.817373046875,1.0210391970263801,35.6059475114203,46.55078678574955,59.8611852405535
2025-10-13,6622.52978515625,6668.68017578125,6620.7099609375,6654.72021484375,5303960000,0.015598671787557583,0.008105739562110425,0.01584628656940311,6669.1715087890625,6538.15158203125,1.0200392917040795,49.80218479321395,41.33861067181897,56.1566703268066
2025-10-14,6602.490234375,6680.7001953125,6555.06982421875,6644.31005859375,5666920000,-0.0015643266604626893,0.00810887598720269,0.015829895693364043,6671.0490234375,6544.438984375,1.0193462020755002,50.57902247591865,35.95346181421701,52.11602862428868
2025-10-15,6688.27001953125,6724.1201171875,6612.10986328125,6671.06005859375,5633060000,0.004026001159503689,0.008144084190313273,0.015626338282229285,6674.584521484375,6551.87638671875,1.0187287011419148,56.13166673887613,33.45850516721566,48.38452393287408
2025-10-16,6689.02001953125,6709.33984375,6593.990234375,6629.06982421875,6048180000,-0.006294387099829435,0.008218259469530488,0.0157284639290733,6674.440014648438,6557.55658203125,1.0178242354686602,48.65522555928668,27.772825221078165,44.2621841905149
2025-10-17,6613.27001953125,6678.8798828125,6603.759765625,6664.009765625,5358120000,0.0052707155502571545,0.008230730445937471,0.008235964711678688,6674.422509765625,6564.03677734375,1.0168167449644523,50.24935855620787,25.78896503105807,40.56754035862354
2025-10-20,6690.0498046875,6744.35009765625,6690.0498046875,6735.1298828125,4672170000,0.010672270853256949,0.00852015593643291,0.006531102002362406,6676.49150390625,6570.95037109375,1.0160617759763924,53.855288335877184,29.61416693667161,38.37686567423316
2025-10-21,6736.75,6752.16015625,6722.02978515625,6735.35009765625,5245020000,3.2696450934288634e-05,0.008409479174206898,0.006323149397162218,6680.413012695312,6578.188369140625,1.0155399386302528,52.07205848467711,32.29120360881461,37.15973326114945
2025-10-22,6741.33984375,6741.75,6655.68994140625,6699.39990234375,5710010000,-0.005337539220865439,0.008481653457203496,0.007176591572027102,6683.4844970703125,6583.261171875,1.015223963105624,48.70229031894117,31.152784240307483,35.958343456981055
2025-10-23,6703.64990234375,6749.52978515625,6700.14013671875,6738.43994140625,5565750000,0.0058273934429324825,0.008457621491555033,0.0061217630970227645,6690.170483398438,6588.698369140625,1.0154009348391293,51.733892520866746,33.02014785982101,35.37070433754905
2025-10-24,6772.06982421875,6807.10986328125,6772.06982421875,6791.68994140625,5058220000,0.00790242258787388,0.00852971065763688,0.006439208214186071,6697.569970703125,6595.1613671875,1.015527838943431,53.76955882900507,38.35474730120859,35.96751293028096
2025-10-27,6845.4599609375,6877.27978515625,6843.93994140625,6875.16015625,5290650000,0.012290050865671143,0.008884783064285987,0.006894202210124519,6708.26748046875,6603.66857421875,1.0158395148203474,60.85385737578306,48.75577827785128,38.52516599979503
2025-10-28,6897.740234375,6911.2998046875,6870.72998046875,6890.89013671875,5695930000,0.0022879438603986557,0.008867520636452233,0.006626641014342069,6718.388989257813,6612.50337890625,1.016012938562623,59.57500037492348,57.60392602312368,42.34091800446076
2025-10-29,6910.9501953125,6920.33984375,6851.91015625,6890.58984375,6280130000,-4.3578255173426506e-05,0.00886272261179615,0.004819630840827955,6727.358471679688,6622.0877734375,1.0158969046989152,61.137822698950025,63.85582551808693,46.643899507186
2025-10-30,6860.5,6880.75,6820.68994140625,6822.33984375,6052700000,-0.00990481243951924,0.00921430060630701,0.008447265688311539,6732.707958984375,6630.618974609375,1.015396599437538,73.11646328301867,62.58189121336454,49.83149784842171
2025-10-31,6879.169921875,6879.169921875,6814.259765625,6840.2001953125,6398280000,0.0026179217059763005,0.009220810478638463,0.00791731384548111,6738.928466796875,6640.019580078125,1.0148958727494575,68.57468101149209,62.29536798002573,52.324271874742514
2025-11-03,6882.31982421875,6882.31982421875,6820.6201171875,6851.97021484375,6065720000,0.0017207127269924793,0.009201300276763765,0.005266625448430857,6744.51298828125,6647.72078125,1.0145602094637087,70.73940275856957,62.299884178847606,54.31939433556354
2025-11-04,6788.52001953125,6820.2099609375,6766.7099609375,6771.5498046875,5739510000,-0.011736830084583816,0.009576211323971538,0.006809808068775365,6747.360986328125,6654.365380859375,1.013975127626181,59.064366635512954,55.178148946898546,54.49114525783054
2025-11-05,6769.77001953125,6829.77978515625,6763.10986328125,6796.2900390625,5939600000,0.0036535556982648654,0.009524347276125038,0.007445801087847632,6749.489477539062,6660.9723828125,1.0132889148369637,65.56805463754532,50.943210992272725,53.78155840471897
2025-11-06,6787.58984375,6796.68017578125,6707.509765625,6720.31982421875,6051900000,-0.011178189042419073,0.009849888857258801,0.007767395980037682,6748.749975585937,6665.75078125,1.0124515897848154,54.87033472333316,40.984388208466044,51.22212436546839
2025-11-07,6696.18017578125,6730.10986328125,6631.43994140625,6728.7998046875,5926070000,0.0012618418007710464,0.007515908451943202,0.007543309650951006,6757.564477539063,6670.289580078125,1.0130841242217725,49.38596840228637,33.391298848762744,47.65595926212727
2025-11-10,6785.35986328125,6841.31982421875,6770.56005859375,6832.43017578125,5366050000,0.01540101862170995,0.0074962982696779685,0.011330121708772201,6766.449975585938,6677.73298828125,1.0132854948618606,57.843431195411185,35.32857982116093,45.19048337393401
2025-11-11,6815.64013671875,6855.1298828125,6806.8701171875,6846.60986328125,4983490000,0.002075350517340535,0.007466064833611987,0.009437189916704721,6776.564965820313,6686.354384765625,1.013491743910587,62.327246975084314,37.57493081296889,43.667372861740986
2025-11-12,6867.77001953125,6869.91015625,6829.6201171875,6850.919921875,5293610000,0.0006295171887717999,0.007444834203455777,0.009421056086719577,6785.557958984375,6694.407587890625,1.0136158980308623,60.00067724970631,39.25051041445295,42.78400037228338
2025-11-13,6826.47021484375,6828.0498046875,6724.72021484375,6737.490234375,5473720000,-0.01655685496159698,0.008304058679235836,0.01135821548048341,6790.978979492187,6699.115791015625,1.0137127333430722,45.64690011098344,31.06746511174606,40.44069332017592
2025-11-14,6672.14013671875,6774.31005859375,6646.8701171875,6734.10986328125,5042660000,-0.0005017255648851471,0.008242198130530716,0.011358439055615675,6794.483984375,6704.16798828125,1.0134716188871788,36.998814518502776,24.032542862982154,37.15906322873717
2025-11-17,6713.60986328125,6754.5,6638.89990234375,6672.41015625,5204220000,-0.00916226617680782,0.008153670583018333,0.007944045164117067,6791.347998046875,6707.713193359375,1.0124684527016299,31.435074812026016,13.325062558888021,32.39226309476734
2025-11-18,6641.18994140625,6666.6298828125,6574.31982421875,6617.31982421875,5159390000,-0.008256436690967983,0.008337194615164554,0.007031341969339032,6785.446484375,6709.807392578125,1.0112729155058224,28.757372103633415,0.38948811234513414,25.991708098282896
2025-11-19,6625.83984375,6689.75,6603.5,6642.16015625,5021610000,0.0037538357962292324,0.008327511970695103,0.007934139521897341,6782.584497070313,6712.009794921875,1.0105146899818043,34.98006339985379,-7.768094874474627,19.239747503731394
2025-11-20,6737.93017578125,6770.35009765625,6534.0498046875,6538.759765625,5596080000,-0.015567283563270418,0.008844130168691892,0.007615420520587893,6772.60048828125,6711.0355859375,1.0091736814021304,28.0080223428661,-22.319302508029068,10.927937501379299
2025-11-21,6555.77001953125,6660.0498046875,6521.919921875,6602.990234375,5929930000,0.009823035415319481,0.008960860748644071,0.010364563945251417,6763.165502929687,6711.40958984375,1.0077116308270408,33.12691633923862,-28.341672206591284,3.0740155597851806
2025-11-24,6636.5400390625,6715.75,6630.7001953125,6705.1201171875,6039740000,0.015467217001293498,0.009239592968958734,0.012795279654694444,6754.663500976562,6713.206396484375,1.0061754550722437,45.62681615964204,-24.589957846272227,-2.4587791214263026
2025-11-25,6697.02978515625,6776.39990234375,6659.97998046875,6765.8798828125,5003330000,0.009061696817220577,0.009495207378699562,0.011965324554661441,6748.41298828125,6716.388798828125,1.0047680666519354,48.08868876929725,-16.523420188230375,-5.271707334787118
2025-11-26,6793.5498046875,6831.43994140625,6783.8701171875,6812.60986328125,4485000000,0.006906711511012631,0.009653002325590422,0.0119986956049539,6744.513989257813,6720.633994140625,1.0035532354742138,56.0218661827339,-6.287434462192323,-5.47485276026816
2025-11-28,6822.52001953125,6850.85986328125,6819.75,6849.08984375,2558540000,0.005354773163420257,0.009473965698211819,0.0038618321793842105,6745.851489257812,6724.976591796875,1.0031040847765031,57.57216414992734,4.713948060982148,-3.4370925960180982
2025-12-01,6812.2998046875,6843.64990234375,6799.93994140625,6812.6298828125,4549370000,-0.005323329342915684,0.009535202686370831,0.007550297305651798,6744.472973632813,6727.9419921875,1.0024570636109094,48.63844506538324,10.371057734427268,-0.6754625299290242
2025-12-02,6830.9599609375,6851.5498046875,6806.7099609375,6829.3701171875,4582290000,0.002457235261999813,0.009544261133538158,0.005584210643047339,6743.34296875,6730.65439453125,1.0018851917621947,48.81867949868408,16.020480787873566,2.6637261336314952
2025-12-03,6815.2900390625,6862.419921875,6810.43017578125,6849.72021484375,4736780000,0.0029797912994984355,0.009161271879689292,0.004717049680825719,6747.251489257813,6734.510400390625,1.00189191019238,49.91956061829303,21.887466972833863,6.50847430147197
2025-12-04,6866.47021484375,6866.47021484375,6827.1201171875,6857.1201171875,4872440000,0.0010803218396737702,0.009134366849824374,0.004016165821120287,6750.292993164063,6738.8933984375,1.0016916122651838,59.35059324259133,26.82498434775698,10.571776310728973
2025-12-05,6866.31982421875,6895.77978515625,6858.2900390625,6870.39990234375,4944560000,0.001936641757662061,0.008714070992398777,0.00339898756104104,6757.7969970703125,6744.2069921875,1.002015063431261,60.49045297445357,31.447067895015607,14.746834627586304
2025-12-08,6875.2001953125,6878.27001953125,6827.18994140625,6846.509765625,4757130000,-0.003477255626794018,0.008774835069333757,0.0025967560180808146,6763.6824951171875,6748.26318359375,1.0022849303745185,64.22891020074577,32.80422138729773,18.35831197952859
2025-12-09,6840.60986328125,6864.919921875,6837.43017578125,6840.509765625,4508050000,-0.0008763589340257116,0.008087412583228891,0.0025551987401129695,6764.086474609375,6751.8491796875,1.001812436059545,69.8323746020231,33.015048523560836,21.28965928833504
2025-12-10,6833.490234375,6900.669921875,6824.68994140625,6886.68017578125,5526570000,0.00674955693920154,0.00821433957129195,0.0037905671378183053,6766.089990234375,6755.813583984375,1.0015211204575512,70.93418054887863,36.48709625220272,24.32914668110858
2025-12-11,6861.2998046875,6903.4599609375,6833.4501953125,6901.0,5021060000,0.002079350841514227,0.008223570433522712,0.0038166585431227457,6768.593994140625,6759.609580078125,1.0013291320979512,86.59432657418131,39.9338763618689,27.450092617260644
2025-12-12,6886.85009765625,6899.85009765625,6801.7900390625,6827.41015625,4910160000,-0.010663649289958,0.00767116974069468,0.006496033337394852,6773.089990234375,6761.85078125,1.0016621498089755,72.25064532932612,36.308843312611316,29.221842756330783
2025-12-15,6860.18994140625,6861.58984375,6801.490234375,6816.509765625,4975600000,-0.0015965630269072495,0.007684025395874569,0.006387477212141658,6777.209985351563,6763.86517578125,1.0019729561757225,63.483134113819915,32.185394881566936,29.814553181378017
2025-12-16,6800.1201171875,6819.27001953125,6759.740234375,6800.259765625,4983180000,-0.0023839179519623555,0.0073722541784154985,0.0064238296747377585,6783.602465820312,6765.064775390625,1.002740208859067,54.664075292920614,27.291691468280987,29.30998083875861
2025-12-17,6802.8798828125,6812.259765625,6720.43017578125,6721.43017578125,5122120000,-0.011592143912241393,0.007625482313299479,0.005998658304933299,6788.8079833984375,6765.20158203125,1.0034893862482808,38.62131833204965,16.858176596053454,26.81961999021758
2025-12-18,6778.06005859375,6816.1298828125,6758.5,6774.759765625,5101190000,0.007934262269941872,0.007766457757990687,0.007941710847341323,6795.437963867187,6765.622373046875,1.0044069250656218,41.09840245128997,12.745866679752908,24.004869328124645
2025-12-19,6792.6201171875,6840.02001953125,6792.6201171875,6834.5,8554470000,0.008818059450332205,0.00689049942708691,0.008411929506640351,6810.2249755859375,6767.61017578125,1.0062968756618385,52.48078623033483,14.144322146415107,22.03275989178274
2025-12-22,6865.2099609375,6882.02978515625,6855.740234375,6878.490234375,4465030000,0.006436496360377575,0.0067340983179769295,0.008735345807379639,6823.999975585937,6774.12978515625,1.0073618593105442,55.24742683188913,18.587981768198915,21.343804267065977
2025-12-23,6872.41015625,6910.8798828125,6868.81005859375,6909.7900390625,3820560000,0.004550388765703239,0.005992388954195961,0.008442118895106626,6834.233471679688,6779.231181640625,1.0081133521730337,56.27047078863698,24.35450313619822,21.945944040892428
2025-12-24,6904.91015625,6937.31982421875,6904.91015625,6932.0498046875,1798270000,0.0032214822012188726,0.005742716009556757,0.0023189603202002644,6842.541967773437,6784.9859765625,1.0084828460087838,57.586285994518505,30.370596586782085,23.630874550070363
2025-12-26,6936.02001953125,6945.77001953125,6921.60009765625,6929.93994140625,2586550000,-0.00030436354912266594,0.005591912955145166,0.003431648621890851,6848.408471679688,6790.16357421875,1.0085778342192058,56.167655342084394,34.56964826965486,25.818629293987268
2025-12-29,6903.60009765625,6920.2099609375,6888.759765625,6905.740234375,3541750000,-0.00349205148036813,0.005568257319879062,0.003972335001927541,6851.240991210938,6795.696982421875,1.0081734086926972,56.131654875541116,35.535086511354166,27.76192073746065
2025-12-30,6900.43994140625,6913.25,6893.47021484375,6896.240234375,3309930000,-0.0013756671519022934,0.005421743787768618,0.0033132961673506206,6855.4215087890625,6800.341591796875,1.00809958091791,55.727821103449664,35.12869098549072,29.23527478706667
2025-12-31,6898.81982421875,6901.419921875,6844.5498046875,6845.5,3261830000,-0.007357666300846111,0.005684892376116406,0.003916757509729392,6856.228002929687,6802.548994140625,1.007891013917768,45.80700395450283,30.362308945449513,29.46068161874324
2026-01-02,6878.10986328125,6894.8701171875,6824.31005859375,6858.47021484375,4184120000,0.0018947067188299638,0.005661426606735326,0.0035101233990944003,6856.665502929687,6805.011396484375,1.0075905980807025,45.6576513697435,27.31661583670939,29.031868462336472
2026-01-05,6892.18994140625,6920.3798828125,6891.56005859375,6902.0498046875,5771930000,0.006354126864826393,0.005830799956078308,0.00522073717703417,6858.9119873046875,6809.06439453125,1.0073207697688207,58.11831360519361,28.09552309418723,28.844599388706627
2026-01-06,6908.02978515625,6948.68994140625,6904.02001953125,6944.81982421875,5509680000,0.006196712678341321,0.005968280749667596,0.005741644543473362,6862.632983398437,6813.1919921875,1.0072566560971172,63.051077097899835,31.79745457653553,29.435170426272407
2026-01-07,6945.06982421875,6965.68994140625,6919.18994140625,6920.93017578125,5214480000,-0.003439923431013958,0.005966958703598775,0.00603470999757406,6866.35400390625,6815.776796875,1.0074206078835268,62.08617352273472,32.42973714944128,30.034083770906182
2026-01-08,6914.10986328125,6931.27978515625,6899.330078125,6921.4599609375,5333200000,7.65482590914246e-05,0.00595870446148061,0.004172532786445773,6870.401513671875,6816.70279296875,1.0078775211908189,73.76166009876789,32.597807643248416,30.54682854537463
2026-01-09,6927.830078125,6978.35986328125,6917.64013671875,6966.27978515625,5163900000,0.006475487031883276,0.005944127832455971,0.004568353971841372,6874.381494140625,6818.2105859375,1.008238365109898,73.22023743980829,35.93337241062454,31.62413731842462
2026-01-12,6944.1201171875,6986.330078125,6934.06982421875,6977.27001953125,5019040000,0.001577633215136931,0.005938574677039391,0.00421177062656612,6878.194995117187,6819.944189453125,1.0085412437471477,69.63019954266717,39.013923361865636,33.102094527112826
2026-01-13,6977.41015625,6985.830078125,6938.77001953125,6963.740234375,5091730000,-0.0019391230550597216,0.005362750558518589,0.003824487077767027,6885.011499023438,6822.772197265625,1.0091222892921379,62.793059483857725,39.90355821590856,34.46238726487197
2026-01-14,6937.41015625,6941.2998046875,6885.740234375,6926.60009765625,5530830000,-0.005333360445499591,0.005520842180644968,0.004372776495977226,6890.516015625,6824.5001953125,1.0096733560587843,52.479148993779624,37.1830782269426,35.006525457286095
2026-01-15,6969.4599609375,6979.33984375,6937.93017578125,6944.47021484375,5114050000,0.0025799262171273263,0.005480853712834123,0.0045006425464936385,6897.726538085937,6826.3501953125,1.010456003681506,51.85579149649591,36.053445666762855,35.21590949918145
2026-01-16,6960.5400390625,6967.2998046875,6925.08984375,6940.009765625,5356550000,-0.0006423023039563436,0.004631086334824728,0.003120059292657523,6908.655517578125,6829.71939453125,1.011557740294584,51.49408466214112,34.4017211230539,35.05307182395594
2026-01-20,6865.240234375,6871.169921875,6789.0498046875,6796.85986328125,5769500000,-0.02062675805627745,0.0065745617272173745,0.009082063823503817,6909.760522460938,6829.730791015625,1.0117178456800362,38.05979020417343,21.296227106993683,32.30170288056349
2026-01-21,6810.7099609375,6910.39013671875,6804.9599609375,6875.6201171875,5835520000,0.011587741323274559,0.006791596297435411,0.01187779003340365,6911.8165283203125,6832.836796875,1.0115588493905538,48.03692788278279,17.068567125600566,29.255075729570905
2026-01-22,6914.43994140625,6934.75,6893.6201171875,6913.35009765625,5307580000,0.005487502192628835,0.006749815381324582,0.012210643104947405,6913.559521484375,6836.527802734375,1.011267667004761,56.62352890706554,16.57158333568259,26.71837725079324
2026-01-23,6907.85009765625,6932.9599609375,6895.5,6915.60986328125,4871930000,0.0003268698377891788,0.006674650384420337,0.012117965150053752,6913.850512695312,6838.191396484375,1.0110641998481988,55.69710719258445,16.173624822662532,24.609426765167097
2026-01-26,6923.22998046875,6964.66015625,6921.60009765625,6950.22998046875,4968050000,0.005006083031276365,0.006730784247754608,0.012393391221781548,6914.759521484375,6840.263798828125,1.0108907674977408,54.89118958322799,18.4392379020901,23.3753889925517
2026-01-27,6965.9599609375,6988.81982421875,6958.830078125,6978.60009765625,5331720000,0.004081896177137168,0.006786341588322454,0.004058109661752736,6917.192529296875,6842.81740234375,1.0108690795881317,53.532613690907795,22.267300370705925,23.153771268182545
2026-01-28,7002.0,7002.27978515625,6963.4599609375,6978.02978515625,5507670000,-8.172305219089626e-05,0.006726726805115284,0.00264663666801088,6920.8070068359375,6847.628193359375,1.0106867387378786,56.277430880622525,24.96724118947168,23.516465252440376
2026-01-29,6977.740234375,6992.83984375,6870.7998046875,6969.009765625,6877780000,-0.001292631274007694,0.006725506141150956,0.0027648350225249548,6924.445483398437,6852.32619140625,1.010524789681296,55.131742585527284,26.078506755077797,24.028873552967863
2026-01-30,6947.27001953125,6964.08984375,6893.47998046875,6939.02978515625,6697340000,-0.004301899620894223,0.0065693864941766,0.0038593614912719692,6929.12197265625,6857.658583984375,1.010420960419169,46.961765102980316,24.26040006104995,24.075178854584284
2026-02-02,6916.64013671875,6991.919921875,6914.33984375,6976.43994140625,5772050000,0.00539126612916796,0.006648916267246435,0.003969516307902892,6935.020458984375,6864.840986328125,1.010223029607826,49.91259963641449,25.543771667596957,24.368897417186822
2026-02-03,6985.4501953125,6993.080078125,6862.0498046875,6917.81005859375,7017660000,-0.008403983020698336,0.006825335003321173,0.005118030696880631,6935.8084716796875,6870.353984375,1.0095270909553637,45.58339225899872,21.581137440760358,23.81134542190153
2026-02-04,6924.5,6936.08984375,6838.7998046875,6882.72021484375,7475750000,-0.005072391906223106,0.006763567070665496,0.00520030211316185,6932.7034912109375,6877.233193359375,1.0080657869657705,45.76384319064167,15.431380782233646,22.135352493967957
2026-02-05,6837.39013671875,6857.85009765625,6780.1298828125,6798.39990234375,6989120000,-0.012251015567674717,0.007240296777403509,0.006569039471938479,6926.576977539063,6881.14138671875,1.0066029148751408,37.501921804290134,3.71093247960016,18.450468491094398
2026-02-06,6816.740234375,6944.89013671875,6816.740234375,6932.2998046875,6283680000,0.0196957966973359,0.008580076548817291,0.012877806750527195,6927.118969726563,6885.68498046875,1.0060174099418344,49.45994347020693,5.167428925419699,15.793860577959459
2026-02-09,6917.259765625,6980.10009765625,6905.8701171875,6964.81982421875,5650260000,0.004691086716887227,0.008519500495729726,0.01280639276868721,6927.045971679688,6889.663779296875,1.005425836961035,63.92285686068481,8.843860132752525,14.403860488918072
2026-02-10,6974.490234375,6986.830078125,6937.52978515625,6941.81005859375,5595950000,-0.003303712975458173,0.008542539697018636,0.012184360879131795,6925.272973632813,6892.247783203125,1.0047916429397927,56.045514508931554,9.787933363480079,13.480675063830473
2026-02-11,6976.47998046875,6993.47998046875,6911.97021484375,6941.47021484375,6175510000,-4.895607156218951e-05,0.008532970356379522,0.011784588287868667,6924.15947265625,6894.095390625,1.0043608450895722,52.756657814471524,10.388938434693955,12.86232773800317
2026-02-12,6957.5400390625,6973.22021484375,6824.0400390625,6832.759765625,7118700000,-0.01566101212770199,0.009154569757992117,0.012848547181023979,6919.467456054687,6894.49798828125,1.0036216513248504,43.280507344921844,2.069360265805699,10.703734243563677
2026-02-13,6834.27001953125,6881.9599609375,6794.5498046875,6836.169921875,5718360000,0.0004990891480125548,0.00912781161947485,0.007749544208178479,6914.05244140625,6894.633984375,1.0028164594487912,40.25595354793498,-4.200374955014922,7.722912403847957
2026-02-17,6819.85986328125,6866.990234375,6775.5,6843.22021484375,5418480000,0.0010313220779065713,0.009136479414314936,0.00700649674535473,6909.212963867188,6894.503984375,1.0021334354908666,37.997406042639255,-8.502276615357914,4.477874600006782
2026-02-18,6855.47998046875,6909.1201171875,6849.66015625,6881.31005859375,5098160000,0.005566070147410729,0.007920453769315414,0.008104398783882551,6913.435473632812,6894.987783203125,1.002675521844234,41.95986140967275,-8.73731429379859,1.8348368212457067
2026-02-19,6861.33984375,6879.1201171875,6833.06005859375,6861.89013671875,5151690000,-0.0028221256867719813,0.00751805416283888,0.008055966071275414,6912.748974609375,6894.817587890625,1.0026007050208614,41.24668530265391,-10.371057646779263,-0.606342072359288
2026-02-20,6843.259765625,6915.85986328125,6836.330078125,6909.509765625,5432480000,0.006939724763506794,0.00758133325499336,0.003977024805334625,6912.556958007813,6896.077587890625,1.0023896729564246,47.65535498352927,-7.734150473296722,-2.031903752546776
2026-02-23,6901.25,6916.9599609375,6819.81982421875,6837.75,5638350000,-0.010385652247284827,0.007927506112509506,0.007000160981333965,6908.66396484375,6896.022392578125,1.001833168679851,39.55442941148349,-11.304484840530677,-3.8864199701435567
2026-02-24,6837.3701171875,6899.169921875,6815.43017578125,6890.06982421875,5266090000,0.0076516140863223114,0.008046034789831971,0.007807925563421401,6905.65595703125,6896.090185546875,1.0013871296962478,47.890667581507735,-9.799268126860625,-5.068989601486971
2026-02-25,6915.14990234375,6952.509765625,6915.14990234375,6946.1298828125,5328060000,0.008136355657339944,0.008214320611626922,0.008225078494817187,6904.032446289062,6896.992783203125,1.0010206858709612,54.67257807659454,-4.036267245402996,-4.862445130270176
2026-02-26,6944.740234375,6947.25,6859.72998046875,6908.85986328125,5889550000,-0.005365580569328343,0.008294853950469002,0.008657717441760806,6900.573950195312,6898.62177734375,1.000282980124809,58.7461241658741,-2.448205238260016,-4.379597151868144
2026-02-27,6856.5400390625,6882.9599609375,6831.740234375,6878.8798828125,6665660000,-0.00433935281103115,0.008338707864087098,0.008314538337842212,6896.067456054688,6899.8691796875,0.999449015114083,44.93707205014245,-3.5676627317288876,-4.217210267840293
2026-03-02,6824.35986328125,6901.009765625,6796.85009765625,6881.6201171875,6079080000,0.0003983547353176853,0.008295531602189848,0.006405542903489382,6893.19697265625,6901.49638671875,0.99879744716255,41.64292027194976,-4.185479248187221,-4.210864063909678
2026-03-03,6800.259765625,6840.0498046875,6710.419921875,6816.6298828125,6442080000,-0.009444031095625416,0.008414483478091839,0.006720038186805123,6885.206469726562,6903.400380859375,0.9973645000827045,38.404094699885746,-9.806231919223137,-5.329937634972371
2026-03-04,6831.68994140625,6885.93994140625,6811.64013671875,6869.5,5252170000,0.007756049264286302,0.008454461532690923,0.006575486211511495,6882.790966796875,6905.295185546875,0.9967410200222719,43.92441618418958,-9.880644385341839,-6.2400789850462655
2026-03-05,6851.080078125,6870.43017578125,6770.77978515625,6830.7099609375,5989300000,-0.005646704863891072,0.008472421683219192,0.006610441650299732,6880.190454101563,6905.219384765625,0.9963753605396982,49.80379766950143,-12.920706904975304,-7.5762045690320745
2026-03-06,6769.02978515625,6773.419921875,6711.56005859375,6740.02001953125,5793120000,-0.013276795812569242,0.008551029191331097,0.008305859167171177,6877.271459960937,6902.44998046875,0.996352234267679,42.11433463910111,-22.389802986610448,-10.538924252547751
2026-03-09,6699.7998046875,6810.43994140625,6636.0400390625,6795.990234375,6709410000,0.008304161513105202,0.007450878839660185,0.009952005762862072,6870.455981445312,6900.173984375,0.9956931516513957,46.41420099039779,-25.08859556461175,-13.448858514960554
2026-03-10,6796.56005859375,6845.080078125,6759.740234375,6781.47998046875,5944950000,-0.0021351198877325173,0.007333522901920788,0.00917654480659715,6861.288989257812,6897.162587890625,0.9947987888967854,42.13924303707919,-28.074637405258727,-16.37401429302019
2026-03-11,6790.08984375,6811.14990234375,6745.58984375,6775.7998046875,5511090000,-0.0008376012017449197,0.00731890682949726,0.007833089646319347,6852.9884765625,6894.07978515625,0.9940396238694214,43.071206087143096,-30.54730942358401,-19.208673319132956
2026-03-12,6740.8798828125,6740.8798828125,6670.39990234375,6672.6201171875,6292170000,-0.015227676506708532,0.007954403295346135,0.009682161026058919,6839.545971679688,6889.4173828125,0.9927611569510608,32.499559918851915,-40.36732884621779,-23.440404424549925
2026-03-13,6673.490234375,6733.2998046875,6623.919921875,6632.18994140625,5337120000,-0.006059115470564369,0.007349635821732602,0.008542537307240666,6829.51748046875,6884.136376953125,0.9920659769804635,34.07698504854589,-50.826248925177424,-28.91757332467543
2026-03-16,6674.3701171875,6729.7900390625,6674.3701171875,6699.3798828125,5176290000,0.010130883162251969,0.007787482102257838,0.009172874165689309,6822.677978515625,6881.213974609375,0.991493362027436,35.56147261274225,-53.08146165064318,-33.75035098986898
2026-03-17,6722.35009765625,6754.2998046875,6710.7998046875,6716.08984375,5063390000,0.0024942548757938,0.007814205632977555,0.009488223216673811,6816.321459960937,6878.3663671875,0.990979703040748,31.47828685102334,-52.910460928848806,-37.582372977664946
2026-03-18,6697.16015625,6705.18017578125,6621.66015625,6624.7001953125,5275480000,-0.013607567880073446,0.008147179096223024,0.010763751305127878,6803.490966796875,6872.819375,0.9899126683795433,28.954895935115758,-59.46386011415143,-41.95867040496225
2026-03-19,6583.1201171875,6636.740234375,6557.81982421875,6606.490234375,5973390000,-0.002748797741878972,0.008146743039074363,0.008931973613512872,6790.720971679688,6866.052783203125,0.9890283669668655,29.468650950798718,-65.3732853043266,-46.641593384835126
2026-03-20,6594.66015625,6594.66015625,6473.52001953125,6506.47998046875,10025820000,-0.015138182356779217,0.008383517943418836,0.010718343300556587,6770.569482421875,6857.763779296875,0.987285316368255,25.339864972001294,-77.23620808340365,-52.760516324548846
2026-03-23,6574.9599609375,6651.6201171875,6565.5498046875,6581.0,6020650000,0.011453200463990454,0.00877929441507434,0.011154633274355844,6757.731982421875,6850.954580078125,0.986392757889925,34.70234608195945,-79.70571915188611,-58.14955689001631
2026-03-24,6552.08984375,6595.75,6525.10986328125,6556.3701171875,5278580000,-0.0037425745042546366,0.008493596340715032,0.010652863854039058,6741.0469970703125,6842.75638671875,0.9851361960151253,28.89704837070694,-82.6969709637815,-63.05903970476935
2026-03-25,6598.35009765625,6633.93994140625,6568.41015625,6591.89990234375,4936720000,0.005419124381509377,0.008335699145747416,0.010083944924363698,6723.335498046875,6835.048984375,0.9836557884832277,33.834692332862886,-81.26384384139055,-66.7000005320936
2026-03-26,6555.85986328125,6573.22021484375,6473.7900390625,6477.16015625,4845560000,-0.017406172392416708,0.008958927100410173,0.012562877888930266,6701.750512695313,6825.3173828125,0.981895805984297,32.76780095377171,-88.36796793427402,-71.03359401252969
2026-03-27,6453.89013671875,6453.89013671875,6356.080078125,6368.85009765625,5303490000,-0.01672184352107431,0.009457076978756827,0.012932121157604197,6676.2490234375,6814.1623828125,0.9797607759212105,23.796355262188314,-101.56695338849295,-77.14026588772235
2026-03-30,6403.3701171875,6427.31005859375,6316.91015625,6343.72021484375,5458640000,-0.003945748828622642,0.009405277317808457,0.009702913800951935,6649.354028320313,6802.1473828125,0.9775374825193789,23.490286525326,-112.75524371643132,-84.26326145346415
2026-03-31,6395.8798828125,6539.0498046875,6395.8798828125,6528.52001953125,6396100000,0.02913114047102594,0.011867304135971288,0.019194211795662063,6634.94853515625,6793.917587890625,0.9766012686085979,37.69481486665043,-105.4941734431186,-88.50944385139505
2026-04-01,6556.56005859375,6609.669921875,6554.2900390625,6575.31982421875,5637260000,0.007168516684867399,0.011842348469418415,0.01934906526795777,6620.239526367188,6789.486787109375,0.9750721569907872,44.870286631303486,-94.86977016624223,-89.7815091143645
2026-04-02,6512.60986328125,6601.91015625,6474.93994140625,6582.68994140625,2716142000,0.0011208758485563575,0.011832946322863115,0.016884342744961,6607.838525390625,6783.62818359375,0.9740861890649796,47.29608335369308,-84.87674092676662,-88.80055547684493
