Date,Open,High,Low,Close,Volume,rendement,vol_20j,vol_5j,MA_20,MA_50,MA_ratio,RSI,MACD,MACD_signal
2018-03-14,16.59000015258789,17.59000015258789,14.9399995803833,17.229999542236328,0,0.05382257738439855,0.09579452846657797,0.08386030500577117,18.268499994277953,16.731799964904784,1.0918430792022629,46.27686147394325,-0.7194023714380116,-0.2583010049879191
2018-03-15,16.989999771118164,17.40999984741211,15.960000038146973,16.59000015258789,0,-0.03714448094322875,0.08173283241182307,0.07872552433995067,18.134999990463257,16.86819995880127,1.0750998941651158,50.27144517308675,-0.740188147682801,-0.35467953397516044
2018-03-16,16.600000381469727,16.719999313354492,15.229999542236328,15.800000190734863,0,-0.0476190448816719,0.0823061584955036,0.05597552819634034,17.96850004196167,17.001199970245363,1.0568959881307922,50.0,-0.8099614103910646,-0.4457367410099486
2018-03-19,16.6299991607666,21.8700008392334,16.559999465942383,19.020000457763672,0,0.20379748279477994,0.09475032283060655,0.10080670400195925,17.94650011062622,17.19719997406006,1.0435710544563297,51.13456563172605,-0.6025294703389257,-0.47709551603024913
2018-03-20,18.3799991607666,19.309999465942383,18.09000015258789,18.200000762939453,0,-0.04311249606145551,0.09433736518867518,0.10789990031496306,17.826500129699706,17.376799983978273,1.0258793417738632,45.54294992389667,-0.497626989453277,-0.4812018347204207
2018-03-21,17.760000228881836,18.3700008392334,16.260000228881836,17.860000610351562,0,-0.018681326282152133,0.09422337543529992,0.108089190670686,17.7185001373291,17.543599987030028,1.0099694561223682,35.797907040068324,-0.43652912208349903,-0.47226725040772566
2018-03-22,18.1299991607666,23.809999465942383,18.1200008392334,23.34000015258789,0,0.30683087093850103,0.11537395023213615,0.16428563291973308,17.949500179290773,17.808799991607668,1.007900599015622,59.95751565332725,0.0480108779937396,-0.36821123540765965
2018-03-23,24.020000457763672,26.01000022888184,21.6299991607666,24.8700008392334,0,0.06555272821949254,0.11122500924634554,0.14938589812131706,18.368500232696533,18.10980001449585,1.0142850952519413,65.74359460914755,0.5476637538732554,-0.18503568927861022
2018-03-26,23.40999984741211,24.540000915527344,20.709999084472656,21.030000686645508,0,-0.15440289597940582,0.11751855786989217,0.17292441177002893,18.630000257492064,18.332800025939942,1.016211393302256,55.81192894233489,0.6297696182371233,-0.022074237560310284
2018-03-27,20.32999992370605,24.059999465942383,19.84000015258789,22.5,0,0.06990010772029942,0.11237279659568977,0.1680951682322483,18.82550024986267,18.5796000289917,1.013234957721763,59.941275419482714,0.8030028726098877,0.14294150058108288
2018-03-28,22.520000457763672,24.940000534057617,21.709999084472656,22.8700008392334,0,0.016444481743706607,0.11169361373292841,0.1650123231121341,18.976500272750854,18.803800048828126,1.0091843256934383,63.76685512554527,0.9587894042073017,0.30611133136336466
2018-03-29,22.8700008392334,23.049999237060547,19.600000381469727,19.96999931335449,0,-0.12680373500048014,0.11213199845956201,0.10727169711998794,18.851500272750854,18.96500003814697,0.9940153037085252,61.1087928491045,0.8405148869892436,0.4129921735240717
2018-04-02,21.06999969482422,25.71999931335449,20.440000534057617,23.6200008392334,0,0.1827742439349036,0.1149858917463654,0.14004739270326635,19.05300030708313,19.193000049591063,0.9927056873784088,64.7924533204363,1.0271466300585814,0.5358231853032794
2018-04-03,23.030000686645508,23.3799991607666,20.920000076293945,21.100000381469727,0,-0.10668926199096018,0.11751584528107661,0.12822910753355254,19.1715003490448,19.389600048065187,0.9887517174939278,58.347978126836324,0.9620729685226195,0.6210732088375313
2018-04-04,21.68000030517578,24.51000022888184,19.86000061035156,20.059999465942383,0,-0.04928914202488288,0.11812165054221521,0.12467104893665329,19.25650029182434,19.570200042724608,0.9839705393805166,54.94582224046829,0.8177150718902091,0.660401606134902
2018-04-05,19.76000022888184,20.209999084472656,18.56999969482422,18.940000534057617,0,-0.05583245073292675,0.1186808403847919,0.1240540703482861,19.31550030708313,19.727000045776368,0.979140277906506,54.03918882945592,0.6065093184173378,0.6496231431787884
2018-04-06,20.32999992370605,23.1200008392334,18.600000381469727,21.489999771118164,0,0.1346356475795858,0.12032758320367519,0.1286781170523469,19.56300024986267,19.927400035858156,0.9817136312143195,59.22204049000863,0.6363718981287256,0.646972893104079
2018-04-09,21.270000457763672,22.020000457763672,20.34000015258789,21.770000457763672,0,0.013029348051544432,0.11612638273242501,0.09274004523667775,19.919500255584715,20.131200046539306,0.9894839954664808,54.9265489773715,0.6747250643698344,0.6525233291410715
2018-04-10,20.51000022888184,21.68000030517578,20.239999771118164,20.46999931335449,0,-0.05971525572226499,0.1169678802869174,0.08268938995744672,20.15400023460388,20.319000034332277,0.9918795315000934,53.99788330696705,0.5938869341862016,0.640796047134895
2018-04-11,20.950000762939453,21.65999984741211,19.63999938964844,20.239999771118164,0,-0.011235933070416593,0.11708617515167805,0.0790865598822654,20.348500204086303,20.44700002670288,0.9951826760655381,54.207918638509405,0.5055199115636491,0.6137408144557073
2018-04-12,19.82999992370605,19.920000076293945,18.15999984741211,18.489999771118164,0,-0.08646245157063659,0.11893970431629361,0.0857983504861003,20.411500215530396,20.521000022888185,0.9946640121224278,40.12220081106197,0.29151792978474234,0.5492962269171281
2018-04-13,18.270000457763672,18.450000762939453,17.260000228881836,17.40999984741211,0,-0.05840994792185128,0.11947529222348839,0.04038656534677718,20.452500200271608,20.598400020599364,0.9929169343161678,34.52282221384888,0.0347224665657464,0.4463814612991145
2018-04-16,17.59000015258789,17.65999984741211,16.3799991607666,16.559999465942383,0,-0.048822538134374205,0.11950546878211678,0.02718345677928479,20.49050016403198,20.660200004577636,0.991786147253751,39.412599991217704,-0.23441583133709543,0.3102219884326064
2018-04-17,16.15999984741211,16.270000457763672,14.56999969482422,15.25,0,-0.07910625049454578,0.11168113310753901,0.02966372192595394,20.3020001411438,20.619000015258788,0.9846258366613125,32.69690115547975,-0.5467455370198451,0.13882846890224068
2018-04-18,15.300000190734863,16.899999618530273,14.949999809265137,15.600000381469728,0,0.02295084468653963,0.1114859864396637,0.04350465232003234,20.172000122070312,20.1846000289917,0.9993757663315949,32.63258713155054,-0.7573712166124587,-0.0404114802814478
2018-04-19,15.550000190734863,16.920000076293945,15.15999984741211,15.960000038146973,0,0.02307690050475042,0.11155142612966405,0.04789313850359281,20.077000093460082,19.904200038909913,1.0086815875148145,39.097338813373135,-0.8851150993285195,-0.20935221320012837
2018-04-20,16.15999984741211,17.5,15.1899995803833,16.8799991607666,0,0.057644055164203234,0.08659172315389203,0.05680202572460396,19.75400004386902,19.68720003128052,1.0033930682109373,28.480198773499296,-0.9019109721080305,-0.3478639709565401
2018-04-23,17.290000915527344,17.559999465942383,15.789999961853027,16.34000015258789,0,-0.03199046416031859,0.08468793861332213,0.053972873970480104,19.32750000953674,19.34480005264282,0.9991057005986621,32.60233630715233,-0.9477574014322236,-0.46784266119198925
2018-04-24,16.15999984741211,19.65999984741211,15.369999885559082,18.020000457763672,0,0.1028151951950691,0.08228658894420783,0.04971586258744031,19.17699999809265,19.124000072479248,1.0027713828389737,42.87709733459975,-0.839161846016605,-0.5421065002071132
2018-04-25,18.13999938964844,19.84000015258789,17.75,17.84000015258789,0,-0.009988917902509331,0.08039950584431421,0.05371649959520975,18.944000005722046,18.968600063323976,0.998703116860506,45.88938546164041,-0.758844331169982,-0.5854540673570434
2018-04-26,18.06999969482422,18.1200008392334,16.239999771118164,16.239999771118164,0,-0.08968611927044345,0.08214651525098005,0.07565506217370264,18.612499952316284,18.79400007247925,0.9903426561954343,28.881738249781336,-0.8146526738656874,-0.63129378946869
2018-04-27,16.219999313354492,16.770000457763672,15.25,15.40999984741211,0,-0.05110837040663996,0.07832352070843183,0.07257947396735143,18.384499979019164,18.717000064849852,0.9822353964482206,25.500767200890834,-0.9151797114831304,-0.6880709746741108
2018-04-30,15.3100004196167,16.350000381469727,15.130000114440918,15.93000030517578,0,0.033744351908672865,0.06496032863689406,0.07487427128801781,17.999999952316283,18.653000087738036,0.964992219356123,31.393444942422306,-0.9420947044901204,-0.7388757212118037
2018-05-01,16.0,16.81999969482422,15.420000076293944,15.489999771118164,0,-0.027620874176295884,0.06156538834459861,0.04602102484624927,17.719499921798707,18.573600101470948,0.954015367241346,30.862207661547515,-0.9874875860285179,-0.788598094624948
2018-05-02,15.479999542236328,15.970000267028809,14.75,15.970000267028809,0,0.030987766494718016,0.061730628906772396,0.05330914106965202,17.51499996185303,18.48100009918213,0.9477300940346919,38.689410114785915,-0.9735598397028618,-0.8255904439082445
2018-05-03,15.779999732971191,18.65999984741211,15.43000030517578,15.899999618530272,0,-0.004383259068758916,0.06076508282055879,0.036829154285841215,17.36299991607666,18.39860008239746,0.9437130998183066,42.54689008062076,-0.9571274882411558,-0.8518978529271363
2018-05-04,15.9399995803833,16.920000076293945,10.90999984741211,14.770000457763672,0,-0.07106913131303916,0.052360723015844574,0.04369742937603088,17.026999950408936,18.319600105285645,0.9294416828179692,41.40250223623347,-1.023374289162117,-0.8861931403329774
2018-05-07,15.050000190734863,15.270000457763672,14.510000228881836,14.75,0,-0.00135412709165883,0.05202036629795727,0.03780326275550066,16.675999927520753,18.28480010986328,0.9120143412738376,47.25877218207565,-1.0652053604892053,-0.9219955844968835
2018-05-08,14.529999732971191,15.5600004196167,14.520000457763672,14.710000038146973,0,-0.0027118618205442813,0.051168366903060675,0.03731092278731613,16.387999963760375,18.263000106811525,0.8973333991082969,44.94891997200678,-1.0890248357321948,-0.95540143484297
2018-05-09,14.539999961853027,14.630000114440918,13.380000114440918,13.420000076293944,0,-0.08769544245463723,0.053657347502636635,0.04236041911656856,16.046999979019166,18.159600105285644,0.883664832153899,36.96098679239499,-1.198078712336617,-1.0039368904567973
2018-05-10,13.359999656677246,13.630000114440918,12.920000076293944,13.229999542236328,0,-0.01415801288952645,0.05125176337667892,0.04088385396516926,15.783999967575074,18.027200088500976,0.8755658055652927,29.744734999267536,-1.285006345247444,-1.060150781521572
2018-05-11,13.220000267028809,13.4399995803833,12.649999618530272,12.649999618530272,0,-0.04383975387560868,0.050708064532534874,0.0365256360172417,15.54599995613098,17.83080009460449,0.8718621639886547,29.613263592541557,-1.3846940794976472,-1.1250594412152997
2018-05-14,13.09000015258789,13.279999732971191,12.8100004196167,12.93000030517578,0,0.02213444229953576,0.050671066772993774,0.042193889871921166,15.36449999809265,17.69760009765625,0.8681685603308112,16.732040076742678,-1.4246954347270098,-1.1849866399904037
2018-05-15,13.130000114440918,15.010000228881836,12.5,14.630000114440918,0,0.13147716698696765,0.05724196795453292,0.08303087187768711,15.333500003814697,17.615600109100342,0.8704500504580202,32.497279117087146,-1.304283095006653,-1.208845931016829
2018-05-16,14.380000114440918,14.90999984741211,13.210000038146973,13.420000076293944,0,-0.08270676887778095,0.05977935493644024,0.08170930704619704,15.224499988555909,17.51680009841919,0.8691370514600923,33.940780969966866,-1.2915380694256093,-1.2253843587114364
2018-05-17,13.539999961853027,13.859999656677246,12.649999618530272,13.43000030517578,0,0.0007451735339034649,0.0594186376052346,0.08121635577810608,15.098000001907348,17.43020009994507,0.8661977438775892,37.56282147558761,-1.2660356208247574,-1.2335146111391548
2018-05-18,13.18000030517578,13.869999885559082,13.0600004196167,13.420000076293944,0,-0.0007446186637822816,0.05748131996410114,0.07683128158122404,14.925000047683715,17.3678000831604,0.8593489086827298,33.1543669179331,-1.2324233971473646,-1.2332963683406883
2018-05-21,12.989999771118164,13.59000015258789,12.779999732971191,13.079999923706056,0,-0.025335331643439263,0.057365597518650994,0.0785171926358729,14.762000036239623,17.336600074768068,0.8514933708209862,33.60544832021027,-1.2191513845719495,-1.230467371585815
2018-05-22,13.029999732971191,13.420000076293944,12.770000457763672,13.220000267028809,0,0.010703390224721332,0.05124249714505435,0.03775916329242639,14.52200002670288,17.28540008544922,0.8401309749797138,30.385170028787073,-1.1836959568138052,-1.2211130886284358
2018-05-23,13.5,14.600000381469728,12.489999771118164,12.579999923706056,0,-0.04841152272280491,0.051796309868120255,0.024012211387104476,14.259000015258788,17.210000076293944,0.828529921676175,28.10027115546046,-1.1934581183763324,-1.215582094576607
2018-05-24,12.729999542236328,14.239999771118164,12.529999732971191,12.529999732971191,0,-0.003974577983950844,0.04884497116737834,0.023442020026990626,14.07350001335144,17.11600008010864,0.8222423432742886,32.769232778153295,-1.1914918322001125,-1.2107640421003265
2018-05-25,12.4399995803833,13.520000457763672,12.289999961853027,13.220000267028809,0,0.0550678809866183,0.050097842760228585,0.03911465403267762,13.964000034332276,17.04860008239746,0.8190701856365317,39.33055016610818,-1.1213509245779534,-1.1928814185929375
2018-05-29,14.390000343322754,18.780000686645508,14.390000343322754,17.020000457763672,0,0.28744327639782363,0.08247145577531649,0.13231647019014947,14.01850004196167,17.073000087738038,0.821091780584589,60.56724497006746,-0.7505936073497992,-1.1044238563327777
2018-05-30,16.600000381469727,16.639999389648438,14.649999618530272,14.9399995803833,0,-0.12220921395049544,0.08709711602286044,0.1559739781115784,13.991000032424926,16.99140007019043,0.8234165504095581,56.48463726415997,-0.6174316440300434,-1.0070254138620724
2018-05-31,14.93000030517578,16.290000915527344,14.199999809265137,15.43000030517578,0,0.03279790753380385,0.0871303070822514,0.14939044507427998,13.964000034332276,16.936000061035156,0.8245158233353699,59.151414230275606,-0.4669900326346923,-0.8990183376075846
2018-06-01,14.920000076293944,14.93000030517578,13.369999885559082,13.460000038146973,0,-0.12767337835813253,0.09181077097749796,0.16942626339412853,13.842000055313111,16.848000049591064,0.8215811974459891,53.020134753210016,-0.5009069063794716,-0.8193960513566474
2018-06-04,13.90999984741211,13.90999984741211,12.6899995803833,12.739999771118164,0,-0.05349184732453616,0.09122300655772342,0.17156587926962188,13.740500020980836,16.63600004196167,0.8259497467133088,49.31407770219232,-0.5791919134358654,-0.7713552237699256
2018-06-05,12.90999984741211,13.34000015258789,12.300000190734863,12.399999618530272,0,-0.026687610572700304,0.0913645383465944,0.06747536298333871,13.623000001907348,16.386600017547607,0.8313500047184373,41.07285954596719,-0.6610412191858046,-0.7492924228521589
2018-06-06,12.100000381469728,12.5600004196167,11.619999885559082,11.640000343322754,0,-0.06129026601515308,0.09222345790829295,0.05816890720442304,13.469500017166137,16.198800010681154,0.8315122112924801,42.607976849484025,-0.7782473588325018,-0.7550834100484254
2018-06-07,11.65999984741211,13.279999732971191,11.220000267028809,12.130000114440918,0,0.04209619902625272,0.09086896664778613,0.061426023100462024,13.405000019073487,15.99140001296997,0.8382630669110421,44.80830732375215,-0.8221260114039204,-0.768491930319891
2018-06-08,12.539999961853027,13.3100004196167,12.09000015258789,12.18000030517578,0,0.004122027226968861,0.09082584139568263,0.042733518800043294,13.352500057220459,15.777600002288818,0.8462947504869843,45.063696468019494,-0.8431466903978588,-0.7834228823358113
2018-06-11,12.520000457763672,12.6899995803833,12.140000343322754,12.350000381469728,0,0.01395731297491909,0.09029183795114352,0.039680029423354815,13.337500095367432,15.625200023651123,0.8535890788712522,47.054078476830874,-0.8364482475493134,-0.7940279553786972
2018-06-12,12.289999961853027,12.600000381469728,11.880000114440918,12.34000015258789,0,-0.0008097351071213454,0.09017359909433638,0.037882381573869785,13.308000087738037,15.399600009918213,0.8641782954860472,46.411093423110415,-0.8224653625255183,-0.799715436808141
2018-06-13,12.130000114440918,12.949999809265137,11.979999542236328,12.9399995803833,0,0.04862231931736094,0.08566663726910698,0.022452095182811365,13.223500061035157,15.236399993896484,0.867888744475882,51.47299342316027,-0.75428129874083,-0.790628609194577
2018-06-14,12.979999542236328,13.06999969482422,11.880000114440918,12.119999885559082,0,-0.06336937568895418,0.08482334080584722,0.04059245134713606,13.158500051498413,15.077600002288818,0.8727184730660661,48.421863762759344,-0.7576685158970271,-0.7840365905350081
2018-06-15,12.1899995803833,13.15999984741211,11.93000030517578,11.979999542236328,0,-0.011551183551541389,0.08484755017931446,0.04084761873834686,13.086000013351441,14.938399982452392,0.8759974313663512,45.01607485330551,-0.7628543599427697,-0.77980014441653
2018-06-18,12.789999961853027,13.739999771118164,12.279999732971191,12.3100004196167,0,0.027545984139392576,0.08511440578694053,0.04263987598247679,13.030500030517578,14.754799995422363,0.8831363376365831,23.745825549513498,-0.7319020526300335,-0.7702205260591758
2018-06-19,14.609999656677246,14.68000030517578,13.210000038146973,13.350000381469728,0,0.08448415324143532,0.08699182554261774,0.05687617975752081,13.044000053405762,14.586399993896485,0.8942576687094743,39.97478596148336,-0.6163572920200231,-0.7394478792512041
2018-06-20,12.899999618530272,13.020000457763672,12.25,12.789999961853027,0,-0.041947595776401725,0.08758467459404763,0.05873751040917159,13.022500038146973,14.432800006866454,0.9022850751033391,33.49999982118611,-0.5634744381141239,-0.704253191023659
2018-06-21,12.539999961853027,15.18000030517578,12.18000030517578,14.640000343322754,0,0.14464428357994286,0.09227957833097902,0.07492543714547888,13.125500059127807,14.320800018310546,0.9165339954713123,57.48731056617748,-0.3680566497705371,-0.6370138827728372
2018-06-22,14.600000381469728,14.600000381469728,13.109999656677246,13.770000457763672,0,-0.05942622029758937,0.09358921540227372,0.08556538879436439,13.187500095367431,14.226400032043458,0.9269737998133039,56.41345329122123,-0.2801527006363038,-0.5656416463453628
2018-06-25,15.06999969482422,19.61000061035156,14.5600004196167,17.329999923706055,0,0.2585329954680733,0.10873691287956677,0.13261438706732148,13.393000078201293,14.224800033569336,0.9415246644307783,71.91111246744791,0.07587525207898693,-0.4373382666602519
2018-06-26,16.709999084472656,17.540000915527344,15.100000381469728,15.920000076293944,0,-0.0813617918995686,0.0905262916723873,0.14996098666004487,13.338000059127808,14.212000045776367,0.9385026749343206,67.9831912906298,0.24147967615697574,-0.3015746780966023
2018-06-27,16.520000457763672,18.190000534057617,14.760000228881836,17.90999984741211,0,0.1249999850239587,0.08978535525268087,0.1445020805389838,13.486500072479249,14.26520004272461,0.9454126147608771,71.5671622617709,0.5272096800220059,-0.1358178064726814
2018-06-28,17.540000915527344,18.989999771118164,16.399999618530273,16.850000381469727,0,-0.05918478363893154,0.09104915727230459,0.14948201662562405,13.557500076293945,14.29020004272461,0.9487271021931079,66.20402541896149,0.6605111387719802,0.023447982576404094
2018-06-29,15.729999542236328,16.510000228881836,14.65999984741211,16.09000015258789,0,-0.045103870129143964,0.08631723648978425,0.14730049675756543,13.68900008201599,14.292800045013427,0.9577549562649835,62.466665903727204,0.6967991896941506,0.15811822400005698
2018-07-02,17.700000762939453,18.07999992370605,15.539999961853027,15.600000381469728,0,-0.03045368343513355,0.08554414736227149,0.08223346182244316,13.832000112533569,14.26720006942749,0.969496470591557,60.5297168129337,0.6782031023690198,0.2621351996739136
2018-07-03,15.369999885559082,16.450000762939453,14.68000030517578,16.139999389648438,0,0.03461532019064184,0.0851297775025871,0.07609879810176458,14.019000101089478,14.263200054168701,0.982879020685975,60.37613486167795,0.698979218975337,0.34950400353424127
2018-07-05,15.619999885559082,16.219999313354492,14.470000267028809,14.970000267028809,0,-0.0724906547003974,0.08570305427420076,0.04170841594646409,14.18550009727478,14.202200050354003,0.9988241291475959,59.03614661839877,0.6139624577342122,0.40239569437425626
2018-07-06,14.989999771118164,15.449999809265137,13.34000015258789,13.369999885559082,0,-0.10688045109749944,0.08968752370093548,0.05275115801953947,14.247500085830689,14.112800045013428,1.0095445298160273,54.03366354378431,0.41272757332793475,0.4044620701649925
2018-07-09,13.020000457763672,13.220000267028809,12.600000381469728,12.6899995803833,0,-0.050860157890520896,0.0906644175216355,0.05284229718865583,14.273000049591065,14.04180004119873,1.0164651261030633,51.08077134142174,0.19611875761526143,0.36279340765503587
2018-07-10,12.520000457763672,13.210000038146973,11.93000030517578,12.640000343322754,0,-0.00394005033206124,0.09066693256987426,0.055933681624274735,14.287500047683716,13.986400051116943,1.0215280555015103,47.86015625660177,0.02018770805737269,0.2942722677354894
2018-07-11,14.050000190734863,14.149999618530272,13.09000015258789,13.630000114440918,0,0.07832276457501397,0.09212402181446373,0.07168909763832122,14.352000045776368,13.940400047302246,1.0295256948923626,52.467686011354445,-0.03890850452748218,0.22763611328288436
2018-07-12,13.06999969482422,13.329999923706056,12.420000076293944,12.579999923706056,0,-0.0770359634569916,0.09353645218479442,0.07236965463974586,14.334000062942504,13.882200050354005,1.0325452745926234,43.64981236071546,-0.16852344130758823,0.14840420236477964
2018-07-13,12.390000343322754,12.970000267028809,11.619999885559082,12.18000030517578,0,-0.031796472254066344,0.09262867979479257,0.05963793951473925,14.33700008392334,13.806400051116944,1.0384314543140787,44.95237924542606,-0.3000608774687876,0.05871118639805693
2018-07-16,12.770000457763672,12.970000267028809,12.460000038146973,12.829999923706056,0,0.05336614139936158,0.09318872051434861,0.0629918915815684,14.379500102996825,13.745000057220459,1.0461622439530696,32.47663051616078,-0.34784738082838196,-0.02260052704723755
2018-07-17,12.90999984741211,13.18000030517578,11.850000381469728,12.0600004196167,0,-0.06001555016899296,0.09423850185135893,0.06937878391532937,14.367000102996826,13.690800056457519,1.0493908349950933,34.180324082090124,-0.4427456843342146,-0.1066295585046385
2018-07-18,11.869999885559082,12.470000267028809,11.4399995803833,12.100000381469728,0,0.0033167463069043723,0.09226837386007952,0.05217797806520359,14.304500102996826,13.637800064086914,1.0488861866119863,21.65852864280467,-0.5088598262400481,-0.18707561205172463
2018-07-19,12.199999809265137,13.09000015258789,11.789999961853027,12.869999885559082,0,0.06363632064578706,0.09282917271906985,0.053289016549442125,14.30850009918213,13.601000061035156,1.0520182365246697,30.020070255949634,-0.49343657652941353,-0.24834780494726497
2018-07-20,13.0,13.579999923706056,12.489999771118164,12.859999656677246,0,-0.0007770185680464614,0.08674052085306855,0.049503315581951805,14.219500064849854,13.589800052642822,1.0463362234740585,32.46470238670298,-0.4765273314118659,-0.29398371024018666
2018-07-23,13.470000267028809,13.550000190734863,12.579999923706056,12.619999885559082,0,-0.01866250214039078,0.08582205951415382,0.044665649824705875,14.162000036239624,13.577600059509278,1.0430414781823723,33.37052593777038,-0.4769937314737458,-0.3305857144868995
2018-07-24,12.609999656677246,13.210000038146973,11.65999984741211,12.40999984741211,0,-0.016640256739405612,0.06026063511232724,0.03352514354471958,13.916000032424927,13.572800064086914,1.0252858633972002,28.389335287684858,-0.4886751409920649,-0.3622035997879332
2018-07-25,12.369999885559082,12.81999969482422,11.800000190734863,12.289999961853027,0,-0.00966961217039064,0.058192593402652384,0.03429608262211139,13.73450002670288,13.560000057220458,1.0128687292585596,32.321893096855604,-0.5018307588484667,-0.39012903160004037
2018-07-26,12.449999809265137,12.529999732971191,11.779999732971191,12.140000343322754,0,-0.01220501375068006,0.048576197388625064,0.007009138223761387,13.446000051498412,13.510200061798095,0.9952480340775103,39.96737281121535,-0.5183845783151639,-0.4157801409430654
2018-07-27,12.170000076293944,14.260000228881836,11.600000381469728,13.029999732971191,0,0.0733113150312188,0.051620925268759166,0.03933871839976636,13.255000019073487,13.502400054931641,0.9816773288562285,52.68139076481715,-0.4544504739513755,-0.42351420754472746
2018-07-30,13.630000114440918,14.460000038146973,12.979999542236328,14.260000228881836,0,0.09439758412260324,0.056073824918398255,0.053541096189719826,13.163500022888183,13.519000053405762,0.9737036741539165,60.77127927714506,-0.3010623260299141,-0.3990238312417646
2018-07-31,13.979999542236328,14.119999885559082,12.8100004196167,12.829999923706056,0,-0.1002805247000974,0.05982188846175405,0.07773202588544531,13.025,13.507200050354005,0.9643005176086538,44.97487199375369,-0.29152823091562574,-0.3775247111765367
2018-08-01,13.09000015258789,13.630000114440918,12.449999809265137,13.149999618530272,0,0.024941519620194974,0.05949729267726269,0.07718062675971275,12.875500011444093,13.508600044250489,0.9531335570871494,53.94190789270617,-0.25520948243399744,-0.3530616654280287
2018-08-02,13.56999969482422,14.529999732971191,12.170000076293944,12.1899995803833,0,-0.07300380730005429,0.059526444783134916,0.08691700445223421,12.736499977111816,13.488000030517577,0.9442838039957415,50.064180216333554,-0.30042664694215837,-0.34253466173085456
2018-08-03,12.43000030517578,12.460000038146973,11.06999969482422,11.640000343322754,0,-0.04511888892478966,0.05562988305576393,0.07904381234285643,12.65,13.469200038909912,0.9391797555501884,42.262679190683684,-0.37630368146063553,-0.34928846567681077
2018-08-06,11.90999984741211,12.149999618530272,11.170000076293944,11.270000457763672,0,-0.031786930811503855,0.05496975694093197,0.04718726726980833,12.57900004386902,13.444000053405762,0.9356590295968041,44.58161747131814,-0.4609785209498227,-0.3716264767314132
2018-08-07,11.119999885559082,11.239999771118164,10.520000457763672,10.93000030517578,0,-0.030168601488713587,0.055268207194315196,0.035687614151512635,12.49350004196167,13.3982000541687,0.932476003601279,42.292487834053055,-0.5491881695975387,-0.4071388153046383
2018-08-08,10.93000030517578,11.18000030517578,10.520000457763672,10.850000381469728,0,-0.007319297481461873,0.05160425546195679,0.02406153085975663,12.35450005531311,13.274800052642822,0.930673155627192,35.36231960175658,-0.6184214347632242,-0.4493953391963556
2018-08-09,10.9399995803833,11.3100004196167,10.170000076293944,11.270000457763672,0,0.03870968309008038,0.050169938341207344,0.03302523525702593,12.289000082015992,13.201400070190429,0.9308861194022373,39.124490270106435,-0.6321124302339847,-0.4859387574038814
2018-08-10,12.34000015258789,13.81999969482422,12.300000190734863,13.15999984741211,0,0.16770180238515042,0.0626843943544177,0.0834193730841679,12.338000059127808,13.156000061035156,0.9378230466621793,53.01339327291196,-0.4848672398072118,-0.48572445388454744
2018-08-13,14.5,15.020000457763672,12.949999809265137,14.779999732971191,0,0.12310029668257583,0.0672492691280777,0.08468196988218761,12.435500049591065,13.182400054931641,0.9433411213262979,61.427195504468536,-0.23474868147368966,-0.4355292994023757
2018-08-14,13.93000030517578,14.220000267028809,13.109999656677246,13.3100004196167,0,-0.0994586833499882,0.06991078808860693,0.1058295205627643,12.498000049591065,13.193800067901611,0.9472631073133119,54.351538752222666,-0.15337589879875146,-0.37909861928165084
2018-08-15,13.520000457763672,16.860000610351562,13.4399995803833,14.640000343322754,0,0.09992485963755926,0.07290180055891875,0.10353252361799634,12.625000047683717,13.238600082397461,0.9536506858055475,59.6899241998819,0.01822187931847985,-0.2996345195616247
2018-08-16,14.18000030517578,14.359999656677246,12.81999969482422,13.449999809265137,0,-0.08128418757861378,0.07468300477287962,0.12343322137931445,12.654000043869019,13.274800071716308,0.9532346984893592,51.590909517829445,0.057528561598072514,-0.22820190332968524
2018-08-17,13.18000030517578,13.960000038146973,12.399999618530272,12.640000343322754,0,-0.060223009474275835,0.07608580909008307,0.10630174788658069,12.643000078201293,13.285000076293946,0.9516748216480442,43.66197120037394,0.023053745767883882,-0.1779507735101714
2018-08-20,12.56999969482422,12.789999961853027,12.260000228881836,12.489999771118164,0,-0.011867133554614995,0.07600468948956941,0.07996184311134033,12.636500072479247,13.291200065612793,0.9507418449875421,48.52173822182998,-0.01618496476191389,-0.1455976117605199
2018-08-21,12.470000267028809,12.890000343322754,12.09000015258789,12.859999656677246,0,0.029623690339424025,0.07610656421038763,0.07267008655154861,12.659000062942505,13.301400051116943,0.9517043329494858,48.7445887231422,-0.017227552074949415,-0.11992359982340581
2018-08-22,13.09000015258789,13.289999961853027,11.970000267028809,12.25,0,-0.04743387814637445,0.07693964385808479,0.043707741979054485,12.657000064849854,13.299600048065185,0.9516827588128248,50.26785906632372,-0.06650883580832101,-0.10924064702038887
2018-08-23,12.029999732971191,12.68000030517578,11.649999618530272,12.40999984741211,0,0.013061212033641523,0.07689155256691868,0.038356618654415246,12.670500040054321,13.289000053405761,0.9534577461911494,53.56151531018019,-0.09159811231305603,-0.10571214007892231
2018-08-24,12.130000114440918,12.170000076293944,11.829999923706056,11.989999771118164,0,-0.03384368101999047,0.07551712330925502,0.03191831997659693,12.61850004196167,13.286400051116944,0.9497305510457571,53.31491436161683,-0.14371527536606088,-0.11331276713635004
2018-08-27,12.369999885559082,12.479999542236328,12.020000457763672,12.15999984741211,0,0.014178488702180525,0.07221275749513496,0.03363534246615942,12.513500022888184,13.290000057220459,0.9415726086539479,55.75303882248952,-0.1693488061657611,-0.12451997494223226
2018-08-28,12.010000228881836,12.5,11.869999885559082,12.5,0,0.027960539214994196,0.06897747594055406,0.03321437482609303,12.497000026702882,13.293800048828125,0.9400622832298818,57.534245620892555,-0.16037970631044907,-0.13169192121587564
2018-08-29,12.34000015258789,12.550000190734863,12.09000015258789,12.25,0,-0.020000000000000018,0.06888449700945251,0.02597327111385412,12.452000045776368,13.27180004119873,0.9382299316688381,54.54545293696336,-0.17146791574348974,-0.13964712012139846
2018-08-30,12.25,13.949999809265137,12.239999771118164,13.529999732971191,0,0.10448977412009719,0.07058156505839631,0.0541398956391784,12.519000053405762,13.286600036621094,0.9422275088359972,51.81907530717552,-0.07609319719258067,-0.1269363355356349
2018-08-31,13.539999961853027,14.029999732971191,12.81999969482422,12.859999656677246,0,-0.04951959272114581,0.07076090789996277,0.05823220376590708,12.580000019073486,13.251000022888183,0.9493623120779041,39.58785130540647,-0.05394944571918714,-0.11233895757234535
2018-09-04,13.130000114440918,14.350000381469728,13.119999885559082,13.15999984741211,0,0.023328164754584213,0.07023010983401137,0.05832704973239914,12.674499988555908,13.238800010681153,0.9573752891750035,49.068319449375714,-0.012053951494257475,-0.09228195635672778
2018-09-05,13.6899995803833,14.300000190734863,13.229999542236328,13.90999984741211,0,0.05699088211976577,0.0703074132114906,0.06104126809661726,12.823499965667725,13.170400009155273,0.9736606296508532,45.11378534260078,0.08073647276881601,-0.05767827053161902
2018-09-06,14.210000038146973,15.40999984741211,13.720000267028809,14.649999618530272,0,0.0531991214403813,0.07062477159402088,0.05676055364646741,13.013499927520751,13.145,0.9899961907585205,58.547007792280475,0.21154667058153365,-0.003833282308988474
2018-09-07,14.720000267028809,15.630000114440918,14.3100004196167,14.880000114440918,0,0.015699692962430234,0.07044710341042207,0.04281656195155004,13.193999910354615,13.084400005340576,1.0083763798851535,67.39130112856387,0.3299700916614281,0.06292739248509487
2018-09-10,15.09000015258789,15.199999809265137,13.93000030517578,14.15999984741211,0,-0.04838711434753651,0.06207476749854792,0.04235780838981574,13.243999910354614,13.030599994659424,1.0163768295997615,61.91155507679866,0.3615557915436014,0.12265307229679619
2018-09-11,13.960000038146973,14.920000076293944,13.210000038146973,13.220000267028809,0,-0.06638415187236713,0.05746661056968031,0.057113991460385594,13.165999937057496,12.973199996948242,1.0148614019790496,52.37467423466377,0.30719650431091416,0.1595617586996198
2018-09-12,13.06999969482422,13.859999656677246,12.90999984741211,13.140000343322754,0,-0.006051431323006673,0.052915475801680066,0.04827576314473386,13.157499933242798,12.923999996185303,1.0180671570045199,56.31205900173162,0.25472475174453457,0.17859435730860276
2018-09-13,12.90999984741211,12.90999984741211,12.300000190734863,12.369999885559082,0,-0.05859972889231746,0.04899342710521566,0.03572173767455482,13.043999910354614,12.848600006103515,1.0152078751115512,49.73890367056258,0.14928708945563685,0.1727329037380096
2018-09-14,12.130000114440918,13.149999618530272,11.93000030517578,12.06999969482422,0,-0.02425223876397009,0.04602773802125496,0.025051016637397876,12.974999904632568,12.790599994659424,1.0144168303324426,50.530503408436665,0.041046343667826335,0.14639559172397296
2018-09-17,12.720000267028809,13.75,12.31999969482422,13.68000030517578,0,0.13338862063451007,0.0534338309821331,0.08087364564249956,13.026999902725219,12.796800003051757,1.0179888643737938,58.463252853004406,0.08420755001213998,0.13395798338160636
2018-09-18,13.479999542236328,13.479999542236328,12.5600004196167,12.789999961853027,0,-0.06505850317751993,0.05561154107553759,0.08062133728165913,13.041999912261963,12.798800010681152,1.0190017737114299,51.52151055581191,0.04606656435069567,0.11637969957542423
2018-09-19,12.609999656677246,12.770000457763672,11.65999984741211,11.75,0,-0.08131352345229803,0.058246480756113134,0.08778131576456565,12.986499929428101,12.781000003814697,1.0160785482788568,47.57751975593334,-0.06730384032633552,0.07964299159507227
2018-09-20,11.81999969482422,11.960000038146973,11.3100004196167,11.800000190734863,0,0.004255335381690539,0.057306916487257734,0.08518474166429542,12.963999938964843,12.744400005340577,1.0172310923646655,40.48405307925524,-0.15137119449241432,0.033440154377574936
2018-09-21,11.760000228881836,12.029999732971191,11.100000381469728,11.68000030517578,0,-0.010169481662661739,0.05725633901370109,0.08468636960396125,12.927499961853027,12.72640001296997,1.0158017938048551,43.09134020358373,-0.2250835356418488,-0.018264583626309828
2018-09-24,12.460000038146973,12.920000076293944,12.18000030517578,12.199999809265137,0,0.04452050432386789,0.05760706312664796,0.05153981860774961,12.937999963760376,12.726800003051757,1.0165948990050897,44.52054846717014,-0.23878889991735797,-0.062369446884519474
2018-09-25,12.279999732971191,12.600000381469728,11.800000190734863,12.420000076293944,0,0.01803280905477811,0.057654918866915705,0.04721998535599066,12.950999975204468,12.718600006103516,1.0182724489322272,40.947755111311025,-0.2292556113825679,-0.09574667978412918
2018-09-26,12.210000038146973,13.130000114440918,11.550000190734863,12.890000343322754,0,0.03784221128354903,0.057925337476178305,0.02277866615289963,12.970499992370605,12.735200004577637,1.0184763480517298,38.944730872814276,-0.18168103327148444,-0.11293355048160025
2018-09-27,12.770000457763672,13.0,11.9399995803833,12.40999984741211,0,-0.03723820660402799,0.0584133512143211,0.034160835358940135,12.97849998474121,12.741399993896485,1.0186086294252048,34.95737100047846,-0.1806276822315258,-0.12647237683158535
2018-09-28,12.59000015258789,13.220000267028809,12.09000015258789,12.119999885559082,0,-0.023368248623588994,0.053416590862293084,0.036590352307714076,12.907999992370605,12.726399993896484,1.014269549798939,36.88946316360181,-0.20087786083002612,-0.1413534736312735
2018-10-01,11.989999771118164,12.399999618530272,11.56999969482422,12.0,0,-0.009900980750178201,0.052370059648198346,0.03059894660923441,12.865000009536743,12.709200000762939,1.0122588368083318,41.235632715459424,-0.2240268148825102,-0.15788814188152087
2018-10-02,12.470000267028809,12.6899995803833,11.609999656677246,12.050000190734863,0,0.004166682561238533,0.05205328840677554,0.02879995361231951,12.809500026702882,12.697800006866455,1.0087968010030102,42.135643545553556,-0.23562182983801705,-0.17343487947282013
2018-10-03,11.65999984741211,12.140000343322754,11.34000015258789,11.609999656677246,0,-0.03651456656373575,0.05054645478819817,0.017787776279565147,12.694500017166138,12.681800003051757,1.0010014362402282,44.24242450514435,-0.2771208382316299,-0.1941720712245821
2018-10-04,12.84000015258789,15.84000015258789,12.420000076293944,14.220000267028809,0,0.22480626076939414,0.07161981229127752,0.10893162675506521,12.673000049591064,12.720400009155274,0.9962737052663364,62.06509494194201,-0.09827113083931494,-0.1749918831475287
2018-10-05,14.289999961853027,17.360000610351562,11.720000267028809,14.81999969482422,0,0.04219405179524505,0.07215346058777057,0.10447996753447626,12.670000028610229,12.773999996185303,0.9918584650378791,57.21518461682582,0.090836368646384,-0.12182623278874616
2018-10-08,16.049999237060547,18.3799991607666,15.6899995803833,15.6899995803833,0,0.05870444692808752,0.0721833701783539,0.09987921269285074,12.746500015258789,12.827199993133545,0.9937086832732042,68.40101031372006,0.307364021173564,-0.03598818199628411
2018-10-09,16.1200008392334,17.489999771118164,15.270000457763672,15.949999809265137,0,0.016571079403144617,0.0700696933826642,0.09832894803850846,12.882999992370605,12.86099998474121,1.0017105985269805,79.57745788353381,0.49424622185948053,0.07005869877486885
2018-10-10,16.030000686645508,22.959999084472656,15.829999923706056,22.959999084472656,0,0.439498392415999,0.11835373677837079,0.1781597968379292,13.3739999294281,13.063599967956543,1.0237606756355775,89.6870503580043,1.1942335395366719,0.2948936669272295
2018-10-11,23.06999969482422,28.84000015258789,20.649999618530277,24.979999542236328,0,0.0879791175222544,0.11685460912128552,0.17550567194839084,14.004499912261963,13.300199966430664,1.0529540869768073,91.66666168716449,1.890186749088441,0.6139522833594719
2018-10-12,21.6299991607666,26.799999237060547,20.8799991607666,21.309999465942383,0,-0.14691753977371724,0.12350125327711124,0.21485316982651959,14.46649990081787,13.482599964141846,1.072975534340023,73.83568527233038,2.1211451697714665,0.915390860641871
2018-10-15,21.96999931335449,22.88999938964844,19.46999931335449,21.299999237060547,0,-0.0004692740090311842,0.12150379547108112,0.21868392350731716,14.84749984741211,13.675799942016601,1.0856768825489804,73.49205937525356,2.277125164642138,1.1877377214419245
2018-10-16,20.280000686645508,20.559999465942383,17.549999237060547,17.6200008392334,0,-0.1727698840206624,0.12807295009590322,0.24684873645775582,15.088999891281128,13.802799949645996,1.0931839877653315,60.696518700492554,2.0798204984659634,1.3661542768467323
2018-10-17,17.059999465942383,19.549999237060547,17.059999465942383,17.399999618530273,0,-0.012485880262460669,0.12603103830953347,0.10881015241770634,15.371499872207641,13.932199935913086,1.103307441962878,61.418763578947164,1.8839854603099475,1.4697205135393756
2018-10-18,18.020000457763672,21.56999969482422,17.510000228881836,20.059999465942383,0,0.1528735578005025,0.12900071092337378,0.13085990436994857,15.784499835968017,14.11639991760254,1.118167516371184,66.39141100917365,1.9212772154478621,1.5600318539210731
2018-10-19,19.239999771118164,21.07999992370605,18.38999938964844,19.88999938964844,0,-0.008474580300092516,0.12897081197237026,0.11522383084053274,16.194999790191652,14.288799896240235,1.1334051780270917,66.25463378828353,1.915038247296053,1.6310331325960694
2018-10-22,19.3799991607666,20.88999938964844,18.81999969482422,19.63999938964844,0,-0.0125691306018898,0.1293558035408957,0.11514620112133306,16.566999769210817,14.418399887084961,1.149017914536441,65.50878446278654,1.8683833515221764,1.6785031763812908
2018-10-23,22.18000030517578,24.65999984741211,20.18000030517578,20.709999084472656,0,0.05448063788577184,0.12941877750646932,0.07190473682739625,16.98149971961975,14.53699987411499,1.1681571071523162,68.12748931324316,1.895894342009548,1.7219814095069423
2018-10-24,21.600000381469727,26.3799991607666,20.399999618530277,25.229999542236328,0,0.21825208390050332,0.1359046491456979,0.10181854431428314,17.59849967956543,14.775399856567383,1.1910675751860098,70.38133944956007,2.2564126963326743,1.828867666872089
2018-10-25,24.780000686645508,24.780000686645508,22.059999465942383,24.21999931335449,0,-0.04003171808192252,0.1359917157967629,0.1042529257623111,18.18899965286255,14.966999835968018,1.2152735920495947,67.14077241498089,2.4325861809528853,1.9496113696882482
2018-10-26,24.51000022888184,27.520000457763672,23.32999992370605,24.15999984741211,0,-0.0024772695145905965,0.13554430071277676,0.10355441214607891,18.7909996509552,15.181199836730958,1.2377809299032032,65.9150702298176,2.538105777660842,2.067310251282767
2018-10-29,24.479999542236328,27.86000061035156,22.01000022888184,24.700000762939453,0,0.022351031412989997,0.13507477390383868,0.09993942353941053,19.425999689102174,15.42239984512329,1.259596423655483,66.26999040899435,2.6349305354160677,2.1808343081094272
2018-10-30,23.940000534057617,25.549999237060547,23.11000061035156,23.350000381469727,0,-0.05465588420123868,0.13662971618159148,0.11024356646332943,19.990999698638916,15.639599857330323,1.278229614632313,50.91851453218976,2.573070360874926,2.2592815186625272
2018-10-31,22.71999931335449,22.799999237060547,20.38999938964844,21.229999542236328,0,-0.09079232567875262,0.13878333413337798,0.044310482829651734,20.47199969291687,15.806999855041504,1.2951224065702454,41.20956474898114,2.3261648105177883,2.2726581770335796
2018-11-01,20.959999084472656,21.209999084472656,19.030000686645508,19.34000015258789,0,-0.08902493784271404,0.13431580139218277,0.05111525659750086,20.727999687194824,15.948799858093262,1.2996589004580394,44.96163887970445,1.955442119589474,2.2092149655447586
2018-11-02,18.520000457763672,21.61000061035156,18.049999237060547,19.51000022888184,0,0.008790076264358238,0.1342737078238891,0.053535039885180005,20.962499713897706,16.090799865722655,1.3027630626711706,45.45916053245895,1.6562668868845378,2.0986253498127145
2018-11-05,20.57999992370605,20.8700008392334,19.63999938964844,19.959999084472656,0,0.02306503589501019,0.13398934581408095,0.0537456958563593,21.175999689102174,16.250199851989745,1.3031224158458146,57.099508614722204,1.4388928429856662,1.9666788484473048
2018-11-06,19.84000015258789,20.600000381469727,19.690000534057617,19.90999984741211,0,-0.002504971911518883,0.13408035427858706,0.055353751292611025,21.373999691009523,16.405199851989746,1.302879567688846,57.694666802788916,1.248199361484982,1.8229829510548405
2018-11-07,18.030000686645508,18.049999237060547,16.329999923706055,16.360000610351562,0,-0.17830232366988052,0.0984712698029606,0.08515584586617593,21.043999767303468,16.48239986419678,1.2767558086620285,39.244188657640095,0.8013803360263587,1.6186624280491442
2018-11-08,16.18000030517578,17.200000762939453,16.09000015258789,16.719999313354492,0,0.02200480987605502,0.09601364901028632,0.08612249903417311,20.630999755859374,16.57179985046387,1.2449462304652372,40.885564878544415,0.4708937544653935,1.3891086933323942
2018-11-09,16.8700008392334,18.40999984741211,16.84000015258789,17.360000610351562,0,0.03827759110527551,0.09149462687457122,0.08997178754745337,20.433499813079834,16.648399868011474,1.2273551797816389,43.588304454914464,0.2576534426432566,1.1628176431945667
2018-11-12,17.260000228881836,20.709999084472656,17.25,20.450000762939453,0,0.177995394236643,0.10035855655574381,0.12724893698241915,20.39099988937378,16.800199890136717,1.2137355521195434,49.343438556688035,0.3341443284845127,0.9970829802525559
2018-11-13,19.450000762939453,21.25,19.11000061035156,20.020000457763672,0,-0.021026909004084215,0.09176254458378044,0.12802558087298202,20.510999870300292,16.93739990234375,1.2109886988889031,33.4182069124941,0.3559631553304108,0.8688590152681269
2018-11-14,20.520000457763672,22.36000061035156,19.299999237060547,21.25,0,0.061438537168431395,0.09228432329441709,0.07469105003042624,20.70349988937378,17.084199905395508,1.2118507161014447,40.67796731932002,0.4671207354420659,0.7885113593029147
2018-11-15,20.40999984741211,22.96999931335449,19.940000534057617,19.979999542236328,0,-0.059764727424172825,0.08756925185104,0.09107784230963106,20.699499893188477,17.190799903869628,1.2041033581298939,37.80629972571568,0.44757612006285186,0.7203243114549023
2018-11-16,20.040000915527344,21.36000061035156,18.100000381469727,18.13999938964844,0,-0.09209210183905436,0.09012247149368523,0.10847370343199124,20.611999893188475,17.25599988937378,1.194483079817433,32.21257629653688,0.2803821704747165,0.6323358832588651
2018-11-19,18.780000686645508,20.989999771118164,18.520000457763672,20.100000381469727,0,0.1080485698880318,0.0932761283366593,0.08357898756717429,20.63499994277954,17.37479990005493,1.187639573490242,41.46981593133784,0.3025478721961221,0.5663782810463166
2018-11-20,20.76000022888184,23.809999465942383,20.3700008392334,22.479999542236328,0,0.1184079161988838,0.09610608360130538,0.0972382663141167,20.723499965667724,17.559999885559083,1.1801537642782234,53.236665349664165,0.5063238012874223,0.5543673850945378
2018-11-21,21.65999984741211,22.309999465942383,20.11000061035156,20.799999237060547,0,-0.07473311118264614,0.08400224730108918,0.1040825877412448,20.501999950408937,17.71319986343384,1.157441913853868,53.82198743746193,0.5261901202131511,0.5487319321182604
2018-11-23,21.229999542236328,22.649999618530277,20.649999618530277,21.520000457763672,0,0.03461544457272181,0.08408064660706119,0.09897305371595515,20.367000007629393,17.89619987487793,1.138062837363584,55.114504498479405,0.5931944247976375,0.5576244306541359
2018-11-26,20.780000686645508,20.799999237060547,18.670000076293945,18.899999618530277,0,-0.12174724830399286,0.08820599476796301,0.10778006916829568,20.1039999961853,18.03279987335205,1.1148573786311444,47.571037149152126,0.42992771306208866,0.5320850871357264
2018-11-27,19.40999984741211,19.93000030517578,18.700000762939453,19.020000457763672,0,0.006349250881240387,0.08798388723833205,0.09406249251834453,19.819999980926514,18.139599876403807,1.0926371097473098,47.96710996033169,0.3066854533928485,0.48700516038715086
2018-11-28,18.8700008392334,19.3799991607666,18.18000030517578,18.489999771118164,0,-0.027865440267598407,0.0874591105268731,0.06264329422368624,19.576999950408936,18.25359987258911,1.0725007717413122,55.64387555761128,0.1643538802843878,0.4224749043665983
2018-11-29,18.649999618530277,20.479999542236328,18.59000015258789,18.790000915527344,0,0.01622504857343432,0.08537233864184408,0.06203279230815679,19.455000019073488,18.39439989089966,1.0576588600043726,55.50239452776713,0.07489927565844567,0.35295977862496775
2018-11-30,19.18000030517578,19.90999984741211,18.030000686645508,18.06999969482422,0,-0.03831831748917813,0.08340057668033068,0.054548523788785955,19.391499996185303,18.519799880981445,1.0470685493799008,51.87929809596394,-0.05347578764754246,0.2716726653704657
2018-12-03,16.040000915527344,17.280000686645508,15.9399995803833,16.440000534057617,0,-0.09020471434946853,0.0857523465442946,0.04214257151283032,19.238000011444093,18.614999885559083,1.0334676405971033,38.496847842108785,-0.2834735513558151,0.1606434220252095
2018-12-04,16.84000015258789,21.940000534057617,16.260000228881836,20.739999771118164,0,0.26155712271131226,0.10441317670884752,0.1379399881375596,19.27700004577637,18.78579988479614,1.0261474179429415,51.69013883972518,-0.11742088426222352,0.1050305607677229
2018-12-06,23.530000686645508,25.940000534057617,20.940000534057617,21.190000534057617,0,0.021697240496892922,0.1044384645239204,0.13500566475600084,19.341000080108643,18.961199893951417,1.0200303877540144,49.853802514929505,0.04991298519595233,0.09400704565336879
2018-12-07,22.420000076293945,24.709999084472656,19.899999618530277,23.229999542236328,0,0.09627177710070955,0.09637752571310544,0.13707281423211926,19.68450002670288,19.167999877929688,1.0269459595191202,57.632689708579775,0.34318117236170664,0.1438418709950364
2018-12-10,23.950000762939453,25.940000534057617,22.5,22.63999938964844,0,-0.025398199062172222,0.09695484113910392,0.13509442884481399,19.98050003051758,19.372599868774415,1.031379379425629,61.227542260040096,0.5219732597642697,0.21946814874888307
2018-12-11,22.959999084472656,23.600000381469727,21.38999938964844,21.76000022888184,0,-0.03886922192979203,0.09769967702515343,0.12291198747506839,20.200500011444092,19.565399875640868,1.0324603708505815,54.37763605902399,0.5859047547469807,0.2927554699485026
2018-12-12,21.90999984741211,21.90999984741211,20.5,21.459999084472656,0,-0.01378681715319996,0.090035915479957,0.05423640070055852,20.250999927520752,19.754599857330323,1.0251283282767294,46.97867250381469,0.6053848405934161,0.35528134407748535
2018-12-13,21.0,21.56999969482422,20.34000015258789,20.649999618530277,0,-0.03774461791699013,0.09037738521772581,0.056926731729302266,20.282499885559083,19.92659984588623,1.017860550341022,49.531544095423165,0.5491327021183139,0.3940516156856511
2018-12-14,21.56999969482422,22.46999931335449,20.950000762939453,21.6299991607666,0,0.04745760582760128,0.08997269850953216,0.035667690183512055,20.301499843597412,20.126999835968018,1.0086699462936126,50.338041447488656,0.5769791923399268,0.43063713101650636
2018-12-17,22.36000061035156,25.8799991607666,21.96999931335449,24.520000457763672,0,0.13361079099064765,0.09304060809599075,0.07346000431123488,20.52849988937378,20.332999839782715,1.0096149142345714,66.98911692886941,0.8227623938814901,0.5090621835895032
2018-12-18,24.68000030517578,26.13999938964844,23.63999938964844,25.57999992370605,0,0.04322999372566305,0.0897689109252479,0.06636631017643442,20.90049991607666,20.54819984436035,1.0171450576880097,68.76429897578224,1.0905097319918262,0.6253516932699679
2018-12-19,25.149999618530277,26.63999938964844,22.5,25.57999992370605,0,0.0,0.08747257591034006,0.06410361601147667,21.174499893188475,20.745999851226806,1.0206545861869525,70.91445378601372,1.2878558261272097,0.7578525198414163
2018-12-20,26.09000015258789,30.299999237060547,24.68000030517578,28.3799991607666,0,0.10946048652899631,0.08694002326635435,0.054026615394003046,21.46949987411499,20.994599838256836,1.0226201041942595,74.6529532377907,1.651157053306111,0.9365134265343554
2018-12-21,28.239999771118164,31.350000381469727,25.709999084472656,30.11000061035156,0,0.06095847430385293,0.08483042049768891,0.0531515365523705,21.93499994277954,21.137599868774416,1.0377242486827034,79.42326846110333,2.0549839751478984,1.160207536257064
2018-12-24,29.290000915527344,36.09999847412109,29.15999984741211,36.06999969482422,0,0.19794084900893893,0.09353606998178231,0.07560706396293236,22.66249990463257,21.35939987182617,1.0610082699245327,89.59257754365032,2.8233954882437757,1.4928451266544065
2018-12-26,35.5,36.20000076293945,29.59000015258789,30.40999984741211,0,-0.15691710272524007,0.09681310252108914,0.13281517877875088,23.23799991607666,21.541399879455568,1.078759971316403,68.48948416320749,2.9417418960933865,1.7826244805422027
2018-12-27,31.200000762939453,33.79999923706055,29.65999984741211,29.959999084472656,0,-0.014797789056146593,0.09718004248764223,0.13415123959158456,23.78499984741211,21.71459987640381,1.0953459876208957,66.76863992036255,2.965041819903316,2.019107948414425
2018-12-28,29.96999931335449,31.049999237060547,27.43000030517578,28.34000015258789,0,-0.05407206212914606,0.0981339545398461,0.13270547189724188,24.277499866485595,21.9289998626709,1.1070956276402044,59.93004411438755,2.8202764120761863,2.1793416411467774
2018-12-31,27.59000015258789,27.63999938964844,25.32999992370605,25.420000076293945,0,-0.10303458223613671,0.10228910287978533,0.13614008739287428,24.608999824523927,22.08939987182617,1.1140637576085246,54.95367202344339,2.4417818404743095,2.2318296810122837
2019-01-02,27.540000915527344,28.530000686645508,23.049999237060547,23.21999931335449,0,-0.08654605650419023,0.1042840921436327,0.053305809297907514,24.866499805450438,22.152599868774413,1.1225093195720766,52.4846818097245,1.9419153000199927,2.1738468048138255
2019-01-03,25.68000030517578,26.600000381469727,24.049999237060547,25.450000762939453,0,0.09603796363173989,0.10245582109672102,0.07936755038419264,25.31699981689453,22.263799896240233,1.1371374129700969,56.371768609806686,1.706043734670338,2.080286190785128
2019-01-04,24.36000061035156,24.479999542236328,21.190000534057617,21.3799991607666,0,-0.15992147269793522,0.094691466767473,0.09606325616486852,25.348999786376954,22.298599891662597,1.1367978218154806,51.05582798398511,1.1771294898590483,1.8996548505999122
2019-01-07,22.059999465942383,22.709999084472656,20.90999984741211,21.399999618530277,0,0.0009354751425985075,0.09462154945725114,0.10018887404755986,25.359499740600587,22.31239990234375,1.1365653112884895,49.65784065463421,0.7509188845497263,1.669907657389875
2019-01-08,20.959999084472656,22.030000686645508,20.09000015258789,20.46999931335449,0,-0.04345795896045257,0.09264547263429612,0.09582765574582412,25.221499729156495,22.217199897766115,1.1352240536707983,43.60189462071698,0.3342476581298861,1.4027756575378771
2019-01-09,20.440000534057617,22.799999237060547,19.479999542236328,19.979999542236328,0,-0.02393745908914069,0.09262683365320135,0.09200917896104902,25.088499736785888,22.13239990234375,1.1335643602811052,40.99099146093376,-0.03510154829029588,1.1152002163722425
2019-01-10,20.979999542236328,21.31999969482422,19.290000915527344,19.5,0,-0.024024001663345507,0.09237643263862129,0.06339149537740069,24.9754997253418,22.039199905395506,1.1332307811785602,40.36755498780984,-0.36236825120288074,0.8196865228572178
2019-01-11,19.68000030517578,20.15999984741211,18.1200008392334,18.190000534057617,0,-0.06717945979191708,0.09351679231076314,0.025402528994324103,24.811999797821045,21.90899990081787,1.1325026203909383,33.05620645590817,-0.7191456166290138,0.5119200949599715
2019-01-14,19.84000015258789,20.270000457763672,18.700000762939453,19.06999969482422,0,0.048378182239134926,0.0938682079617885,0.043193045488022226,24.732999801635742,21.82339988708496,1.1333247765978332,31.10882879138073,-0.9202772877617456,0.22548061841562797
2019-01-15,18.530000686645508,19.200000762939453,17.979999542236328,18.600000381469727,0,-0.024646005289767015,0.09334106778245045,0.04165332169791513,24.5814998626709,21.77079990386963,1.1291041197940404,13.190058478357088,-1.1048644135707697,-0.040588387981651645
2019-01-16,18.07999992370605,19.040000915527344,17.760000228881836,19.040000915527344,0,0.023655942206107117,0.08792769407453847,0.0453148797991606,24.307499885559082,21.764799919128418,1.116826250453879,19.286878390927512,-1.2017931514834608,-0.2728293406820136
2019-01-17,19.51000022888184,19.71999931335449,17.850000381469727,18.059999465942383,0,-0.051470661894021164,0.08752179373081799,0.04912772116630506,23.931499862670897,21.73579990386963,1.1010176744592852,18.750005634892077,-1.342215575601557,-0.48670658766592234
2019-01-18,17.799999237060547,18.18000030517578,17.170000076293945,17.799999237060547,0,-0.01439646935605643,0.08746295974722135,0.039672629996304734,23.542499828338624,21.692599906921387,1.0852779256223222,20.192312049068065,-1.4576779993243498,-0.680900869997608
2019-01-22,18.530000686645508,21.149999618530277,18.200000762939453,20.799999237060547,0,0.1685393330665903,0.0927051842193305,0.08712228742865394,23.16349983215332,21.710399894714357,1.0669310535266896,36.993243841901894,-1.2922120581079746,-0.8031631076196815
2019-01-23,20.850000381469727,22.020000457763672,19.46999931335449,19.520000457763672,0,-0.06153840510802655,0.0917144200222982,0.09323227848689734,22.633999824523926,21.7735998916626,1.0395157409496987,39.01425652318251,-1.249955601442096,-0.8925216063841646
2019-01-24,19.690000534057617,20.25,18.6299991607666,18.88999938964844,0,-0.0322746441260795,0.07642069649451666,0.09496700110573737,21.774999809265136,21.816999893188477,0.9980748918673986,28.477688153539063,-1.252860678074864,-0.9645894207223044
2019-01-25,18.43000030517578,18.459999084472656,17.309999465942383,17.420000076293945,0,-0.07781891799107432,0.07133143078790398,0.09929250138619214,21.12549982070923,21.818199882507326,0.96825127345389,34.3354459031236,-1.3581240230681573,-1.043296341191475
2019-01-28,18.559999465942383,20.420000076293945,18.420000076293945,18.8700008392334,0,0.08323770129672337,0.07533135106312651,0.10598795604263789,20.570999908447266,21.786599884033205,0.9442042364546834,41.009243659658495,-1.3094485314894513,-1.0965267792510704
2019-01-29,19.450000762939453,19.93000030517578,18.420000076293945,19.1299991607666,0,0.013778394804977001,0.07525231322917159,0.0649793532398318,20.1104998588562,21.76879985809326,0.9238221670442465,44.99999857660527,-1.2356493653719625,-1.124351296475249
2019-01-30,19.149999618530277,19.309999465942383,17.540000915527344,17.65999984741211,0,-0.07684262299233602,0.07388785411521759,0.06801371177608133,19.72249984741211,21.696999855041504,0.9089966345199287,41.93324013232067,-1.2810129340222005,-1.1556836239846393
2019-01-31,17.389999389648438,17.719999313354492,16.540000915527344,16.56999969482422,0,-0.06172141347711391,0.0728320654093658,0.07077919060876912,19.389999866485596,21.628799858093263,0.8964898650735846,40.22681546787434,-1.3889073325733925,-1.20232836570239
2019-02-01,16.6299991607666,16.829999923706055,16.079999923706055,16.139999389648438,0,-0.02595053187056462,0.06806311369529848,0.06441060088212058,18.924499797821046,21.58879985809326,0.8765887831752993,42.73564375320286,-1.491913995840953,-1.2602454917301027
2019-02-04,16.719999313354492,16.729999542236328,15.600000381469728,15.729999542236328,0,-0.025402717652831308,0.05967239055960421,0.035418611364977225,18.641999816894533,21.501399841308594,0.8670133086441857,37.75659713327166,-1.588321893659991,-1.3258607721160804
2019-02-05,15.789999961853027,15.9399995803833,15.039999961853027,15.56999969482422,0,-0.010171637130852784,0.05958154236452996,0.027970504683644908,18.350499820709228,21.363199844360352,0.8589771173981484,38.63465602405234,-1.6585181331176315,-1.3923922443163907
2019-02-06,15.4399995803833,15.869999885559082,15.09000015258789,15.380000114440918,0,-0.012202927688332754,0.05918125370118328,0.020684148718436067,18.09599986076355,21.25479986190796,0.8513841569119881,36.009170147979205,-1.709771356950771,-1.455868066843267
2019-02-07,15.65999984741211,17.889999389648438,15.510000228881836,16.3700008392334,0,0.06436935743992156,0.061538063183874676,0.03773923637512953,17.915499925613403,21.151799869537353,0.8469964748208099,43.54469498373071,-1.6514680260267056,-1.4949880586799549
2019-02-08,16.809999465942383,17.6299991607666,15.619999885559082,15.720000267028809,0,-0.03970681361522943,0.06184965362783846,0.04034494610974819,17.726499938964842,21.088199882507325,0.8405885773905711,42.28486948137869,-1.6388205271790142,-1.5237545523797669
2019-02-11,16.170000076293945,16.5,15.34000015258789,15.970000267028809,0,0.015903307617898044,0.06050972947844531,0.03924012449705601,17.615499925613403,21.027199878692628,0.837748251181253,27.493012090512153,-1.5902924807710193,-1.5370621380580176
2019-02-12,15.229999542236328,15.649999618530272,14.949999809265137,15.43000030517578,0,-0.033813397171188364,0.059489446712228125,0.04260069294689303,17.43349995613098,20.96599988937378,0.8315129279842656,29.529528296825447,-1.5772258603724545,-1.5450948825209052
2019-02-13,15.460000038146973,15.90999984741211,15.0,15.649999618530272,0,0.014257894297040163,0.05958426474727393,0.042518545502348105,17.285999917984007,20.903199863433837,0.8269547261145681,33.08976804804129,-1.531464593070254,-1.5423688246307752
2019-02-14,15.609999656677246,17.270000457763672,15.300000190734863,16.219999313354492,0,0.03642170662734823,0.05999665217376933,0.033515276740127865,17.144999837875368,20.866199855804442,0.8216637411869736,43.08755193295976,-1.4326890992520447,-1.5204328795550293
2019-02-15,16.81999969482422,16.81999969482422,14.789999961853027,14.90999984741211,0,-0.08076445877921923,0.06149526045659255,0.04740328071831812,16.98749985694885,20.835599842071534,0.8153112934453394,26.814974612600395,-1.443475332406873,-1.5050413701253982
2019-02-19,15.649999618530272,16.15999984741211,14.640000343322754,14.880000114440918,0,-0.002012054545821984,0.06148774494286712,0.04563794056351313,16.841499900817873,20.718399848937988,0.8128764780877206,24.428400678704094,-1.4378693646308047,-1.4916069690264797
2019-02-20,14.920000076293944,15.1899995803833,13.989999771118164,14.020000457763672,0,-0.05779567540746344,0.046427557857111175,0.04944941621512478,16.502499961853026,20.57499984741211,0.8020656177029661,26.363636814013915,-1.4856952101667122,-1.4904246172545264
2019-02-21,14.0,15.170000076293944,13.850000381469728,14.460000038146973,0,0.03138370656326539,0.04654349581473051,0.05272514411536811,16.24949994087219,20.399599857330323,0.7965597391378807,35.035459784085376,-1.4711349208044329,-1.486566677964508
2019-02-22,14.460000038146973,14.470000267028809,13.510000228881836,13.510000228881836,0,-0.0656984651977136,0.04782212712259603,0.04756948274975891,15.980499982833862,20.21699987411499,0.7904486364119057,32.62879835237281,-1.5187456769156942,-1.4930024777547453
2019-02-25,13.90999984741211,14.899999618530272,13.4399995803833,14.850000381469728,0,0.09918579791902782,0.051892875384373545,0.06796747184286363,15.851999998092651,20.078799877166748,0.789489416452587,44.8235331868639,-1.43184530927598,-1.4807710440589923
2019-02-26,15.15999984741211,15.279999732971191,14.520000457763672,15.170000076293944,0,0.021548800444713745,0.047950784067919826,0.06851983328862678,15.666999959945679,19.952999897003174,0.7851952107862624,47.690532830961935,-1.3219166090155579,-1.4490001570503055
2019-02-27,15.529999732971191,16.170000076293945,14.699999809265137,14.699999809265137,0,-0.030982219160517577,0.04783869608743266,0.06314394394094616,15.445499992370605,19.833999900817872,0.7787385333068241,46.19686571794193,-1.258218456498641,-1.4108438169399726
2019-02-28,15.170000076293944,15.239999771118164,14.390000343322754,14.779999732971191,0,0.005442171751297131,0.04544710857146484,0.06211677100683397,15.30149998664856,19.696999912261962,0.7768441922530002,40.09961683184556,-1.1875920643857363,-1.3661934664291255
2019-03-01,14.56999969482422,14.84000015258789,13.40999984741211,13.56999969482422,0,-0.08186739242272822,0.046903078422137943,0.06700454417073493,15.15149998664856,19.477999897003173,0.777877608931486,37.485440919080325,-1.2152484033429118,-1.336004453811883
2019-03-04,13.770000457763672,16.979999542236328,13.380000114440918,14.630000114440918,0,0.07811351830914148,0.050542185986852235,0.05967801153421935,15.076000022888184,19.25899990081787,0.7828028506427249,42.87233787837038,-1.1385090525021386,-1.2965053735499341
2019-03-05,14.520000457763672,15.390000343322754,14.260000228881836,14.739999771118164,0,0.007518773466629547,0.050333474263700335,0.05864129808010572,15.026500034332276,19.042199897766114,0.7891157594714185,46.15384206468317,-1.0566362659556372,-1.248531552031075
2019-03-06,14.90999984741211,16.110000610351562,14.739999771118164,15.739999771118164,0,0.0678426062094939,0.05264049080392328,0.06384635763887761,15.035000038146972,18.789399909973145,0.8001852166745681,50.46153933432933,-0.9006774016805004,-1.1789607219609601
2019-03-07,16.329999923706055,17.809999465942383,15.539999961853027,16.59000015258789,0,0.05400256631702249,0.053779127367887175,0.06561981787877659,15.095500040054322,18.51899990081787,0.8151358129975284,51.84447100829725,-0.7004169801400018,-1.0832519735967685
2019-03-08,17.3799991607666,18.32999992370605,16.020000457763672,16.049999237060547,0,-0.03254978363837502,0.052515542172388525,0.046413090302224375,15.079499959945679,18.118599891662598,0.8322662926556824,56.15550411161327,-0.5786128256925256,-0.9823241440159199
2019-03-11,16.280000686645508,16.43000030517578,14.329999923706056,14.329999923706056,0,-0.10716507134672593,0.057180844926178025,0.07088342720415193,15.00999994277954,17.796999893188477,0.8434005749769309,47.48858356020477,-0.6137962644196051,-0.9086185680966571
2019-03-12,13.970000267028809,14.699999809265137,13.609999656677246,13.770000457763672,0,-0.0390788184873595,0.05754214728078633,0.07235548531408077,14.899999952316284,17.473199920654295,0.8527344745082241,48.82629103777142,-0.6790391294826481,-0.8627026803738553
2019-03-13,14.0,14.050000190734863,13.25,13.40999984741211,0,-0.026143834305291547,0.05737093667996585,0.057259280724346315,14.798999929428101,17.174599914550782,0.8616794570504079,45.0331119852674,-0.7511349940504886,-0.8403891431091821
2019-03-14,13.350000381469728,13.84000015258789,13.15999984741211,13.5,0,0.006711420851004624,0.05725943389256673,0.04165579767687077,14.691499948501587,16.936199913024904,0.8674614154266675,49.94850552080139,-0.7918809157246667,-0.8306874976322791
2019-03-15,13.210000038146973,13.279999732971191,12.5,12.880000114440918,0,-0.04592591744882091,0.05702423573592915,0.04151547826555827,14.524499988555908,16.729399929046632,0.868202090341421,39.04338093324077,-0.8642387550175616,-0.8373977491093357
2019-03-18,13.130000114440918,13.800000190734863,13.0,13.100000381469728,0,0.017080765921899888,0.05477864757480047,0.027975043377280604,14.434000015258789,16.482399921417237,0.8757219873365191,38.35770870177805,-0.8935306162968768,-0.848624322546844
2019-03-19,12.890000343322754,13.770000457763672,12.369999885559082,13.5600004196167,0,0.03511450570624808,0.0555101108185429,0.03289324013044063,14.368000030517578,16.325999946594237,0.8800686069777235,43.58108528983318,-0.8696022354401549,-0.8528199051255061
2019-03-20,13.539999961853027,14.300000190734863,13.050000190734863,13.90999984741211,0,0.025811166442818223,0.054314563728112046,0.03179727782104785,14.3625,16.176199951171874,0.8878784908293322,45.245902562006805,-0.8130247492433522,-0.8448608739490755
2019-03-21,14.109999656677246,14.5600004196167,13.260000228881836,13.630000114440918,0,-0.020129384330890843,0.05401936287471387,0.034193615865896115,14.321000003814698,16.039399967193603,0.8928638249003293,50.364966044206625,-0.7817685806440657,-0.8322424152880735
2019-03-22,13.770000457763672,17.520000457763672,13.619999885559082,16.479999542236328,0,0.20909753513324247,0.06955879545849891,0.08953055690675461,14.469499969482422,15.969399967193603,0.9060766214890685,59.24075705168848,-0.5210207041152621,-0.7699980730535113
2019-03-25,17.760000228881836,17.850000381469727,16.260000228881836,16.329999923706055,0,-0.009101918852961188,0.06658077359096108,0.0928882565874247,14.543499946594238,15.905999965667725,0.9143404990560561,57.91044912085456,-0.32275928091524975,-0.680550314625859
2019-03-26,16.219999313354492,16.299999237060547,14.670000076293944,14.68000030517578,0,-0.10104100589339204,0.07066586835674749,0.11499517652623321,14.51899995803833,15.835799961090087,0.9168466382319019,45.04673093778637,-0.29537198978473533,-0.6035146496576343
2019-03-27,14.520000457763672,16.709999084472656,14.510000228881836,15.149999618530272,0,0.032016301334052644,0.07058627341776914,0.11509450011118423,14.541499948501587,15.757399959564209,0.9228362538119995,43.02325173070671,-0.23305582513109435,-0.5294228847523264
2019-03-28,15.380000114440918,15.619999885559082,14.40999984741211,14.43000030517578,0,-0.04752470834876099,0.07150853414793489,0.11822108175030928,14.523999977111817,15.67399995803833,0.9266300890643591,42.28571656934341,-0.23901255502538987,-0.47134081880693907
2019-03-29,14.1899995803833,14.43000030517578,13.640000343322754,13.710000038146973,0,-0.049896067345927664,0.06989441023631983,0.04975442423404575,14.530999994277954,15.567399940490724,0.9334249810389275,46.73684172485001,-0.2983916375807496,-0.4367509825617012
2019-04-01,13.899999618530272,14.010000228881836,13.31999969482422,13.399999618530272,0,-0.022611263220579825,0.06777404849254007,0.048335604467801545,14.469499969482422,15.47419994354248,0.9350725738502993,47.999995051202525,-0.3662426145077493,-0.4226493089509109
2019-04-02,13.619999885559082,13.68000030517578,13.130000114440918,13.359999656677246,0,-0.0029850718650552555,0.06773465453608611,0.03404852935822453,14.400499963760376,15.385399951934815,0.9359847653456301,49.72004364476273,-0.4184193869542785,-0.42180332455158437
2019-04-03,13.0600004196167,14.270000457763672,12.850000381469728,13.739999771118164,0,0.028443123069318066,0.06612506042793498,0.03274354416643852,14.300499963760377,15.244199962615967,0.9380944883188447,51.301517563127675,-0.42421691308223686,-0.4222860422577149
2019-04-04,13.84000015258789,14.029999732971191,13.399999618530272,13.579999923706056,0,-0.011644821694133611,0.06466610479867459,0.028571887571179257,14.149999952316284,15.125399951934815,0.9355124490778335,53.99543390180398,-0.43668827422262346,-0.4251664886506966
2019-04-05,13.460000038146973,13.470000267028809,12.170000076293944,12.81999969482422,0,-0.05596467107154646,0.06534094239218059,0.030651247212408497,13.988499975204467,15.00399995803833,0.9323180494752126,48.49461953203495,-0.5021095779972651,-0.4405551065200104
2019-04-08,13.550000190734863,13.770000457763672,13.100000381469728,13.18000030517578,0,0.028081171522718495,0.0615630494357003,0.034765377456265116,13.930999994277954,14.919199962615966,0.9337632064176222,47.93478151575578,-0.5189255413488336,-0.456229193485775
2019-04-09,13.460000038146973,14.390000343322754,13.3100004196167,14.279999732971191,0,0.0834597422098271,0.06378692904992611,0.05192090949054359,13.95649995803833,14.827399940490723,0.9412641470556051,51.859296299388234,-0.43843751792612373,-0.4526708583738448
2019-04-10,14.09000015258789,14.289999961853027,13.270000457763672,13.300000190734863,0,-0.06862742020741086,0.06551501815762754,0.06246893502549957,13.950999975204468,14.710799961090087,0.9483508722914266,48.45070425057659,-0.44855726342228763,-0.45184813938353335
2019-04-11,13.369999885559082,13.579999923706056,12.90999984741211,13.020000457763672,0,-0.021052611199678495,0.06569309141874798,0.06286184600623662,13.92699999809265,14.617999973297119,0.9527295131709723,28.589109319902562,-0.4737102363020824,-0.4562205587672432
2019-04-12,12.960000038146973,12.960000038146973,11.949999809265137,12.010000228881836,0,-0.07757297952163933,0.06722413017168558,0.06764579736305447,13.883500003814698,14.526799983978272,0.955716332511422,25.838924169865848,-0.5685883930113889,-0.47869412561607233
2019-04-15,12.460000038146973,13.140000343322754,12.239999771118164,12.31999969482422,0,0.02581177852077743,0.06737898906974307,0.06732367383307933,13.844499969482422,14.450399990081786,0.9580703633798905,34.47367707778071,-0.6117141892414324,-0.5052981383411443
2019-04-16,12.260000228881836,12.470000267028809,11.850000381469728,12.18000030517578,0,-0.011363587103598416,0.06686683524510183,0.04270836816008443,13.775499963760376,14.379400005340576,0.9580024172527429,29.573590745867904,-0.6496991468379889,-0.5341783400405132
2019-04-17,12.119999885559082,13.020000457763672,11.029999732971191,12.600000381469728,0,0.03448276402057826,0.06709353486724055,0.0445850543112875,13.709999990463256,14.320000019073486,0.9574022326956884,36.872309153605094,-0.6385511827799064,-0.5550529085883918
2019-04-18,12.800000190734863,13.119999885559082,12.020000457763672,12.09000015258789,0,-0.040476207415983345,0.06752133212962053,0.046596310396527445,13.632999992370605,14.254200019836425,0.9564198603498375,38.0177510410358,-0.6632238652910925,-0.576687099928932
2019-04-22,13.210000038146973,13.359999656677246,12.380000114440918,12.420000076293944,0,0.027295278704807524,0.046207498117398556,0.032063151595445614,13.430000019073486,14.175200004577636,0.9474293142062545,42.77286343156275,-0.6486714275866419,-0.5910839654604739
2019-04-23,12.65999984741211,12.6899995803833,12.079999923706056,12.279999732971191,0,-0.011272169280414968,0.04620037625586555,0.030936441553265186,13.227500009536744,14.106399993896485,0.9376949480562,42.15116238774573,-0.6410457966291574,-0.6010763316942107
2019-04-24,12.529999732971191,13.229999542236328,12.260000228881836,13.140000343322754,0,0.07003262451565884,0.044883880982617544,0.042784497321577075,13.150500011444091,14.049799995422363,0.9359919725354612,45.923916740600184,-0.5591618969441257,-0.5926934447441937
2019-04-25,13.289999961853027,14.300000190734863,12.8100004196167,13.25,0,0.008371358736922963,0.044175328676477076,0.04154192444448639,13.055500030517578,14.006199989318848,0.9321229198836033,47.74281841439565,-0.4798607277472655,-0.5701269013448081
2019-04-26,13.4399995803833,13.619999885559082,12.489999771118164,12.729999542236328,0,-0.039245317567069615,0.043800461190138334,0.04116409683691908,12.970499992370605,13.947799987792969,0.9299316023833372,49.363506672752905,-0.45374320175621286,-0.5468501614270891
2019-04-29,13.039999961853027,13.270000457763672,12.649999618530272,13.109999656677246,0,0.029850756331933237,0.04315563782171951,0.04143143274660077,12.940499973297118,13.885599994659424,0.9319366810418129,49.506342338450054,-0.3977964904774858,-0.5170394272371684
2019-04-30,13.109999656677246,14.050000190734863,12.880000114440918,13.119999885559082,0,0.0007627939850283205,0.04286505663887123,0.040102556582051134,12.92649998664856,13.849799995422364,0.9333347767419765,40.3333346048991,-0.34863256463061987,-0.48335805471585874
2019-05-01,12.859999656677246,14.829999923706056,12.739999771118164,14.800000190734863,0,0.12804880486507653,0.05154828553991825,0.06251488959686162,12.99850001335144,13.848199996948242,0.9386418463205289,61.19402857606476,-0.17212368026870273,-0.42111117982642754
2019-05-02,14.350000381469728,15.920000076293944,13.800000190734863,14.420000076293944,0,-0.02567568307727508,0.05174871488213005,0.06657719819491302,13.03250002861023,13.856199989318847,0.9405536899479242,60.29411310968176,-0.062185119823359614,-0.34932596782581393
2019-05-03,14.109999656677246,14.149999618530272,12.800000190734863,12.869999885559082,0,-0.10748961043925487,0.05737334854310546,0.08569040634572068,12.997000026702882,13.824399986267089,0.9401493041010003,55.858307405046084,-0.09898899657144433,-0.29925857357494
2019-05-06,12.890000343322754,18.799999237060547,12.890000343322754,15.4399995803833,0,0.19968917775266748,0.07130159268992611,0.12334394275453364,13.128000020980835,13.86299997329712,0.9469811762438116,66.24999714394448,0.0783183576601143,-0.22374318732792914
2019-05-07,15.899999618530272,21.84000015258789,15.800000190734863,19.31999969482422,0,0.2512953510290572,0.08922491906184618,0.15155462117638763,13.434999990463258,13.95239995956421,0.9629167762821851,76.76161277025474,0.5258575376796948,-0.07382304232640431
2019-05-08,18.950000762939453,21.739999771118164,18.290000915527344,19.399999618530277,0,0.0041407828659278945,0.08814378244168512,0.15372367550410465,13.690999984741211,14.036999950408935,0.9753508608042957,76.1538393821952,0.8768827291851569,0.11631811197590798
2019-05-09,21.399999618530277,23.3799991607666,18.8700008392334,19.100000381469727,0,-0.015463878503069739,0.0861458356794726,0.1522890271604956,13.980999994277955,14.124999961853028,0.9898053120025508,77.40422098160892,1.1179779374745902,0.31665007707564446
2019-05-10,18.790000915527344,20.190000534057617,15.56999969482422,16.040000915527344,0,-0.16020939292289793,0.0949356294520194,0.16832242854516222,14.132000017166138,14.15019998550415,0.9987138013344931,61.662373493753805,1.0500271838666766,0.463325498433851
2019-05-13,18.6200008392334,21.31999969482422,18.350000381469727,20.549999237060547,0,0.28117194913420174,0.10940219655524423,0.18846455766612777,14.558999967575073,14.289799976348878,1.0188386115741122,70.78934176568809,1.3445952380685302,0.6395794463607869
2019-05-14,19.399999618530277,19.649999618530277,17.450000762939453,18.059999465942383,0,-0.12116787657235606,0.11468339518167621,0.17294223430073283,14.845999956130981,14.358399963378906,1.0339592150933041,61.431226003865305,1.3614266920917295,0.7839488955069756
2019-05-15,17.56999969482422,19.149999618530277,16.40999984741211,16.440000534057617,0,-0.08970094018772068,0.11730353364997653,0.17710956061281752,15.058999967575073,14.392399978637695,1.0463161105810566,56.92575112318666,1.2298682105970578,0.8731327585249922
2019-05-16,16.690000534057617,17.1299991607666,15.15999984741211,15.289999961853027,0,-0.06995137073275715,0.11899440019611963,0.17835002758330853,15.193499946594239,14.383399982452392,1.0563218686214775,55.40997621658486,1.021041796707987,0.9027145661615911
2019-05-17,15.890000343322754,16.809999465942383,14.859999656677246,15.960000038146973,0,0.043819494961774064,0.11838000766800837,0.16447545439035674,15.386999940872192,14.370799980163575,1.070712831722055,55.949897170402146,0.8992428540580057,0.9020202237408741
2019-05-20,15.880000114440918,17.6299991607666,15.460000038146973,16.309999465942383,0,0.021929788656569915,0.11836919717745825,0.07206086365280934,15.581499910354614,14.375999984741211,1.0838550310860413,56.56648844457893,0.8214887325003737,0.8859139254927739
2019-05-21,15.859999656677246,16.219999313354492,14.789999961853027,14.949999809265137,0,-0.08338440841258887,0.12045020382900386,0.06325999782847855,15.714999914169312,14.388399982452393,1.0921992670022236,50.31289037692701,0.6427185651350449,0.8372748534212281
2019-05-22,15.0600004196167,15.4399995803833,14.420000076293944,14.75,0,-0.013377913833897748,0.11993624942245334,0.055649402040731544,15.795499897003173,14.40799997329712,1.0963006611797306,50.69356870613508,0.47937763936462296,0.7656954106099071
2019-05-23,15.93000030517578,18.049999237060547,15.279999732971191,16.920000076293945,0,0.1471186492402674,0.1236598368875879,0.08438125725723883,15.978999900817872,14.478199977874755,1.1036592894998414,58.29578248094849,0.5190464057230066,0.716365609632527
2019-05-24,16.34000015258789,16.520000457763672,15.520000457763672,15.850000381469728,0,-0.06323875236403564,0.12437008575965232,0.09115852891219248,16.13499994277954,14.52519998550415,1.1108280752679438,50.894807702210116,0.4588547637590086,0.6648634404578234
2019-05-28,16.549999237060547,17.700000762939453,15.899999618530272,17.5,0,0.10410091979930103,0.12584479261272646,0.10240581484660102,16.354499959945677,14.617599983215332,1.1188225138685381,45.59961273803012,0.5380908569887488,0.6395089237640086
2019-05-29,18.549999237060547,19.040000915527344,17.6200008392334,17.899999618530273,0,0.02285712105887283,0.12574899490487526,0.0857078797599591,16.59349994659424,14.713599967956544,1.1277661471517348,46.4285704554341,0.6259471291512941,0.6367965648414657
2019-05-30,17.469999313354492,18.11000061035156,16.719999313354492,17.299999237060547,0,-0.03351957509812453,0.12380135048814819,0.08921559254154725,16.718499898910522,14.78839994430542,1.1305144546992272,45.77464429283557,0.6397838119061809,0.6373940142544088
2019-05-31,19.049999237060547,19.71999931335449,18.010000228881836,18.709999084472656,0,0.08150288494762292,0.12428280579427552,0.07181465268474209,16.932999849319458,14.88439992904663,1.137634028246918,56.793889921402666,0.7558121544630367,0.6610776422961344
2019-06-03,19.40999984741211,19.75,18.15999984741211,18.86000061035156,0,0.00801718509988536,0.12067781874205914,0.05589105864908407,17.232499885559083,14.988999938964843,1.1496764264280315,44.4735162317375,0.8500702408159917,0.6988761620001059
2019-06-04,18.739999771118164,18.739999771118164,16.969999313354492,16.969999313354492,0,-0.10021215460405208,0.11649102943499483,0.06764665194270256,17.308999872207643,14.998799934387208,1.154025651913919,46.28999280816631,0.7634624244853292,0.7117934144971506
2019-06-05,17.059999465942383,17.489999771118164,16.040000915527344,16.09000015258789,0,-0.05185616949754901,0.10242263536569048,0.06840374644749198,17.147499895095827,14.993999938964844,1.1436241139720624,48.745518414595495,0.616707507988707,0.692776233195462
2019-06-06,16.25,16.540000915527344,15.359999656677246,15.93000030517578,0,-0.00994405505871776,0.10240944978015247,0.06798233412432518,16.9739999294281,15.018999938964845,1.1301684531865042,52.46913711974904,0.4819370584272811,0.6506083982418258
2019-06-07,15.649999618530272,16.440000534057617,15.329999923706056,16.299999237060547,0,0.023226548951449377,0.10256819219836051,0.050035194115611616,16.83399987220764,15.041999931335448,1.119133090616435,51.34280895980866,0.4003710989676357,0.6005609383869879
2019-06-10,16.299999237060547,16.469999313354492,15.84000015258789,15.9399995803833,0,-0.02208586954156,0.09586694258015985,0.046587927432539186,16.82899980545044,15.0721999168396,1.116558956111512,48.539858282631904,0.30318559003820766,0.5410858687172319
2019-06-11,15.84000015258789,16.700000762939453,15.5,15.989999771118164,0,0.003136774909103357,0.0702625512075551,0.02812147886067919,16.60099983215332,15.117799911499024,1.0981095086148172,54.57746475917247,0.22757661005196894,0.47838401698417926
2019-06-12,16.260000228881836,16.43000030517578,15.779999732971191,15.90999984741211,0,-0.00500312225460775,0.06522163232730317,0.01686893914848683,16.493499851226808,15.16799991607666,1.087387918149,55.16014177505945,0.1593635792821928,0.41457992944378197
2019-06-13,16.15999984741211,16.209999084472656,15.609999656677246,15.81999969482422,0,-0.005656829255251572,0.062062558891161704,0.01647711490120874,16.462499809265136,15.217199916839599,1.081835022161171,43.995631005493415,0.09692471303923966,0.35104888616287355
2019-06-14,16.0,16.399999618530273,15.210000038146973,15.279999732971191,0,-0.03413400583248427,0.06043712872542459,0.015059473421358468,16.461999797821044,15.24799991607666,1.0796169916334015,46.69756291460105,0.003823898222016453,0.28160388857470214
2019-06-17,15.649999618530272,15.760000228881836,15.239999771118164,15.350000381469728,0,0.0045811943535241095,0.05962814192907743,0.01563699318768898,16.431499814987184,15.283399925231933,1.075120712365827,34.75177823031083,-0.06357781548073405,0.2125675477636149
2019-06-18,14.890000343322754,15.539999961853027,14.619999885559082,15.149999618530272,0,-0.013029365340009647,0.05945443213342776,0.014542765905778897,16.373499822616576,15.329999923706055,1.068069139210945,29.92701400633851,-0.13161536923753303,0.14373096436338528
2019-06-19,15.050000190734863,15.710000038146973,14.149999618530272,14.329999923706056,0,-0.054125393760489415,0.05768116851352127,0.02356770010675211,16.342499828338624,15.35299991607666,1.064449939273811,28.995766334467945,-0.24883433579376302,0.0652179043319556
2019-06-20,14.039999961853027,16.030000686645508,13.1899995803833,14.75,0,0.029309147140966774,0.0579718039716652,0.03254211469964815,16.342499828338624,15.362399921417236,1.0637986194822984,17.43422786284158,-0.30433255893781563,-0.008692188321998676
2019-06-21,14.739999771118164,15.479999542236328,14.420000076293944,15.399999618530272,0,0.04406777074781498,0.04809031589083056,0.03839909500752483,16.26649980545044,15.404399909973144,1.055964523156735,23.708198845445352,-0.2924940740660862,-0.0654525654708162
2019-06-24,15.460000038146973,15.5600004196167,15.229999542236328,15.260000228881836,0,-0.009090869682878422,0.04603642235671377,0.03866948133494925,16.236999797821046,15.449199905395508,1.050992925021988,32.298138853457914,-0.2910536845337912,-0.11057278928341123
2019-06-25,15.43000030517578,16.68000030517578,15.100000381469728,16.280000686645508,0,0.06684144446034601,0.042154176788602525,0.047684144997312494,16.17599983215332,15.534599914550782,1.0412884735449002,51.9114744497759,-0.20524076522641366,-0.12950638447201174
2019-06-26,16.100000381469727,16.600000381469727,15.470000267028809,16.209999084472656,0,-0.004299852531964188,0.04172087794390518,0.03222132758492283,16.09149980545044,15.61239990234375,1.0306871401003996,52.868839323891976,-0.14125366833297903,-0.13185584124420519
2019-06-27,15.65999984741211,16.399999618530273,15.65999984741211,15.81999969482422,0,-0.024059186408098676,0.04142249818184534,0.03876361136890669,16.01749982833862,15.685199890136719,1.0211855724204613,45.10204701262588,-0.12062266147009382,-0.1296092052893829
2019-06-28,15.699999809265137,16.1299991607666,15.079999923706056,15.079999923706056,0,-0.04677621905139906,0.037267956648666854,0.0426477579076764,15.835999870300293,15.734799880981445,1.0064316032033664,41.856066387271504,-0.16211547075251076,-0.1361104583820085
2019-07-01,13.850000381469728,14.640000343322754,13.800000190734863,14.0600004196167,0,-0.06763922475131434,0.03913022015954355,0.05166000874250997,15.59599986076355,15.774199886322021,0.9887030704034003,34.56000754394415,-0.27414409406917706,-0.16371718551944223
2019-07-02,14.15999984741211,14.300000190734863,12.899999618530272,12.93000030517578,0,-0.08036984926859092,0.03701962071162737,0.03106866051914571,15.393999910354614,15.784399890899659,0.9752667201006403,29.58904743104999,-0.44893411754537205,-0.2207605719246282
2019-07-03,13.18000030517578,13.1899995803833,12.5600004196167,12.56999969482422,0,-0.02784227392534966,0.036064871873320956,0.024523243423524074,15.21799988746643,15.79019989013672,0.9637623331780801,28.533690144351226,-0.6094798072194845,-0.2985044189835995
2019-07-05,13.0,14.470000267028809,12.039999961853027,13.279999732971191,0,0.05648369573464018,0.03915607999808294,0.054007487848332564,15.0854998588562,15.792999877929688,0.9552016700726883,37.08010616093188,-0.6716796487106294,-0.3731394649290055
2019-07-08,13.729999542236328,14.4399995803833,13.640000343322754,13.960000038146973,0,0.0512048432868184,0.040807532587749454,0.06460007695340549,14.968499898910522,15.807199878692627,0.9469419007655725,41.67664598164535,-0.6585122107342869,-0.4302140140900619
2019-07-09,14.470000267028809,14.710000038146973,13.989999771118164,14.09000015258789,0,0.009312329089232074,0.04079751406957934,0.057267180422745256,14.875999927520752,15.834399890899657,0.9394735531512175,43.59903757223103,-0.6303210497919043,-0.47023542123043033
2019-07-10,14.380000114440918,14.6899995803833,12.979999542236328,13.029999732971191,0,-0.0752306890090424,0.04360578238965577,0.055441669370895126,14.727999925613403,15.832799892425538,0.9302208090597625,42.37089216329452,-0.6856092500509909,-0.5133101869945425
2019-07-11,13.010000228881836,13.329999923706056,12.390000343322754,12.93000030517578,0,-0.007674553326534106,0.04359610568904737,0.05335053029510316,14.578999948501586,15.828999900817871,0.9210310215333504,38.902441917750465,-0.7290901675704102,-0.5564661831097161
2019-07-12,12.760000228881836,12.81999969482422,12.279999732971191,12.390000343322754,0,-0.041763337131312195,0.044176390875415625,0.04834332039855029,14.407499980926513,15.780799903869628,0.9129765327924622,31.396793179190183,-0.7979246136656837,-0.6047578692209097
2019-07-15,12.579999923706056,13.020000457763672,12.489999771118164,12.68000030517578,0,0.023405968831091473,0.04447762739506741,0.04001974406643026,14.277500009536743,15.745999908447265,0.9067382251080343,34.34466384607512,-0.8196276771689721,-0.6477318308105222
2019-07-16,12.609999656677246,13.140000343322754,12.279999732971191,12.859999656677246,0,0.014195532111146214,0.044676083968838355,0.040914389101383744,14.152999973297119,15.74579990386963,0.8988428698258086,26.891886719480453,-0.8129320928746342,-0.6807718832233447
2019-07-17,12.619999885559082,13.970000267028809,12.239999771118164,13.970000267028809,0,0.0863142021761425,0.04934865571345686,0.04715182972990148,14.094000005722046,15.716399917602539,0.8967702577952736,36.72986416581007,-0.7098750240932059,-0.686592511397317
2019-07-18,14.449999809265137,14.5,13.1899995803833,13.529999732971191,0,-0.03149610061898722,0.04836157789084245,0.05104523299114539,14.053999996185302,15.600599918365479,0.9008627917981876,36.51354672346625,-0.6561423202252445,-0.6805024731629026
2019-07-19,13.3100004196167,14.449999809265137,13.09000015258789,14.449999809265137,0,0.0679970505876657,0.05040027134251219,0.0465521125499067,14.038999986648559,15.501599922180176,0.905648452877507,46.366781778552884,-0.5331763231288988,-0.6510372431561019
2019-07-22,14.550000190734863,14.699999809265137,13.420000076293944,13.529999732971191,0,-0.06366782618945466,0.05121338851015756,0.06372796677649292,13.945499992370605,15.390199909210205,0.9061285801768549,46.90781454164996,-0.5041496782349295,-0.6216597301718675
2019-07-23,13.420000076293944,13.520000457763672,12.550000190734863,12.609999656677246,0,-0.0679970505876657,0.05310730613360225,0.07370086871134143,13.812999963760376,15.321599884033203,0.9015377028710327,48.086120881391125,-0.5490530288829287,-0.6071383899140798
2019-07-24,12.800000190734863,13.100000381469728,11.979999542236328,12.06999969482422,0,-0.042823154365994376,0.05055682472420316,0.0554944363400079,13.60249991416931,15.151999893188476,0.8977362731030815,47.07259984544671,-0.6210536221722496,-0.6099214363657137
2019-07-25,12.239999771118164,13.539999961853027,11.6899995803833,12.739999771118164,0,0.05550953547921367,0.05285480376697565,0.06651334339719608,13.428999948501588,15.045599899291993,0.8925533071721202,46.823529992549,-0.6169395097210941,-0.6113250510367898
2019-07-26,12.579999923706056,12.720000267028809,12.010000228881836,12.15999984741211,0,-0.04552589749812441,0.0533571067462117,0.050627537784224894,13.245999956130982,14.959999885559082,0.8854278113275503,39.285713880240536,-0.6529533527433653,-0.6196507113781049
2019-07-29,12.149999618530272,13.170000076293944,12.149999618530272,12.829999923706056,0,0.055098691176097114,0.05468057342719276,0.05964229292927817,13.133499956130981,14.910799884796143,0.8808045213940942,42.9530192751009,-0.6202809632388693,-0.6197767617502579
2019-07-30,12.869999885559082,14.18000030517578,12.869999885559082,13.9399995803833,0,0.08651595193124617,0.056463202953718976,0.06152684066968994,13.127499914169311,14.870399875640869,0.882794008496934,55.061178368077556,-0.4990672271885739,-0.5956348548379211
2019-07-31,13.829999923706056,16.549999237060547,13.460000038146973,16.1200008392334,0,0.15638460003383692,0.06293499799641826,0.07273280500380261,13.286999940872192,14.866599903106689,0.8937484043069992,64.40831107662838,-0.2245085902359083,-0.5214096019175185
2019-08-01,15.40999984741211,19.459999084472656,13.729999542236328,17.8700008392334,0,0.10856078839281391,0.06561881647606549,0.075441934239693,13.55199999809265,14.924999923706055,0.9080067046812773,72.31270262178859,0.13276109501458677,-0.39057546253109743
2019-08-02,17.690000534057617,20.11000061035156,17.040000915527344,17.610000610351562,0,-0.014549536467340696,0.0654475169822414,0.06371755443956344,13.76850004196167,14.982199935913085,0.9189905421671676,70.12244709210344,0.3904195356275135,-0.23437646289937522
2019-08-05,19.959999084472656,24.809999465942383,19.90999984741211,24.59000015258789,0,0.39636566157376074,0.10729591544207229,0.15289281887767572,14.300000047683715,15.135599937438965,0.9447924170030199,80.78739948561667,1.1446485390709746,0.041428537494694835
2019-08-06,22.290000915527344,22.8700008392334,19.770000457763672,20.170000076293945,0,-0.17974786697302148,0.11738781630296745,0.21345254803885566,14.604000043869018,15.22199993133545,0.9594008743756305,63.864041537546385,1.3699316719896082,0.3071291643936776
2019-08-07,20.700000762939453,23.670000076293945,18.940000534057617,19.489999771118164,0,-0.03371345079839605,0.11589844673685636,0.21634019187226708,14.927000045776367,15.261799926757812,0.9780628836318018,63.18584001337845,1.4765787555216452,0.5410190826192712
2019-08-08,19.36000061035156,19.88999938964844,16.81999969482422,16.90999984741211,0,-0.13237557485912876,0.12104918588517759,0.22805027456554428,15.126000022888183,15.24199993133545,0.9923894561757092,55.0700740276876,1.3374950947964521,0.7003142850547075
2019-08-09,18.13999938964844,19.440000534057617,17.309999465942383,17.969999313354492,0,0.0626847708756546,0.12050368053253642,0.22882353589624813,15.40499997138977,15.255399932861328,1.0098063662170005,59.09835958250172,1.2978426673542067,0.8198199615146075
2019-08-12,17.8700008392334,21.26000022888184,17.770000457763672,21.09000015258789,0,0.17362275784366643,0.12499314999940686,0.1437394269977673,15.825499963760375,15.302999954223633,1.0341436326929172,65.93984975614799,1.5008746767060543,0.9560309045528971
2019-08-13,21.280000686645508,21.63999938964844,17.520000457763672,17.520000457763672,0,-0.16927452200071014,0.13289531486951153,0.14091271850507142,16.058500003814697,15.276199951171876,1.0512103831544055,59.19676099641486,1.3580550539421168,1.036435734430741
2019-08-14,17.809999465942383,22.709999084472656,17.75,22.100000381469727,0,0.26141551392919693,0.1426671397091112,0.1876836101446018,16.465000009536745,15.37879997253418,1.0706297005580714,63.95348890109652,1.5960390465002803,1.148356396844649
2019-08-15,21.57999992370605,24.100000381469727,20.780000686645508,21.18000030517578,0,-0.041628962009672255,0.14292281719118802,0.1705476882699796,16.847500038146972,15.480599975585937,1.0882976153842059,63.311688567584596,1.6909149428856445,1.2568681060528482
2019-08-16,20.479999542236328,20.5,18.40999984741211,18.46999931335449,0,-0.12795094205730706,0.14695870587441673,0.18933498381116948,17.04850001335144,15.531399955749512,1.0976795435005406,57.85077822687315,1.5297958088783474,1.311453646617948
2019-08-19,17.93000030517578,18.21999931335449,16.520000457763672,16.8799991607666,0,-0.08608555558733877,0.1477287352029,0.17114250008733048,17.21599998474121,15.542999954223633,1.1076368806179502,54.03846068696667,1.2592916796476388,1.3010212532238863
2019-08-20,16.780000686645508,17.700000762939453,16.450000762939453,17.5,0,0.036729909363647284,0.14626726116695501,0.15398164227816058,17.46050000190735,15.574199962615968,1.1211169783243584,51.980480882854906,1.0824660991390864,1.2573102224069264
2019-08-21,17.010000228881836,17.040000915527344,15.510000228881836,15.800000190734863,0,-0.09714284624372205,0.14810448803792367,0.06387457475235839,17.64700002670288,15.570399971008301,1.1333684465114036,47.02500641379523,0.7959792225127877,1.1650440224280987
2019-08-22,16.1200008392334,17.68000030517578,15.630000114440918,16.68000030517578,0,0.05569620910238671,0.14810663428633253,0.08381446512113558,17.84400005340576,15.585799980163575,1.144888300640086,48.68681126928955,0.6326521434303416,1.0585656466285474
2019-08-23,16.149999618530273,21.06999969482422,16.040000915527344,19.8700008392334,0,0.19124703091688589,0.15173797490511495,0.11816958870593958,18.229500102996827,15.666800003051758,1.1635752099628436,42.53637112054852,0.7519525982229851,0.9972430369474349
2019-08-26,20.34000015258789,21.32999992370605,19.059999465942383,19.31999969482422,0,-0.02767997590232607,0.15229151235162952,0.10745092965441869,18.554000091552734,15.747600002288818,1.178211288631666,48.468467991670074,0.7929776199655159,0.9563899535510512
2019-08-27,20.18000030517578,21.040000915527344,18.489999771118164,20.309999465942383,0,0.051242224987373186,0.15181769511162307,0.10781378926060453,18.872500085830687,15.846799983978272,1.1909344539535751,51.46115395394481,0.8950572897394267,0.9441234207887262
2019-08-28,20.549999237060547,21.63999938964844,19.100000381469727,19.350000381469727,0,-0.04726731214751967,0.14965173472807358,0.09399013684685607,19.034000062942503,15.93079999923706,1.1947924814732505,54.61422146133479,0.8882530323708622,0.9329493431051535
2019-08-29,19.020000457763672,19.200000762939453,17.600000381469727,17.8799991607666,0,-0.07596905383582586,0.1495282674654201,0.10758223568987209,19.034499979019166,16.001799983978273,1.1895224286066173,49.83240197668063,0.7555344651756286,0.8974663675192486
2019-08-30,17.940000534057617,19.18000030517578,17.09000015258789,18.979999542236328,0,0.06152127701904009,0.14984397271933725,0.06101471608115246,19.102999925613403,16.086399974823,1.187524862959501,45.75110694186459,0.7306919205652633,0.8641114781284516
2019-09-03,20.959999084472656,21.149999618530277,19.40999984741211,19.65999984741211,0,0.035827203455014445,0.1201063131639884,0.06239220521708765,18.856499910354614,16.171599979400636,1.1660256211119493,54.87693474356554,0.7571464535989065,0.8427184732225427
2019-09-04,18.229999542236328,18.82999992370605,17.260000228881836,17.329999923706055,0,-0.11851474780213478,0.1161165541819146,0.07574508782252966,18.71449990272522,16.21299997329712,1.1542897633718672,37.887253925199595,0.5833755501974451,0.7908498886175231
2019-09-05,16.920000076293945,17.049999237060547,15.449999809265137,16.270000457763672,0,-0.061165578223251416,0.11667976130271146,0.07683568772192186,18.553499937057495,16.212799968719484,1.1443735796934578,37.61977074693317,0.35602373913597063,0.7038846587212128
2019-09-06,15.920000076293944,16.059999465942383,14.90999984741211,15.0,0,-0.07805780098535009,0.11410763426666676,0.07714188549498407,18.45799994468689,16.18859998703003,1.140185066001696,40.565528252505956,0.07253127242419666,0.5776139814618095
2019-09-09,15.260000228881836,16.1299991607666,14.949999809265137,15.270000457763672,0,0.018000030517578036,0.11324912522465228,0.06552032670624988,18.32300000190735,16.17760000228882,1.1326154682595069,45.284128963110966,-0.12886627919418103,0.4363179293306114
2019-09-10,15.529999732971191,16.520000457763672,15.109999656677246,15.199999809265137,0,-0.004584194263265062,0.10542158573778865,0.05542186681320078,18.02849998474121,16.18,1.11424598175162,43.03874174129464,-0.2907719194683587,0.2908999595708174
2019-09-11,15.329999923706056,15.520000457763672,14.550000190734863,14.609999656677246,0,-0.038815799999435296,0.0989630284025331,0.03957828163991769,17.88299994468689,16.19099998474121,1.1045024990142833,46.138870047826046,-0.46137296696119634,0.14044537426441459
2019-09-12,14.6899995803833,14.9399995803833,13.850000381469728,14.220000267028809,0,-0.02669400402553701,0.07664661954237084,0.03629523325725295,17.488999938964845,16.216799983978273,1.0784495064527817,41.756033666742155,-0.6208880071402376,-0.011821302016515904
2019-09-13,14.15999984741211,14.3100004196167,13.510000228881836,13.739999771118164,0,-0.03375530850189912,0.07654477496676895,0.023609602500585414,17.116999912261964,16.24019998550415,1.0539894784264008,24.897626484052793,-0.7770791692660843,-0.16487287546642965
2019-09-16,14.890000343322754,15.289999961853027,14.5,14.670000076293944,0,0.06768561285791752,0.07431250150024286,0.04387325924125227,16.926999950408934,16.267999992370605,1.0405089721138054,31.532967205274147,-0.8164075007835248,-0.2951798005298487
2019-09-17,14.920000076293944,15.029999732971191,14.399999618530272,14.4399995803833,0,-0.015678288664927376,0.0720977244891317,0.043986214443677146,16.80499997138977,16.27759998321533,1.0324003531674366,25.19020074476866,-0.8562641248566312,-0.40739666539520525
2019-09-18,14.609999656677246,15.800000190734863,13.800000190734863,13.949999809265137,0,-0.033933503141082344,0.07165617277856991,0.043218884200814815,16.627499961853026,16.274799976348877,1.021671540419342,26.232399110564643,-0.9168211297340854,-0.5092815582629814
2019-09-19,14.65999984741211,14.65999984741211,13.3100004196167,14.050000190734863,0,0.0071684862248750925,0.06862763501526017,0.042293460982997556,16.539999961853027,16.29519998550415,1.015022827370431,30.830841036470915,-0.9458407341249977,-0.5965933934353846
2019-09-20,13.9399995803833,15.84000015258789,13.350000381469728,15.31999969482422,0,0.09039142255149901,0.07061737010384643,0.053680532154772705,16.47199993133545,16.34299997329712,1.0078932850914217,31.98819283816995,-0.8564875778757077,-0.6485722303234494
2019-09-23,15.350000381469728,16.0,14.710000038146973,14.90999984741211,0,-0.02676239266183711,0.05412602213525662,0.05061063750491948,16.223999881744383,16.393399963378908,0.9896665681302874,25.985847436429268,-0.8094275421135482,-0.6807432926814692
2019-09-24,14.770000457763672,17.6200008392334,14.329999923706056,17.049999237060547,0,0.1435277942018136,0.0642495523057947,0.07775231773281482,16.1104998588562,16.480799942016603,0.9775314253881362,48.55669760503886,-0.5926206962069838,-0.6631187733865721
2019-09-25,17.049999237060547,18.450000762939453,15.6899995803833,15.960000038146973,0,-0.0639295746444557,0.06417145099473531,0.08529605044729106,15.89299988746643,16.542799949645996,0.9607200676936511,48.40698661964618,-0.5029557735871748,-0.6310861734266927
2019-09-26,16.229999542236328,17.09000015258789,15.350000381469728,16.06999969482422,0,0.00689220904851684,0.06365896216492149,0.08531469002507568,15.728999853134155,16.584799938201904,0.948398528275492,56.24270555966551,-0.4181988869724744,-0.5885087161358491
2019-09-27,15.770000457763672,18.690000534057617,15.149999618530272,17.219999313354492,0,0.0715618942357954,0.06383563615354192,0.08234780200846901,15.69599986076355,16.65859992980957,0.942216028171521,60.31745551184464,-0.25529025823806073,-0.5218650245562915
2019-09-30,17.229999542236328,17.350000381469727,16.200000762939453,16.239999771118164,0,-0.056910544791736295,0.06332270219338923,0.08810321181704246,15.558999872207641,16.694399929046632,0.931989166327356,55.01930592562351,-0.20292260367310355,-0.4580765403796539
2019-10-01,16.020000457763672,18.6200008392334,15.789999961853027,18.559999465942383,0,0.14285712607891754,0.07108096700286215,0.08786876231123097,15.503999853134156,16.794999923706055,0.9231318799382869,66.33581759369379,0.025489894546648628,-0.3613632533943934
2019-10-02,18.75,21.459999084472656,18.75,20.559999465942383,0,0.10775862379037249,0.06929960430845858,0.08002087072726204,15.665499830245972,16.95399991989136,0.9240002302858543,73.13868675128289,0.36369923196045306,-0.2163507563234241
2019-10-03,20.11000061035156,21.440000534057617,19.030000686645508,19.1200008392334,0,-0.07003884553082507,0.06981095222320553,0.09703429800349742,15.807999849319458,17.09499994277954,0.924714823178243,68.34925826756492,0.5096616516559003,-0.07114827472755918
2019-10-04,19.420000076293945,19.96999931335449,16.969999313354492,17.040000915527344,0,-0.10878660211342595,0.07215743584351976,0.11396772879595764,15.909999895095826,17.180999965667723,0.926022928053565,57.49526088277814,0.45228564295463514,0.03353850880887972
2019-10-07,18.270000457763672,18.520000457763672,16.440000534057617,17.860000610351562,0,0.04812204523281527,0.07267214388137941,0.10977247056778038,16.03949990272522,17.294999980926512,0.9274067603593004,60.42683568261965,0.4675917583119329,0.12034915870949038
2019-10-08,17.610000610351562,20.3799991607666,17.420000076293945,20.280000686645508,0,0.13549831990998507,0.07773586422515143,0.10781204905801692,16.29349994659424,17.4439999961853,0.9340460874889557,67.26678273435928,0.6673034871616181,0.229740024399916
2019-10-09,19.940000534057617,20.0,17.770000457763672,18.63999938964844,0,-0.0808679113150631,0.07987313334939819,0.10343801238098209,16.4949999332428,17.537999992370604,0.9405291333343864,61.55007575880838,0.6853418779567733,0.3208603951112875
2019-10-10,19.280000686645508,19.799999237060547,17.559999465942383,17.56999969482422,0,-0.05740341898393175,0.0810081067717547,0.101906767854852,16.66249990463257,17.56699996948242,0.9485114096646462,55.719370685374386,0.606308255454671,0.37794996717996426
2019-10-11,17.350000381469727,17.440000534057617,15.109999656677246,15.579999923706056,0,-0.11326122969167596,0.08529522995018732,0.10297571368626564,16.754499912261963,17.521199951171877,0.9562415792841498,51.576471050750925,0.3787314098671928,0.37810625571741
2019-10-14,15.65999984741211,16.5,14.510000228881836,14.56999969482422,0,-0.06482671590678568,0.08569920824412156,0.09834002040919507,16.749499893188478,17.46039993286133,0.9592850082239581,43.83697835737254,0.11554461617854273,0.3255939278096366
2019-10-15,13.9399995803833,14.43000030517578,13.390000343322754,13.539999961853027,0,-0.07069318836959793,0.08720236390308574,0.021800147366789487,16.704499912261962,17.23939992904663,0.9689722369115983,43.96809478858284,-0.17413783183367215,0.22564757588097484
2019-10-16,13.9399995803833,14.260000228881836,13.600000381469728,13.68000030517578,0,0.01033975950643895,0.08684833712284253,0.04451227612781841,16.690999937057494,17.109599933624267,0.9755342031262737,44.051768047777706,-0.3879444194775097,0.1029291768092779
2019-10-17,13.789999961853027,14.18000030517578,13.3100004196167,13.789999961853027,0,0.008040910396444279,0.08685100757874674,0.05381177433135341,16.677999925613403,16.995599937438964,0.9813128096098607,40.99737621894482,-0.5422607828313044,-0.02610881511883859
2019-10-18,14.199999809265137,15.15999984741211,13.779999732971191,14.25,0,0.03335750829727768,0.08472621648090252,0.04764568364163186,16.62449994087219,16.942399940490724,0.9812364245481667,44.63032945975814,-0.620289146714077,-0.1449448814378863
2019-10-21,14.239999771118164,14.630000114440918,14.0,14.0,0,-0.01754385964912286,0.08459952352726889,0.03975918327914536,16.578999948501586,16.862999954223632,0.9831583937322544,36.148239004934084,-0.694296677998711,-0.2548152407500513
2019-10-22,13.989999771118164,14.609999656677246,13.699999809265137,14.460000038146973,0,0.03285714558192665,0.07809992182024961,0.021050471996862285,16.449499988555907,16.730399951934814,0.9832102063198781,29.557641466119676,-0.7076724139621415,-0.34538667539246937
2019-10-23,14.829999923706056,15.119999885559082,14.010000228881836,14.010000228881836,0,-0.031120318677592684,0.0771434073917489,0.029164400622265777,16.35199999809265,16.660199947357178,0.9815008253059162,31.658289668332202,-0.7459847569636207,-0.4255062917066997
2019-10-24,13.979999542236328,14.34000015258789,13.399999618530272,13.710000038146973,0,-0.02141328949562815,0.07719832063931707,0.031321403713313954,16.23400001525879,16.492399940490724,0.9843321817222287,36.29629333105394,-0.7914319382688291,-0.4986914210191256
2019-10-25,13.529999732971191,13.789999961853027,12.619999885559082,12.649999618530272,0,-0.07731585825436438,0.07659010948287788,0.039269634700175284,16.005500030517577,16.321799926757812,0.9806210162077961,28.974978020849676,-0.9025779748931146,-0.5794687317939234
2019-10-28,13.010000228881836,13.140000343322754,12.65999984741211,13.109999656677246,0,0.03636364047577878,0.07658768725931256,0.04762216954054182,15.849000024795533,16.214599933624267,0.9774524249549574,15.627995375914523,-0.942677254391663,-0.6521104363134714
2019-10-29,13.15999984741211,13.520000457763672,13.06999969482422,13.199999809265137,0,0.0068650003771777435,0.06806048722941377,0.04264256744560453,15.58100004196167,16.14099994659424,0.9653057489321949,19.369372126827955,-0.9561718087280546,-0.7129227107963881
2019-10-30,13.079999923706056,13.369999885559082,12.270000457763672,12.329999923706056,0,-0.06590908319168487,0.06246237380030791,0.04796264957633451,15.169500064849853,16.037599945068358,0.9458709605432295,19.815670582444497,-1.0252496207031268,-0.7753880927777359
2019-10-31,13.510000228881836,13.949999809265137,13.18000030517578,13.220000267028809,0,0.07218169901295846,0.06491897988594314,0.06470444154730166,14.874500036239624,15.985999946594239,0.9304704169856189,34.43272174466517,-0.99668947881508,-0.8196483699852048
2019-11-01,12.5,12.600000381469728,12.260000228881836,12.300000190734863,0,-0.06959153235332838,0.06252684013377648,0.06262169160584051,14.6375,15.89839994430542,0.9206901355656827,34.84646672612806,-1.0363453340907398,-0.862987762806312
2019-11-04,12.68000030517578,13.130000114440918,12.4399995803833,12.829999923706056,0,0.04308940851646681,0.06227194767530126,0.06376772231788637,14.385999965667725,15.757599925994873,0.9129562898684553,44.921316419691436,-1.0133253521569792,-0.8930552806764455
2019-11-05,12.850000381469728,13.279999732971191,12.25,13.100000381469728,0,0.021044462928233587,0.05219979668916457,0.06460770080026237,14.026999950408936,15.633199939727783,0.8972571197508259,45.92696730799474,-0.9622033884595584,-0.9068849022330682
2019-11-06,13.18000030517578,13.390000343322754,12.600000381469728,12.619999885559082,0,-0.03664125816283326,0.05040440016423132,0.058125580994670654,13.725999975204468,15.479399948120117,0.8867268770887602,42.18958735578384,-0.9494759249691569,-0.915403106780286
2019-11-07,12.59000015258789,12.890000343322754,12.260000228881836,12.729999542236328,0,0.008716296170740545,0.04985476598306921,0.045656937145044506,13.483999967575073,15.34699993133545,0.8786081988599929,39.35574102484442,-0.9199091256908094,-0.9163043105623908
2019-11-08,12.979999542236328,13.050000190734863,12.0,12.06999969482422,0,-0.051846022870803865,0.0451374191103295,0.039866114650280955,13.308499956130982,15.230799942016601,0.8737886392570461,37.21854296270566,-0.9389105200589878,-0.9208255524617103
2019-11-11,13.149999618530272,13.489999771118164,12.65999984741211,12.6899995803833,0,0.05136701750083272,0.045416681001947144,0.04235909923492728,13.214499950408936,15.104999942779541,0.8748427673265701,38.52139928619156,-0.8936391370828023,-0.9153882693859288
2019-11-12,12.640000343322754,13.100000381469728,12.359999656677246,12.68000030517578,0,-0.0007879649754266582,0.04278060574125911,0.04054418361252746,13.171499967575073,14.965399951934815,0.8801301675784605,40.852820908107766,-0.8487838460259045,-0.9020673847139239
2019-11-13,12.90999984741211,13.899999618530272,12.880000114440918,13.0,0,0.025236568385065494,0.043142192731715476,0.038165383955806646,13.137499952316285,14.878799953460693,0.8829677120069488,45.130315213564835,-0.7784410201574445,-0.8773421118026281
2019-11-14,13.15999984741211,13.8100004196167,12.93000030517578,13.050000190734863,0,0.0038461685180664062,0.04310276620433977,0.038158011889830555,13.100499963760376,14.814399948120117,0.8843085112888944,53.184718066981056,-0.7104693776074935,-0.8439675649636011
2019-11-15,12.949999809265137,12.970000267028809,11.920000076293944,12.050000190734863,0,-0.07662835137044455,0.045331424395381494,0.04785638059945249,12.99049997329712,14.755399951934814,0.8803895533576322,42.2287425705691,-0.7288908043548812,-0.8209522128418573
2019-11-18,12.390000343322754,13.100000381469728,12.31999969482422,12.460000038146973,0,0.03402488306409768,0.04618042926148582,0.04370625649661758,12.913499975204468,14.69919994354248,0.8785171999022648,44.81792833070116,-0.7023105576613595,-0.7972238818057579
2019-11-19,12.329999923706056,13.010000228881836,12.15999984741211,12.859999656677246,0,0.032102698018110276,0.04614836171081143,0.04648332932565125,12.833499956130982,14.652399940490723,0.8758633403574143,53.973012014153255,-0.6415732374613263,-0.7660937529368717
2019-11-20,13.420000076293944,14.170000076293944,12.609999656677246,12.779999732971191,0,-0.006220834046796964,0.04573553856671789,0.04494584669447098,12.77199993133545,14.6157999420166,0.8738488472751528,46.245728400655274,-0.5930574023015414,-0.7314864828098057
2019-11-21,13.350000381469728,13.859999656677246,12.489999771118164,13.130000114440918,0,0.02738657189223237,0.04603458259912248,0.04697380895500902,12.742999935150149,14.593999938964844,0.8731670541622609,57.844991297945576,-0.5203676730727658,-0.6892627208623977
2019-11-22,12.81999969482422,13.25,12.329999923706056,12.34000015258789,0,-0.06016755178731126,0.04468080782502156,0.040155858300197404,12.72749996185303,14.56599994659424,0.8737814093449121,45.58558704074989,-0.5205068545590343,-0.655511547601725
2019-11-25,12.510000228881836,12.59000015258789,11.729999542236328,11.869999885559082,0,-0.0380875414276427,0.04456860998376306,0.04026580915751823,12.66549997329712,14.50999994277954,0.8728807734833741,39.30434173987707,-0.5521770966310982,-0.6348446574075997
2019-11-26,11.880000114440918,12.039999961853027,11.420000076293944,11.539999961853027,0,-0.027801173284553227,0.04479729328330144,0.0332867046734089,12.582499980926515,14.451999950408936,0.8706407434336089,40.3571409108682,-0.5970221281042125,-0.6272801515469223
2019-11-27,11.550000190734863,11.789999961853027,11.4399995803833,11.75,0,0.018197577022630362,0.042752151095352874,0.03751574377468246,12.553499984741212,14.407999954223634,0.8712867868285366,41.403511061453116,-0.6086013135018611,-0.6235443839379101
2019-11-29,12.5,12.829999923706056,12.119999885559082,12.619999885559082,0,0.0740425434518368,0.042922696564733916,0.0534519504788956,12.523499965667726,14.379399948120117,0.8709334193952216,54.65313277230592,-0.5413359970764784,-0.6071027065656238
2019-12-02,12.6899995803833,15.270000457763672,12.550000190734863,14.90999984741211,0,0.1814580017923335,0.05650267635156501,0.08989865479963972,12.653999948501589,14.371199951171874,0.8805110214522999,64.6438032234951,-0.2997881197626011,-0.5456397892050193
2019-12-03,14.68000030517578,17.989999771118164,14.609999656677246,15.960000038146973,0,0.07042254872437903,0.05763591610197597,0.07820021122691893,12.810499954223634,14.392199954986573,0.8901001927634478,69.02552074545913,-0.023364119531997574,-0.44118465527041495
2019-12-04,16.3799991607666,16.399999618530273,14.119999885559082,14.800000190734863,0,-0.07268169452628592,0.06063550205281523,0.09252918048373471,12.89549994468689,14.347199974060059,0.8988164915803876,59.513743041630306,0.10093804802927053,-0.33276011461047783
2019-12-05,14.460000038146973,15.369999885559082,14.170000076293944,14.520000457763672,0,-0.0189189006326147,0.06007885048005156,0.09750357282530812,12.99049997329712,14.318399982452393,0.9072591902179955,57.58514102521076,0.1748393339667036,-0.23124022489504154
2019-12-06,14.369999885559082,14.470000267028809,13.1899995803833,13.619999885559082,0,-0.061983508528291376,0.06212200828797332,0.10657909309672102,13.034999990463257,14.26939998626709,0.913493209455771,58.18560828907052,0.15895181338322395,-0.15320181723938842
2019-12-09,14.25,16.06999969482422,12.25,15.859999656677246,0,0.16446400807192196,0.07000657197916166,0.10021007483462277,13.224499988555909,14.242199993133545,0.9285433426669834,64.88616285383446,0.3233823495009389,-0.057884983891322926
2019-12-10,15.800000190734863,16.899999618530273,14.93000030517578,15.68000030517578,0,-0.01134926578801565,0.06974140221824342,0.09573358942244183,13.374000024795532,14.231000003814698,0.9397793564198269,62.589288823762764,0.43416550104603147,0.04052511309614798
2019-12-11,15.56999969482422,15.970000267028809,14.979999542236328,14.989999771118164,0,-0.04400513524415273,0.07084623917697203,0.09104177425920008,13.48949999809265,14.159600009918213,0.9526752160120212,59.35647739044999,0.46097088485544013,0.12461426744800645
2019-12-12,14.9399995803833,15.550000190734863,13.600000381469728,13.9399995803833,0,-0.07004671159221365,0.07298632370016896,0.09715592357960524,13.536499977111816,14.02720001220703,0.9650179626248868,53.23740787818828,0.39295832550384624,0.17828307905917443
2019-12-13,13.18000030517578,14.350000381469728,12.539999961853027,12.630000114440918,0,-0.09397413955347922,0.07633230049309038,0.10277195565511962,13.51549997329712,13.897399997711181,0.972520037958398,51.11281645355375,0.23069259282552323,0.18876498181244422
2019-12-16,12.470000267028809,12.529999732971191,11.710000038146973,12.140000343322754,0,-0.03879649775758176,0.07475959165904988,0.031534014241731745,13.519999980926514,13.79939998626709,0.9797527424657136,51.03448457298335,0.06184404453734871,0.16338079435742514
2019-12-17,12.229999542236328,12.470000267028809,11.899999618530272,12.289999961853027,0,0.012355816662952268,0.0744411649728532,0.03980277455455565,13.511499977111816,13.687999973297119,0.9871054941167721,52.91375315557296,-0.05918369802262191,0.11886789588141573
2019-12-18,12.239999771118164,12.699999809265137,11.93000030517578,12.579999923706056,0,0.023596416822877275,0.07428317220536239,0.05094976126437088,13.497499990463258,13.53399995803833,0.9973030909052579,53.20463319325981,-0.13019764525913757,0.06905478765330507
2019-12-19,12.550000190734863,12.779999732971191,12.43000030517578,12.5,0,-0.006359294450813402,0.07428392574208562,0.04732091867494195,13.483500003814697,13.411199970245361,1.005391018978894,49.506579373042214,-0.190733379654505,0.01709715419174304
2019-12-20,12.550000190734863,12.609999656677246,12.039999961853027,12.510000228881836,0,0.0008000183105467684,0.0740316388645439,0.02367267458199179,13.452500009536744,13.309999980926513,1.0107062380777188,37.85425191096851,-0.23519032276395535,-0.033360341199396654
2019-12-23,12.8100004196167,12.899999618530272,12.40999984741211,12.609999656677246,0,0.00799355922988254,0.07266958716151042,0.01139879166511751,13.465999984741211,13.250599975585937,1.0162558683797072,31.242995618650667,-0.2593638671678633,-0.07856104639309
2019-12-24,12.649999618530272,12.84000015258789,12.5600004196167,12.670000076293944,0,0.004758161875518141,0.07200864927349483,0.01112225060007295,13.505999994277953,13.212599983215332,1.022206076883834,36.39846491300186,-0.27056118196311907,-0.11696107350709584
2019-12-26,12.739999771118164,12.75,11.720000267028809,12.649999618530272,0,-0.0015785680854961681,0.0716059120426467,0.005563418537221088,13.561499977111817,13.194799976348877,1.0277912512065537,37.64860690475349,-0.2778461667443892,-0.14913809215455454
2019-12-27,12.609999656677246,13.720000267028809,11.890000343322754,13.43000030517578,0,0.061660135191065946,0.07261854088284543,0.02649183131653588,13.645499992370606,13.189799976348876,1.034549425831996,48.724834998337776,-0.2181651608235864,-0.16294350588836093
2019-12-30,13.739999771118164,15.140000343322754,13.4399995803833,14.81999969482422,0,0.10349957990043746,0.07428479258736331,0.04578348011800844,13.755499982833863,13.2103999710083,1.041262945332605,42.121211727131815,-0.05803718309802619,-0.14196224133029398
2019-12-31,14.84000015258789,15.390000343322754,13.75,13.779999732971191,0,-0.0701754374675353,0.06447985169288878,0.06621297113584537,13.698999977111816,13.200999965667725,1.0377244157820813,37.265411779565234,-0.014882357813023717,-0.11654626462683992
2020-01-02,13.460000038146973,13.720000267028809,12.420000076293944,12.470000267028809,0,-0.09506527513262342,0.06530773531156712,0.08437724058766846,13.524499988555908,13.170399971008301,1.026886048891991,34.40594167501821,-0.0854033796413951,-0.11031768762975096
2020-01-03,15.010000228881836,16.200000762939453,13.130000114440918,14.020000457763672,0,0.12429832859211132,0.0700820107301285,0.10104481591556534,13.485500001907349,13.161599979400634,1.0246094717218008,50.46620563510438,-0.01603489572019967,-0.0914611292478407
2020-01-06,15.449999809265137,16.389999389648438,13.539999961853027,13.850000381469728,0,-0.012125539995956669,0.07000416117907302,0.09970280139878605,13.451999998092651,13.158399982452393,1.022312744409031,58.198926988151506,0.024935105775467648,-0.06818188224317903
2020-01-07,13.84000015258789,14.460000038146973,13.390000343322754,13.789999961853027,0,-0.004332160141813257,0.06849257354272724,0.08502781228852747,13.460500001907349,13.159999980926514,1.0228343481319426,61.768898464026606,0.05196359078668955,-0.04415278763720531
2020-01-08,15.15999984741211,15.239999771118164,12.829999923706056,13.449999809265137,0,-0.024655558631502927,0.05710398698869807,0.07942440757461246,13.340000009536743,13.17599998474121,1.0124468749988962,58.055553642320234,0.04542505728947788,-0.02623721865186867
2020-01-09,12.949999809265137,13.239999771118164,12.529999732971191,12.539999961853027,0,-0.0676579821796911,0.058712042261081766,0.07202977137337652,13.182999992370606,13.164599990844726,1.0013976878552084,49.744245789412375,-0.032807970255909424,-0.027551368972676824
2020-01-10,12.420000076293944,12.869999885559082,12.09000015258789,12.5600004196167,0,0.0015949328408704222,0.05818420566165292,0.027642752497613984,13.061500024795532,13.151800003051758,0.9931340213328006,50.38660058294563,-0.09213229469059492,-0.04046755411626045
2020-01-13,12.84000015258789,13.09000015258789,12.31999969482422,12.31999969482422,0,-0.01910833732279471,0.05637565181144982,0.0272281051067687,12.980500030517579,13.15159999847412,0.9869901785352054,48.81101067494347,-0.1567068825395026,-0.06371541980090889
2020-01-14,12.720000267028809,13.81999969482422,12.050000190734863,12.390000343322754,0,0.005681870960430491,0.05232497487465004,0.02922420164061883,12.96850004196167,13.135,0.9873239468566175,48.61809526867488,-0.19992957761167496,-0.09095825136306211
2020-01-15,12.789999961853027,12.829999923706056,11.949999809265137,12.420000076293944,0,0.0024212858869980813,0.05150860525404146,0.030803890956561972,12.982500028610229,13.137399997711181,0.9882092370539117,48.42370787989721,-0.2291219716606978,-0.11859099542258926
2020-01-16,12.199999809265137,12.420000076293944,11.779999732971191,12.31999969482422,0,-0.008051560455349271,0.05150272009055813,0.010120070730717924,12.98400001525879,13.127199993133544,0.9890913539864055,47.94007593198127,-0.2573596672675098,-0.1463447297915734
2020-01-17,12.210000038146973,12.479999542236328,11.75,12.100000381469728,0,-0.017857087565263163,0.05139474140745269,0.01134076599521319,12.960000038146973,13.107199993133545,0.9887695346783687,41.07382692950698,-0.2941001470302709,-0.17589581323931291
2020-01-21,13.229999542236328,13.329999923706056,12.31999969482422,12.850000381469728,0,0.06198346912026298,0.05323848630305567,0.031118568339984734,12.977500057220459,13.111800003051759,0.9897573219695205,35.535984463374135,-0.25970479474148966,-0.19265760953974828
2020-01-22,12.449999809265137,13.010000228881836,12.3100004196167,12.90999984741211,0,0.004669219000872804,0.05323823268692161,0.031147507140078853,12.997500038146972,13.115400009155273,0.9910105699463226,42.538595586369745,-0.22501098817520138,-0.19912828526683893
2020-01-23,13.260000228881836,14.149999618530272,12.9399995803833,12.979999542236328,0,0.005422129794854458,0.05322838235622903,0.0310265680316513,13.016000032424927,13.133600006103515,0.991045869097282,55.55554632123858,-0.18968098186891247,-0.19723882458725367
2020-01-24,12.75,15.979999542236328,12.619999885559082,14.5600004196167,0,0.12172580378289855,0.05951321269856711,0.05665238958771518,13.110500049591064,13.171000022888183,0.9954065770866309,55.844153163338554,-0.03379921483655757,-0.16455090263711447
2020-01-27,17.420000076293945,19.020000457763672,16.81999969482422,18.229999542236328,0,0.25206037203646203,0.08053717116414587,0.10306108486304416,13.389500045776368,13.282000007629394,1.0080936634607156,76.97043539456159,0.381479013729237,-0.055344919363844156
2020-01-28,16.940000534057617,18.030000686645508,15.6899995803833,16.280000686645508,0,-0.10696647858234709,0.0848031423005318,0.13648139581336816,13.532000064849854,13.347600021362304,1.0138152209530122,62.437566958469446,0.5469366457638021,0.06511139366168513
2020-01-29,15.68000030517578,16.649999618530273,14.9399995803833,16.389999389648438,0,0.006756676803653994,0.08207673133285394,0.1362905436397821,13.610500049591064,13.414400005340577,1.0146186220906201,65.03067604310104,0.6791106227168875,0.18791123947272564
2020-01-30,17.81999969482422,18.38999938964844,15.300000190734863,15.489999771118164,0,-0.054911510191921864,0.08137925252259105,0.14430132717221325,13.696000051498412,13.483199996948242,1.015782607585613,65.09723917562305,0.7031317391054426,0.2909553393992691
2020-01-31,16.25,19.989999771118164,16.18000030517578,18.84000015258789,0,0.216268588183969,0.08980725212961833,0.16216463962213293,14.014500045776368,13.610799999237061,1.0296602732067135,73.96946916657514,0.9811753024432885,0.42899933200807305
2020-02-03,18.63999938964844,18.8799991607666,17.100000381469727,17.969999313354492,0,-0.046178388120336256,0.08789247855187796,0.1258595312398167,14.211999988555908,13.712999992370605,1.036388827861367,70.57538452946896,1.1184324397925707,0.5668859535649727
2020-02-04,16.450000762939453,16.459999084472656,15.630000114440918,16.049999237060547,0,-0.106844749563629,0.09193733195141537,0.12583295232352507,14.32199993133545,13.778399982452392,1.0394530532990307,61.745826648787215,1.0600620149368805,0.6655211658393544
2020-02-05,16.290000915527344,16.31999969482422,15.020000457763672,15.149999618530272,0,-0.05607474525307854,0.09311496104980287,0.12847583468223714,14.389999914169312,13.81879997253418,1.0413349887667838,58.2978724884446,0.9304548804243158,0.7185079087563467
2020-02-06,15.130000114440918,15.65999984741211,14.699999809265137,14.960000038146973,0,-0.0125412267437226,0.09292704864829344,0.12611129727050602,14.465499925613404,13.871199970245362,1.0428441632045429,57.980655859393075,0.8031506930642465,0.7354364656179267
2020-02-07,15.06999969482422,16.15999984741211,14.8100004196167,15.470000267028809,0,0.03409092430356764,0.09127299020521527,0.05238613894523448,14.611999940872192,13.943199977874755,1.04796603104443,60.01188494866505,0.7349420096238326,0.735337574419108
2020-02-10,15.880000114440918,16.43000030517578,15.010000228881836,15.039999961853027,0,-0.02779575292524339,0.09172223399398932,0.05227058986566805,14.735999917984008,14.013199977874756,1.0515799347222956,56.632343820498484,0.63882473176192,0.7160350058876704
2020-02-11,14.90999984741211,15.270000457763672,14.380000114440918,15.18000030517578,0,0.009308533489218451,0.09142256403142603,0.03450015625497574,14.878999948501587,14.081799983978271,1.05661207838702,56.84147286879635,0.5674072368159475,0.6863094520733259
2020-02-12,14.859999656677246,14.880000114440918,13.729999542236328,13.739999771118164,0,-0.09486169335363137,0.0946215986156784,0.04871357061196251,14.946499919891357,14.104199981689453,1.059719795471945,52.11581366264905,0.39011534219765664,0.6270706300981921
2020-02-13,14.43000030517578,15.4399995803833,14.0,14.149999618530272,0,0.02983987294337065,0.09471784396187206,0.05343728251583539,15.032999897003174,14.088999977111817,1.067002620585203,48.77903261288218,0.27947221780654274,0.5575509476398622
2020-02-14,14.119999885559082,14.539999961853027,13.380000114440918,13.68000030517578,0,-0.03321550007245233,0.09514345384350172,0.04776703193838509,15.100999927520752,14.043399982452392,1.0753093941915675,33.25975046150403,0.15210831794127877,0.4764624217001455
2020-02-18,14.979999542236328,15.489999771118164,14.529999732971191,14.829999923706056,0,0.0840642977248458,0.09633753290197956,0.06734454436845719,15.237499904632568,14.043999977111817,1.0849829058292406,44.33150556926458,0.14232621989037852,0.40963518133819216
2020-02-19,14.65999984741211,14.739999771118164,14.210000038146973,14.380000114440918,0,-0.03034388479974326,0.09614627441909429,0.06816090304065626,15.313999891281128,14.041199970245362,1.09064751757207,42.345775865619224,0.09714281104997369,0.3471367072805485
2020-02-20,14.539999961853027,17.209999084472656,14.489999771118164,15.5600004196167,0,0.08205843503372323,0.0974801839195486,0.05746457417839475,15.446499919891357,14.079999980926514,1.0970525526147707,50.26100165666233,0.15476674230242615,0.3086627142849241
2020-02-21,17.329999923706055,18.209999084472656,16.190000534057617,17.079999923706055,0,0.09768634081610128,0.09924043524756047,0.06585409501107412,15.651499938964843,14.10439998626709,1.1096891717622943,42.400689807955686,0.3194034951221312,0.31081087045236555
2020-02-24,22.25,26.350000381469727,22.0,25.030000686645508,0,0.46545672122078363,0.1396487554577517,0.18921902488526798,16.174999952316284,14.291399993896484,1.1317995409284074,68.91747435965317,1.0789405732054203,0.46443681100297657
2020-02-25,22.190000534057617,30.25,22.190000534057617,27.850000381469727,0,0.11266478695419302,0.1315071143696239,0.18753833245576915,16.655999994277956,14.548600006103516,1.1448524247893495,80.16360293095914,1.886681102080523,0.748885669218486
2020-02-26,26.6299991607666,29.56999969482422,24.76000022888184,27.559999465942383,0,-0.010412959122266252,0.12800083904375978,0.18302367102875675,17.219999933242796,14.821000003814698,1.1618649165920405,82.74406160363426,2.474891630278716,1.0940868614305321
2020-02-27,28.950000762939453,39.310001373291016,27.790000915527344,39.15999984741211,0,0.4208998768597427,0.15428856608916355,0.21221675637478243,18.35849995613098,15.351599998474121,1.1958688317801227,89.85507009647219,3.8328925972717123,1.6418480085987683
2020-02-28,42.02000045776367,49.47999954223633,39.369998931884766,40.11000061035156,0,0.024259467993900774,0.1523517946533995,0.22473133809804594,19.589499998092652,15.911000003814697,1.2311922565141113,89.99999783255852,4.928957317773968,2.299269870433809
2020-03-02,38.540000915527344,40.40999984741211,31.5,33.41999816894531,0,-0.16679138218910172,0.15544363987897736,0.21759600884095118,20.318499898910524,16.333599967956545,1.2439694824638539,74.79762022001361,5.197851621214564,2.8789862205899603
2020-03-03,33.650001525878906,41.060001373291016,24.93000030517578,36.81999969482422,0,0.10173553896356191,0.15470655080854565,0.21719169152080897,21.26099991798401,16.818399963378905,1.2641511656446873,76.83531309818989,5.620514212912326,3.4272918190544344
2020-03-04,34.439998626708984,35.58000183105469,30.299999237060547,31.989999771118164,0,-0.13117870623950623,0.1560629318175415,0.23490948012344604,22.05799994468689,17.20819995880127,1.2818307549596524,70.87622740009209,5.502309534853826,3.8422953622143123
2020-03-05,33.61000061035156,42.84000015258789,33.540000915527344,39.619998931884766,0,0.23851201048320303,0.15988199099414285,0.1673084026424283,23.281499910354615,17.750399932861328,1.3116042454487777,75.00490600138791,5.955655551651439,4.264967400101738
2020-03-06,48.93000030517578,54.38999938964844,40.84000015258789,41.93999862670898,0,0.05855627858074364,0.15897973263041815,0.16856798801158357,24.630499839782715,18.336999912261962,1.3432131732362764,76.7715004844441,6.428041659536952,4.697582251988781
2020-03-09,41.93999862670898,62.119998931884766,41.93999862670898,54.459999084472656,0,0.29852171835290586,0.16721169112518625,0.1679922298596775,26.57999978065491,19.172799892425537,1.3863389765600005,80.88853925293427,7.723637174772712,5.3027932365455674
2020-03-10,49.68000030517578,55.65999984741211,43.560001373291016,47.29999923706055,0,-0.13147263987842284,0.17214774444418812,0.20109407674276802,28.192999744415282,19.865799884796143,1.4191726438356091,73.22889967808581,8.079518149881554,5.858138219212766
2020-03-11,52.2400016784668,55.81999969482422,49.97999954223633,53.900001525878906,0,0.13953493436099507,0.1721438313340591,0.16830616882661387,30.12899980545044,20.675199909210207,1.457253131179101,75.13109426178295,8.792763903848279,6.445063356139868
2020-03-12,61.459999084472656,76.83000183105469,59.90999984741211,75.47000122070312,0,0.40018551176604067,0.18135851801323902,0.2075468825696129,33.21549987792969,21.888199939727784,1.5175071485728935,80.30727536526476,10.972055978436686,7.350461880599232
2020-03-13,71.30999755859375,77.56999969482422,55.16999816894531,57.83000183105469,0,-0.2337352471753954,0.19591125319264713,0.27198280889960696,35.39949998855591,22.769199981689454,1.5547098719772103,65.46877911362336,11.14726143053899,8.109821790587185
2020-03-16,57.83000183105469,83.55999755859375,57.83000183105469,82.69000244140625,0,0.4298806817087415,0.20767633851440032,0.30136142136523886,38.850000095367434,24.173600025177002,1.6071251305103436,71.41183781877731,13.14063029292025,9.115983491053798
2020-03-17,82.69000244140625,84.83000183105469,70.37000274658203,75.91000366210938,0,-0.08199296866753814,0.212144601001444,0.2916594323506469,41.9040002822876,25.411400089263918,1.6490236718594522,67.96729929919435,14.011781148085078,10.095143022460055
2020-03-18,69.37000274658203,85.47000122070312,69.37000274658203,76.44999694824219,0,0.00711359847295534,0.21105683574658748,0.29663492337201164,45.007500123977664,26.663400020599365,1.687988031879137,65.09838762082063,14.577704716716717,10.99165536131139
2020-03-19,80.62000274658203,84.26000213623047,68.56999969482422,72.0,0,-0.05820794147650399,0.21420389629078543,0.24939723111525097,47.829500102996825,27.827600021362304,1.7187792000129274,62.556107128143225,14.499978927417722,11.693320074532657
2020-03-20,67.86000061035156,69.51000213623047,57.41999816894531,66.04000091552734,0,-0.0827777650621202,0.21803161017104336,0.21945992669820472,50.27750015258789,28.87940004348755,1.7409468367375491,62.91779072997075,13.798399206243566,12.11433590087484
2020-03-23,74.08000183105469,76.73999786376953,60.459999084472656,61.59000015258789,0,-0.06738341461611286,0.20168550043048428,0.037109149911968856,52.10550012588501,29.860400047302246,1.744969928177252,59.728223398469744,12.736495954077832,12.23876791151544
2020-03-24,58.7599983215332,61.880001068115234,36.2400016784668,61.66999816894531,0,0.0012988799506288284,0.20179095557502108,0.04134188548807527,53.796500015258786,30.84260000228882,1.7442271407490473,62.10835562114107,11.765756826716341,12.144165694555621
2020-03-25,61.43999862670898,68.86000061035156,58.02999877929688,63.95000076293945,0,0.03697101770212585,0.20122495885605154,0.050898530128089876,55.61600008010864,31.87520002365112,1.7448047396986388,60.378808806747244,11.053004078284893,11.925933371301477
2020-03-26,65.66999816894531,67.05999755859375,57.65999984741211,61.0,0,-0.0461298002774857,0.18347962624030728,0.04973693842674762,56.708000087738036,32.84740001678467,1.726407571337788,58.08723802725107,10.133291703657854,11.567405037772755
2020-03-27,64.94999694824219,69.0999984741211,61.79999923706055,65.54000091552734,0,0.07442624451684177,0.1836413569764116,0.05825838701281178,57.97950010299682,33.90980003356933,1.709815452925097,55.042782877737515,9.659405537839334,11.18580513778607
2020-03-30,66.30000305175781,67.69000244140625,56.59999847412109,57.08000183105469,0,-0.1290814611885116,0.18159561011590575,0.07892427253388387,59.16250028610229,34.80500007629394,1.699827615469494,54.39906588640842,8.503176785370144,10.649279467302886
2020-03-31,56.68999862670898,58.75,50.880001068115234,53.540000915527344,0,-0.06201823409195106,0.1824141830112687,0.08120285599885407,59.99850034713745,35.6338000869751,1.6837525102765607,49.833487215152196,7.218004022677064,9.963024378377723
2020-04-01,57.380001068115234,60.59000015258789,52.7599983215332,57.060001373291016,0,0.06574524463152964,0.17835243953802446,0.0874841345601963,61.252000427246095,36.51800010681152,1.677309826608524,39.777900298080176,6.4096435867399535,9.25234822005017
2020-04-02,54.459999084472656,57.2400016784668,50.45000076293945,50.90999984741211,0,-0.10778130700777788,0.17514283766213828,0.09611068654820822,61.81650047302246,37.278000106811525,1.6582568886716431,45.595721401021486,5.212669977183609,8.444412571476857
2020-04-03,51.11000061035156,52.290000915527344,46.7400016784668,46.79999923706055,0,-0.0807307134682792,0.1765264987518099,0.07626032400963237,62.059500503540036,37.95440010070801,1.6351068740085914,18.958651540993344,3.8876031976207344,7.533050696705632
2020-04-06,44.16999816894531,45.72999954223633,43.45000076293945,45.2400016784668,0,-0.033333281709936435,0.16398285499085896,0.0668934724549973,61.598500633239745,38.56800012588501,1.5971401273642332,20.84045793492325,2.6806980443133384,6.562580166227174
2020-04-07,44.83000183105469,47.5099983215332,43.5099983215332,46.70000076293945,0,0.032272303941305536,0.16102788765293405,0.07338705980504971,61.568500709533694,39.13740015029907,1.573137215887939,22.20146036396818,1.8210349817163163,5.614271129325003
2020-04-08,45.900001525878906,47.27999877929688,42.52999877929688,43.34999847412109,0,-0.07173452321390295,0.159014902903492,0.054259527216876664,61.041000556945804,39.678800106048584,1.5383781866841482,22.667430333923193,0.8595206049984867,4.6633210244597
2020-04-09,43.0,45.72999954223633,41.38999938964844,41.66999816894531,0,-0.03875433366344161,0.12811205138903026,0.044506841412672596,59.35100040435791,40.18440008163452,1.4769661929451847,24.68314951772973,-0.03761484959501615,3.7231338496487565
2020-04-13,44.59999847412109,45.040000915527344,41.16999816894531,41.16999816894531,0,-0.011999040604053213,0.11805063890257957,0.03837792832464277,58.51800022125244,40.698000049591066,1.437859357952417,26.88999538316334,-0.7799561333979668,2.8225158530394117
2020-04-14,40.2400016784668,40.56999969482422,37.310001373291016,37.7599983215332,0,-0.08282730141057637,0.05721925791965339,0.04664979082455239,56.27150001525879,41.07640001296997,1.3699228753613006,24.836879759488625,-1.62469694319784,1.9330732937919612
2020-04-15,42.56999969482422,43.22999954223633,40.04999923706055,40.84000015258789,0,0.08156784872784995,0.0619222297750884,0.06565575306924847,54.51799983978272,41.53380002975464,1.312617670444945,26.081558550424674,-2.0223176943449843,1.141995096164572
2020-04-16,41.91999816894531,43.02000045776367,39.869998931884766,40.11000061035156,0,-0.01787462143753371,0.061412253190147974,0.06021254470886428,52.70100002288818,42.01500005722046,1.2543377353591432,27.33781992677173,-2.3690311501019607,0.4397898469112652
2020-04-17,39.5,40.2599983215332,37.630001068115234,38.150001525878906,0,-0.048865595977249154,0.06122097651444916,0.06141059069783906,51.00850009918213,42.475000095367434,1.2009064151772753,18.524479378454245,-2.770028443828437,-0.20217381123667544
2020-04-20,40.68000030517578,43.83000183105469,39.880001068115234,43.83000183105469,0,0.14888597845331075,0.07163094223026537,0.09628024196441934,49.898000144958495,43.05240013122559,1.159006234097686,33.73434948693122,-2.5995273995393973,-0.6816445288972199
2020-04-21,44.27999877929688,47.77000045776367,43.77000045776367,45.40999984741211,0,0.03604832193362939,0.07160159856789522,0.07881340737901599,49.089000129699706,43.65120012283325,1.1245738946824975,39.51508773262446,-2.3102799886116188,-1.0073716208400998
2020-04-22,44.90999984741211,45.06999969482422,41.40999984741211,41.97999954223633,0,-0.07553403031714068,0.07286130632960915,0.0887627151080652,48.104500198364256,44.19000011444092,1.088583391576958,30.506719606932336,-2.330951927601184,-1.2720876821923168
2020-04-23,41.29999923706055,42.470001220703125,39.060001373291016,41.380001068115234,0,-0.014292484055828392,0.07177344636576763,0.08851039398426667,46.976000213623045,44.714000129699706,1.0505881844022469,35.617265968360925,-2.3684474626072074,-1.4913596382752952
2020-04-24,38.79999923706055,40.16999816894531,35.599998474121094,35.93000030517578,0,-0.13170615326877966,0.07590173779233501,0.1077668822532958,45.722500228881835,45.15780014038086,1.0125050398102988,34.23266644924256,-2.8055913476172663,-1.7542059801436898
2020-04-27,36.290000915527344,36.43999862670898,32.5099983215332,33.290000915527344,0,-0.07347618611815432,0.07302141083269362,0.06430842805816188,44.11000022888184,45.5406001663208,0.9685862739574312,33.192684923489836,-3.3267086863564543,-2.068706521386243
2020-04-28,33.209999084472656,35.38999938964844,30.540000915527344,33.56999969482422,0,0.00841089731440281,0.06967459166797466,0.05544815379625345,42.93450012207031,45.93840015411377,0.9346102602187711,30.899037712895236,-3.6747442065488727,-2.389914058418769
2020-04-29,32.47999954223633,33.189998626708984,30.709999084472656,31.229999542236328,0,-0.06970509901281496,0.06991671015992558,0.05502915309654008,41.81900005340576,46.26640014648437,0.9038740840221485,31.834532230135594,-4.09221086039269,-2.7303734188135533
2020-04-30,30.989999771118164,35.939998626708984,30.93000030517578,34.150001525878906,0,0.0934999047852525,0.07204087269161116,0.08722507324597249,40.673500061035156,46.661800174713136,0.8716659003455434,39.13295234869599,-4.139716361314306,-3.0122420073137044
2020-05-01,38.16999816894531,39.56999969482422,36.59000015258789,37.18999862670898,0,0.08901894480228223,0.07326626541276975,0.08145384514673597,39.9875,47.09440013885498,0.8490924585959112,44.641895508301275,-3.8872526248041765,-3.1872441308117994
2020-05-04,39.130001068115234,40.31999969482422,35.529998779296875,35.970001220703125,0,-0.03280444880494504,0.07170344602640794,0.07264408835335806,39.44600009918213,47.47220016479492,0.8309284162572905,47.439202499996995,-3.7424759562248653,-3.298290495894413
2020-05-05,34.81999969482422,36.220001220703125,31.950000762939453,33.61000061035156,0,-0.06561024548960048,0.07259826428487688,0.08195238734655536,38.86450004577637,47.64380016326904,0.8157304814601865,39.439086692386994,-3.774659800685363,-3.393564356852603
2020-05-06,32.689998626708984,35.689998626708984,31.68000030517578,34.119998931884766,0,0.015174005125609291,0.07214534087860786,0.07125036966131612,38.235499954223634,47.76920013427734,0.8004216073692912,41.19376166155292,-3.7161753705456633,-3.458086559591216
2020-05-07,32.119998931884766,32.279998779296875,30.3700008392334,31.440000534057617,0,-0.07854626265309517,0.07245199723493852,0.06827506489837538,37.64000005722046,47.84680015563965,0.786677477590607,40.33975968498697,-3.8417937049290316,-3.534827988658779
2020-05-08,30.13999938964844,30.38999938964844,27.88999938964844,27.979999542236328,0,-0.11005092026233321,0.07545337864425088,0.04773007776454578,36.95550012588501,47.62320014953613,0.7759978331956966,25.622874766538928,-4.172442978167496,-3.6623509865605226
2020-05-11,28.459999084472656,31.459999084472656,26.96999931335449,27.56999969482422,0,-0.01465331858898733,0.0754463899851149,0.050395938124570064,36.275500202178954,47.37240013122559,0.7657517901075884,21.537963610895417,-4.416656009379608,-3.81321199112434
2020-05-12,28.46999931335449,33.040000915527344,26.0,33.040000915527344,0,0.1984041088593127,0.08776646389583831,0.12048708343731947,36.03950033187866,47.364800186157225,0.7608920588756442,36.608747177974855,-4.1213053693970565,-3.874830666778884
2020-05-13,32.7400016784668,37.41999816894531,30.770000457763672,35.279998779296875,0,0.0677965436349861,0.08711883407535473,0.12416063950806287,35.76150026321411,47.33400016784668,0.7555140097266995,41.290685982270034,-3.664249564102647,-3.8327144462436364
2020-05-14,35.15999984741211,39.27999877929688,32.33000183105469,32.61000061035156,0,-0.07568022282676867,0.08855756994466173,0.12364023260023776,35.38650026321411,47.34640018463135,0.7473957919761887,44.85111553897997,-3.477390886091527,-3.761649734213215
2020-05-15,32.5,35.130001068115234,31.040000915527344,31.88999938964844,0,-0.022079153855476097,0.08808736259187566,0.10684114316532434,35.07350015640259,47.19180019378662,0.7432117446755176,47.69128975552213,-3.3487992455851483,-3.6790796364876015
2020-05-18,30.709999084472656,31.07999992370605,28.350000381469727,29.299999237060547,0,-0.08121668868481113,0.08167659144499521,0.11752666899922508,34.34700002670288,46.93900020599365,0.731736932528808,43.45693944777715,-3.4164975537072806,-3.6265632199315374
2020-05-19,28.729999542236328,30.739999771118164,28.3700008392334,30.530000686645508,0,0.04197957275129127,0.08188926247544104,0.06747604195648216,33.60300006866455,46.46040023803711,0.7232610975476227,48.88959553854621,-3.3324833198906916,-3.5677472399233685
2020-05-20,29.520000457763672,29.82999992370605,27.82999992370605,27.989999771118164,0,-0.08319688366854172,0.082197091632263,0.05430956884299975,32.90350008010864,46.07420024871826,0.714141534795799,40.109179499979334,-3.4313043399922343,-3.540458659937142
2020-05-21,28.96999931335449,30.200000762939453,27.670000076293945,29.530000686645508,0,0.055019683033953104,0.08376074842676137,0.06556103036084475,32.31100006103516,45.586800231933594,0.7087797322173377,37.07827498190947,-3.3467759568959075,-3.501722119328895
2020-05-22,31.36000061035156,31.549999237060547,28.030000686645508,28.15999984741211,0,-0.04639352547841158,0.07948579547400454,0.06683793130902344,31.92250003814697,44.64060020446777,0.7151001530430154,36.89157245171444,-3.3516979350140303,-3.4717172824659226
2020-05-26,27.71999931335449,28.57999992370605,27.18000030517578,28.01000022888184,0,-0.005326691027807473,0.07803303738189982,0.0583188472123008,31.658500003814698,44.04420017242432,0.7187893043778282,39.84771501638709,-3.3293239793481497,-3.4432386218423687
2020-05-27,27.6200008392334,30.530000686645508,25.920000076293945,27.6200008392334,0,-0.013923576810481508,0.0779787875283131,0.051388252614121645,31.361000061035156,42.94280014038086,0.7302970453374122,38.16460695943287,-3.3049645753158003,-3.415583812537055
2020-05-28,27.81999969482422,29.88999938964844,27.43000030517578,28.59000015258789,0,0.03511945271111783,0.07705362593027983,0.04035819605287017,31.229000091552734,41.99640007019043,0.7436113581011309,44.4660190866697,-3.1708372955890667,-3.3666345091474574
2020-05-29,29.299999237060547,30.15999984741211,27.290000915527344,27.51000022888184,0,-0.037775443089960725,0.07405249923751192,0.03202337741252026,30.89700002670288,41.01760013580322,0.7532620125118845,48.994438817979294,-3.1157707621319766,-3.3164617597443615
2020-06-01,28.940000534057617,30.600000381469727,28.11000061035156,28.229999542236328,0,0.026172275803857836,0.07097792193039022,0.029849405050258418,30.449000072479247,40.14220012664795,0.7585284308386978,51.393580740934055,-2.979684264915015,-3.2491062607784924
2020-06-02,28.399999618530277,28.520000457763672,26.65999984741211,26.84000015258789,0,-0.0492383780442075,0.07133324399757966,0.03758083328919411,29.992500019073486,39.35820011138916,0.7620394208625028,34.183670291797114,-2.9499904162421657,-3.1892830918712276
2020-06-03,26.75,26.979999542236328,25.040000915527344,25.65999984741211,0,-0.04396424360906748,0.0706411029993174,0.04102250472997302,29.594999980926513,38.639600105285645,0.7659240753083806,24.056099091591804,-2.987238958962738,-3.14887426528953
2020-06-04,26.229999542236328,26.43000030517578,24.3799991607666,25.809999465942383,0,0.005845659369534406,0.07048899510391585,0.03370754735406599,29.179500007629393,37.92240013122559,0.7694528802675329,28.776528899839803,-2.9704138993999365,-3.1131821921116116
2020-06-05,24.790000915527344,25.09000015258789,23.540000915527344,24.520000457763672,0,-0.049980590270097824,0.06934084535131219,0.03571746070035995,28.8335000038147,37.13380012512207,0.7764758766046144,27.78782741380772,-3.0262869058148496,-3.0958031348522597
2020-06-08,25.559999465942383,25.979999542236328,24.649999618530277,25.809999465942383,0,0.0526100727608374,0.06648819527009554,0.04533644867884919,28.725,36.430000114440915,0.7884984877783012,38.58731197676552,-2.932668549438322,-3.0631762177694726
2020-06-09,25.93000030517578,27.700000762939453,25.709999084472656,27.56999969482422,0,0.06819063406817372,0.0682180607275984,0.05401155001627557,28.725,35.67060009002685,0.8052850226097326,40.64474903351544,-2.6855012314611457,-2.9876412205078076
2020-06-10,26.729999542236328,29.01000022888184,26.059999465942383,27.56999969482422,0,0.0,0.05022500108628423,0.04683611114297924,28.451499938964844,35.08040004730225,0.8110369294706153,48.41867403906877,-2.461247620721636,-2.8823625005505735
2020-06-11,30.450000762939453,42.58000183105469,29.489999771118164,40.790000915527344,0,0.47950675977645907,0.11947427564767521,0.21170181874642496,28.727000045776368,34.825400047302246,0.8248864336592656,72.55609275309072,-1.2029149494511522,-2.5464729903306895
2020-06-12,37.68000030517578,44.15999984741211,34.970001220703125,36.09000015258789,0,-0.11522433580407998,0.12132816137862307,0.22558813898658026,28.901000022888184,34.406000022888186,0.8399988375185181,64.01555517470007,-0.5782621772719985,-2.1528308277189514
2020-06-15,44.09000015258789,44.43999862670898,34.279998779296875,34.400001525878906,0,-0.046827337754605125,0.1218064660277344,0.23468149589051546,29.026500129699706,34.07580005645752,0.8518215296957952,60.710697503355114,-0.21708668009107512,-1.765681998193376
2020-06-16,34.279998779296875,37.45000076293945,31.729999542236328,33.66999816894531,0,-0.021221026876537152,0.12018089877406185,0.2389014379367207,29.245000076293945,33.813200035095214,0.8648989165751876,60.026511956268926,0.010125611792055622,-1.4105204761962897
2020-06-17,33.279998779296875,35.16999816894531,32.25,33.470001220703125,0,-0.005939915625735037,0.1200412794153639,0.23928417018172468,29.392000102996825,33.57780002593994,0.8753402569641414,58.2993221905239,0.1720713760937933,-1.0940021057382732
2020-06-18,33.83000183105469,36.25,32.2400016784668,32.939998626708984,0,-0.01583515311216377,0.11821477446699634,0.04415001768833678,29.639500045776366,33.30259998321533,0.8900055869726332,59.41074233280568,0.2547116240902767,-0.8242593597725631
2020-06-19,32.06999969482422,35.119998931884766,30.399999618530277,35.119998931884766,0,0.06618094705711841,0.11844700917602542,0.04241842328570308,29.91899995803833,33.1379999923706,0.9028607630190904,61.3658843244393,0.4904587188127678,-0.561315744055497
2020-06-22,35.220001220703125,35.38999938964844,31.63999938964844,31.770000457763672,0,-0.095387203189226,0.12025674903131335,0.057385466408130525,30.09949998855591,32.94000003814697,0.9137674545749378,57.638674055224094,0.402335239889819,-0.3685855472664338
2020-06-23,31.709999084472656,31.709999084472656,29.26000022888184,31.3700008392334,0,-0.0125904819882533,0.1203216674972326,0.057260187453015886,30.267500019073488,32.744000091552735,0.9243678211105878,59.06637191699563,0.2967988097410519,-0.23550867586493665
2020-06-24,31.049999237060547,37.119998931884766,30.950000762939453,33.84000015258789,0,0.07873762343880286,0.12108146040452203,0.07070790541873673,30.57849998474121,32.66560012817383,0.9361070932343744,61.87518605957731,0.40776823208877033,-0.10685329427419522
2020-06-25,36.59000015258789,36.93000030517578,31.59000015258789,32.220001220703125,0,-0.04787230864598202,0.12180873000261914,0.07433812716068051,30.760000038146973,32.493200149536136,0.9466596055970835,61.27709563649577,0.3608324717597,-0.013316141067416147
2020-06-26,33.0099983215332,36.25,31.040000915527344,34.72999954223633,0,0.07790186922526843,0.12207843089978351,0.07716408914766155,31.121000003814697,32.38560012817383,0.9609517773530776,62.613122742474,0.5201751755357549,0.0933821222532181
2020-06-29,35.04999923706055,36.310001373291016,31.780000686645508,31.780000686645508,0,-0.0849409413899711,0.12417584843505683,0.07400727634185279,31.298500061035156,32.25820011138916,0.9702494234941779,55.75923570369037,0.4037608589537811,0.15545786959333074
2020-06-30,32.540000915527344,32.939998626708984,29.559999465942383,30.43000030517578,0,-0.04247955797046343,0.1240095109350807,0.07666478925100813,31.47800006866455,31.99020008087158,0.9839888462431562,53.773088104313764,0.2002594595890841,0.16441818759248142
2020-07-01,30.959999084472656,31.76000022888184,28.200000762939453,28.6200008392334,0,-0.05948075740355885,0.124428100896235,0.06323794395375906,31.626000118255615,31.654400100708006,0.9991028109090035,27.029063922253897,-0.10584853958480522,0.11036484215702408
2020-07-02,28.32999992370605,28.440000534057617,25.899999618530277,27.68000030517578,0,-0.03284418261683031,0.12482174716184505,0.06261181747989998,31.719500160217287,31.368400115966796,1.0111927941161327,31.500216831931084,-0.41945629049105904,0.004400615627407424
2020-07-06,27.76000022888184,28.32999992370605,24.920000076293945,27.940000534057617,0,0.009393071749107529,0.1240330694685355,0.034909824139772436,31.890500164031984,31.099600105285646,1.025431197059409,34.83567652186963,-0.6396394811707253,-0.12440740373221917
2020-07-07,28.770000457763672,29.6299991607666,27.25,29.43000030517578,0,0.0533285519913258,0.12404537287661468,0.045591089537237825,32.07150020599365,30.969600105285643,1.0355800558277128,40.38984799136073,-0.6859979595778967,-0.23672551490135474
2020-07-08,28.950000762939453,30.200000762939453,27.239999771118164,28.07999992370605,0,-0.04587157211929449,0.12397850703610203,0.046135058416468686,32.097000217437746,30.86540008544922,1.0399022895727548,38.3886213861553,-0.8221934023266506,-0.35381909238641396
2020-07-09,28.18000030517578,31.479999542236328,26.11000061035156,29.26000022888184,0,0.042022803005052456,0.12421081298826761,0.04400432744039499,32.18150024414062,30.77920009613037,1.0455599932301864,42.2883504060791,-0.825398429681865,-0.4481349598455042
2020-07-10,30.86000061035156,30.90999984741211,27.1299991607666,27.290000915527344,0,-0.06732738543897743,0.057430289738600065,0.05320000556219013,31.506500244140625,30.700400123596193,1.0262569907004198,33.44608871649358,-0.9756541834650037,-0.5536388045694042
2020-07-13,27.850000381469727,32.45000076293945,26.8700008392334,32.189998626708984,0,0.1795528599045837,0.06808719136624015,0.09779639543216705,31.31150016784668,30.661200065612793,1.0212092188447384,50.8333299273527,-0.6913743533892678,-0.581185914333377
2020-07-14,31.13999938964844,33.66999816894531,29.209999084472656,29.520000457763672,0,-0.08294496063538004,0.0697533430164822,0.10884947771809207,31.067500114440918,30.507800102233887,1.018346128214143,46.63268849376834,-0.6737603877085938,-0.5997008090084204
2020-07-15,29.149999618530277,30.09000015258789,27.170000076293945,27.76000022888184,0,-0.059620603034880926,0.07073388187002189,0.11061793247826536,30.772000217437743,30.34360008239746,1.0141183028341056,38.63975783793279,-0.792680969747547,-0.6382968411562457
2020-07-16,28.40999984741211,29.290000915527344,26.979999542236328,28.0,0,0.008645524824904882,0.07082378326766757,0.10861319372638839,30.49850015640259,30.23140007019043,1.0088351874406085,41.68636266417444,-0.8576736836803498,-0.6821722096610666
2020-07-17,27.149999618530277,27.540000915527344,25.40999984741211,25.68000030517578,0,-0.08285713195800781,0.07284201719105526,0.11105925428840858,30.13550024032593,30.06260009765625,1.0024249446964955,32.036520244249715,-1.0838910428025095,-0.7625159762893553
2020-07-20,26.940000534057617,27.07999992370605,24.350000381469727,24.459999084472656,0,-0.04750783513258894,0.0710032809109185,0.03762384132210693,29.602500247955323,29.92300006866455,0.9892891815668959,34.398971690178584,-1.3460968655007193,-0.8792321541316284
2020-07-21,24.07999992370605,25.649999618530277,23.61000061035156,24.84000015258789,0,0.015535612524060216,0.06873965724175568,0.043286237396724624,29.256000232696532,29.860200080871582,0.9797657133395399,37.57225281556573,-1.5058751671325687,-1.0045607567318164
2020-07-22,24.559999465942383,26.26000022888184,24.1299991607666,24.31999969482422,0,-0.020933995755611834,0.06878112206141433,0.040757953020711814,28.903500175476076,29.79520008087158,0.970072363905085,39.85848731950476,-1.6553781446186342,-1.1347242343091801
2020-07-23,23.96999931335449,26.950000762939453,23.600000381469727,26.07999992370605,0,0.07236843137199522,0.06835976254615653,0.059655873264058336,28.515500164031984,29.656000061035158,0.961542355858649,46.36693804087564,-1.6132465201784711,-1.2304286914830385
2020-07-24,27.959999084472656,28.57999992370605,25.530000686645508,25.84000015258789,0,-0.009202445238506551,0.0678005017740675,0.0453800730620105,28.19650011062622,29.467200088500977,0.9568774782110832,45.22727144651166,-1.5809981178694947,-1.3005425767603298
2020-07-27,26.600000381469727,26.940000534057617,24.549999237060547,24.739999771118164,0,-0.04256967395410638,0.06497916614423704,0.04406655200972401,27.697000122070314,29.30980007171631,0.9449740378405947,39.148540454549185,-1.6254645212162337,-1.3655269656515108
2020-07-28,24.86000061035156,25.850000381469727,24.049999237060547,25.440000534057617,0,0.02829429140725548,0.06346961192848659,0.04532255707266775,27.380000114440918,29.180800094604493,0.9382881903743091,43.70229125724493,-1.5859385425073533,-1.4096092810226795
2020-07-29,25.15999984741211,25.420000076293945,23.729999542236328,24.100000381469727,0,-0.052672960867039875,0.06379082040833647,0.05173538075048323,27.063500118255615,29.076800117492677,0.9307592310329273,37.784090652528185,-1.6437921207338206,-1.456445848964908
2020-07-30,25.040000915527344,28.290000915527344,24.63999938964844,24.76000022888184,0,0.027385885351254302,0.06317980576707127,0.03790202312985453,26.870500087738037,28.9614001083374,0.9278039040661769,43.614334288612376,-1.617736764043805,-1.4887040319806875
2020-07-31,24.790000915527344,26.40999984741211,23.549999237060547,24.459999084472656,0,-0.0121163627478178,0.06287504411054963,0.03791384223451662,26.70950002670288,28.890800094604494,0.9244984541529196,24.58909247591862,-1.602818991672084,-1.5115270239189669
2020-08-03,25.75,26.01000022888184,22.170000076293945,24.280000686645508,0,-0.007358888166983268,0.06279378876932235,0.03343544038515261,26.526500034332276,28.785800094604493,0.9215133832359347,29.402521688213042,-1.5872243813309161,-1.526666495401357
2020-08-04,24.01000022888184,24.76000022888184,22.920000076293945,23.76000022888184,0,-0.021416822201725805,0.06133484924017029,0.028758178552997848,26.243000030517578,28.697800102233888,0.9144603397134534,32.578402306894276,-1.598399872636442,-1.541013170848374
2020-08-05,23.440000534057617,23.61000061035156,22.86000061035156,22.989999771118164,0,-0.03240742636137217,0.060980907326069575,0.02257352299662659,25.988500022888182,28.597400093078612,0.9087714246155595,29.142387418427518,-1.650364754220071,-1.5628834875227138
2020-08-06,23.030000686645508,24.11000061035156,20.96999931335449,22.649999618530277,0,-0.014789045496860886,0.05982783654527471,0.009704104201742787,25.657999992370605,28.498000068664552,0.9003438813442661,34.89531741366686,-1.6993929242801293,-1.5901853748741972
2020-08-07,23.450000762939453,24.020000457763672,22.020000457763672,22.209999084472656,0,-0.019426072470996925,0.058400087843868284,0.009205943054846927,25.403999900817873,28.370400047302248,0.8954403130890483,37.83784285350785,-1.7535387648015224,-1.6228560528596623
2020-08-10,22.8799991607666,23.520000457763672,21.459999084472656,22.1299991607666,0,-0.0036019778029610094,0.03818903019472332,0.010468485573045697,24.90099992752075,28.262800025939942,0.8810521216817269,34.860334171643004,-1.7823591321745873,-1.6547566687226476
2020-08-11,21.850000381469727,24.93000030517578,20.280000686645508,24.030000686645508,0,0.08585637586680717,0.041552705062038314,0.047386047504945454,24.626499938964844,28.178800048828126,0.8739371405557416,48.596326702668094,-1.6330603338107288,-1.650417401740264
2020-08-12,22.81999969482422,22.8799991607666,21.540000915527344,22.280000686645508,0,-0.07282563254243057,0.04248676583953674,0.05736087469067525,24.352499961853027,28.087600059509278,0.8670196068819449,31.58915724420747,-1.6370791062172714,-1.6477497426356655
2020-08-13,22.200000762939453,22.920000076293945,21.450000762939453,22.1299991607666,0,-0.006732563790665225,0.042268636934449606,0.05712833418744006,24.058999919891356,28.017000045776367,0.8587286247843052,31.867062156973418,-1.6335374786148193,-1.6449072898314965
2020-08-14,22.270000457763672,23.549999237060547,21.790000915527344,22.049999237060547,0,-0.0036149989489328016,0.03872935487784886,0.056449293775943585,23.877499866485596,27.941800041198732,0.854544082030487,35.39631308252024,-1.618528647727743,-1.639631561410746
2020-08-17,22.520000457763672,22.81999969482422,21.34000015258789,21.350000381469727,0,-0.0317459809438132,0.03801300636198201,0.058249814802123774,23.72199993133545,27.87840003967285,0.8509096611562155,27.795880211088146,-1.6441651858237094,-1.6405382862933389
2020-08-18,21.690000534057617,22.549999237060547,21.18000030517578,21.51000022888184,0,0.007494137918188537,0.037814138749373394,0.03208547189127393,23.555499935150145,27.79240005493164,0.8475518446982891,33.872980598256504,-1.632750346808205,-1.6389806983963124
2020-08-19,21.600000381469727,22.979999542236328,20.989999771118164,22.540000915527344,0,0.047884736201095235,0.03952410278790964,0.02906893961734905,23.466499996185302,27.691800079345704,0.8474169222999737,36.785723773796704,-1.5230349583678375,-1.6157915503906177
2020-08-20,24.100000381469727,24.600000381469727,22.3700008392334,22.71999931335449,0,0.007985731611179547,0.03547145776680814,0.02862218058178414,23.298499965667723,27.594800071716307,0.8443076197369468,39.49275587667193,-1.405360238157769,-1.5737052879440483
2020-08-21,22.57999992370605,24.46999931335449,22.059999465942383,22.540000915527344,0,-0.00792246493252946,0.03546705995421132,0.029030816092028764,23.133500003814696,27.22980007171631,0.8495655474108142,39.49275587667195,-1.3115082898066568,-1.5212658883165702
2020-08-24,22.8700008392334,23.18000030517578,21.25,22.3700008392334,0,-0.007542150372178313,0.034426952513345654,0.02276867167753365,23.01500005722046,26.95540008544922,0.8538177873176579,41.2358175526096,-1.2365928572723242,-1.4643312821077212
2020-08-25,22.15999984741211,23.43000030517578,21.530000686645508,22.030000686645508,0,-0.015198933385446534,0.0336128658072793,0.02539832265616854,22.844500064849854,26.70800006866455,0.8553429686280558,43.60000610351562,-1.1909287230741157,-1.4096507703010002
2020-08-26,22.13999938964844,23.270000457763672,20.920000076293945,23.270000457763672,0,0.0562868693812546,0.03457519534806123,0.02896863369955364,22.803000068664552,26.50000011444092,0.8604905649128008,53.69048135350912,-1.0426627817974428,-1.3362531726002889
2020-08-27,23.420000076293945,27.09000015258789,21.440000534057617,24.46999931335449,0,0.051568492994612525,0.03601979680147919,0.03530744600420277,22.788500022888183,26.320000076293944,0.8658244664449476,62.3362485650634,-0.8188914059147763,-1.2327808192631864
2020-08-28,24.59000015258789,26.299999237060547,22.63999938964844,22.959999084472656,0,-0.061708225224908375,0.03851936654056183,0.049532184325161974,22.713500022888184,26.12040008544922,0.8695693767547266,53.91879160168504,-0.7546957147959645,-1.137163798369742
2020-08-31,23.90999984741211,26.5,21.770000457763672,26.40999984741211,0,0.15026136326253647,0.05142645887241381,0.08043247109215035,22.819999980926514,25.946200103759764,0.8795122171905148,59.802305001449376,-0.4205856883596084,-0.9938481763677153
2020-09-01,25.86000061035156,26.59000015258789,25.020000457763672,26.1200008392334,0,-0.010980651641583683,0.051192232031873994,0.07977747297144691,22.938000011444093,25.83320011138916,0.8879271601094185,67.97753471179206,-0.17715939834698347,-0.830510420763569
2020-09-02,26.01000022888184,27.06999969482422,25.530000686645508,26.56999969482422,0,0.01722813327459405,0.05043273466594351,0.07933834457211993,23.117000007629393,25.737200088500977,0.898194050951088,70.21859304644225,0.051475460067273104,-0.6541132445974006
2020-09-03,26.280000686645508,35.939998626708984,25.65999984741211,33.599998474121094,0,0.2645840745216983,0.07591633375950409,0.13320756964516373,23.664499950408935,25.73240005493164,0.9196382731455944,82.2085999863837,0.7908163433834119,-0.36512732700123807
2020-09-04,34.619998931884766,38.27999877929688,29.5,30.75,0,-0.0848213870103649,0.07915165451079033,0.13926553060568167,24.091499996185302,25.70300003051758,0.9373030372945214,73.40638253430309,1.1337095635059562,-0.06535994889979915
2020-09-08,30.61000061035156,35.93000030517578,30.520000457763672,31.459999084472656,0,0.02308940112106206,0.07897314784942647,0.13172450214231257,24.557999992370604,25.637600021362303,0.9578899730048003,74.1153730976085,1.446076434289175,0.23692732773799577
2020-09-09,31.68000030517578,31.780000686645508,28.1200008392334,28.809999465942383,0,-0.08423393819608227,0.08069927593612285,0.14268307799939933,24.79699993133545,25.578199996948243,0.9694583643217272,64.08989042213116,1.4629328286178946,0.4821284279139757
2020-09-10,28.670000076293945,30.559999465942383,27.59000015258789,29.709999084472656,0,0.03123914041005804,0.07826345383277933,0.14257657533989665,25.168499851226805,25.56379997253418,0.9845367229546435,65.21550348666281,1.5312626475488749,0.6919552718409556
2020-09-11,28.6299991607666,29.729999542236328,26.51000022888184,26.8700008392334,0,-0.09559065408128964,0.08211819447517221,0.06342301750717019,25.405499935150146,25.52879997253418,0.9951701592900297,58.4471349091278,1.3407945528170409,0.8217231280361728
2020-09-14,25.86000061035156,26.790000915527344,25.3799991607666,25.850000381469727,0,-0.03796056665075909,0.08283362989155181,0.058820330872222645,25.595499992370605,25.492199974060057,1.0040522206171167,56.570998121318645,1.0949201451819803,0.8763625314653344
2020-09-15,25.920000076293945,26.0,24.920000076293945,25.59000015258789,0,-0.010058035785106334,0.08238538384261329,0.05248893039461093,25.807499980926515,25.445199966430664,1.0142384424164017,56.74242527688534,0.8690650195721155,0.8749030290866906
2020-09-16,25.309999465942383,26.59000015258789,24.84000015258789,26.040000915527344,0,0.017585023847447978,0.08238671861700042,0.05041829049643241,26.03400001525879,25.377399978637694,1.0258734163930825,55.40804610884388,0.7181066199746908,0.8435437472642906
2020-09-17,28.21999931335449,28.920000076293945,26.26000022888184,26.459999084472656,0,0.01612896137399411,0.08197557745362724,0.04699394689765222,26.229999923706053,25.344999961853027,1.0349181283560878,54.00725007791097,0.6251549457902996,0.7998659869694924
2020-09-18,26.649999618530277,28.100000381469727,25.280000686645508,25.82999992370605,0,-0.02380949291628298,0.08234452292578294,0.024433072042519096,26.385499954223633,25.27639995574951,1.0438788751727217,55.99165321633649,0.4949489438377839,0.7388825783431507
2020-09-21,28.040000915527344,31.18000030517578,27.38999938964844,27.780000686645508,0,0.07549364183891472,0.08352464773900148,0.0380837772859345,26.64749994277954,25.286199951171874,1.053835688804026,53.05122800590403,0.5428508670571865,0.699676236085958
2020-09-22,28.61000061035156,28.780000686645508,26.479999542236328,26.86000061035156,0,-0.03311735253974324,0.08405908391864653,0.04296993537335622,26.87199993133545,25.179599990844725,1.067213138457564,51.60311962344231,0.5008042097377476,0.6599018308163159
2020-09-23,27.020000457763672,29.729999542236328,25.190000534057617,28.57999992370605,0,0.0640357138596499,0.08456055459722425,0.04943196409530979,27.199499893188477,25.160799980163574,1.0810268320018515,54.12731176010418,0.5993624239033579,0.6477939494337244
2020-09-24,29.540000915527344,30.489999771118164,27.940000534057617,28.51000022888184,0,-0.0024492545490228945,0.08411607590304417,0.05045939845058927,27.461499881744384,25.175799980163575,1.0907895639217722,35.365152102608604,0.66416603571205,0.6510683666893895
2020-09-25,28.170000076293945,30.43000030517578,26.020000457763672,26.3799991607666,0,-0.07471066471467291,0.08581650109843594,0.06386150451244396,27.55699987411499,25.143399963378908,1.095993378550692,36.89261601905473,0.5374546374138021,0.628345620834272
2020-09-28,27.149999618530277,27.190000534057617,24.899999618530277,26.190000534057617,0,-0.007202374251457866,0.08437266630267039,0.05065974085965799,27.71849994659424,25.15359996795654,1.1019694986763386,33.68421077495182,0.4168979005775526,0.5860560767829281
2020-09-29,26.809999465942383,27.43000030517578,25.979999542236328,26.270000457763672,0,0.0030545980173624088,0.07761912070995455,0.0492183792231957,27.711499977111817,25.189799995422362,1.1001079795055027,40.648012754238906,0.3240754038011744,0.5336599421865774
2020-09-30,26.690000534057617,27.1200008392334,25.059999465942383,26.3700008392334,0,0.0038066379797176975,0.07755560540794738,0.033399456370143965,27.723999977111816,25.220400009155274,1.09926884454837,36.932711022134654,0.2556352968280784,0.4780550131148776
2020-10-01,25.780000686645508,27.11000061035156,25.32999992370605,26.700000762939453,0,0.012514217413868156,0.07751760968818562,0.035467571085393786,27.73050003051758,25.268000030517577,1.0974552792870786,49.17234615243896,0.2254256878789498,0.42752914806769204
2020-10-02,28.8700008392334,29.899999618530277,26.93000030517578,27.6299991607666,0,0.03483139967239324,0.048156902865316285,0.015840163281848604,27.432000064849852,25.299000015258787,1.0843116347802115,58.74262963136446,0.2733761435103865,0.39669854715623093
2020-10-05,29.520000457763672,29.690000534057617,27.270000457763672,27.959999084472656,0,0.011943537232336876,0.04484389084522849,0.012856188745237921,27.292500019073486,25.341399993896484,1.076992590213916,61.56097470203481,0.33415354689606147,0.38418954710419706
2020-10-06,28.049999237060547,30.0,26.01000022888184,29.479999542236328,0,0.05436339440396454,0.04634976229127451,0.020754620918708243,27.19350004196167,25.436199989318848,1.0690865794961806,65.19434575390676,0.49921675077315797,0.4071949878379893
2020-10-07,29.26000022888184,29.76000022888184,27.940000534057617,28.059999465942383,0,-0.048168252996730776,0.04361112614381985,0.03850454769496769,27.15600004196167,25.488599967956542,1.0654174837418033,56.49350920783555,0.5095743346104165,0.42767085719247483
2020-10-08,27.649999618530277,27.989999771118164,24.8799991607666,26.36000061035156,0,-0.060584422236151014,0.04491839443378624,0.050720583355392646,26.988500118255615,25.53379997253418,1.0569715493693146,51.97909180844177,0.3762696914772583,0.41739062404943156
2020-10-09,26.200000762939453,26.21999931335449,24.030000686645508,25.0,0,-0.05159334517683911,0.04116884325677968,0.04995468639240961,26.895000076293947,25.538599967956543,1.0531117645461885,39.14062005234779,0.15905068088645535,0.3657226354168363
2020-10-12,25.649999618530277,25.649999618530277,24.13999938964844,25.06999969482422,0,0.00279998779296875,0.04033687186577462,0.04869911009975784,26.85600004196167,25.550799980163575,1.0510825517326812,42.51045450772836,-0.00736367575439445,0.29110537318259017
2020-10-13,25.670000076293945,26.93000030517578,25.15999984741211,26.06999969482422,0,0.03988831320993014,0.041266133793152006,0.04325151949976192,26.880000019073485,25.58659996032715,1.0505498995861817,38.82457365314069,-0.057889297900310055,0.2213064389660101
2020-10-14,25.71999931335449,27.229999542236328,25.530000686645508,26.399999618530277,0,0.01265822506977532,0.04118118912393428,0.043143758558045794,26.897999954223632,25.63939994812012,1.049088512549054,40.81809833487936,-0.07049041195944739,0.16294706878091858
2020-10-15,27.100000381469727,29.059999465942383,26.81999969482422,26.96999931335449,0,0.02159089784320023,0.04130128460605818,0.03449175189475457,26.923499965667723,25.718999938964842,1.0468330817512868,52.97079738725796,-0.03408970900601105,0.12353971322353266
2020-10-16,27.15999984741211,27.459999084472656,26.190000534057617,27.40999984741211,0,0.01631444365071788,0.04096666103957319,0.013713988339172329,27.002499961853026,25.81419994354248,1.0460328044607017,55.992139024377906,0.029917604674420062,0.10481529151371015
2020-10-19,27.36000061035156,29.690000534057617,27.040000915527344,29.18000030517578,0,0.06457498969781228,0.040022467278933924,0.0214877836037615,27.07249994277954,25.953599967956542,1.0431115520083705,62.25779321510877,0.22092146125790535,0.1280365254625492
2020-10-20,28.809999465942383,29.600000381469727,28.290000915527344,29.350000381469727,0,0.005825910709938986,0.03909780698827886,0.023291353971810026,27.196999931335448,26.097999992370607,1.0421105042258456,62.479061494907825,0.38161199359880627,0.17875161908980064
2020-10-21,29.1200008392334,30.549999237060547,28.3700008392334,28.649999618530277,0,-0.02385011086341926,0.03701760326765183,0.03193140556563414,27.20049991607666,26.1903999710083,1.038567564687309,57.92038562221637,0.44731976299210885,0.23246524787026232
2020-10-22,30.100000381469727,30.1200008392334,27.68000030517578,28.11000061035156,0,-0.018848133171682768,0.037273638756362845,0.03537870296897071,27.180499935150145,26.306999969482423,1.0332040888995717,52.013428886378804,0.45062570402397384,0.27609733910100465
2020-10-23,28.46999931335449,28.670000076293945,27.26000022888184,27.549999237060547,0,-0.01992178445861681,0.03329816986848011,0.03712384525071008,27.238999938964845,26.415399971008302,1.031178780895253,48.31275804147502,0.4034080188830025,0.3015594750574042
2020-10-26,29.3799991607666,33.68000030517578,29.21999931335449,32.459999084472656,0,0.17822141500487332,0.0513282726679311,0.08684591773383181,27.552499866485597,26.623599967956544,1.0348900937381516,59.58815755042445,0.7534977631514934,0.3919471326762221
2020-10-27,32.040000915527344,33.77000045776367,31.850000381469727,33.349998474121094,0,0.02741834302990398,0.0513945900441444,0.08623321155667879,27.906499767303465,26.86359992980957,1.0388220432190336,67.62158203702035,1.0901948330414797,0.5315966727492738
2020-10-28,34.689998626708984,40.77000045776367,34.68000030517578,40.27999877929688,0,0.20779612060712171,0.06723481065692065,0.1099671305346945,28.60199966430664,27.23899990081787,1.0500385391700024,84.38734440361908,1.8943854980913457,0.8041544378176883
2020-10-29,38.79999923706055,41.15999984741211,35.630001068115234,37.59000015258789,0,-0.06678249027384775,0.07018324713866186,0.1216551852005906,29.146499633789062,27.539999885559084,1.058333324433758,79.18405269057303,2.2882741856939006,1.1009783873929309
2020-10-30,40.810001373291016,41.09000015258789,36.5,38.02000045776367,0,0.011439220628632452,0.07010784203542486,0.11687446202268792,29.665999698638917,27.845999908447265,1.065359469804478,79.52576512249995,2.6051012537646905,1.4018029606672828
2020-11-02,38.56999969482422,38.77999877929688,36.130001068115234,37.130001068115234,0,-0.023408715910909428,0.07071833447167161,0.10508760229065604,30.124499797821045,28.137799911499023,1.0706060847888155,75.3437248578754,2.7526427232639854,1.6719709131866238
2020-11-03,36.43999862670898,36.43999862670898,34.189998626708984,35.54999923706055,0,-0.04255323957993329,0.07130438926165437,0.11026399649772825,30.427999782562257,28.401399879455568,1.071355634289444,69.8309470807936,2.7108287117247265,1.8797424728942445
2020-11-04,36.790000915527344,36.84999847412109,28.030000686645508,29.56999969482422,0,-0.1682137741370816,0.08099773153714813,0.06797265364933364,30.50349979400635,28.55219985961914,1.0683414918633607,54.56460717895718,2.17013881086201,1.937821740487798
2020-11-05,27.559999465942383,28.13999938964844,26.040000915527344,27.57999992370605,0,-0.06729793005261642,0.08129996855441955,0.06798987420842971,30.56449975967407,28.63839984893799,1.0672558495200808,50.28305040360778,1.5630440200585838,1.8628661964019553
2020-11-06,27.8700008392334,29.440000534057617,24.559999465942383,24.86000061035156,0,-0.09862216536906332,0.08367753438941851,0.0567772600514746,30.55749979019165,28.64619987487793,1.0667208887622783,43.02776023457557,0.8526074835198258,1.6608144538255294
2020-11-09,24.799999237060547,25.81999969482422,22.40999984741211,25.75,0,0.035800457272629815,0.08399913737956864,0.07483803470909085,30.59149980545044,28.701999893188475,1.065831646550538,44.32176575483566,0.3572784391549213,1.4001072508914079
2020-11-10,25.36000061035156,26.770000457763672,24.350000381469727,24.799999237060547,0,-0.03689323351221174,0.0840560996572332,0.07536348470938244,30.527999782562254,28.669799880981444,1.0648138427646814,43.974960063580674,-0.11065495776608358,1.0979548091599096
2020-11-11,25.01000022888184,25.1200008392334,22.56999969482422,23.450000762939453,0,-0.054435424018226874,0.08489105840045086,0.05013350219050094,30.380499839782715,28.616399879455567,1.0616464673319594,42.88766775615328,-0.5837006033432992,0.7616237266592678
2020-11-12,24.38999938964844,27.270000457763672,23.530000686645508,25.350000381469727,0,0.08102343525434108,0.08680088896959273,0.07215888334314009,30.299499893188475,28.591999893188476,1.0597195021816848,46.774194901628626,-0.7961016312678382,0.4500786550738466
2020-11-13,24.940000534057617,25.030000686645508,22.739999771118164,23.100000381469727,0,-0.08875739511407266,0.08893904573294889,0.0693690328519554,30.083999919891358,28.38199993133545,1.059967584831004,35.114504326205676,-1.13292748925695,0.13347742620768718
2020-11-16,23.65999984741211,24.07999992370605,22.43000030517578,22.450000762939453,0,-0.028138511160012314,0.08753380313934891,0.06388025654358098,29.74749994277954,28.215999946594238,1.0542777147392985,32.53205324144152,-1.4357633590826602,-0.1803707308503824
2020-11-17,22.84000015258789,24.09000015258789,22.34000015258789,22.709999084472656,0,0.011581216601222133,0.08759631062999083,0.06536858963719518,29.415499877929687,28.040999946594237,1.0490175077191708,14.186703421300521,-1.6359253470108897,-0.471481654082484
2020-11-18,22.86000061035156,23.920000076293945,21.65999984741211,23.84000015258789,0,0.04975786497886037,0.08849112803947523,0.06654830597521748,29.174999904632568,27.94159996032715,1.0441420658107146,20.06965269311513,-1.6839618580792504,-0.7139776948818374
2020-11-19,23.6200008392334,24.520000457763672,22.559999465942383,23.11000061035156,0,-0.030620785971643083,0.08862335555964959,0.051797531602553064,28.924999904632568,27.809599990844728,1.0401084486707843,17.963038250255323,-1.7606404344157163,-0.9233102427886134
2020-11-20,23.43000030517578,23.729999542236328,22.1299991607666,23.700000762939453,0,0.02553007948963959,0.08883360290791582,0.03476035859159902,28.732499980926512,27.746199989318846,1.0355472097796221,20.76621283887414,-1.7535864243940722,-1.0893654791097054
2020-11-23,23.65999984741211,23.959999084472656,22.450000762939453,22.65999984741211,0,-0.043881893757304447,0.0781090248495657,0.03903338899283666,28.242500019073486,27.682399978637694,1.0202330737532879,21.26615825570859,-1.811038923485917,-1.2337001679849477
2020-11-24,22.040000915527344,22.479999542236328,20.799999237060547,21.63999938964844,0,-0.04501325969250425,0.07771875986113355,0.04366306694416777,27.657000064849854,27.603399963378905,1.001941793458127,27.30394538453227,-1.9167805028981597,-1.3703162349675904
2020-11-25,21.649999618530277,22.5,21.1299991607666,21.25,0,-0.01802215344955127,0.056645868380331574,0.02896925371308312,26.70550012588501,27.50759994506836,0.9708407923342962,30.056707276253988,-2.008893879641551,-1.4980317639023828
2020-11-27,21.520000457763672,21.600000381469727,19.51000022888184,20.84000015258789,0,-0.01929411046645224,0.05600912052850875,0.02860643922687311,25.86800012588501,27.395199966430663,0.9442530135783991,35.17698679371826,-2.0908756426427075,-1.616600539650448
2020-11-30,22.63999938964844,22.88999938964844,20.479999542236328,20.56999969482422,0,-0.01295587599744541,0.05537854092381147,0.015355963629590446,24.995500087738037,27.289999961853027,0.9159215874927692,29.984540746071147,-2.152817224044785,-1.7238438765293156
2020-12-01,20.209999084472656,20.920000076293945,20.0,20.770000457763672,0,0.009722934657591553,0.05603743501877577,0.01950293158351281,24.17750005722046,27.14979995727539,0.8905222173005942,33.47006056888753,-2.16085894662908,-1.8112468905492687
2020-12-02,21.0,21.25,20.040000915527344,21.170000076293945,0,0.019258527188946495,0.05683704169731064,0.01760456737501258,23.458500099182128,27.035999946594238,0.8676764368072588,39.85764798454845,-2.110625466872154,-1.8711226058138457
2020-12-03,21.239999771118164,21.8799991607666,20.71999931335449,21.280000686645508,0,0.005196060933166491,0.04583760210066489,0.01606081971263802,23.044000148773193,26.88999996185303,0.8569728591098591,28.465611818859642,-2.0384410626257505,-1.9045862971762269
2020-12-04,21.049999237060547,21.149999618530277,19.96999931335449,20.790000915527344,0,-0.023026304290754473,0.044235504297359854,0.017247024609127234,22.704500198364258,26.735599975585938,0.8492235154287636,34.98049866373994,-1.9977445332042265,-1.9232179443818267
2020-12-07,22.040000915527344,22.6200008392334,21.170000076293945,21.299999237060547,0,0.024530942716423976,0.04007883680821755,0.018505133688074098,22.526500129699706,26.633999977111817,0.8457798358886413,42.38409508550734,-1.9024098416752615,-1.919056323840514
2020-12-08,21.649999618530277,22.25,20.520000457763672,20.68000030517578,0,-0.029107932117012014,0.03905126242341515,0.024367789196661303,22.273000144958495,26.523799972534178,0.8397363940318712,37.16814906158928,-1.8554961395544822,-1.9063442869833078
2020-12-09,20.65999984741211,22.93000030517578,20.100000381469727,22.270000457763672,0,0.07688588632128535,0.043038533328305616,0.04279048777998559,22.146500205993654,26.44379997253418,0.8374931072310368,40.62126705390939,-1.670757515868175,-1.8592269327602813
2020-12-10,22.1200008392334,23.459999084472656,21.530000686645508,22.520000457763672,0,0.011225864160808507,0.04150500652854368,0.04267450768580214,22.100000190734864,26.366799964904786,0.8381752893847871,46.26108873112235,-1.4870362863034856,-1.7847888034689223
2020-12-11,22.489999771118164,25.13999938964844,22.479999542236328,23.309999465942383,0,0.03507988419717645,0.03782240889670633,0.03841617453827665,21.998000144958496,26.298999938964844,0.836457667440276,47.58960827200071,-1.2631290056638669,-1.680456843907911
2020-12-14,22.670000076293945,24.81999969482422,21.950000762939453,24.71999931335449,0,0.060489055328903696,0.03471154747504825,0.04182017410039561,22.079000091552736,26.2407999420166,0.8413996577977786,62.17494180442904,-0.9608298206892485,-1.5365314392641785
2020-12-15,24.0,24.06999969482422,22.729999542236328,22.88999938964844,0,-0.07402912518356852,0.03827849425042849,0.059166295036077156,22.101000022888183,26.13939994812012,0.8455052551609025,56.74218151381399,-0.8590190022077415,-1.4010289518528911
2020-12-16,22.51000022888184,23.670000076293945,22.290000915527344,22.5,0,-0.017037981653455603,0.038422962051003665,0.0518089669378166,22.09050006866455,25.99979995727539,0.8496411551229294,56.74218151381399,-0.8005743635151816,-1.2809380341853494
2020-12-17,21.979999542236328,22.270000457763672,21.520000457763672,21.93000030517578,0,-0.025333319769965224,0.03697036809859392,0.05295072049534671,21.995000076293945,25.87719997406006,0.849976044484808,55.77943031945169,-0.7911311109811727,-1.182976649544514
2020-12-18,22.149999618530277,23.770000457763672,21.56999969482422,21.56999969482422,0,-0.016415896276417152,0.036556460878780096,0.048204102583691975,21.91800003051758,25.78139995574951,0.850147783601241,55.25210269232773,-0.8034348095540125,-1.1070682815464137
2020-12-21,24.25,31.459999084472656,24.229999542236328,25.15999984741211,0,0.16643487266480217,0.05243495274131096,0.09240723510156199,21.99099998474121,25.784599952697754,0.852873421541697,67.00232664101472,-0.5175367286333703,-0.989161970963805
2020-12-22,25.239999771118164,25.559999465942383,23.530000686645508,24.229999542236328,0,-0.03696344637583293,0.05212269942489022,0.08554116367666027,22.069499969482422,25.767799949645998,0.8564759122862414,61.38392936336973,-0.36183270976502513,-0.8636961187240491
2020-12-23,23.489999771118164,23.68000030517578,22.1299991607666,23.309999465942383,0,-0.03796946321399031,0.05179270799465564,0.08792715012644504,22.15299997329712,25.71259994506836,0.861562036535556,57.12280464113595,-0.30910925138433143,-0.7527787452561056
2020-12-24,22.46999931335449,22.82999992370605,21.38999938964844,21.530000686645508,0,-0.07636202574339757,0.054714099814284385,0.09566720748986321,22.167000007629394,25.615199966430666,0.8653846168165691,52.38095238095238,-0.4062732905868529,-0.683477654322255
2020-12-28,22.11000061035156,22.1200008392334,21.149999618530277,21.700000762939453,0,0.007895962418588809,0.05449407817101439,0.09525743803816271,22.210000038146973,25.509799995422362,0.870645792680949,51.315794757199484,-0.464207807629915,-0.6396236849837871
2020-12-29,21.61000061035156,23.71999931335449,20.989999771118164,23.07999992370605,0,0.0635944291358479,0.055955352829809346,0.05355366485698043,22.335500049591065,25.42319999694824,0.8785479425199102,57.51879712726475,-0.394222578156576,-0.5905434636183449
2020-12-30,22.57999992370605,23.149999618530277,22.40999984741211,22.770000457763672,0,-0.013431519365993183,0.05613971117393823,0.052265000203047376,22.435500049591063,25.295,0.8869539454275969,51.70299768233699,-0.35962758279643836,-0.5443602874539636
2020-12-31,22.989999771118164,23.25,21.239999771118164,22.75,0,-0.0008783687905835613,0.05607080410614221,0.050113241013673954,22.514500045776366,25.162999992370604,0.8947462565116536,50.79584633498594,-0.3300203997826472,-0.5014923099197003
2021-01-04,23.040000915527344,29.190000534057617,22.559999465942383,26.96999931335449,0,0.18549447531228513,0.06908179290193729,0.0820331429923715,22.798999977111816,25.12939998626709,0.9072640011130864,60.23490047436238,0.03357514922546656,-0.39447881809066687
2021-01-05,26.940000534057617,28.600000381469727,24.799999237060547,25.34000015258789,0,-0.06043749359531825,0.07062787093150669,0.09514111408531692,23.026499938964843,25.073999977111818,0.9183417069467981,51.71270982551341,0.18803241098861534,-0.27797657227481043
2021-01-06,25.479999542236328,26.770000457763672,22.13999938964844,25.06999969482422,0,-0.010655108766291721,0.07074224837419306,0.09533089544645597,23.214999961853028,25.02439998626709,0.9276945690842927,56.59008672095346,0.2853646176083551,-0.1653083342981773
2021-01-07,23.670000076293945,23.90999984741211,22.25,22.3700008392334,0,-0.10769840001825937,0.07510208603469316,0.11154298821178567,23.299499988555908,24.822600021362305,0.9386405923837302,49.655174577071925,0.14298550192018666,-0.1036495670545045
2021-01-08,22.43000030517578,23.34000015258789,21.420000076293945,21.559999465942383,0,-0.03620926879315989,0.07376893607403476,0.11281662162713295,23.263999938964844,24.58680004119873,0.9461987692575957,49.030903946453556,-0.034810045869200223,-0.08988166281744366
2021-01-11,23.309999465942383,24.809999465942383,23.229999542236328,24.07999992370605,0,0.11688314101048247,0.07820193384549515,0.08428011760513784,23.34199991226196,24.262800064086914,0.9620488917440368,55.90588342158449,0.027313821249819625,-0.066442566003991
2021-01-12,23.489999771118164,25.149999618530277,22.82999992370605,23.32999992370605,0,-0.03114617950067544,0.07831328419563115,0.08171282398487378,23.342999935150146,23.977600059509278,0.9735336262685116,45.0298747189872,0.015846038266154494,-0.0499848451499619
2021-01-13,23.06999969482422,24.18000030517578,21.920000076293945,22.209999084472656,0,-0.048006894251865884,0.07786412523681348,0.08305380025076058,23.217499923706054,23.661400032043456,0.9812394825438795,44.56989079710362,-0.08266406991649333,-0.056520690103268184
2021-01-14,22.21999931335449,23.46999931335449,21.65999984741211,23.25,0,0.046825797316417894,0.07671114460649565,0.07066240659254724,23.235499954223634,23.383800010681153,0.993658000137284,49.839745010301414,-0.07593927742588846,-0.06040440756779224
2021-01-15,23.520000457763672,25.799999237060547,23.07999992370605,24.34000015258789,0,0.046881726993027506,0.0771438604675242,0.066842723183669,23.32749996185303,23.1596000289917,1.0072496905236337,57.79256616452517,0.017146418634169436,-0.0448942423273999
2021-01-19,23.030000686645508,23.559999465942383,22.530000686645508,23.239999771118164,0,-0.04519311317065755,0.07770267116847514,0.04878516670584696,23.392999935150147,23.033000030517577,1.015629744460365,54.06117860659137,0.0021320883231403798,-0.03548897619729185
2021-01-20,22.81999969482422,22.86000061035156,21.3700008392334,21.57999992370605,0,-0.07142856556630006,0.07947767515942607,0.0566429870849768,23.39349994659424,22.91300003051758,1.0209706243371313,46.10187144193759,-0.14207721343288782,-0.056806623644411046
2021-01-21,21.34000015258789,22.21999931335449,21.09000015258789,21.31999969482422,0,-0.01204820341988122,0.0695465410210748,0.053468904490084464,23.201499938964844,22.84220001220703,1.0157296550492423,46.22198911290707,-0.2741833545664072,-0.1002819698288103
2021-01-22,22.239999771118164,23.729999542236328,21.270000457763672,21.90999984741211,0,0.02767355351938039,0.06953586447687694,0.04916213108321692,23.085499954223632,22.76540000915527,1.0140608091638903,47.874493770808535,-0.3274951811219431,-0.1457246120874369
2021-01-25,22.309999465942383,26.6299991607666,22.200000762939453,23.190000534057617,0,0.05842084416064908,0.07030688966798258,0.052692273825741695,23.079500007629395,22.733200035095216,1.015233225942655,38.76338290548784,-0.2634232505014573,-0.169264339770241
2021-01-26,23.90999984741211,23.940000534057617,22.549999237060547,23.020000457763672,0,-0.007330749132337333,0.06791058336022049,0.04867061989364486,23.153999996185302,22.7246000289917,1.0188958206809264,42.44791983574951,-0.22378372974245408,-0.18016821776468364
2021-01-27,23.81999969482422,37.209999084472656,23.709999084472656,37.209999084472656,0,0.6164204319953999,0.1525875666213999,0.2697299312943117,23.929499912261964,22.961800003051756,1.0421439046190453,70.73087143806909,0.9417888191907267,0.04422318962639848
2021-01-28,33.25,36.290000915527344,27.38999938964844,30.209999084472656,0,-0.1881214773509905,0.16036474173303228,0.3033866769448679,24.285999870300294,23.103999977111815,1.0511599677267762,61.67361133476163,1.2858494906433258,0.29254844982978406
2021-01-29,35.15999984741211,37.5099983215332,29.239999771118164,33.09000015258789,0,0.0953327095463401,0.16089683229019586,0.30077312028457387,24.801999855041505,23.316799964904785,1.0636965575195638,66.17110740008931,1.7705028142732893,0.5881393227184851
2021-02-01,31.450000762939453,33.959999084472656,29.030000686645508,30.239999771118164,0,-0.08612875093162653,0.16284025797448598,0.31421109472516257,25.176499843597412,23.467399978637694,1.0728286843244461,58.56031027332441,1.9026898286892262,0.8510494239126334
2021-02-02,28.01000022888184,28.07999992370605,25.309999465942383,25.559999465942383,0,-0.15476191602506528,0.16290663966032998,0.33159956378777516,25.105999851226805,23.501799964904784,1.0682585967337639,52.7937851886913,1.6112387207254208,1.0030872832751911
2021-02-03,24.59000015258789,25.43000030517578,22.90999984741211,22.90999984741211,0,-0.1036776085250426,0.16413749313020626,0.10993206764405454,24.984499835968016,23.497799949645994,1.0632697482108073,50.84459546537094,1.1531361597801322,1.0330970585761794
2021-02-04,23.440000534057617,23.440000534057617,21.68000030517578,21.770000457763672,0,-0.049759903851645415,0.16456991949532318,0.09460863365518085,24.81949987411499,23.45919994354248,1.0579857767462761,48.21858508712368,0.6901426218620976,0.964506171233363
2021-02-05,21.989999771118164,22.15999984741211,20.86000061035156,20.8700008392334,0,-0.0413412769685686,0.16287350477644605,0.04566736548152691,24.74449987411499,23.423399963378905,1.0564008603704649,45.804112114458995,0.24773868244968966,0.8211526734766283
2021-02-08,21.88999938964844,22.06999969482422,21.229999542236328,21.239999771118164,0,0.017728745424351322,0.16257251262664144,0.06553609584729335,24.72849988937378,23.415399971008302,1.0560784748495131,47.538158477854985,-0.07218173913275905,0.6424857909547509
2021-02-09,21.56999969482422,22.26000022888184,20.649999618530277,21.6299991607666,0,0.01836155338281853,0.16062399901573798,0.051354754826815105,24.605999851226805,23.422999954223634,1.0505059086929578,50.06353143456084,-0.2908979957381277,0.45580903361617514
2021-02-10,21.63999938964844,23.850000381469727,19.690000534057617,21.989999771118164,0,0.016643579487721327,0.16042216422258662,0.03471023994161736,24.538999843597413,23.445999946594238,1.0466177556723038,50.84917629370095,-0.43022381195943993,0.2786024645010521
2021-02-11,22.09000015258789,23.25,21.11000061035156,21.25,0,-0.033651649787194926,0.16019587964743467,0.03029399883735575,24.49099988937378,23.459599952697754,1.0439649413781849,49.1666668272179,-0.5935107002908673,0.10417983154266816
2021-02-12,21.600000381469727,22.450000762939453,19.950000762939453,19.96999931335449,0,-0.06023532643037699,0.16060235031622114,0.0365734753098573,24.326999855041503,23.44359992980957,1.03768192290761,45.93434173639246,-0.8167866852368917,-0.08001347181324386
2021-02-16,21.1299991607666,22.459999084472656,20.8799991607666,21.459999084472656,0,0.07461190898097647,0.1611273377763778,0.052183171217319,24.18299980163574,23.449399909973145,1.0312843780428937,48.093839878914125,-0.8635495214987152,-0.23672068175033817
2021-02-17,22.020000457763672,23.440000534057617,21.09000015258789,21.5,0,0.0018639756399749796,0.16072077311212563,0.05149764648443322,24.095999813079835,23.453799896240234,1.0273814869948876,20.657454583799733,-0.8871550948640738,-0.36680756437308537
2021-02-18,21.979999542236328,24.229999542236328,21.799999237060547,22.489999771118164,0,0.04604650098224017,0.15988934794110582,0.05542432311069983,24.14149980545044,23.48779987335205,1.027831467213753,31.406552918496047,-0.8165651196638137,-0.4567590754312311
2021-02-19,23.100000381469727,23.190000534057617,20.84000015258789,22.049999237060547,0,-0.019564274723678277,0.15995717514923943,0.0532369696571365,24.177999782562257,23.50279987335205,1.0287284882162386,19.868992632553443,-0.7870537558315789,-0.5228180115113007
2021-02-22,24.459999084472656,25.09000015258789,21.959999084472656,23.450000762939453,0,0.0634921348897759,0.16034869432920992,0.04050792143110096,24.254999828338622,23.558199882507324,1.0295778093957295,29.87552261293409,-0.6432820099575096,-0.5469108112005425
2021-02-23,22.81999969482422,27.01000022888184,22.5,23.11000061035156,0,-0.014498939937146349,0.16009559013904068,0.03725489731048589,24.25099983215332,23.57499988555908,1.0286744411400113,40.22346878958262,-0.5504319988955757,-0.5476150487395491
2021-02-24,23.76000022888184,25.040000915527344,21.309999465942383,21.34000015258789,0,-0.0765902384689181,0.1612255162409128,0.05614785751824276,24.16699981689453,23.551399879455566,1.0261385709804862,43.26180476742138,-0.6126101521142928,-0.5606140694144979
2021-02-25,21.729999542236328,31.15999984741211,21.520000457763672,28.88999938964844,0,0.3537956505658677,0.1121176052785517,0.17092157231716468,23.75099983215332,23.66299987792969,1.0037188841092675,69.71206641881697,-0.052064775729661505,-0.45890421067753057
2021-02-26,28.729999542236328,30.81999969482422,25.229999542236328,27.950000762939453,0,-0.03253716325953948,0.10399410332251639,0.172547207829786,23.63799991607666,23.727599906921387,0.9962238072457302,69.5580104267687,0.31271663754909085,-0.30458004103220626
2021-03-01,25.200000762939453,25.38999938964844,23.170000076293945,23.350000381469727,0,-0.1645796155959014,0.10772634441117122,0.19908061277813616,23.15099992752075,23.73679992675781,0.975321020481084,54.724586738316226,0.22799872136763,-0.19806428855223898
2021-03-02,23.57999992370605,24.600000381469727,22.799999237060547,24.100000381469727,0,0.03211991382215107,0.10669761795161894,0.19855482939722136,22.84399995803833,23.768799934387207,0.9610918523904552,55.4429285036032,0.2188550694150031,-0.11468041695879057
2021-03-03,22.799999237060547,26.790000915527344,22.450000762939453,26.670000076293945,0,0.10663898979853403,0.10352090116818828,0.19252489865772748,22.89949998855591,23.86359992980957,0.9595995598279645,59.39759039836161,0.4142113853421989,-0.00890205649859264
2021-03-04,26.520000457763672,31.899999618530277,24.93000030517578,28.56999969482422,0,0.0712410803560184,0.10106076992216975,0.10675998314832219,23.182499980926515,24.00359992980957,0.9657926331348595,64.0445113374524,0.7141148914888014,0.1357013330988862
2021-03-05,29.479999542236328,30.030000686645508,24.32999992370605,24.65999984741211,0,-0.1368568389631607,0.10578650189449801,0.124119874667253,23.326999950408936,23.99359992980957,0.9722175921349572,58.173580423064415,0.6290351447560987,0.23436809543032874
2021-03-08,27.61000061035156,28.38999938964844,24.06999969482422,25.46999931335449,0,0.03284669387487371,0.1051483725374325,0.09359592007596607,23.55699987411499,24.018399925231932,0.980789725687254,57.15815815086466,0.6198240738611425,0.3114592911164915
2021-03-09,25.11000061035156,25.25,22.899999618530277,24.030000686645508,0,-0.05653705007969734,0.10634565345766459,0.09923736401388444,23.69649991989136,24.032799949645995,0.9860066230127468,54.301259544120946,0.49067221534430416,0.3473018759620541
2021-03-10,23.76000022888184,23.8700008392334,22.3799991607666,22.559999465942383,0,-0.06117358213477153,0.10754139214955338,0.08260418957908292,23.742999935150145,24.053399925231933,0.9870953798196246,50.11709551062832,0.2666281010047129,0.33116712097058587
2021-03-11,22.5,22.5,21.450000762939453,21.90999984741211,0,-0.028812040510530323,0.10781027278520673,0.0612864992688019,23.738999938964845,24.057599906921386,0.9867567849997838,49.767442862548975,0.03620464469059925,0.27217462571458856
2021-03-12,22.56999969482422,22.989999771118164,20.6299991607666,20.690000534057617,0,-0.05568230588091916,0.1083359601949414,0.03940735219033331,23.710999965667725,24.00979991912842,0.9875550835714111,45.387699575978246,-0.24206102436657417,0.16932749569835598
2021-03-15,21.84000015258789,21.86000061035156,19.8700008392334,20.030000686645508,0,-0.0318994601438356,0.10763776259127864,0.015214269276827246,23.714000034332276,23.954999923706055,0.9899394744253251,44.9074068525924,-0.509966467730667,0.03346870301255135
2021-03-16,20.13999938964844,20.309999465942383,19.32999992370605,19.790000915527344,0,-0.011982015121855594,0.10643345027493213,0.02029906996681732,23.63050012588501,23.895799942016602,0.9888976382136048,47.30059301212718,-0.7331975920768485,-0.11986455600532868
2021-03-17,20.100000381469727,20.950000762939453,19.18000030517578,19.229999542236328,0,-0.028297187841544558,0.10663206603253624,0.01567834150276937,23.517000102996825,23.74099994659424,0.9905648521923547,27.76242863468069,-0.9444107182279637,-0.28477378844985574
2021-03-18,18.950000762939453,22.600000381469727,18.950000762939453,21.57999992370605,0,0.12220491094179375,0.1097027123350821,0.07069306248064827,23.47150011062622,23.6657999420166,0.9917898472958263,36.230002009601705,-0.9116641545171191,-0.4101518616633084
2021-03-19,21.43000030517578,23.170000076293945,19.899999618530277,20.950000762939453,0,-0.02919365908220095,0.10982878326001301,0.06644807318813443,23.416500186920167,23.583399963378906,0.9929229976713322,43.73695230542826,-0.9258750230724289,-0.5132964939451325
2021-03-22,21.90999984741211,22.290000915527344,18.8700008392334,18.8799991607666,0,-0.09880675545533557,0.11108813039208522,0.08072919038632768,23.188000106811522,23.51359992980957,0.9861527020970845,37.25585610991394,-1.091585945070321,-0.6289543841701702
2021-03-23,19.459999084472656,21.57999992370605,18.799999237060547,20.299999237060547,0,0.07521187179100952,0.11250481683786996,0.08897820521336175,23.04750003814697,23.488399925231935,0.9812290369506466,33.523018974714745,-1.0957003542808827,-0.7223035781923128
2021-03-24,20.63999938964844,21.489999771118164,19.299999237060547,21.200000762939453,0,0.04433505220216083,0.11147011441151433,0.08744088045087811,23.04050006866455,23.430799942016602,0.9833424435222906,29.89634971176457,-1.0146422870192708,-0.7807713199577045
2021-03-25,20.799999237060547,23.549999237060547,19.809999465942383,19.809999465942383,0,-0.06556609655538248,0.0763301343140955,0.0732130458472397,22.586500072479247,23.360399932861327,0.9668712923320535,34.661608554474924,-1.0504556735460433,-0.8347081906753725
2021-03-26,19.31999969482422,21.489999771118164,18.68000030517578,18.86000061035156,0,-0.04795552151447935,0.07658480472998346,0.07460255193602403,22.132000064849855,23.293399963378906,0.9501403873906358,29.279004400055243,-1.1423269742788662,-0.8962319473960713
2021-03-29,20.399999618530277,21.600000381469727,19.420000076293945,20.739999771118164,0,0.09968181865989667,0.0723990601632039,0.07403163733689401,22.001500034332274,23.24319995880127,0.9465779270208097,39.963391481659315,-1.0513164993584851,-0.9272488577885541
2021-03-30,20.76000022888184,21.75,19.46999931335449,19.61000061035156,0,-0.05448404885424374,0.07275032353114975,0.0730652550782493,21.777000045776365,23.148599967956542,0.9407480398780568,40.80997306776386,-1.0581735646032904,-0.9534337991515015
2021-03-31,19.799999237060547,20.11000061035156,18.850000381469727,19.399999618530277,0,-0.010708872273590297,0.06758774371833014,0.06776626626571372,21.413500022888183,23.071799964904784,0.9281243793488548,41.960282434177245,-1.0682391670389109,-0.9763948727289835
2021-04-01,18.600000381469727,18.63999938964844,17.290000915527344,17.329999923706055,0,-0.1067010172952283,0.06754057537320786,0.07716288490878231,20.851500034332275,22.986799964904787,0.9071075602592535,39.79343858280546,-1.229079837855771,-1.0269318657543411
2021-04-05,18.15999984741211,18.399999618530277,17.350000381469727,17.90999984741211,0,0.033467970355421706,0.06294678753392038,0.07941134491549405,20.514000034332277,22.918599967956542,0.8950808541103629,43.52869214245866,-1.2948202004182896,-1.0805095326871308
2021-04-06,18.06999969482422,18.299999237060547,17.3700008392334,18.1200008392334,0,0.011725348610297948,0.06229320740490826,0.055935851790979756,20.14650011062622,22.84279998779297,0.8819628119754307,44.89296743824246,-1.3148181808514074,-1.127371262319986
2021-04-07,17.989999771118164,18.170000076293945,16.8700008392334,17.15999984741211,0,-0.05298018473281174,0.06217351886700513,0.05574367753823735,19.803000068664552,22.722199974060057,0.8715265287371777,43.82089784060855,-1.3920837069673553,-1.18031375124946
2021-04-08,16.920000076293945,17.360000610351562,16.549999237060547,16.950000762939453,0,-0.012237708994171426,0.06121128623324557,0.05564953344574464,19.522500133514406,22.600799980163575,0.8637968634140848,34.15469417216973,-1.4535072375065319,-1.2349524485008745
2021-04-09,17.049999237060547,17.34000015258789,16.200000762939453,16.690000534057617,0,-0.015339245851263672,0.06109558257116452,0.03240147696138154,19.26150016784668,22.190400009155272,0.8680104982289553,35.04213779438493,-1.5058076601758756,-1.2891234908358749
2021-04-12,17.43000030517578,17.90999984741211,16.809999465942383,16.90999984741211,0,0.01318150427290643,0.060426807135097294,0.026850507127966602,19.072500133514403,21.924400024414062,0.8699211888250576,42.050043958300655,-1.512073770772563,-1.3337135468232126
2021-04-13,16.989999771118164,17.860000610351562,16.43000030517578,16.649999618530273,0,-0.015375531119335095,0.06019994110053707,0.023624996625416637,18.903500080108643,21.59560001373291,0.8753403502605935,33.74889070621995,-1.52049226575744,-1.3710692906100583
2021-04-14,16.709999084472656,17.690000534057617,15.380000114440918,16.989999771118164,0,0.020420430052712657,0.06050794032341537,0.017282363822378466,18.763500022888184,21.33060001373291,0.8796517683894503,30.27178555895773,-1.4826378862285239,-1.3933830097337516
2021-04-15,16.780000686645508,16.920000076293945,15.9399995803833,16.56999969482422,0,-0.024720428602236777,0.06044341951818273,0.019863324762793805,18.630500030517577,21.150800018310548,0.8808413872945179,33.29896828157504,-1.4695880179118994,-1.4086240113693813
2021-04-16,16.649999618530273,16.8799991607666,16.049999237060547,16.25,0,-0.019311991594313294,0.052436057623279055,0.020481793638941356,18.364000034332275,21.017600021362306,0.8737439106114442,35.61190353820545,-1.4681433614912685,-1.420527881393759
2021-04-19,17.040000915527344,18.61000061035156,16.780000686645508,17.290000915527344,0,0.06400005634014416,0.05497871074448633,0.03744440999569465,18.18100004196167,20.928000030517577,0.8687404441633131,29.04010784976954,-1.3673174936952464,-1.4098858038540565
2021-04-20,17.360000610351562,19.700000762939453,17.239999771118164,18.68000030517578,0,0.08039325136184017,0.05401322900271352,0.04754603904377319,18.17100009918213,20.884200019836427,0.8700836077955,44.52296748341912,-1.161857759994838,-1.360280195082213
2021-04-21,18.479999542236328,19.290000915527344,16.90999984741211,17.5,0,-0.06316918018726325,0.05283686819383482,0.06175928147365692,18.0310001373291,20.809400024414064,0.8664834217312715,39.9577197709972,-1.0817755683632981,-1.3045792697384302
2021-04-22,17.280000686645508,19.899999618530277,16.989999771118164,18.709999084472656,0,0.06914280482700885,0.05435184871756493,0.06377309068373466,17.90650005340576,20.751000022888185,0.8629222704281739,58.02325057880266,-0.9101810403366315,-1.2256996238580706
2021-04-23,18.559999465942383,18.780000686645508,16.799999237060547,17.329999923706055,0,-0.07375730776554967,0.05486209656578249,0.0768057426144486,17.782500076293946,20.65780002593994,0.8608128674865915,46.91489389764072,-0.8754538526807494,-1.1556504696226064
2021-04-26,17.940000534057617,18.170000076293945,16.8700008392334,17.639999389648438,0,0.017888024657076285,0.05413442782219328,0.07212532303203936,17.72150001525879,20.58560001373291,0.8608687627971279,47.473676073912785,-0.8135399579158538,-1.087228367281256
2021-04-27,17.6200008392334,18.15999984741211,16.969999313354492,17.559999465942383,0,-0.004535143224154603,0.04856682460212367,0.05907457098724573,17.5625,20.53740001678467,0.8551471941748535,52.32018420303224,-0.7621425703710081,-1.0222112078992063
2021-04-28,17.469999313354492,17.84000015258789,16.670000076293945,17.280000686645508,0,-0.015945261264952326,0.04733918228088938,0.051974225302830176,17.446000003814696,20.453800048828125,0.8529466388723324,51.8987344550479,-0.735524661436525,-0.9648738986066699
2021-04-29,16.8799991607666,18.8700008392334,16.770000457763672,17.610000610351562,0,0.019097217048208215,0.0476258603326727,0.03789483928587891,17.35650005340576,20.376000061035157,0.8518109541330656,55.2511441374807,-0.6799633467171589,-0.9078917882287678
2021-04-30,17.670000076293945,19.25,17.639999389648438,18.61000061035156,0,0.05678591512439657,0.042810188424545904,0.027882957549260068,17.420500087738038,20.29840007781982,0.858220353375216,58.90985995578308,-0.5489114523163181,-0.8360957210462778
2021-05-03,18.649999618530277,19.1200008392334,17.799999237060547,18.309999465942383,0,-0.016120426360561435,0.042474974425370425,0.030884506807515,17.44050006866455,20.223600082397457,0.8623835517715115,58.66388408733349,-0.4639117807321611,-0.7616589329834544
2021-05-04,18.15999984741211,21.850000381469727,18.11000061035156,19.479999542236328,0,0.06389951449590203,0.044652860877089286,0.03829498223681976,17.508500003814696,20.144200057983397,0.8691583658530962,61.959655445921165,-0.2986965130831507,-0.6690664490033937
2021-05-05,18.84000015258789,19.57999992370605,17.889999389648438,19.149999618530277,0,-0.016940448226939075,0.04290118132188848,0.03854034059679318,17.607999992370605,20.065000038146973,0.8775479670518219,62.500002310258076,-0.19217518319129567,-0.5736881958409742
2021-05-06,18.40999984741211,20.600000381469727,18.209999084472656,18.38999938964844,0,-0.03968669681572368,0.04395386056114617,0.047355203767796464,17.679999923706056,20.006000022888184,0.883734874711535,59.94423663322427,-0.16715506910487576,-0.49238157049375453
2021-05-07,18.450000762939453,18.56999969482422,16.68000030517578,16.690000534057617,0,-0.0924414851556622,0.04893072387438349,0.05634390539501529,17.679999923706056,19.762000045776368,0.8946462849282663,47.37302724219177,-0.2812599588665776,-0.4501572481683192
2021-05-10,17.34000015258789,19.75,17.06999969482422,19.65999984741211,0,0.1779508219483823,0.06293256298170953,0.10539852329396243,17.817499923706055,19.59620002746582,0.9092323970327534,53.76923011463756,-0.1305301129266212,-0.3862318211199796
2021-05-11,21.170000076293945,23.729999542236328,20.709999084472656,21.84000015258789,0,0.11088506216152072,0.06654769686565591,0.1123192501950686,18.076999950408936,19.566000022888183,0.9238985959962474,65.50000476837289,0.1629537521164437,-0.276394706472695
2021-05-12,22.420000076293945,28.3799991607666,21.65999984741211,27.59000015258789,0,0.26327838643896095,0.08659376195147919,0.1484253178965584,18.606999969482423,19.635800018310547,0.9476059010649549,73.94822669016938,0.8497236890918742,-0.05117102735978107
2021-05-13,26.030000686645508,28.93000030517578,22.229999542236328,23.1299991607666,0,-0.1616528077982975,0.0958828904146509,0.18041021163330545,18.93499994277954,19.565,0.9677996392936131,63.41350491120242,1.0223242877838423,0.1635280356689437
2021-05-14,21.770000457763672,22.100000381469727,18.65999984741211,18.809999465942383,0,-0.18677042159827906,0.10632977650711904,0.20371199854973168,19.06299991607666,19.369799995422362,0.9841609061829132,52.28248169060601,0.801286897567536,0.29107980804866224
2021-05-17,19.88999938964844,21.57999992370605,19.670000076293945,19.71999931335449,0,0.04837851532424353,0.10598927760707347,0.1896494066777606,19.18449983596802,19.27099998474121,0.9955113824481511,54.081632505950544,0.6915705608945579,0.3711779586178414
2021-05-18,18.88999938964844,21.450000762939453,18.809999465942383,21.34000015258789,0,0.08215014683780075,0.10604980149652521,0.1864185603556612,19.317499828338622,19.188400001525878,1.006728014154514,57.3021570122469,0.726960158244669,0.442334398543207
2021-05-19,22.459999084472656,25.959999084472656,21.8799991607666,22.18000030517578,0,0.0393627060253805,0.10469839981909142,0.12774843008409362,19.551499843597412,19.151399993896483,1.0208914152400577,58.07135194831847,0.8134111636884356,0.5165497515722528
2021-05-20,22.32999992370605,23.5,20.190000534057617,20.670000076293945,0,-0.06807936014903804,0.10559724161515824,0.11035505567425234,19.649499893188477,19.113600006103514,1.0280376217412646,53.5739058837996,0.7514179313055003,0.5635233875189023
2021-05-21,20.420000076293945,20.88999938964844,19.530000686645508,20.149999618530277,0,-0.025157254757828817,0.10411259309872965,0.060685761306180384,19.790499877929687,19.07840000152588,1.0373249264271036,53.16804423997808,0.6528030496875203,0.5813793199526259
2021-05-24,20.5,20.51000022888184,18.3799991607666,18.399999618530277,0,-0.08684863687990696,0.10644158837092525,0.07145330038061652,19.82849988937378,19.03259998321533,1.0418177183811117,48.17690767537803,0.4285001874547696,0.5508034934530547
2021-05-25,18.350000381469727,19.290000915527344,16.8700008392334,18.84000015258789,0,0.02391307299889811,0.10646405381840635,0.05523300547143742,19.892499923706055,19.00879997253418,1.0464889920693958,49.47864202686287,0.28298089141427596,0.49723897304529896
2021-05-26,18.3700008392334,18.920000076293945,17.350000381469727,17.360000610351562,0,-0.07855623833596592,0.10813744779538072,0.046189295712874626,19.896499919891358,18.960199966430665,1.0493823881139666,48.30870483827625,0.04768255192878357,0.40732768882199594
2021-05-27,18.030000686645508,18.170000076293945,16.520000457763672,16.739999771118164,0,-0.035714332801561,0.10847334454245566,0.044732024601230595,19.852999877929687,18.9103999710083,1.0498455827674982,50.0851195648362,-0.1866701462614202,0.28852812180531273
2021-05-28,16.799999237060547,16.860000610351562,15.899999618530272,16.760000228881836,0,0.0011947704920629576,0.10773043747595172,0.0483904544438797,19.760499858856203,18.813999977111816,1.0503082748429815,44.51173506541548,-0.3665570368593585,0.15751109007237846
2021-06-01,17.239999771118164,18.530000686645508,15.68000030517578,17.899999618530273,0,0.06801905573270361,0.10870002848549418,0.056029098815047494,19.739999866485597,18.752999954223633,1.0526315743972297,42.237982521383834,-0.41237664898710946,0.04353354226048085
2021-06-02,17.860000610351562,18.309999465942383,16.739999771118164,17.479999542236328,0,-0.023463691913108042,0.10793411213048285,0.054051249647641596,19.6399998664856,18.724999961853026,1.0488651485445464,24.788032240560668,-0.4770800360965488,-0.06058917341092511
2021-06-03,17.729999542236328,19.270000457763672,17.450000762939453,18.040000915527344,0,0.03203669267484277,0.1080852459455997,0.042209029096584055,19.58449993133545,18.679799995422364,1.04843199264097,34.241494850809346,-0.47766428925484306,-0.14400419657970873
2021-06-04,18.09000015258789,18.420000076293945,16.18000030517578,16.420000076293945,0,-0.089800485422317,0.10968233027344869,0.05966610327337063,19.485999965667723,18.58419998168945,1.0485250903922037,41.1152469285316,-0.6019094059501349,-0.23558523845379398
2021-06-07,17.34000015258789,17.350000381469727,15.779999732971191,16.420000076293945,0,0.0,0.10751095876932576,0.0596504843266996,19.472499942779542,18.516399993896485,1.0516353043355195,36.84211326847946,-0.6923930796464433,-0.32694680669232384
2021-06-08,16.579999923706055,17.75,15.149999618530272,17.06999969482422,0,0.039585847473210256,0.09995201072578638,0.05210867449010432,19.342999935150146,18.48059997558594,1.046665149437978,31.547108199882146,-0.7035425059400389,-0.4022659465418669
2021-06-09,17.18000030517578,17.959999084472656,15.550000190734863,17.889999389648438,0,0.048037475658119,0.0971530019764498,0.056539360043366634,19.145499897003173,18.423599967956545,1.039183434849986,31.42857237221922,-0.6388471519568455,-0.4495821876248627
2021-06-10,18.18000030517578,18.290000915527344,16.010000228881836,16.100000381469727,0,-0.10005584512285925,0.07589142649223837,0.07046208227148489,18.570999908447266,18.35339996337891,1.0118561108842254,30.684704194940977,-0.723671543055989,-0.504400058711088
2021-06-11,16.18000030517578,16.200000762939453,15.149999618530272,15.649999618530272,0,-0.02795035728430062,0.06863948174134728,0.05987670167858482,18.196999931335448,18.278399963378906,0.9955466544004647,30.867350414264337,-0.8177799269373125,-0.5670760323563329
2021-06-14,16.040000915527344,17.040000915527344,15.039999961853027,16.389999389648438,0,0.04728433157544454,0.05716135800075846,0.0649871429728874,18.07599992752075,18.259599952697755,0.9899450138199836,40.6511633848743,-0.8231608165906046,-0.6182929892031872
2021-06-15,16.270000457763672,17.350000381469727,16.139999389648438,17.020000457763672,0,0.0384381385952417,0.056711658382576476,0.0648202728351731,17.94099998474121,18.241799964904786,0.9835104002487539,41.68190453077142,-0.7677393678187165,-0.6481822649262932
2021-06-16,16.989999771118164,19.11000061035156,16.420000076293945,18.149999618530277,0,0.06639242834163128,0.05552275915117552,0.06855180855071155,17.78149995803833,18.242399940490724,0.974734684912297,53.729928491550496,-0.6254264550409125,-0.6436311029492171
2021-06-17,18.489999771118164,19.21999931335449,16.709999084472656,17.75,0,-0.022038546938695114,0.05453822943601994,0.04272654132349922,17.55999994277954,18.25419994354248,0.9619703956946896,54.86981748863821,-0.5387091686727885,-0.6226467160939314
2021-06-18,16.959999084472656,21.040000915527344,16.920000076293945,20.700000762939453,0,0.166197226081096,0.0654025502188815,0.06832434046014789,17.561499977111815,18.32919994354248,0.9581160133123469,64.81203080841027,-0.22930144278039322,-0.5439776614312238
2021-06-21,21.739999771118164,21.81999969482422,17.809999465942383,17.889999389648438,0,-0.13574885360979994,0.07215291609700872,0.11164198863670464,17.448499965667725,18.353199920654298,0.9507061461272243,49.96659910891035,-0.2084345141781654,-0.47686903198061215
2021-06-22,17.90999984741211,18.31999969482422,15.760000228881836,16.65999984741211,0,-0.06875347032979973,0.07115875602639143,0.11796465935992295,17.361499977111816,18.348199920654295,0.9462236106097925,47.401775792051176,-0.2878300804468026,-0.4390612416738502
2021-06-23,16.25,16.84000015258789,14.859999656677246,16.31999969482422,0,-0.020408172611160347,0.07098119854574234,0.11222113075682517,17.235499954223634,18.341599922180176,0.9396944665323904,44.473004277314736,-0.37387698835150474,-0.42602439100938105
2021-06-24,15.989999771118164,16.049999237060547,14.1899995803833,15.970000267028809,0,-0.021446043770847023,0.06897685921849343,0.11221367125562579,17.165999937057496,18.321199932098388,0.9369473615635292,48.425473021461144,-0.4649521327921242,-0.43380993936592965
2021-06-25,16.040000915527344,16.170000076293945,15.210000038146973,15.619999885559082,0,-0.021916116193956947,0.06868935363999577,0.05029286665064192,17.10999994277954,18.302199935913087,0.9348602901668571,47.26775897549845,-0.5589289614848703,-0.4588337437897178
2021-06-28,16.06999969482422,16.459999084472656,15.390000343322754,15.760000228881836,0,0.008962890163154658,0.06872567830547802,0.027886626287008335,17.05999994277954,18.29239994049072,0.9326277578819371,45.364474993216966,-0.6150198516031864,-0.49007096535241157
2021-06-29,15.6899995803833,16.309999465942383,14.100000381469728,16.020000457763672,0,0.01649747621230091,0.06695180589633225,0.018812973390524564,16.96599998474121,18.266999931335448,0.9287786745779483,43.10980578076963,-0.6312161734477257,-0.5183000069714744
2021-06-30,16.18000030517578,17.309999465942383,15.579999923706056,15.829999923706056,0,-0.011860207779553211,0.0668190038614526,0.017721866770870405,16.883500003814696,18.209999923706054,0.927155413209832,48.87217883372594,-0.6518689904479267,-0.5450138036667649
2021-07-01,15.619999885559082,16.010000228881836,15.3100004196167,15.479999542236328,0,-0.02210994208190664,0.06642785475868375,0.017868850436245122,16.755499935150148,18.16959991455078,0.922172200485924,49.28390885864414,-0.6885415243351503,-0.573719347800442
2021-07-02,15.529999732971191,15.539999961853027,14.25,15.06999969482422,0,-0.02648577903981497,0.06365131749636568,0.018964261130728105,16.68799991607666,18.09679992675781,0.9221519817656763,44.28076528626338,-0.7421334800308337,-0.6074021742465203
2021-07-06,15.770000457763672,17.940000534057617,15.729999542236328,16.440000534057617,0,0.09090914843906206,0.0669879285172916,0.0485457953477761,16.688999938964844,18.078999938964845,0.9231152162900229,47.638437291577944,-0.6663763016765714,-0.6191969997325306
2021-07-07,16.43000030517578,17.639999389648438,16.079999923706055,16.200000762939453,0,-0.014598525749495717,0.06648918490970064,0.049392121132158504,16.645499992370606,18.050199966430664,0.9221781489029215,41.43986695786517,-0.6185736359705345,-0.6190723269801315
2021-07-08,17.739999771118164,21.290000915527344,17.739999771118164,19.0,0,0.17283945093793274,0.0764045572276076,0.0887369742453912,16.701000022888184,18.078999977111817,0.9237789725113008,54.532268832920025,-0.3507103702989163,-0.5653999356438885
2021-07-09,17.8799991607666,18.1299991607666,16.079999923706055,16.18000030517578,0,-0.14842103656969574,0.08057955475286158,0.12245300561852679,16.705000019073488,18.056999969482423,0.9251259925406264,33.45534452003868,-0.3618065295985957,-0.5246812544348299
2021-07-12,16.850000381469727,17.520000457763672,16.139999389648438,16.170000076293945,0,-0.000618061105884915,0.08025296589489292,0.12080543305170977,16.73100004196167,18.02819995880127,0.9280460656191961,42.08103491396207,-0.3671746894211303,-0.49317994143209
2021-07-13,16.389999389648438,17.229999542236328,15.9399995803833,17.1200008392334,0,0.058750819941689736,0.08061367823091148,0.1168802006705399,16.767500114440917,17.99839996337891,0.9316105958617162,52.17391735448987,-0.29141264905419817,-0.4528264829565117
2021-07-14,17.34000015258789,17.510000228881836,15.949999809265137,16.329999923706055,0,-0.04614491102809537,0.08099755628267685,0.11960203841173285,16.733000087738038,17.95879997253418,0.9317437753819378,50.045331942565824,-0.2917539993038929,-0.42061198622598794
2021-07-15,16.700000762939453,18.09000015258789,16.559999465942383,17.010000228881836,0,0.041641170137951544,0.0801302825919617,0.08298656434185472,16.676000118255615,17.909399986267093,0.9311311451552119,54.57746322205654,-0.23445156846779014,-0.3833799026743484
2021-07-16,16.799999237060547,18.700000762939453,16.030000686645508,18.450000762939453,0,0.08465611491366087,0.08212918260829415,0.05161754281707653,16.711000156402587,17.895400009155274,0.9338154021621898,61.36546206273184,-0.07201285135265678,-0.3211064924100101
2021-07-19,19.61000061035156,25.09000015258789,19.270000457763672,22.5,0,0.21951214469301195,0.08826911021574867,0.09614432792808554,16.801000118255615,17.977600021362306,0.9345518922598919,70.59901813531518,0.37915147129625737,-0.1810548996687566
2021-07-20,20.88999938964844,22.96999931335449,19.3700008392334,19.729999542236328,0,-0.12311113145616315,0.08722677145503517,0.1305160050549781,16.89300012588501,18.03840000152588,0.936502135691415,59.830414797222694,0.5073382804868061,-0.04337626363764403
2021-07-21,19.729999542236328,19.81999969482422,17.809999465942383,17.90999984741211,0,-0.09224529838067741,0.0884696390296338,0.13905769956678715,16.95550012588501,18.00340000152588,0.941794334650563,55.07317007360969,0.456802747581893,0.0566595386062634
2021-07-22,17.59000015258789,18.450000762939453,17.399999618530273,17.690000534057617,0,-0.012283602190330645,0.0883546783301151,0.139640035610526,17.02400016784668,17.920400009155273,0.9499788039970851,55.42464629545999,0.39445384925396354,0.12421840073580345
2021-07-23,16.979999542236328,17.479999542236328,16.329999923706055,17.200000762939453,0,-0.027699251346815612,0.08847395523685274,0.13464076840264047,17.08550019264221,17.712600021362306,0.9645958341540045,55.20782637811763,0.3020214958963976,0.1597790197679223
2021-07-26,18.670000076293945,19.38999938964844,17.530000686645508,17.579999923706055,0,0.02209297348319761,0.08825572090260939,0.0595630179547186,17.18350019454956,17.601600036621093,0.9762464866147592,52.929083872768665,0.2564744683879887,0.1791181094919356
2021-07-27,18.6200008392334,20.440000534057617,18.25,19.36000061035156,0,0.10125146156828091,0.09060670687523388,0.07097799719500153,17.36350021362305,17.612600059509276,0.9858567250125153,57.52380916050501,0.359861046130753,0.2152666968196991
2021-07-28,19.40999984741211,19.6200008392334,17.520000457763672,18.309999465942383,0,-0.05423559459227256,0.0918808815852236,0.06006231858021964,17.478000164031982,17.584400062561034,0.9939491880217405,48.207790998207095,0.35300017049337384,0.24281339155443407
2021-07-29,17.90999984741211,18.010000228881836,17.190000534057617,17.700000762939453,0,-0.0333150584814359,0.09228119045194344,0.06234078726922708,17.57150020599365,17.511600074768065,1.0034205972595214,54.46009500028431,0.29494118141549563,0.2532389495266464
2021-07-30,19.690000534057617,19.71999931335449,17.530000686645508,18.239999771118164,0,0.03050841722613762,0.09208184242721949,0.060915757376951055,17.709500217437743,17.432800064086916,1.0158723872432205,55.89072205685354,0.2891690603526058,0.26042497169183826
2021-08-02,18.15999984741211,19.8700008392334,17.989999771118164,19.459999084472656,0,0.0668859281065497,0.09238637424699815,0.06564928707086229,17.929000186920167,17.408600044250488,1.0298932792612208,56.558291691154466,0.3786732519201834,0.2840746277375073
2021-08-03,19.170000076293945,20.440000534057617,17.700000762939453,18.040000915527344,0,-0.07297010461209863,0.09273602439026792,0.05912599073694838,18.00900020599365,17.36640007019043,1.0370024952325179,54.62913212931104,0.3312060466294007,0.293500911515886
2021-08-04,18.229999542236328,18.899999618530277,17.670000076293945,17.969999313354492,0,-0.003880354690702914,0.09262566040712235,0.05436326142812097,18.097500133514405,17.357800064086913,1.0426148513461635,52.68756790792438,0.2846580395002718,0.29173233711276314
2021-08-05,17.729999542236328,17.84000015258789,17.229999542236328,17.280000686645508,0,-0.03839725392733928,0.08468229360920557,0.05512437024594717,18.01150016784668,17.326600074768066,1.0395288221649441,46.580945570318036,0.1899022113909794,0.2713663119684064
2021-08-06,17.459999084472656,17.5,16.139999389648438,16.149999618530273,0,-0.06539357773223542,0.0789357596554939,0.05695619654697618,18.010000133514403,17.302400054931642,1.040896065073994,27.62508157311268,0.023356651610789925,0.22176437989688308
2021-08-09,17.1200008392334,17.389999389648438,16.59000015258789,16.719999313354492,0,0.035294099584386895,0.07926288770049929,0.0450301973529636,18.03750009536743,17.302000045776367,1.0425095392235078,37.447868040064186,-0.061923872864756646,0.16502672934455512
2021-08-10,16.81999969482422,17.049999237060547,16.34000015258789,16.790000915527344,0,0.004186698866484928,0.07823130009469345,0.03904786288263761,18.021000099182128,17.302600059509277,1.041519773745104,44.53125407453711,-0.12244924003990221,0.10753153546766364
2021-08-11,16.809999465942383,17.09000015258789,16.06999969482422,16.170000076293945,0,-0.03692679007897037,0.07796053852811702,0.039773357848923614,18.013000106811525,17.268000068664552,1.0431433886486305,42.857140296255714,-0.21793272297876243,0.04243868377837841
2021-08-12,16.329999923706055,16.420000076293945,15.489999771118164,15.59000015258789,0,-0.0358688881242718,0.07782723323590376,0.039500047362322745,17.942000102996825,17.230200080871583,1.0413111872633134,42.49766691967626,-0.33652595597033397,-0.03335424417136409
2021-08-13,15.68000030517578,15.720000267028809,15.1899995803833,15.449999809265137,0,-0.0089801373927193,0.07513532306262181,0.030150605492305225,17.79200005531311,17.178400058746337,1.035719275047059,39.84747394055564,-0.4367739470296996,-0.11403818474303122
2021-08-16,17.049999237060547,17.709999084472656,16.020000457763672,16.1200008392334,0,0.04336576299285588,0.05486475485946833,0.03314618412259073,17.47300009727478,17.172400074005125,1.0175048346168392,32.729214274123805,-0.4568909638789762,-0.18260874057022025
2021-08-17,17.309999465942383,19.559999465942383,16.709999084472656,17.90999984741211,0,0.1110421163144204,0.0555783991315384,0.06302115812991863,17.382000112533568,17.20220006942749,1.0104521539326603,48.02371709116486,-0.32465348111268355,-0.21101768867871296
2021-08-18,17.559999465942383,21.63999938964844,17.309999465942383,21.56999969482422,0,0.20435510209906327,0.0686514907212916,0.09699326576095366,17.565000104904176,17.29220006942749,1.0157759009484857,64.69247877549667,0.07461693886657628,-0.1538907631696551
2021-08-19,23.1200008392334,24.739999771118164,20.3700008392334,21.670000076293945,0,0.004636086364605774,0.06844755736923012,0.08796523357517344,17.76400008201599,17.3678000831604,1.0228123306900418,63.47211278317494,0.39456254690071546,-0.04420010115558096
2021-08-20,22.739999771118164,23.899999618530277,18.18000030517578,18.559999465942383,0,-0.1435164097555205,0.07644188252513513,0.1293452021299642,17.832000017166138,17.417000064849855,1.0238272923448979,46.92202650666163,0.3926445267637959,0.043168824428294436
2021-08-23,18.82999992370605,18.950000762939453,16.950000762939453,17.149999618530273,0,-0.07596982155088206,0.07850662072416403,0.1400529216984842,17.81050000190735,17.447000064849853,1.020834523740837,46.95413748310999,0.2741886026263387,0.0893727800679033
2021-08-24,16.959999084472656,17.510000228881836,16.940000534057617,17.219999313354492,0,0.004081614949343004,0.07494097419519671,0.1305366882100698,17.703499937057494,17.463600063323973,1.0137371374094477,47.43326532938182,0.18384061945474883,0.10826634794527243
2021-08-25,17.420000076293945,17.5,16.459999084472656,16.790000915527344,0,-0.024970871949668183,0.07417496178184733,0.06307824080711788,17.627500009536742,17.45900007247925,1.0096511791258367,48.29268399664306,0.07665824626624484,0.10194472760946692
2021-08-26,17.459999084472656,19.270000457763672,17.15999984741211,18.84000015258789,0,0.12209643390577263,0.07870112567597361,0.09889151873722367,17.684499979019165,17.4728000831604,1.0121159685254335,58.80812198237346,0.1553425568810347,0.11262429346378049
2021-08-27,17.950000762939453,18.21999931335449,16.110000610351562,16.389999389648438,0,-0.13004250228750225,0.08407226592578759,0.09491230903045338,17.591999959945678,17.44560007095337,1.008391794400702,49.03790118266726,0.01977786693584349,0.09405500815819309
2021-08-30,16.770000457763672,16.799999237060547,15.979999542236328,16.190000534057617,0,-0.012202493168921968,0.08250459274301125,0.0898204819758224,17.428500032424928,17.355400066375733,1.0042119435892936,48.26388766245578,-0.10261349819012011,0.05472130688853045
2021-08-31,15.979999542236328,17.06999969482422,15.90999984741211,16.479999542236328,0,0.01791222968576589,0.08111315214015277,0.09050392041729508,17.350499963760377,17.32720006942749,1.0013447004847595,50.914452866537346,-0.17420096026383902,0.00893685345805654
2021-09-01,16.059999465942383,16.709999084472656,15.68000030517578,16.110000610351562,0,-0.022451392121492608,0.08124851444407452,0.0903749255195024,17.25750002861023,17.31620008468628,0.9966101075415523,51.55316781174078,-0.25781839138062423,-0.04441419550967963
2021-09-02,16.270000457763672,16.979999542236328,15.729999542236328,16.40999984741211,0,0.018621925865588196,0.08091816369642982,0.06112800258592341,17.21399998664856,17.31800008773804,0.9939946818014445,52.84023766474094,-0.2964609593404468,-0.09482354827583309
2021-09-03,16.270000457763672,17.059999465942383,16.079999923706055,16.40999984741211,0,0.0,0.0794244044983459,0.01816509606180788,17.22699999809265,17.326800079345702,0.9942401320038305,50.89340455514514,-0.32335800307716767,-0.14053043923610004
2021-09-07,16.940000534057617,18.38999938964844,16.889999389648438,18.13999938964844,0,0.10542349532740292,0.08238402132020041,0.04855268605872218,17.298000001907347,17.37720006942749,0.9954422998409574,50.71119240117702,-0.20274053251498358,-0.15297245789187675
2021-09-08,18.96999931335449,19.63999938964844,17.780000686645508,17.959999084472656,0,-0.0099228396489639,0.08247190520351214,0.0509477571902188,17.356499910354614,17.421200046539308,0.9962861263281604,35.77619351374946,-0.12028823054991733,-0.14643561242348488
2021-09-09,19.440000534057617,19.540000915527344,17.170000076293945,18.799999237060547,0,0.04677061221646239,0.0822737880494819,0.04628584676794295,17.487999868392944,17.476800022125243,1.0006408407862721,39.31495905873798,0.012690516558500065,-0.11461038662708789
2021-09-10,17.940000534057617,21.1299991607666,16.989999771118164,20.950000762939453,0,0.11436178793244811,0.08462097562939758,0.05767707462956602,17.755999898910524,17.579200038909914,1.0100573325071267,59.58300785775915,0.2882416165960784,-0.03403998598245461
2021-09-13,19.63999938964844,21.18000030517578,18.76000022888184,19.3700008392334,0,-0.07541765470963968,0.08701552988129954,0.07999797363278456,17.951999950408936,17.657000064849854,1.0167072483703699,58.78165347265835,0.37480454588433787,0.047728920390903914
2021-09-14,19.57999992370605,20.46999931335449,18.38999938964844,19.459999084472656,0,0.004646269558077121,0.08677948347460873,0.07032055514737706,18.118999862670897,17.744800052642823,1.0210878572267903,58.8467646546138,0.4455325750508159,0.12728965132288633
2021-09-15,19.299999237060547,20.270000457763672,18.010000228881836,18.18000030517578,0,-0.06577589103373593,0.08525608191891274,0.07934277116747673,18.13249988555908,17.779600048065184,1.0198485813257818,55.14433736055595,0.3937608140829134,0.18058388387489177
2021-09-16,18.40999984741211,19.76000022888184,17.649999618530273,18.690000534057617,0,0.0280528173993837,0.07146294754239295,0.07728934644709655,17.988499927520753,17.82940004348755,1.008923456966872,49.373434941779635,0.38939536931421515,0.2223461809627565
2021-09-17,18.3700008392334,21.51000022888184,18.350000381469727,20.809999465942383,0,0.11342958112931156,0.0761936976324741,0.07694842047874666,17.945499897003174,17.865600032806398,1.0044722743176864,68.98626495217123,0.5506543188986157,0.28800780854992836
2021-09-20,24.25,28.790000915527344,23.899999618530277,25.709999084472656,0,0.2354637070774368,0.0850373705877383,0.11564647975862104,18.302999877929686,18.056200008392334,1.013668427987209,79.13097244580658,1.061604698325862,0.44272718650511517
2021-09-21,23.40999984741211,25.600000381469727,21.709999084472656,24.36000061035156,0,-0.05250869397877256,0.08380093642990775,0.12529850570471726,18.663499927520753,18.220000019073485,1.0243413780451698,72.64368917309609,1.3421317019549193,0.6226080895950761
2021-09-22,22.71999931335449,23.399999618530277,20.75,20.8700008392334,0,-0.1432676389028955,0.09148066921461626,0.1464707050746182,18.846000003814698,18.295000019073488,1.0301175175822228,61.598444079024105,1.2682183275926988,0.7517301371946007
2021-09-23,19.90999984741211,20.209999084472656,18.420000076293945,18.6299991607666,0,-0.10733117337761822,0.09508676098811128,0.16022868012538755,18.93799991607666,18.3410000038147,1.0325500197447135,54.94211841579305,1.0171667656068024,0.804817462877041
2021-09-24,19.32999992370605,20.40999984741211,17.6299991607666,17.75,0,-0.04723559851896364,0.09201241147812031,0.14986465893736967,18.883499908447266,18.35579999923706,1.0287484015533042,52.87060917488772,0.7386829390825476,0.7915905581181425
2021-09-27,17.780000686645508,19.31999969482422,17.739999771118164,18.76000022888184,0,0.05690142134545573,0.08738672930364903,0.07591134513724973,19.001999950408937,18.361999988555908,1.0348545889473864,51.37047064719081,0.5926493845474781,0.7518023234040097
2021-09-28,19.739999771118164,24.81999969482422,19.709999084472656,23.25,0,0.23933900406917963,0.10101967903090008,0.15394578702009834,19.354999923706053,18.37699998855591,1.053218693788931,59.82176309862813,0.8296584117724777,0.7673735410777034
2021-09-29,22.06999969482422,23.790000915527344,21.450000762939453,22.559999465942383,0,-0.029677442325058756,0.10170030901407837,0.13476297106833618,19.658999919891357,18.43359998703003,1.0664764307418804,57.02016554904903,0.9508516707074399,0.8040691670036508
2021-09-30,21.479999542236328,24.709999084472656,20.600000381469727,23.13999938964844,0,0.025709217084940672,0.10119944562790442,0.11432985128926496,20.0104998588562,18.538199977874754,1.079419786318986,54.343512569664405,1.0812355379098726,0.8595024411848953
2021-10-01,24.780000686645508,24.88999938964844,20.850000381469727,21.100000381469727,0,-0.08815899144281303,0.10420790549789256,0.12399819799345985,20.244999885559082,18.606399974823,1.0880664670733367,53.36969209724433,1.008331404291713,0.8892682338062587
2021-10-04,22.899999618530277,24.57999992370605,21.8799991607666,22.959999084472656,0,0.08815159570501252,0.1052856407759656,0.12578592973026204,20.57249984741211,18.72159994125366,1.0988644085957595,56.37755222619046,1.0880977898242534,0.9290341450098577
2021-10-05,22.920000076293945,23.170000076293945,20.6200008392334,21.299999237060547,0,-0.07229964780507026,0.10536935735628201,0.07271190028252854,20.730499839782716,18.795999927520754,1.1029208299490096,55.60747554623744,1.0057712061621764,0.9443815572403215
2021-10-06,22.950000762939453,24.399999618530277,20.989999771118164,21.0,0,-0.014084471727988102,0.10542123177259466,0.07227174170213989,20.88249988555908,18.82879991531372,1.1090722711740677,54.18326673961246,0.9058769783290863,0.9366806414580745
2021-10-07,20.540000915527344,20.76000022888184,19.06999969482422,19.540000915527344,0,-0.06952376592726939,0.10665204035829275,0.07235323431029039,20.919499969482423,18.85339994430542,1.109587662240256,47.64378704246892,0.7008217221107067,0.889508857588601
2021-10-08,19.459999084472656,19.940000534057617,18.200000762939453,18.770000457763672,0,-0.039406367537669684,0.10401800704139907,0.06573804843760304,20.810499954223634,18.874799938201903,1.1025547302413492,34.79404057922562,0.4707547843161777,0.8057580429341165
2021-10-11,19.93000030517578,20.450000762939453,18.11000061035156,20.0,0,0.06553007523916032,0.1034589592079569,0.05643011485315238,20.84199991226196,18.909999942779542,1.102168163687389,40.39647313545304,0.3832578046918407,0.7212579952856614
2021-10-12,20.6200008392334,20.809999465942383,18.96999931335449,19.850000381469727,0,-0.007499980926513716,0.10350542066438255,0.05022606723345545,20.861499977111816,18.917799968719482,1.102744505788529,47.365700861085294,0.2983726481838396,0.636680925865297
2021-10-13,20.13999938964844,20.229999542236328,18.440000534057617,18.63999938964844,0,-0.06095722763566491,0.1033355344588217,0.054658554409039085,20.884499931335448,18.929799938201903,1.1032604675968496,50.027278316979356,0.13194262994044337,0.5357332666803263
2021-10-14,18.010000228881836,18.07999992370605,16.799999237060547,16.860000610351562,0,-0.09549349987025135,0.10561737777328438,0.06111226957342667,20.792999935150146,18.907599964141845,1.0997165147657002,47.68590850913743,-0.1419490833273862,0.4001967966787838
2021-10-15,16.639999389648438,16.850000381469727,15.720000267028809,16.299999237060547,0,-0.033214789621489715,0.10235759926070961,0.06087462101508266,20.567499923706055,18.887999935150148,1.088918890000121,43.4504755016871,-0.3995914288188125,0.2402391515792645
2021-10-18,17.290000915527344,17.93000030517578,16.270000457763672,16.309999465942383,0,0.0006135110030618396,0.0850236663416523,0.03958567845514535,20.097499942779542,18.891199932098388,1.0638551291086338,25.73425933570637,-0.5960964797765804,0.07297202530809548
2021-10-19,16.09000015258789,16.309999465942383,15.56999969482422,15.699999809265137,0,-0.037400348047283094,0.08477910913919505,0.03564071778152829,19.66449990272522,18.870799942016603,1.042059688150337,25.879038789941248,-0.7919212475294088,-0.10000662925940546
2021-10-20,15.81999969482422,15.890000343322754,15.289999961853027,15.489999771118164,0,-0.013375798770586256,0.07952792817995502,0.036746916896609715,19.395499849319457,18.84479991912842,1.0292229120263596,22.382666011328126,-0.9530726071021292,-0.2706198248279503
2021-10-21,16.059999465942383,16.110000610351562,14.920000076293944,15.010000228881836,0,-0.03098770492762115,0.07648382984136023,0.016012947263151864,19.21449990272522,18.821599922180177,1.0208749512352577,25.22375268836896,-1.1067601302836323,-0.4378478859190867
2021-10-22,15.350000381469728,16.389999389648438,14.84000015258789,15.43000030517578,0,0.02798135042568428,0.07631002966928699,0.02624823777240022,19.098499917984007,18.818399925231933,1.0148843681644002,15.299539915802399,-1.181053652270947,-0.5864890391894588
2021-10-25,16.139999389648438,16.329999923706055,15.100000381469728,15.239999771118164,0,-0.012313709027852893,0.07494118018068188,0.025489102969178782,18.922499895095825,18.814199924468994,1.0057562889233456,17.697228101632803,-1.240958264496136,-0.7173828842507943
2021-10-26,15.020000457763672,16.709999084472656,14.899999618530272,15.979999542236328,0,0.04855641615694517,0.04971788477342977,0.03298700684060531,18.558999872207643,18.811399898529054,0.9865826026939576,24.4399154085028,-1.2147187821959449,-0.8168500638398245
2021-10-27,15.789999961853027,17.290000915527344,15.539999961853027,16.979999542236328,0,0.0625782245710913,0.05270790883105077,0.03978848563997328,18.279999876022337,18.79279989242554,0.9727129528681947,36.32477988057063,-1.1005457543858732,-0.8735892019490343
2021-10-28,17.059999465942383,17.15999984741211,16.229999542236328,16.530000686645508,0,-0.026501700101433157,0.05198933948410026,0.03840130824438833,17.949499940872194,18.691999912261963,0.9602771252474334,37.61061937566817,-1.0344494646172961,-0.9057612544826866
2021-10-29,17.399999618530273,18.059999465942383,16.1299991607666,16.260000228881836,0,-0.01633396530841069,0.04909850961090374,0.041132881290828524,17.707499933242797,18.58379991531372,0.9528460279348564,26.856436841383413,-0.9924145223738634,-0.923091908060922
2021-11-01,16.850000381469727,17.700000762939453,16.31999969482422,16.40999984741211,0,0.009225068660444258,0.04349411035900827,0.03913439882082185,17.379999971389772,18.540799922943116,0.9373921321422101,28.712867781316803,-0.9362058143246124,-0.9257146893136602
2021-11-02,16.540000915527344,16.649999618530273,15.890000343322754,16.030000686645508,0,-0.023156560895795986,0.04147212565561173,0.03708014032463918,17.116500043869017,18.51839994430542,0.9242969206490489,32.0000042093222,-0.9118119639845048,-0.9229341442478292
2021-11-03,16.110000610351562,16.389999389648438,14.899999618530272,15.100000381469728,0,-0.05801623614093521,0.042662854931578426,0.024089961049271358,16.821500062942505,18.475999965667725,0.9104514015046749,36.249997392296635,-0.9564970119772553,-0.9296467177937145
2021-11-04,15.0600004196167,16.139999389648438,14.729999542236328,15.4399995803833,0,0.022516502670477445,0.041474527709168034,0.031208937444464388,16.616499996185304,18.448999938964842,0.9006721259232462,43.04207109752989,-0.9534839708961087,-0.9344141684141934
2021-11-05,15.59000015258789,17.020000457763672,14.949999809265137,16.479999542236328,0,0.06735751231330078,0.04437912423560643,0.04734704021243205,16.501999950408937,18.401799926757814,0.8967601004298279,51.178919159866844,-0.8572944520562658,-0.918990225142608
2021-11-08,17.229999542236328,17.690000534057617,16.440000534057617,17.219999313354492,0,0.044902899980162614,0.042853908310363294,0.05096010071836873,16.36299991607666,18.418399925231935,0.8884050722375988,60.35422387577804,-0.713131235302729,-0.8778184271746322
2021-11-09,17.43000030517578,18.56999969482422,17.209999084472656,17.780000686645508,0,0.03252040624976815,0.04373381535550451,0.0476846074531621,16.259499931335448,18.45019992828369,0.8812641594419822,64.88947545174904,-0.5473835202013575,-0.8117314457799772
2021-11-10,17.739999771118164,19.899999618530277,17.219999313354492,18.729999542236328,0,0.05343075471894454,0.043450978394045575,0.01752529212077637,16.263999938964844,18.495199928283693,0.8793632943698653,72.79411919389258,-0.3355028259272075,-0.7164857218094234
2021-11-11,18.34000015258789,18.38999938964844,17.270000457763672,17.65999984741211,0,-0.057127587879079234,0.03963976298652489,0.04936686736748947,16.30399990081787,18.526199913024904,0.8800509536418902,62.65607355396523,-0.25103213996133533,-0.6233950054398059
2021-11-12,17.489999771118164,17.690000534057617,16.149999618530273,16.290000915527344,0,-0.07757638412921752,0.0428848608773683,0.061659113494128275,16.30349998474121,18.523799934387206,0.8801379869405589,55.25526311016327,-0.2912783020476972,-0.5569716647613842
2021-11-15,17.030000686645508,17.459999084472656,16.489999771118164,16.489999771118164,0,0.012277399898743102,0.04296079424019403,0.05718112116036803,16.3125,18.52539993286133,0.8805477916330448,52.698415325483666,-0.30353645990814115,-0.5062846237907356
2021-11-16,16.860000610351562,17.079999923706055,16.030000686645508,16.3700008392334,0,-0.007277072986680122,0.042046180446852974,0.052859913449389416,16.346000051498415,18.489999961853027,0.8840454345712316,46.44107857636467,-0.3192538891524812,-0.4688784768630847
2021-11-17,16.360000610351562,17.190000534057617,16.280000686645508,17.110000610351562,0,0.04520462633970257,0.04288231054695468,0.05025133933369775,16.427000093460084,18.472999992370607,0.8892437665914835,53.27313915537128,-0.2688985726119526,-0.42888249601285827
2021-11-18,16.809999465942383,18.149999618530277,16.3799991607666,17.59000015258789,0,0.028053741970408108,0.0422393662305051,0.04757142862438507,16.556000089645387,18.448800010681154,0.8974025454262657,57.33186773716592,-0.1880914685614954,-0.3807242905225857
2021-11-19,17.360000610351562,19.01000022888184,17.229999542236328,17.90999984741211,0,0.01819213712611245,0.04206192744078716,0.01939434364487017,16.680000066757202,18.387999992370606,0.9071133387904028,58.116888344482255,-0.09711052570337841,-0.3240015375587443
2021-11-22,18.200000762939453,19.59000015258789,17.350000381469727,19.170000076293945,0,0.07035177217290145,0.04394643330771971,0.02910388462331615,16.87650008201599,18.383999977111817,0.9179993528626702,65.51383846181682,0.07579035121253952,-0.24404315980448751
2021-11-23,20.239999771118164,20.90999984741211,19.030000686645508,19.3799991607666,0,0.010954568786483598,0.04311736018344602,0.02377926283615638,17.046500062942506,18.382399978637697,0.9273272305440178,72.76596573587992,0.227142357230381,-0.1498060563975138
2021-11-24,19.170000076293945,20.959999084472656,18.520000457763672,18.57999992370605,0,-0.04127963218285846,0.04277792314826344,0.04000861427996674,17.12650008201599,18.3903999710083,0.9312739314541938,65.92293242845767,0.27931686887793106,-0.0639814713424248
2021-11-26,26.6200008392334,28.989999771118164,23.8799991607666,28.6200008392334,0,0.5403660364237894,0.12646801655536863,0.23845283462455424,17.731000089645384,18.588999977111815,0.9538436769851598,82.1845296589253,1.117922990992831,0.17239942112462645
2021-11-29,25.309999465942383,25.690000534057617,21.709999084472656,22.959999084472656,0,-0.19776385705068866,0.13636752502415306,0.27775817077311826,18.066000032424927,18.631999969482422,0.9696221587599532,62.068966623560144,1.3107006049082877,0.4000596578813588
2021-11-30,26.229999542236328,28.559999465942383,23.709999084472656,27.190000534057617,0,0.1842335199588756,0.14086588944335116,0.2817656094360051,18.605000066757203,18.66159999847412,0.9969670375679713,67.14025663674016,1.7842364510492992,0.676895016514947
2021-12-01,24.920000076293945,32.61000061035156,22.3799991607666,31.1200008392334,0,0.14453844163236207,0.14230527710050755,0.2775966216904069,19.359500074386595,18.796800003051757,1.0299359503342846,70.35820234857746,2.448411438027943,1.0311983008175463
2021-12-02,29.440000534057617,30.68000030517578,27.149999618530277,27.950000762939453,0,-0.10186375291794603,0.14424837730588,0.28785723683878794,20.002000093460083,18.938400001525878,1.0561610321805701,65.81617169023109,2.6879968327025416,1.3625580071945456
2021-12-03,26.950000762939453,35.31999969482422,25.88999938964844,30.670000076293945,0,0.09731660962818656,0.1447509314742228,0.16627700221728858,20.763500118255614,19.179200019836426,1.0826051189194856,71.2219591454695,3.062053747171575,1.7024571551899519
2021-12-06,28.989999771118164,30.81999969482422,26.75,27.18000030517578,0,-0.11379197138690988,0.14878046167863723,0.14033202930372626,21.29850015640259,19.367800025939943,1.0996860834930553,64.37987693316607,3.041818541755589,1.9703294325030796
2021-12-07,24.57999992370605,24.690000534057617,21.57999992370605,21.88999938964844,0,-0.19462843473625668,0.1572788092693842,0.14653777266290272,21.532000160217287,19.430400009155274,1.108160416155703,56.51865644999371,2.5693057745442367,2.0901247009113115
2021-12-08,21.739999771118164,23.11000061035156,19.850000381469727,19.899999618530277,0,-0.0909090829878787,0.1592660091566998,0.10760666981868736,21.638000106811525,19.36340000152588,1.1174690449562785,53.20027400359198,2.0110772056764077,2.074315201864331
2021-12-09,20.309999465942383,22.1200008392334,19.940000534057617,21.57999992370605,0,0.08442212750654576,0.15979784948591805,0.12866795714438245,21.78050012588501,19.343800010681154,1.1259680163079835,54.45411868681588,1.6848174999315724,1.9964156614777793
2021-12-10,21.270000457763672,21.299999237060547,18.690000534057617,18.690000534057617,0,-0.1339202687611557,0.16258828007644094,0.1047208042505924,21.832000160217284,19.254800033569335,1.1338471509522192,50.82348041087412,1.1794594600748418,1.833024421197192
2021-12-13,19.290000915527344,21.18000030517578,18.959999084472656,20.309999465942383,0,0.08667730795045947,0.16187417640861682,0.12882449746051308,22.03300008773804,19.23900001525879,1.1452258469911782,51.19446705834728,0.8993132244391546,1.6462821818455846
2021-12-14,19.670000076293945,23.0,19.670000076293945,21.88999938964844,0,0.07779418834331064,0.16232812914750966,0.10813795469578463,22.303000068664552,19.217600021362305,1.160550747433213,52.556528950454364,0.7956167291861611,1.4761490913137
2021-12-15,21.600000381469727,23.46999931335449,19.020000457763672,19.290000915527344,0,-0.11877563027025984,0.1653927408011628,0.11481657582644127,22.449000072479247,19.177400054931642,1.1705966402211172,50.69758397890155,0.49789889332659243,1.2804990517162786
2021-12-16,18.559999465942383,22.1299991607666,18.190000534057617,20.56999969482422,0,0.0663555582450257,0.1656314587941485,0.11170786792210678,22.62200002670288,19.168800048828125,1.1801469037748071,40.44623628677198,0.3610782818896219,1.0966148977509473
2021-12-17,20.700000762939453,23.26000022888184,20.489999771118164,21.56999969482422,0,0.04861448783840361,0.16574251583621055,0.08555153896160925,22.821000003814696,19.209400024414062,1.1880121177553955,48.14518349896437,0.3295398737052224,0.9431998929418023
2021-12-20,25.88999938964844,27.38999938964844,22.850000381469727,22.8700008392334,0,0.06026894588789067,0.1659606246377433,0.08208736582682094,23.069000053405762,19.291400032043455,1.1958178263416666,43.746380924391566,0.4047786494827932,0.8355156442500005
2021-12-21,22.280000686645508,22.68000030517578,20.899999618530277,21.01000022888184,0,-0.08132927599900808,0.16718966563256465,0.08803012711294139,23.161000061035157,19.311600036621094,1.1993309729444657,34.43178100087937,0.3107374291154308,0.7305600012230865
2021-12-22,21.040000915527344,21.36000061035156,18.59000015258789,18.6299991607666,0,-0.11327944037066306,0.16969039227964333,0.08627053360910171,23.123500061035156,19.28720001220703,1.1989039386950981,35.290400767804186,0.043659607962400315,0.5931799225709493
2021-12-23,18.809999465942383,18.93000030517578,17.6200008392334,17.959999084472656,0,-0.035963505446898525,0.16960973257167494,0.07709432292019683,23.092500019073487,19.273600006103514,1.1981414998630568,28.552140817049477,-0.2195342421377795,0.43063708962920355
2021-12-27,19.3700008392334,19.40999984741211,17.549999237060547,17.68000030517578,0,-0.015590133272275541,0.11492766975214296,0.06652853268759328,22.545499992370605,19.29,1.1687661997081704,32.02119481755581,-0.44557452028396227,0.2553947676465703
2021-12-28,17.780000686645508,18.46999931335449,17.510000228881836,17.540000915527344,0,-0.007918517377369816,0.10679740450863534,0.045095436829869495,22.27450008392334,19.314800033569338,1.1532348274488997,39.77433201537643,-0.6287618744697738,0.07856343922330143
2021-12-29,17.6299991607666,18.0,16.709999084472656,16.950000762939453,0,-0.03363740717171748,0.09681431943812946,0.04196293455016307,21.762500095367432,19.327600059509276,1.1259804646392284,42.576750635774964,-0.8121848920643089,-0.0995862270342207
2021-12-30,17.299999237060547,17.790000915527344,16.6200008392334,17.329999923706055,0,0.02241882853465449,0.08955026973609392,0.023631398263744476,21.073000049591066,19.360200061798096,1.0884701595193067,38.55680952372149,-0.9163233928300478,-0.26293366019338615
2021-12-31,17.6299991607666,18.270000457763672,16.989999771118164,17.219999313354492,0,-0.006347409742402221,0.08775800658159917,0.020265109321002582,20.536499977111816,19.39480005264282,1.0588662900040273,45.34515044139607,-0.9962459319442978,-0.40959611454356853
2022-01-03,17.600000381469727,18.540000915527344,16.559999465942383,16.600000381469727,0,-0.03600458516882421,0.0833200809342556,0.023860113445885487,19.832999992370606,19.42660005569458,1.0209197664805427,37.457742353903384,-1.0969686801534593,-0.5470706276655468
2022-01-04,16.56999969482422,17.809999465942383,16.34000015258789,16.90999984741211,0,0.018674666193889244,0.08127905664767945,0.027730385343315178,19.319499969482422,19.45620004653931,0.9929739580838036,31.58283735673014,-1.1386521445139124,-0.66538693103522
2022-01-05,17.06999969482422,20.170000076293945,16.579999923706055,19.729999542236328,0,0.16676521113368237,0.08061817845921451,0.07829448921289817,19.211499977111817,19.54600004196167,0.9828865208159346,51.60115973478133,-0.9333767959839676,-0.7189849040249696
2022-01-06,20.290000915527344,21.059999465942383,19.07999992370605,19.61000061035156,0,-0.0060820544687740785,0.07788414624022184,0.08027899876956157,19.19700002670288,19.618600063323974,0.9785101875128566,46.184422751003616,-0.7714843232292772,-0.7294847878658313
2022-01-07,19.850000381469727,20.799999237060547,18.56999969482422,18.76000022888184,0,-0.04334525012819368,0.07599847035350973,0.08569012710793947,19.05600004196167,19.654200077056885,0.969563755698533,38.69670221987483,-0.7036599453964989,-0.7243198193719649
2022-01-10,19.57999992370605,23.32999992370605,19.290000915527344,19.399999618530277,0,0.03411510564179698,0.06995448800400329,0.07976580711750167,19.091499996185302,19.71160005569458,0.9685413635748898,35.25912400005964,-0.5914481887134322,-0.6977454932402584
2022-01-11,19.6200008392334,21.0,18.200000762939453,18.40999984741211,0,-0.0510309170404597,0.06816027465690497,0.08870951644025638,18.99650001525879,19.754600048065186,0.9616241264838644,38.07338815417051,-0.5757671851482264,-0.673349831621852
2022-01-12,18.170000076293945,18.690000534057617,17.360000610351562,17.6200008392334,0,-0.04291140764402346,0.0659649835762019,0.03583948849043494,18.78300008773804,19.77880006790161,0.9496531651695279,44.575730396192014,-0.61993991309118,-0.6626678479157176
2022-01-13,18.059999465942383,20.61000061035156,17.450000762939453,20.309999465942383,0,0.15266733817170586,0.06994062508830526,0.08704246416916378,18.834000015258788,19.86440004348755,0.9481283086338883,60.37070600061042,-0.4328965483735061,-0.6167135880072754
2022-01-14,20.11000061035156,22.06999969482422,19.049999237060547,19.190000534057617,0,-0.05514519750543956,0.06959041710744227,0.08898526754755408,18.76500005722046,19.946200046539307,0.9407807007568949,56.20378457698445,-0.37076395179777677,-0.5675236607653756
2022-01-18,21.18000030517578,23.200000762939453,21.18000030517578,22.790000915527344,0,0.18759772179685963,0.08085910941188697,0.12111666626179152,18.826000118255614,20.093200073242187,0.9369338905516557,66.7946327699473,-0.030679819186190116,-0.4601548924495385
2022-01-19,23.1200008392334,23.989999771118164,21.850000381469727,23.850000381469727,0,0.04651160260463971,0.08042779155297962,0.11053741215851925,18.875000095367433,20.240600090026856,0.9325316448827872,71.4285798906366,0.32067585258395326,-0.3039887434428401
2022-01-20,23.459999084472656,25.88999938964844,21.68000030517578,25.59000015258789,0,0.07295596407914773,0.07909903331783669,0.09524825258574014,19.104000091552734,20.408000106811524,0.9361034884146459,73.65407608532384,0.7311034876772915,-0.09697029721881373
2022-01-21,25.3799991607666,29.790000915527344,25.309999465942383,28.850000381469727,0,0.12739352127562054,0.07720555271667083,0.0910674830525463,19.61500015258789,20.629400100708008,0.9508274625937715,78.21447120059909,1.3043889352802829,0.18330154928100567
2022-01-24,28.200000762939453,38.93999862670898,28.020000457763672,29.899999618530277,0,0.03639512038741466,0.07589467993842013,0.06303141367526127,20.212000179290772,20.852800102233886,0.9692703176647022,81.60647215088801,1.8224399922244352,0.5111292378696917
2022-01-25,32.290000915527344,35.849998474121094,29.1299991607666,31.15999984741211,0,0.04214047641997154,0.07522949568786205,0.03754608895758709,20.886000156402588,21.122800102233885,0.9887893676650259,82.40110017356096,2.3080647417954694,0.8705163386548473
2022-01-26,29.350000381469727,33.040000915527344,26.899999618530277,31.959999084472656,0,0.025673916591080648,0.0746817267506216,0.041109669627252814,21.607000064849853,21.436200065612795,1.0079678300591648,80.62094007771518,2.7260548437970336,1.241624039683285
2022-01-27,32.189998626708984,33.0,28.420000076293945,30.489999771118164,0,-0.04599497357522364,0.07531002443029348,0.06167282813819604,22.28400001525879,21.716200065612792,1.026146376803053,75.51595271241247,2.905208911891954,1.574341014125019
2022-01-28,30.270000457763672,32.81999969482422,27.280000686645508,27.65999984741211,0,-0.09281731534766324,0.08034736798005039,0.05968813898459378,22.800500011444093,21.942000045776368,1.0391258756666066,69.09871694340828,2.786709012218921,1.8168146137437997
2022-01-31,28.36000061035156,29.40999984741211,24.709999084472656,24.82999992370605,0,-0.10231380836290338,0.08513873673148491,0.06638201447410119,23.18100004196167,22.09640003204346,1.0490849191879836,60.65123886400711,2.436354863151319,1.9407226636253037
2022-02-01,24.56999969482422,25.32999992370605,21.959999084472656,21.959999084472656,0,-0.1155860188502581,0.0897172065608644,0.05766438857613357,23.448999977111818,22.183800010681153,1.057032607840924,56.485202539972796,1.9051502080381226,1.9336081725078678
2022-02-02,21.559999465942383,22.729999542236328,20.459999084472656,22.09000015258789,0,0.0059199031664420865,0.08975586021873931,0.04995709327859166,23.707999992370606,22.267400016784666,1.0646954729559825,58.36765216355556,1.4776235667815563,1.8424112513626056
2022-02-03,22.6299991607666,25.809999465942383,22.299999237060547,24.350000381469727,0,0.10230874663969036,0.08513925324314105,0.0932001932892198,23.939000034332274,22.371000022888182,1.0700907429189506,57.68645567577046,1.3061127001035224,1.735151541110789
2022-02-04,23.770000457763672,26.26000022888184,22.06999969482422,23.21999931335449,0,-0.04640661397998025,0.08610986943801811,0.08889865923636743,24.119499969482423,22.44780002593994,1.074470546851394,57.664508632475325,1.0667110788952563,1.6014634486676824
2022-02-07,24.09000015258789,24.81999969482422,22.020000457763672,22.86000061035156,0,-0.015503820570566651,0.08539169841518097,0.07952450753783676,24.324499988555907,22.533400039672852,1.0794864488150746,50.15184316082681,0.8382716092886007,1.4488250807918663
2022-02-08,23.09000015258789,23.479999542236328,21.31999969482422,21.440000534057617,0,-0.062117237024522765,0.08685567697238182,0.06462332489830061,24.426500034332275,22.389800033569337,1.090965528843906,44.852627374795716,0.5364655046868521,1.2663531655708635
2022-02-09,21.270000457763672,21.299999237060547,19.93000030517578,19.959999084472656,0,-0.06902991663801339,0.08759492599571615,0.07042306438515875,24.503999996185303,22.329800033569335,1.097367641418526,37.840171280719844,0.1758313697221574,1.0482488064011224
2022-02-10,20.3700008392334,24.770000457763672,20.18000030517578,23.90999984741211,0,0.19789583888369267,0.09639626460044771,0.11199966976910371,24.818499946594237,22.264200019836426,1.1147267777185814,39.63926152011672,0.20637925795043088,0.8798748967109841
2022-02-11,24.38999938964844,30.989999771118164,23.32999992370605,27.36000061035156,0,0.14429112442310865,0.0958042042355531,0.1236930434675447,25.171000003814697,22.189000015258788,1.1343909138088812,45.16006352691246,0.503174624313047,0.8045348422313967
2022-02-14,29.170000076293945,32.040000915527344,28.32999992370605,28.32999992370605,0,0.03545319048668061,0.09423249200052318,0.12011613240355264,25.62799997329712,22.19659999847412,1.154591242580345,44.54720687380445,0.8073512853569049,0.8050981308564985
2022-02-15,28.09000015258789,28.09000015258789,25.32999992370605,25.700000762939453,0,-0.09283442173841516,0.08930218017562334,0.12778022059108796,25.773499965667725,22.097200012207033,1.1663694925795944,38.732905440968935,0.8266652458815997,0.8094115538615188
2022-02-16,25.190000534057617,27.09000015258789,23.8799991607666,24.290000915527344,0,-0.05486380566359328,0.08997825744585818,0.12479305817965629,25.795499992370605,22.039400024414064,1.1704265979924924,38.81674214293897,0.7198979593665769,0.7915088349625304
2022-02-17,24.82999992370605,28.3700008392334,24.76000022888184,28.11000061035156,0,0.15726634626770575,0.09517203817891373,0.1132143856653855,25.92150001525879,22.163800048828126,1.1695422246253908,50.78370030912199,0.9327737309505615,0.8197618141601367
2022-02-18,26.65999984741211,29.709999084472656,26.3799991607666,27.75,0,-0.012806851744392667,0.09105638932087827,0.09692053524832177,25.866499996185304,22.320800056457518,1.1588518301655588,55.56402377527192,1.0602088454005631,0.867851220408222
2022-02-22,31.799999237060547,32.040000915527344,28.399999618530277,28.809999465942383,0,0.03819817895287869,0.09109327328184583,0.09713348348117219,25.811999988555907,22.465400047302246,1.1489668527694674,64.01964748484136,1.2325273814077846,0.9407864526081348
2022-02-23,28.040000915527344,31.06999969482422,27.200000762939453,31.020000457763672,0,0.07670951172469942,0.0922171644129945,0.08198457157876099,25.805000019073486,22.712000045776367,1.1361835138721,66.8427000859638,1.5297852607449691,1.0585862142355018
2022-02-24,37.5,37.790000915527344,29.450000762939453,30.31999969482422,0,-0.02256611065794678,0.09224227580319673,0.07337310262221895,25.723000049591064,22.912200050354002,1.122677001469077,61.96392519922236,1.6894056436863956,1.1847501001256806
2022-02-25,31.68000030517578,32.0,26.93000030517578,27.59000015258789,0,-0.09003956364492816,0.09393998687094338,0.06344633081260034,25.57800006866455,23.026200065612795,1.1108215856624386,58.229756404650146,1.577434121041179,1.2632869043087804
2022-02-28,32.439998626708984,33.5099983215332,28.43000030517578,30.149999618530277,0,0.09278722188416744,0.09355307861640633,0.07543354415378632,25.70250005722046,23.243400039672853,1.105797775426586,62.67825830355052,1.6759471690035426,1.345818957247733
2022-03-01,29.450000762939453,35.189998626708984,29.440000534057617,33.31999969482422,0,0.10514096571814391,0.09212876283374916,0.08502046422932347,26.127000045776366,23.498400039672852,1.1118629354196707,69.47540724235866,1.9869081423649781,1.4740367942711823
2022-03-02,34.20000076293945,34.40999984741211,30.1200008392334,30.739999771118164,0,-0.07743097080840666,0.08956070610815273,0.09255207120923355,26.566000080108644,23.68180004119873,1.1217897302524442,67.05696290587217,2.0020837470406647,1.579646184825079
2022-03-03,30.520000457763672,32.0099983215332,29.309999465942383,30.479999542236328,0,-0.008458042642086161,0.08974242213335822,0.09184431309513856,26.985500049591064,23.834000015258788,1.132227071927274,61.769974437017794,1.9704169376074994,1.6578003353815631
2022-03-04,31.899999618530277,34.650001525878906,31.46999931335449,31.979999542236328,0,0.04921259916429599,0.08794357584044554,0.07575064022795547,27.367000007629393,24.05340000152588,1.1377601505771868,58.898303341328145,2.0428099850589234,1.7348022653170352
2022-03-07,35.880001068115234,36.54999923706055,32.59000015258789,36.45000076293945,0,0.1397748994586303,0.09066313963147976,0.08718928410582566,28.028500080108643,24.409800033569336,1.148247836588695,63.78139946683588,2.4328295927187327,1.8744077307973745
2022-03-08,36.18999862670898,37.52000045776367,32.779998779296875,35.130001068115234,0,-0.036213982639098585,0.09128492263583866,0.08432487972657017,28.642000102996825,24.753200073242187,1.1571029207637022,66.74955558440482,2.6053768356831064,2.0206015517745213
2022-03-09,33.7400016784668,34.119998931884766,31.38999938964844,32.45000076293945,0,-0.07628807923971881,0.09205270801126371,0.08401818140069348,29.192500114440918,25.04860008239746,1.1654343962701341,63.8681157328763,2.4970833198071745,2.115897905381052
2022-03-10,33.029998779296875,34.029998779296875,30.229999542236328,30.229999542236328,0,-0.0684129789987108,0.09201970467910568,0.09186611016652739,29.706000137329102,25.302400054931642,1.1740388292350616,53.810206082754796,2.2066870681695754,2.134055737938757
2022-03-11,30.43000030517578,31.040000915527344,28.84000015258789,30.75,0,0.01720147091094537,0.08251400782231993,0.0887833886478507,30.048000144958497,25.57840003967285,1.1747411917224364,55.36097147975607,1.9955027244213248,2.1063451352352702
2022-03-14,31.030000686645508,33.18000030517578,30.059999465942383,31.770000457763672,0,0.03317074659394059,0.0769615065610748,0.049496369948785,30.268500137329102,25.867200050354004,1.1701498453024437,55.29706609002944,1.8886716913413508,2.0628104464564863
2022-03-15,33.130001068115234,33.83000183105469,29.56999969482422,29.82999992370605,0,-0.06106391268822098,0.07831216052776582,0.051951457222724755,30.3435001373291,26.119400062561034,1.1617227066720723,47.84965600520739,1.6286909625209205,1.9759865496693731
2022-03-16,29.020000457763672,29.799999237060547,26.290000915527344,26.670000076293945,0,-0.10593361902427756,0.0792266309180842,0.05953869289884348,30.392000102996825,26.320800056457518,1.1546761510974848,43.942915270365845,1.1543620166427395,1.8116616430640464
2022-03-17,26.51000022888184,27.46999931335449,25.25,25.670000076293945,0,-0.03749531297860276,0.07863152987263064,0.057013566486372104,30.461000061035158,26.496000061035158,1.1496452291238821,46.619718584175274,0.6898095716767294,1.587291228786583
2022-03-18,26.36000061035156,26.81999969482422,23.850000381469727,23.8700008392334,0,-0.07012073360774285,0.07168580871376079,0.05175644665809722,30.249000072479248,26.578800086975097,1.1380874973096595,38.639656202518985,0.17439322042301342,1.3047116271138692
2022-03-21,25.13999938964844,25.36000061035156,22.989999771118164,23.530000686645508,0,-0.014243826587096553,0.07169399279279083,0.03460027230305472,30.038000106811523,26.657200088500975,1.1268250231489583,30.270057005961206,-0.258532915613813,0.9920627185683328
2022-03-22,24.020000457763672,24.020000457763672,22.700000762939453,22.940000534057617,0,-0.025074378893781613,0.07104319734995507,0.03737621718190194,29.744500160217285,26.74080009460449,1.1123264844352527,32.90973260848524,-0.6418393544176126,0.6652823039711437
2022-03-23,23.040000915527344,24.030000686645508,22.63999938964844,23.56999969482422,0,0.02746290959458708,0.06873326551890843,0.03554559719135856,29.37200012207031,26.824200096130372,1.0949813980215382,35.1013386805985,-0.884579914964359,0.35530986018404315
2022-03-24,23.61000061035156,23.790000915527344,21.489999771118164,21.670000076293945,0,-0.08061093097712246,0.07043270628125617,0.04391457049712898,28.9395001411438,26.88940010070801,1.076241940421044,28.147523175820083,-1.2162475041647731,0.04099838731427982
2022-03-25,21.8700008392334,22.86000061035156,20.799999237060547,20.809999465942383,0,-0.03968623014876527,0.06845627205524026,0.039262218332961916,28.600500106811523,26.953200073242186,1.061117048405866,10.860860454737463,-1.5308446953422639,-0.273370229217029
2022-03-28,22.13999938964844,23.32999992370605,19.540000915527344,19.6299991607666,0,-0.056703524048953846,0.0644797844316559,0.04053844989107849,28.07450008392334,26.93960006713867,1.0421275747953302,10.937499248933491,-1.8540095310612479,-0.5894980895858729
2022-03-29,19.700000762939453,19.729999542236328,18.670000076293945,18.899999618530277,0,-0.03718795585561385,0.057500567577665,0.04016299417391903,27.353500080108642,26.933800048828125,1.01558265192879,12.129680933327776,-2.1443066218905713,-0.9004597960468128
2022-03-30,19.3799991607666,20.51000022888184,18.71999931335449,19.32999992370605,0,0.022751339357392597,0.05718431877885726,0.03827312407189656,26.78300008773804,26.8646000289917,0.9969625476960163,16.149070309726127,-2.313008801222704,-1.1829695970819913
2022-03-31,19.68000030517578,21.479999542236328,19.540000915527344,20.559999465942383,0,0.06363163720077814,0.06023346636105601,0.05073058910849778,26.28700008392334,26.798800010681152,0.9809021326867686,19.690657769790832,-2.320704177088313,-1.4105165130832558
2022-04-01,20.6200008392334,20.86000061035156,19.40999984741211,19.6299991607666,0,-0.04523347905316466,0.05837755969484087,0.05161048023769494,25.669500064849853,26.679599990844725,0.9621396150488952,13.696166879323101,-2.3744746050074284,-1.6033081314680906
2022-04-04,20.75,20.780000686645508,18.450000762939453,18.56999969482422,0,-0.05399895625369899,0.04444223270493794,0.051016563701926955,24.77550001144409,26.473999977111816,0.9358427148471644,14.457066047131491,-2.4741012554464987,-1.7774667562637723
2022-04-05,18.790000915527344,21.56999969482422,18.549999237060547,21.030000686645508,0,0.13247178418139316,0.05767691728880765,0.07780655026243749,24.070499992370607,26.29659999847412,0.9153464704093804,31.37384538633259,-2.3277220419934075,-1.8875178134096995
2022-04-06,21.270000457763672,24.780000686645508,21.239999771118164,22.100000381469727,0,0.05087967950013872,0.0585847544450263,0.07871213964699843,23.55299997329712,26.115400009155273,0.9018816470373858,38.264300099568366,-2.101154625119751,-1.9302451757517096
2022-04-07,21.96999931335449,23.81999969482422,21.1200008392334,21.549999237060547,0,-0.02488692918169999,0.05738657193906138,0.07908403951353617,23.11899995803833,25.90720001220703,0.8923774065566735,41.69053926453133,-1.9435744937884785,-1.9329110393590636
2022-04-08,21.25,22.34000015258789,20.280000686645508,21.15999984741211,0,-0.018097420113952323,0.05687707311246703,0.07501397666064313,22.639499950408936,25.72060001373291,0.8802088574263862,41.541753031710854,-1.829076342275382,-1.9121440999423274
2022-04-11,23.09000015258789,24.420000076293945,22.09000015258789,24.3700008392334,0,0.15170137121782057,0.06755318947378708,0.08221450179547615,22.26949996948242,25.654800033569337,0.8680441843375413,54.29945945077996,-1.4624571832833553,-1.8222067166105334
2022-04-12,24.940000534057617,25.3799991607666,22.270000457763672,24.26000022888184,0,-0.004513771299279878,0.06652627075473454,0.07375492316197112,21.99099998474121,25.64340003967285,0.8575695871342717,52.141528324714756,-1.1673287491919133,-1.6912311231268093
2022-04-13,23.520000457763672,24.450000762939453,21.3700008392334,21.81999969482422,0,-0.10057710268084696,0.06612184102627598,0.09232236973437034,21.748499965667726,25.640600051879883,0.8482055771574347,50.45044921201315,-1.1174437935842185,-1.5764736572182911
2022-04-14,21.71999931335449,22.700000762939453,20.850000381469727,22.700000762939453,0,0.04033002201755176,0.06658164525472975,0.09240615046524812,21.6,25.652800064086914,0.8420133453672879,55.66886879378134,-0.9954262212945331,-1.4602641700335397
2022-04-18,24.520000457763672,24.600000381469727,21.979999542236328,22.170000076293945,0,-0.023348047085126056,0.06494134489278398,0.09288739852593943,21.51499996185303,25.609200057983397,0.8401277631921171,57.92759125505887,-0.9307637767396422,-1.3543640913747603
2022-04-19,22.549999237060547,22.920000076293945,20.36000061035156,21.3700008392334,0,-0.03608476474097866,0.06534493934352063,0.05129587389596255,21.40699996948242,25.572200088500978,0.8371199934067652,57.6755767920419,-0.9333129256802124,-1.270153858235851
2022-04-20,21.1299991607666,21.31999969482422,19.75,20.31999969482422,0,-0.04913435204370564,0.06599408941928521,0.05075440997590524,21.27599992752075,25.52140007019043,0.8336533210954832,52.96229648818524,-1.0084348524591107,-1.217810057080503
2022-04-21,20.239999771118164,23.280000686645508,19.809999465942383,22.68000030517578,0,0.1161417640647251,0.07101056665745958,0.06877113415160908,21.23149995803833,25.546200065612794,0.8311020779414316,55.94170443140876,-0.8675367708765442,-1.1477553998397114
2022-04-22,22.709999084472656,28.270000457763672,22.6200008392334,28.209999084472656,0,0.2438271033900683,0.08682818777913746,0.1270447052167334,21.558499908447267,25.711200065612793,0.8384867238180953,69.11764318392864,-0.3061205733294621,-0.9794284345376616
2022-04-25,30.040000915527344,31.600000381469727,26.799999237060547,27.020000457763672,0,-0.042183575516809735,0.08691516654757492,0.13001818082783576,21.86899995803833,25.773400077819826,0.8485104756069201,68.7195379907112,0.04229531006346221,-0.7750836856174368
2022-04-26,27.3799991607666,33.810001373291016,27.059999465942383,33.52000045776367,0,0.2405625421864992,0.0983987550721859,0.1441742582246043,22.563500022888185,25.896600074768067,0.8712919826441837,73.46861816869462,0.8333072379631723,-0.453405500901315
2022-04-27,31.11000061035156,32.77000045776367,29.81999969482422,31.600000381469727,0,-0.05727923777069188,0.09923433050188062,0.14633635901876074,23.198500061035155,25.96200008392334,0.8935559658749308,67.29788601057862,1.29038714988436,-0.10464697074417989
2022-04-28,29.90999984741211,32.0,28.0,29.989999771118164,0,-0.050949385788478296,0.10088595896202984,0.16021080732257784,23.73150005340576,26.047800064086914,0.9110750234191668,64.7966336503219,1.5053598282004437,0.21735438904474494
2022-04-29,28.96999931335449,34.34000015258789,28.540000915527344,33.400001525878906,0,0.11370462756871169,0.10246071462046555,0.13242348191959913,24.37350015640259,26.230000076293944,0.9292222678424917,69.40393126627731,1.9286535500164597,0.5596142212390881
2022-05-02,33.349998474121094,36.63999938964844,31.739999771118164,32.34000015258789,0,-0.031736566612720285,0.10198825488369631,0.13086058611675525,25.00900020599365,26.31460006713867,0.9503849628033894,63.559030158492924,2.1537564584130138,0.8784426686738733
2022-05-03,31.76000022888184,32.81999969482422,29.059999465942383,29.25,0,-0.09554731410044925,0.10418538456873049,0.08058312548095661,25.54300022125244,26.34460006713867,0.9695725179413098,57.7077526315898,2.059079164119396,1.114569967762978
2022-05-04,29.1200008392334,29.420000076293945,24.940000534057617,25.420000076293945,0,-0.13094016833183098,0.1068671837255264,0.09376139650064186,25.762500190734862,26.276800079345705,0.980427605832603,55.331753480868464,1.6559094477347998,1.2228378637573423
2022-05-05,25.96999931335449,33.20000076293945,25.780000686645508,31.200000762939453,0,0.2273800420652159,0.11684338097486922,0.15044855927042314,26.21750020980835,26.28040008544922,0.997606586070366,60.993273661185455,1.782247651237281,1.3347198212533302
2022-05-06,32.22999954223633,35.34000015258789,29.82999992370605,30.190000534057617,0,-0.032371801416157364,0.11701810005808622,0.14074107071606512,26.6495002746582,26.277800102233886,1.0141450262570768,60.245273123627655,1.780350240837116,1.4238459051700876
2022-05-09,31.899999618530277,35.47999954223633,31.899999618530277,34.75,0,0.15104337148978209,0.11996319705422934,0.15730481383256162,27.3290002822876,26.42100009918213,1.0343666091252002,65.59440336827961,2.122335415261599,1.56354380718839
2022-05-10,33.65999984741211,34.84000015258789,32.2400016784668,32.9900016784668,0,-0.0506474337131857,0.11780565720694501,0.14988706184055567,27.76000032424927,26.47780014038086,1.048425480102969,64.52648682219365,2.22568763264837,1.6959725722803862
2022-05-11,32.869998931884766,34.38999938964844,30.690000534057617,32.560001373291016,0,-0.01303426139127628,0.11791959198432353,0.12485213016810526,28.175000381469726,26.462600173950197,1.0647102021820674,61.85220848821389,2.246995611867302,1.8061771801977695
2022-05-12,33.7400016784668,34.7599983215332,31.700000762939453,31.770000457763672,0,-0.02426292635771765,0.11497793066436922,0.08215374098439013,28.6725004196167,26.483200187683106,1.0826675105885353,54.818626337312566,2.1750630939270543,1.8799543629436264
2022-05-13,31.09000015258789,31.200000762939453,28.780000686645508,28.8700008392334,0,-0.09128106946002879,0.11777300763872728,0.09261645263428679,28.981000423431396,26.451000213623047,1.0956485648699714,52.39327324338512,1.8625796633625988,1.876479423027421
2022-05-16,30.01000022888184,30.229999542236328,27.36000061035156,27.46999931335449,0,-0.04849329702742344,0.11837250103419229,0.030151244215551713,29.246000385284425,26.36080020904541,1.1094504018602966,40.983606184584126,1.4848494503048073,1.7981534284828984
2022-05-17,27.06999969482422,27.170000076293945,25.51000022888184,26.100000381469727,0,-0.04987255064177376,0.11873712618775052,0.030120429211474273,29.48250036239624,26.153800201416015,1.1272740533056456,41.66666762997395,1.062697950347868,1.6510623328558924
2022-05-18,26.739999771118164,31.489999771118164,26.209999084472656,30.959999084472656,0,0.18620684413680677,0.12348328079021664,0.10986274615412538,30.01450033187866,26.070400161743166,1.1512865220965514,51.337930016988295,1.1075341594491022,1.5423566981745345
2022-05-19,31.239999771118164,33.11000061035156,29.059999465942383,29.350000381469727,0,-0.05200254362444057,0.12288989243385709,0.11172911595149325,30.34800033569336,26.00840015411377,1.166853791692881,44.12191396379116,1.0016078266313215,1.434206923865892
2022-05-20,28.780000686645508,32.90999984741211,28.059999465942383,29.43000030517578,0,0.002725721385562929,0.11098600959920953,0.10237933746756472,30.409000396728516,25.99240016937256,1.1699189070103706,45.65282331499384,0.9135845361252137,1.3300824463177565
2022-05-23,28.979999542236328,30.38999938964844,28.290000915527344,28.479999542236328,0,-0.03228001199756625,0.11077432456824896,0.10039153273233085,30.48200035095215,25.947000160217286,1.1747793641936326,48.77114505822558,0.7584256632021749,1.2157510896946402
2022-05-24,29.43000030517578,31.06999969482422,29.040000915527344,29.450000762939453,0,0.03405903217324835,0.09668960477205508,0.094523357008226,30.278500366210938,25.9006001663208,1.1690269789803107,57.07762694738659,0.7055984309316443,1.113720557942041
2022-05-25,29.32999992370605,30.229999542236328,28.15999984741211,28.3700008392334,0,-0.03667232243556173,0.09618112129227416,0.034790976591695166,30.117000389099122,25.871400184631348,1.164103998012053,44.04711801369327,0.5700147259120065,1.004979391536034
2022-05-26,28.420000076293945,28.459999084472656,27.11000061035156,27.5,0,-0.030666225361201227,0.09573538421919886,0.030434789196437655,29.992500400543214,25.88800018310547,1.158548369453286,44.30808161321503,0.3878905057337043,0.8815616143755681
2022-05-27,27.5,27.540000915527344,25.56999969482422,25.71999931335449,0,-0.06472729769620045,0.0928284583918496,0.03633863355529697,29.608500289916993,25.889000167846678,1.1436710609894396,28.345322490567312,0.09878582824640958,0.7250064571497364
2022-05-31,27.46999931335449,28.350000381469727,25.940000534057617,26.190000534057617,0,0.018273764900883727,0.09286175160368637,0.040918748856647515,29.301000308990478,25.935400161743164,1.1297685837217908,32.61758690209483,-0.09135347500801672,0.5617344707181858
2022-06-01,26.049999237060547,27.729999542236328,25.3799991607666,25.690000534057617,0,-0.019091255815355868,0.0905548434271116,0.030173291132557033,29.12300033569336,25.978600158691407,1.1210380912672064,32.501274075657506,-0.279167989238605,0.3935539787268276
2022-06-02,25.729999542236328,26.5,24.32999992370605,24.71999931335449,0,-0.03775792917626386,0.08589391223629701,0.030267856908157045,29.088000297546387,26.014200134277345,1.1181585498459696,32.20595664590536,-0.5005137260937182,0.21474043776271845
2022-06-03,24.90999984741211,25.959999084472656,24.76000022888184,24.790000915527344,0,0.0028317801018318267,0.06758347076850056,0.03279797223027963,28.76750030517578,26.038600158691406,1.1048021064824216,37.98586967376149,-0.6626447171761711,0.03926340677494048
2022-06-06,25.3700008392334,25.809999465942383,24.81999969482422,25.06999969482422,0,0.011294827307630095,0.06750762433626623,0.023130666668350775,28.51150026321411,26.10660015106201,1.0921184718897328,42.43379811619889,-0.7597828307336023,-0.12054584072676812
2022-06-07,25.540000915527344,26.239999771118164,23.8799991607666,24.020000457763672,0,-0.041882698438058696,0.05660685454789432,0.02370801156309522,27.975000286102294,26.17080017089844,1.0689394326280517,43.307594768759806,-0.9109903194602538,-0.2786347364734653
2022-06-08,24.3700008392334,24.780000686645508,23.739999771118164,23.959999084472656,0,-0.0024979755265417403,0.0561161983822701,0.024477169544521532,27.523500156402587,26.25740016937256,1.048218787041485,17.41156229177237,-1.0238625034321522,-0.42768028986520273
2022-06-09,24.290000915527344,26.239999771118164,23.81999969482422,26.09000015258789,0,0.08889821158196898,0.06069431297110462,0.04772592923643765,27.200000095367432,26.40120018005371,1.0302561970617239,35.523987771972756,-0.9307125623247927,-0.5282867443571208
2022-06-10,26.26000022888184,29.6299991607666,26.049999237060547,27.75,0,0.06362590408982616,0.06270683556544634,0.052407110936309204,26.999000072479248,26.569600181579588,1.0161613230144637,43.457946701818905,-0.714703788018916,-0.5655701530894798
2022-06-13,31.3700008392334,35.04999923706055,31.290000915527344,34.02000045776367,0,0.2259459624419342,0.07798408911743566,0.10300482992895613,27.256500053405762,26.838800201416017,1.015563283338117,65.25330020541799,-0.03715039513123841,-0.4598862014978315
2022-06-14,33.0099983215332,34.0,32.060001373291016,32.689998626708984,0,-0.03909470350260291,0.07763491212994522,0.10227424524094625,27.517500019073488,27.100000190734864,1.0154058976162428,58.74729062892836,0.3880226343704827,-0.29030443432416864
2022-06-15,32.38999938964844,32.77000045776367,27.76000022888184,29.6200008392334,0,-0.09391244773461938,0.08005025152934607,0.12379444618483487,27.69350004196167,27.321000213623048,1.0136341944081857,53.04729311876055,0.4718133880063107,-0.13788086985807274
2022-06-16,30.350000381469727,34.81999969482422,30.350000381469727,32.95000076293945,0,0.11242403205118334,0.07283689717262175,0.12611101363426303,27.79300012588501,27.559400215148926,1.0084762334779578,61.863299016565605,0.7977256431675528,0.04924043274705243
2022-06-17,32.84000015258789,33.310001373291016,30.46999931335449,31.1299991607666,0,-0.05523525220126546,0.07297461721278045,0.1347051956816121,27.882000064849855,27.740000190734865,1.0051189572148027,61.7557549940442,0.8987937991100949,0.219151106019661
2022-06-21,30.6299991607666,30.649999618530277,29.32999992370605,30.190000534057617,0,-0.030195909156774836,0.0734060807015281,0.0785843927631235,27.920000076293945,27.912800216674803,1.0002579411439645,58.51788634608267,0.892749941958833,0.35387087320749544
2022-06-22,31.450000762939453,31.56999969482422,28.780000686645508,28.950000762939453,0,-0.041073194739407515,0.07365861220720636,0.07870190025090312,27.943500137329103,28.06860023498535,0.9955430589124883,56.72997483040388,0.7789235770706853,0.4388814139801335
2022-06-23,29.290000915527344,29.770000457763672,28.739999771118164,29.049999237060547,0,0.003454178635086791,0.07330141656294772,0.06759852934988968,27.923500061035156,28.162200202941893,0.9915240947018834,59.27194829329059,0.6888438409534956,0.48887389937480596
2022-06-24,29.06999969482422,29.71999931335449,26.82999992370605,27.229999542236328,0,-0.06265059354983915,0.07424125816362682,0.02593167123869986,27.866499996185304,28.221600189208985,0.9874174323694281,54.860555328767646,0.4652333160215356,0.484145782704152
2022-06-27,28.299999237060547,28.65999984741211,26.93000030517578,26.950000762939453,0,-0.01028273169313021,0.07393163092516587,0.025882180381382403,27.839000034332276,28.324200210571288,0.9828697660434583,53.745022275705665,0.26240199567769196,0.43979702529885994
2022-06-28,26.899999618530277,28.68000030517578,26.46999931335449,28.36000061035156,0,0.052319102318953536,0.07304746827156741,0.04412719275367316,27.971000099182127,28.43740020751953,0.9835990595155012,58.5231742118065,0.21297685223117213,0.3944329906853224
2022-06-29,28.799999237060547,29.36000061035156,27.850000381469727,28.15999984741211,0,-0.007052212927895596,0.07306618302471936,0.040965040851920057,28.069500064849855,28.557200202941896,0.9829219904393218,58.20312697906059,0.15587188579521438,0.3467207697073008
2022-06-30,29.420000076293945,30.21999931335449,28.280000686645508,28.709999084472656,0,0.019531223012811516,0.07287818021754784,0.042385392391277456,28.220499992370605,28.70400016784668,0.9831556517332495,55.45378704838632,0.15322979270297665,0.308022574306436
2022-07-01,29.530000686645508,29.59000015258789,26.690000534057617,26.700000762939453,0,-0.07001039309054802,0.07428570370022995,0.045076771948126336,28.319500064849855,28.831600189208984,0.9822382344025845,47.84571307459965,-0.01092817816342162,0.24423242381246446
2022-07-05,27.3700008392334,29.81999969482422,27.299999237060547,27.540000915527344,0,0.031460678973232126,0.07449046171375916,0.04722797006712651,28.457000064849854,28.928800201416017,0.983690988451603,32.89334393553602,-0.07240887617808411,0.18090416381435476
2022-07-06,27.84000015258789,28.06999969482422,26.43000030517578,26.729999542236328,0,-0.029411813593453018,0.07494334723266673,0.040533395700773085,28.54000005722046,28.89920021057129,0.9875705849735096,33.821930208414656,-0.1843678360113259,0.10784976384921863
2022-07-07,26.729999542236328,26.790000915527344,25.65999984741211,26.07999992370605,0,-0.024317232684692214,0.07445749869893681,0.04083699266527687,28.643000030517577,28.880400199890136,0.9917798864375341,38.9374945014702,-0.3218357332447823,0.02191266443041841
2022-07-08,26.40999984741211,26.61000061035156,24.43000030517578,24.63999938964844,0,-0.055214744565573626,0.07571880232321293,0.0388761278381436,28.677000045776367,28.70280017852783,0.9991011283710652,20.552787879263036,-0.540742695523516,-0.0906184075603685
2022-07-11,26.420000076293945,26.739999771118164,25.790000915527344,26.170000076293945,0,0.062094185249382594,0.0743613460745383,0.048226416393068496,28.68100004196167,28.594200172424316,1.0030355760613672,32.054990726860126,-0.5840373525562299,-0.18930219655954084
2022-07-12,27.13999938964844,27.75,25.81999969482422,27.290000915527344,0,0.04279712785511025,0.07360398437173392,0.05047040737156018,28.65800008773804,28.5402001953125,1.0041275075724552,39.642857094200274,-0.5219571752777021,-0.25583319230317314
2022-07-13,27.350000381469727,29.059999465942383,26.229999542236328,26.81999969482422,0,-0.01722246994999932,0.051293626190999496,0.04901696025648737,28.298000049591064,28.408600158691407,0.9961068089070729,41.95010906343844,-0.5048636046993025,-0.30563927478239905
2022-07-14,27.46999931335449,28.450000762939453,26.200000762939453,26.399999618530277,0,-0.01565995828012612,0.05087390395137648,0.048014032184988543,27.98350009918213,28.289800148010254,0.9891727743842097,40.2214044475425,-0.5192220542958061,-0.3483558306850805
2022-07-15,26.71999931335449,26.71999931335449,24.1299991607666,24.229999542236328,0,-0.08219697377460633,0.04990796609634994,0.056931346430505014,27.714000034332276,28.18940013885498,0.9831355012103491,39.20863427815232,-0.6976599105866512,-0.41821664666539476
2022-07-18,24.82999992370605,25.90999984741211,24.3799991607666,25.299999237060547,0,0.04416012030702099,0.043041462914806115,0.05225353943285825,27.33149995803833,28.187000122070312,0.9696491233431354,44.38393038918734,-0.7441550085426556,-0.48340431904084696
2022-07-19,25.1200008392334,25.40999984741211,24.229999542236328,24.5,0,-0.031620524157513485,0.042113689088587876,0.04512560713934581,27.0,28.053000106811524,0.9624639039388929,36.292613251519654,-0.8359199958401646,-0.5539074544007105
2022-07-20,24.229999542236328,24.729999542236328,23.399999618530277,23.8799991607666,0,-0.02530615670340397,0.0420107850181892,0.045123277552378833,26.68449993133545,27.926800079345703,0.9555158434020142,35.24137888396969,-0.9477482437660569,-0.6326756122737799
2022-07-21,24.06999969482422,24.670000076293945,22.920000076293945,23.11000061035156,0,-0.03224449654420858,0.04172144254578173,0.045138810274568585,26.392499923706055,27.694000091552734,0.9530042549453278,30.978267630015836,-1.085986803926108,-0.7233378506042456
2022-07-22,23.299999237060547,23.809999465942383,22.40999984741211,23.030000686645508,0,-0.003461701496892955,0.04162940509095968,0.032296070233485796,26.091499996185302,27.49480007171631,0.9489612555148357,35.65285666032126,-1.1882992104562504,-0.8163301225746467
2022-07-25,24.32999992370605,24.56999969482422,23.190000534057617,23.36000061035156,0,0.01432913216964904,0.04010556362533594,0.02043880334074175,25.898000049591065,27.31080005645752,0.9482695488983889,32.98045837864835,-1.2285918517388517,-0.8987824684074878
2022-07-26,23.950000762939453,25.309999465942383,23.81999969482422,24.690000534057617,0,0.05693492675324219,0.0425463052160317,0.03577003958328954,25.785000038146972,27.1692000579834,0.9490526030622056,42.03125458676327,-1.1400622536818474,-0.9470384254623597
2022-07-27,24.270000457763672,24.40999984741211,23.020000457763672,23.239999771118164,0,-0.058728259683077266,0.042121605076130185,0.04427255317083096,25.528999996185302,27.056600036621095,0.943540576481591,39.55882472562935,-1.1733788715790006,-0.992306514685688
2022-07-28,23.32999992370605,23.540000915527344,22.21999931335449,22.32999992370605,0,-0.03915662032591871,0.04264961125274194,0.04544268659021416,25.2375,26.953800048828125,0.936324375571572,41.162971756796274,-1.258702376316723,-1.045585687011895
2022-07-29,22.1299991607666,22.15999984741211,21.209999084472656,21.32999992370605,0,-0.04478280355650055,0.042677835903987445,0.04851536685897355,24.86850004196167,26.85840003967285,0.9259114468928947,30.70175518649731,-1.3909791691873998,-1.114664383446996
2022-08-01,22.40999984741211,23.270000457763672,22.26000022888184,22.84000015258789,0,0.07079232228236587,0.04450515941528425,0.06163652398714228,24.675500011444093,26.696000061035157,0.9243145023609683,32.791954145746814,-1.3583073599395235,-1.1633929787455015
2022-08-02,24.07999992370605,24.68000030517578,22.670000076293945,23.93000030517578,0,0.04772329883125637,0.045381650737860026,0.05949821555404653,24.494999980926515,26.587600059509278,0.9212941343370957,39.335795009700036,-1.2302789233144935,-1.1767701676592999
2022-08-03,23.86000061035156,23.920000076293945,21.68000030517578,21.950000762939453,0,-0.08274130869142016,0.04830096256397731,0.06559335928043686,24.25600004196167,26.43800006866455,0.9174672811469926,35.2746550709285,-1.2739001524241083,-1.1961961646122616
2022-08-04,22.059999465942383,22.65999984741211,21.440000534057617,21.440000534057617,0,-0.02323463376561352,0.04828313232385061,0.06417284119738015,24.024000072479247,26.297200088500976,0.9135573365844475,39.62825559267993,-1.3342427273646749,-1.2238054771627445
2022-08-05,21.5,22.57999992370605,20.76000022888184,21.149999618530277,0,-0.013526161767891343,0.04705063077177852,0.06094628975180567,23.84950008392334,26.13120006561279,0.9126829240157232,33.62273246432305,-1.3894486043845156,-1.2569341026070988
2022-08-08,21.739999771118164,22.01000022888184,20.82999992370605,21.290000915527344,0,0.006619446785918859,0.04434834027703532,0.047542379375186385,23.60550012588501,25.98960006713867,0.9082671555124033,36.63614274143599,-1.4056987053731191,-1.286687023160303
2022-08-09,21.40999984741211,22.229999542236328,21.40999984741211,21.770000457763672,0,0.02254577367755073,0.043314761385236225,0.04027687889871516,23.329500102996825,25.875000076293944,0.9016231897278623,41.1120532694958,-1.364120345737092,-1.3021736876756609
2022-08-10,22.280000686645508,22.34000015258789,19.540000915527344,19.739999771118164,0,-0.09324761800459969,0.04711949568068607,0.04454262730940568,22.975500106811523,25.755400085449217,0.8920653544726634,37.16679331478089,-1.477936553552528,-1.3373262608510343
2022-08-11,19.84000015258789,20.850000381469727,19.709999084472656,20.200000762939453,0,0.023302988710988792,0.0478530979668181,0.048434013320813,22.665500164031982,25.635600090026855,0.8841415876529317,39.526280249149636,-1.513570978521308,-1.3725752043850892
2022-08-12,20.34000015258789,20.350000381469727,19.1200008392334,19.530000686645508,0,-0.033168319355867615,0.04526389068909192,0.04948929339004962,22.43050022125244,25.512400093078615,0.8791999239357227,36.173289663096256,-1.5776883149559495,-1.4135978264992615
2022-08-15,20.739999771118164,21.15999984741211,19.809999465942383,19.950000762939453,0,0.021505379494489052,0.044112858318123595,0.051505871209519945,22.163000297546386,25.417000122070313,0.8719754570210516,31.684705648594857,-1.5764390617464663,-1.4461660735487025
2022-08-16,20.229999542236328,20.38999938964844,19.5,19.690000534057617,0,-0.013032592428007916,0.043847750676690445,0.04790423449705269,21.922500324249267,25.315000114440917,0.8659885532350283,34.89362517218889,-1.5782359435957538,-1.472580047558113
2022-08-17,19.739999771118164,20.6299991607666,19.40999984741211,19.899999618530277,0,0.010665265554941294,0.04392213146510007,0.024351836271318497,21.723500347137453,25.21160011291504,0.8616470295357909,39.0045265426908,-1.5449060984929979,-1.48704525774509
2022-08-18,20.51000022888184,20.61000061035156,19.43000030517578,19.559999465942383,0,-0.017085435130928195,0.043614087459149395,0.022048184868289054,21.546000289916993,25.122400093078614,0.8576409980769735,41.482194841752545,-1.5283097237785626,-1.4952981509517849
2022-08-19,20.15999984741211,21.270000457763672,20.07999992370605,20.600000381469727,0,0.05316978240915504,0.04567216285695742,0.028526798220570835,21.424500274658204,25.055200119018554,0.8550919638592546,38.70968300147339,-1.4149271950710123,-1.4792239597756305
2022-08-22,22.40999984741211,24.6200008392334,22.38999938964844,23.799999237060547,0,0.1553397473948257,0.057969465883485435,0.07138711200261341,21.44650020599365,25.009400100708007,0.8575375706587424,49.45967980015177,-1.0546996391410843,-1.3943190956487215
2022-08-23,24.1299991607666,24.209999084472656,23.06999969482422,24.11000061035156,0,0.013025268202878193,0.056614800636594874,0.06759792859966596,21.41750020980835,24.936600112915038,0.858878119423983,60.42470523559611,-0.7357212491426779,-1.262599526347513
2022-08-24,24.3700008392334,24.86000061035156,22.729999542236328,22.81999969482422,0,-0.05350480642350053,0.05633954508363831,0.0801949890476133,21.396500205993654,24.71260009765625,0.8658133956541022,56.193889261854714,-0.5803311733268153,-1.1261458557433734
2022-08-25,22.40999984741211,23.1299991607666,21.770000457763672,21.780000686645508,0,-0.04557401499065716,0.0565953440918522,0.08524638175021346,21.369000244140626,24.49440013885498,0.8724034931659096,52.64928889121313,-0.5349362351112426,-1.0079039316169474
2022-08-26,22.06999969482422,25.899999618530277,21.670000076293945,25.559999465942383,0,0.17355365748976292,0.06746727895491839,0.1090487083843282,21.580500221252443,24.41320011138916,0.8839685138690517,63.74758004385305,-0.1917358967350573,-0.8446703246405693
2022-08-29,26.86000061035156,27.670000076293945,25.46999931335449,26.209999084472656,0,0.02543034554427015,0.06610568010191036,0.09127750266040753,21.74900016784668,24.278400077819825,0.8958168618250943,64.14012232785936,0.13119010314881052,-0.6494982390826933
2022-08-30,25.75,27.690000534057617,25.1299991607666,26.209999084472656,0,0.0,0.065488539486052,0.09180294193605637,21.863000106811523,24.180000076293947,0.9041770073543545,73.66495712232859,0.38269976000200145,-0.44305863926575434
2022-08-31,25.86000061035156,26.6200008392334,25.309999465942383,25.8700008392334,0,-0.01297208153817453,0.06226331708742307,0.08524711010888264,22.059000110626222,24.09360008239746,0.9155543395419061,70.9225136298034,0.5482678674889456,-0.2447933379148143
2022-09-01,26.8799991607666,27.450000762939453,25.25,25.559999465942383,0,-0.011983044578061208,0.06199757526383852,0.07909208677091811,22.26500005722046,24.02580005645752,0.9267121180106631,72.85822368126134,0.6470089490752855,-0.0664328805167943
2022-09-02,25.51000022888184,26.280000686645508,23.190000534057617,25.46999931335449,0,-0.003521132803927296,0.06183320263034167,0.015565294647532677,22.48100004196167,23.9542000579834,0.9384993023162657,71.46189388466293,0.7098173746236718,0.08881717051129896
2022-09-06,25.459999084472656,27.799999237060547,25.32999992370605,26.90999984741211,0,0.05653712496578667,0.06264691008629851,0.028996683826631918,22.761999988555907,23.947800064086913,0.950483966278419,75.71225008331064,0.8658090056234542,0.2442155375337301
2022-09-07,26.93000030517578,27.149999618530277,24.540000915527344,24.63999938964844,0,-0.08435527575753476,0.0662932291143561,0.050006783458796784,22.905499935150146,23.901600036621094,0.958324961511164,64.72049583481271,0.7970752440424427,0.3547874788354727
2022-09-08,24.700000762939453,25.899999618530277,23.559999465942383,23.61000061035156,0,-0.04180189954589031,0.06306923991550112,0.051880687056412314,23.098999977111816,23.806600036621095,0.9702771475800495,62.06075456715735,0.6519753829847161,0.4142250596653214
2022-09-09,23.489999771118164,23.56999969482422,22.63999938964844,22.790000915527344,0,-0.0347310323433323,0.06379345049806358,0.0523235555517395,23.228499984741212,23.699200057983397,0.9801385670364168,56.608330798067236,0.4654501556972761,0.4244700788717124
2022-09-12,23.57999992370605,24.229999542236328,23.15999984741211,23.8700008392334,0,0.047389200540585596,0.06360852688788242,0.06095635238694536,23.445499992370607,23.602400093078614,0.9933523667046887,50.242220095905985,0.4001617218993694,0.41960840747724376
2022-09-13,23.670000076293945,28.149999618530277,23.530000686645508,27.270000457763672,0,0.14243818596528657,0.06999658191186188,0.09005044960431549,23.811499977111815,23.613800086975097,1.008372218338791,59.007982809936045,0.6156746083290727,0.4588216476476096
2022-09-14,26.729999542236328,27.559999465942383,26.15999984741211,26.15999984741211,0,-0.04070409210556314,0.07090875113147611,0.08076349350182242,24.13499994277954,23.586200065612793,1.0232678377882016,59.61981788333045,0.6889604437849357,0.5048494068750748
2022-09-15,26.100000381469727,26.93000030517578,25.420000076293945,26.270000457763672,0,0.004204916322369412,0.07095174673611998,0.07516991427442692,24.45349998474121,23.57700008392334,1.0371760570767243,63.66402985076359,0.7473016975315616,0.5533398650063722
2022-09-16,27.46999931335449,28.450000762939453,26.13999938964844,26.299999237060547,0,0.001141940570009048,0.07061739417429233,0.06971007116005894,24.79049997329712,23.58140007019043,1.0512734570257825,52.917980538723775,0.7868874633734677,0.6000493846797914
2022-09-19,27.690000534057617,27.950000762939453,25.559999465942383,25.76000022888184,0,-0.02053228227542192,0.07056204845811147,0.07226320899528267,25.048499965667723,23.6038000869751,1.0612062410869947,48.21002810342902,0.7658577298236828,0.6332110537085698
2022-09-20,25.649999618530277,27.809999465942383,25.61000061035156,27.15999984741211,0,0.054347810795459806,0.06309343861560816,0.03553375946009965,25.216499996185302,23.62360008239746,1.0674283304928935,53.400146525907864,0.8523346006879642,0.6770357631044487
2022-09-21,28.030000686645508,30.18000030517578,25.549999237060547,27.989999771118164,0,0.030559643901659994,0.06328234983422569,0.028965082704447434,25.41049995422363,23.63760005950928,1.0750033797953666,57.33056385239073,0.9765847401429362,0.7369455585121463
2022-09-22,28.15999984741211,28.3799991607666,26.709999084472656,27.350000381469727,0,-0.02286528741986016,0.06204069913396034,0.033426938018718336,25.636999988555907,23.648200073242187,1.084099420216088,56.05139035296661,1.0117484623064392,0.791906139271005
2022-09-23,27.68000030517578,32.310001373291016,27.57999992370605,29.920000076293945,0,0.09396708076704297,0.063199439863398,0.04997745235347942,26.04399995803833,23.71860008239746,1.0980411941498454,62.88361791525319,1.2327827107418123,0.8800814535651665
2022-09-26,31.739999771118164,32.880001068115234,29.82999992370605,32.2599983215332,0,0.07820849730188573,0.05371741558518928,0.04578533775548884,26.37899990081787,23.879200057983397,1.1046852422511837,64.72206972059486,1.5785754125750309,1.0197802453671394
2022-09-27,31.200000762939453,34.13999938964844,30.299999237060547,32.599998474121094,0,0.010539372916239298,0.0536397524447443,0.048122323379450334,26.698499870300292,24.02520004272461,1.1112706584262229,74.50739532422237,1.8586286764676139,1.1875499315872344
2022-09-28,34.5,34.880001068115234,30.030000686645508,30.18000030517578,0,-0.07423307614159502,0.056998343043482814,0.0700442550345615,26.89699993133545,24.138800048828124,1.1142641671055737,68.6330179805812,1.863814386251434,1.3228028225200745
2022-09-29,31.670000076293945,33.459999084472656,31.15999984741211,31.84000015258789,0,0.05500330784050478,0.05766818639092085,0.06754237961265222,27.195499897003174,24.29800006866455,1.1192484904169264,74.49919430756923,1.9790588545508108,1.454054028926222
2022-09-30,31.61000061035156,33.25,29.38999938964844,31.6200008392334,0,-0.0069095261400811125,0.05756829780034147,0.05921852686838076,27.498499965667726,24.468200073242187,1.1238464571711346,72.00455164400304,2.029246924608362,1.5690926080626502
2022-10-03,33.0,33.060001373291016,29.6299991607666,30.100000381469727,0,-0.048070854440891986,0.059052742788937615,0.05048451966704399,27.730000019073486,24.609600067138672,1.126796044772036,58.99555319619253,1.9241891432693627,1.6401119151039927
2022-10-04,29.520000457763672,29.6200008392334,28.559999465942383,29.06999969482422,0,-0.03421929148145797,0.058775362493546465,0.049279897694148034,27.83800001144409,24.723800048828124,1.1259595999185237,59.297127739026834,1.7377855373793984,1.659646639559074
2022-10-05,29.36000061035156,30.11000061035156,28.5,28.549999237060547,0,-0.01788787283187543,0.055199440493173116,0.03978785878129859,28.033500003814698,24.801000022888182,1.1303374855023316,57.09838003568145,1.5304574844260088,1.6338088085324614
2022-10-06,28.600000381469727,30.739999771118164,28.559999465942383,30.520000457763672,0,0.06900179591409161,0.05541429501374241,0.04560873679020661,28.378999996185303,24.946600036621092,1.137589890186459,61.72222809732821,1.5077309592972412,1.6085932386854174
2022-10-07,30.3700008392334,32.02000045776367,29.8799991607666,31.36000061035156,0,0.027522940366608184,0.05424948562787959,0.04826446348465736,28.807499980926515,25.127200050354006,1.146466773981873,65.30054972297059,1.5397517172028294,1.5948249343889
2022-10-10,32.93000030517578,33.9900016784668,32.04999923706055,32.45000076293945,0,0.034757657250430674,0.053955256966609924,0.04172543391906307,29.236499977111816,25.34960006713867,1.1533318040394582,64.70261685294861,1.634243756597943,1.6027086988307089
2022-10-11,33.560001373291016,34.43000030517578,32.45000076293945,33.630001068115234,0,0.036363644913174786,0.04550898728999656,0.031159444216934482,29.554500007629393,25.56540008544922,1.156035106387817,65.37623183377653,1.7837831991967654,1.6389235989039206
2022-10-12,33.540000915527344,34.529998779296875,33.11000061035156,33.56999969482422,0,-0.0017841620988797713,0.04396469285692479,0.025250348136875676,29.925,25.758200073242186,1.1617659586038513,67.51125910246145,1.8758292831447427,1.6863047357520855
2022-10-13,33.599998474121094,33.869998931884766,31.6299991607666,31.940000534057617,0,-0.04855523311243615,0.046080935208049914,0.035993207336355214,30.2085000038147,25.95800006866455,1.1637452779068747,56.00475771228836,1.7965397659129785,1.7083517417842642
2022-10-14,31.88999938964844,32.97999954223633,31.13999938964844,32.02000045776367,0,0.0025046938750283854,0.04606688033472452,0.034601385961032675,30.494500064849852,26.16960006713867,1.1652642755951774,49.17583158951556,1.7203267219283127,1.710746737813074
2022-10-17,32.27000045776367,32.59000015258789,30.700000762939453,31.3700008392334,0,-0.02029980041342172,0.046058563877161576,0.03122333457438686,30.77500009536743,26.374000091552734,1.166868885589497,45.86416420487874,1.5891589632321725,1.6864291828968936
2022-10-18,31.100000381469727,31.93000030517578,30.420000076293945,30.5,0,-0.02773352935793738,0.04563816814236628,0.020677052849636897,30.942000102996825,26.558200073242187,1.1650638980678283,51.20119973915725,1.3988803507167837,1.6289194164608716
2022-10-19,30.940000534057617,31.899999618530277,30.76000022888184,30.76000022888184,0,0.008524597668257083,0.04529894583415473,0.023204017348429275,31.08050012588501,26.73800006866455,1.162409306831801,45.469800456515436,1.2546007682782978,1.554055686824357
2022-10-20,31.299999237060547,31.31999969482422,29.76000022888184,29.979999542236328,0,-0.02535762941617714,0.0453849872908403,0.01677339154449223,31.21200008392334,26.942800064086914,1.1584542070490664,43.42948475474305,1.0650414877376448,1.4562528470070146
2022-10-21,30.209999084472656,30.440000534057617,29.239999771118164,29.690000534057617,0,-0.009673082475206707,0.04040374728835895,0.014826087353520681,31.200500106811525,27.132600059509276,1.1499266579089442,48.17777907383251,0.881255332955206,1.341253344196653
2022-10-24,30.649999618530277,30.950000762939453,29.780000686645508,29.850000381469727,0,0.005389014635704514,0.03607026806186751,0.01680892619492657,31.08000020980835,27.339000053405762,1.1368374903652174,53.75722766404434,0.7399840561191589,1.2209994865811542
2022-10-25,29.799999237060547,30.0,28.21999931335449,28.459999084472656,0,-0.04656620700949654,0.03716439072647306,0.022860958943155738,30.87300024032593,27.509200019836427,1.122279100012502,49.599999457465465,0.5099852707336723,1.0787966434116578
2022-10-26,28.440000534057617,28.520000457763672,27.270000457763672,27.280000686645508,0,-0.041461645670640146,0.034639502809922784,0.021701811407539715,30.728000259399415,27.661000022888185,1.1108781401241254,34.512430860897965,0.22984406787582756,0.9090061283044918
2022-10-27,27.51000022888184,27.670000076293945,26.940000534057617,27.38999938964844,0,0.004032210419143478,0.031791307700760725,0.024837909423217116,30.50550022125244,27.810800018310548,1.0968940196314996,29.599170567943034,0.01651573917688154,0.7305080504789697
2022-10-28,27.43000030517578,27.59000015258789,25.75,25.75,0,-0.05987584615530328,0.033916613202064766,0.0303414639582214,30.212000179290772,27.9346000289917,1.0815261413421167,17.412443781449028,-0.28163621597717636,0.5280791971877405
2022-10-31,26.90999984741211,27.06999969482422,25.84000015258789,25.8799991607666,0,0.005048511097732078,0.03281307618770488,0.030248880262881712,30.001000118255615,28.04020000457764,1.0699281785920882,8.017313687844094,-0.5016512196865541,0.32213311381288157
2022-11-01,25.959999084472656,26.350000381469727,25.65999984741211,25.809999465942383,0,-0.0027047796404234825,0.03218859781195534,0.029789712313316966,29.838000106811524,28.080400009155273,1.0625917044302506,8.008638393995312,-0.6738948453173528,0.12292752198683465
2022-11-02,26.040000915527344,26.6200008392334,25.38999938964844,25.86000061035156,0,0.0019372780102207,0.03209012296901781,0.02786660694913434,29.703500175476073,28.115400009155273,1.0564850639081664,10.313305752301105,-0.7971751462397023,-0.06109301165847279
2022-11-03,25.979999542236328,26.8700008392334,25.100000381469727,25.299999237060547,0,-0.021655118332319256,0.027199359808380504,0.02691238718497062,29.442500114440918,28.165,1.0453577175374018,8.72234812911114,-0.929350133763446,-0.2347444360794675
2022-11-04,25.6299991607666,25.709999084472656,24.0,24.549999237060547,0,-0.029644269668647527,0.02614485805845041,0.015347130297612543,29.102000045776368,28.2203999710083,1.0312398150158666,8.616493982939915,-1.0821442107833228,-0.4042243910202386
2022-11-07,25.670000076293945,25.670000076293945,24.34000015258789,24.350000381469727,0,-0.00814659314892785,0.023773025380308656,0.013229040322324317,28.69700002670288,28.19619998931885,1.017761259941898,9.379118784517203,-1.2054768668912317,-0.5644748861944374
2022-11-08,24.709999084472656,26.15999984741211,24.239999771118164,25.540000915527344,0,0.04887065771724597,0.02528360377356369,0.03078662420666446,28.292500019073486,28.18280002593994,1.0038924447901763,19.29411479593496,-1.19343857061914,-0.690267623079378
2022-11-09,25.34000015258789,26.350000381469727,25.020000457763672,26.09000015258789,0,0.021534816654065425,0.026360154164993082,0.03256593799437829,27.91850004196167,28.180400047302246,0.9907063063369944,26.48125170093131,-1.126531834451061,-0.7775204653537147
2022-11-10,26.51000022888184,26.59000015258789,22.84000015258789,23.530000686645508,0,-0.09812186473630413,0.031740022126176506,0.05605109167890185,27.498000049591063,28.13360004425049,0.9774077973078558,20.77798130073974,-1.2654905389022275,-0.8751144800634174
2022-11-11,23.88999938964844,23.90999984741211,22.3700008392334,22.520000457763672,0,-0.04292393537646866,0.032070058381655976,0.05733093698837319,27.023000049591065,28.072800064086913,0.9626043710602691,17.82264467091865,-1.4405095929681941,-0.9881935026443728
2022-11-14,23.989999771118164,24.32999992370605,22.86000061035156,23.729999542236328,0,0.05372997601585361,0.03572587340637443,0.06548315130373038,26.64099998474121,28.03800006866455,0.9501747599507057,28.90275852751944,-1.4646925762474865,-1.0834933173649957
2022-11-15,23.770000457763672,26.21999931335449,23.18000030517578,24.540000915527344,0,0.03413406611531178,0.03705846484391611,0.06282088010567813,26.34300003051758,27.990600090026856,0.9411373798986067,37.36162262608518,-1.4023322105627827,-1.147261096004553
2022-11-16,24.290000915527344,24.71999931335449,23.989999771118164,24.11000061035156,0,-0.017522424170070328,0.03682471919014421,0.0608884809175961,26.010500049591066,27.98000011444092,0.9296104339959111,35.30466476638223,-1.3717953989940561,-1.1921679566024537
2022-11-17,24.049999237060547,25.18000030517578,23.809999465942383,23.93000030517578,0,-0.007465794301908635,0.036686110510645215,0.03929906768797765,25.708000087738036,27.986400108337403,0.9185890285360205,40.61855901198562,-1.3465965493289396,-1.223053675147751
2022-11-18,24.030000686645508,24.1200008392334,22.979999542236328,23.1200008392334,0,-0.03384870270006601,0.03705200850492805,0.036715249385729766,25.379500102996825,27.99300010681152,0.9066373738490876,36.70521176528956,-1.3761233732353944,-1.2536676147652797
2022-11-21,24.049999237060547,24.1200008392334,22.299999237060547,22.36000061035156,0,-0.03287198102485189,0.03710750750201506,0.027799448573353782,25.005000114440918,27.962800102233885,0.8942237552398525,34.41735159770144,-1.4442014059705066,-1.2917743730063251
2022-11-22,22.59000015258789,22.709999084472656,21.280000686645508,21.290000915527344,0,-0.04785329452669418,0.037168615687028575,0.015680335539503494,24.646500205993654,27.84320011138916,0.8851892062475999,31.100084213621784,-1.5664368613361823,-1.3467068706722967
2022-11-23,21.489999771118164,21.780000686645508,20.31999969482422,20.350000381469727,0,-0.04415220731024261,0.03727893595910997,0.015791138881915794,24.300000190734863,27.72700012207031,0.8764020659917117,30.15236917338993,-1.719340045763044,-1.4212335056904462
2022-11-25,20.61000061035156,21.11000061035156,20.459999084472656,20.5,0,0.007370988487393815,0.03737070939506925,0.022013117415488954,23.955500221252443,27.61160011291504,0.8675882644717684,32.94018701980848,-1.8075765876875067,-1.4985021220898584
2022-11-28,22.09000015258789,22.5,21.649999618530277,22.209999084472656,0,0.08341458948647107,0.041555008453460524,0.05499953626764444,23.778500175476076,27.52980010986328,0.8637367536481603,42.00298418824991,-1.7196984347337896,-1.5427413846186449
2022-11-29,22.09000015258789,22.56999969482422,21.82999992370605,21.88999938964844,0,-0.014407911211843816,0.0414970527104718,0.05340978954640616,23.579000186920165,27.452400093078612,0.8589048719592637,35.41166260751518,-1.6567773682205953,-1.565548581339035
2022-11-30,21.700000762939453,22.6299991607666,20.309999465942383,20.57999992370605,0,-0.05984465520642612,0.04308495718253256,0.05612073878764008,23.31750020980835,27.320800094604493,0.8534706205186596,29.2388815720349,-1.6931009644666837,-1.591059057964565
2022-12-01,20.82999992370605,21.059999465942383,19.799999237060547,19.84000015258789,0,-0.03595722905060639,0.04334752050662765,0.05481504845542248,23.016500186920165,27.157800102233885,0.8475097430674042,33.8864589394441,-1.7612963453815418,-1.6251065154479603
2022-12-02,20.420000076293945,20.959999084472656,18.950000762939453,19.059999465942383,0,-0.039314550435815665,0.04372699196812129,0.05637246805776219,22.704500198364258,26.99200008392334,0.8411566437378328,34.581099805848226,-1.8568762986468812,-1.6714604720877444
2022-12-05,20.299999237060547,21.290000915527344,19.780000686645508,20.75,0,0.08866739671621793,0.049056372469434575,0.058627468917645496,22.514500236511232,26.80860008239746,0.839823794129939,37.264960051645126,-1.775785036537954,-1.6923253849777864
2022-12-06,20.690000534057617,22.600000381469727,20.3799991607666,22.170000076293945,0,0.06843373861657565,0.05188843893939978,0.06868106974045224,22.405500221252442,26.606800117492675,0.8420967618169882,40.37367610863676,-1.5787387705483908,-1.6696080620919076
2022-12-07,22.31999969482422,23.01000022888184,22.18000030517578,22.68000030517578,0,0.02300406978469849,0.050828379515645825,0.05855514029355422,22.262500190734862,26.40840015411377,0.8430082875454656,44.22921559475414,-1.3656826889586107,-1.6088229874652482
2022-12-08,22.809999465942383,23.280000686645508,22.059999465942383,22.290000915527344,0,-0.017195740052941555,0.05051308009548423,0.05445286451522545,22.072500228881836,26.2506001663208,0.8408379270962568,43.49206512597282,-1.2143061354461615,-1.529919617061431
2022-12-09,22.549999237060547,23.209999084472656,22.18000030517578,22.82999992370605,0,0.024226064872098885,0.04606304239744462,0.041692101861004686,22.037500190734864,26.070400161743166,0.845307323785296,48.82400258644559,-1.0387911810680706,-1.4316939298627591
2022-12-12,24.399999618530277,25.049999237060547,24.18000030517578,25.0,0,0.09505037597659727,0.04957594979687132,0.04370254796857074,22.16150016784668,25.938000144958497,0.8544028083889942,59.606986172136736,-0.7163359693459093,-1.2886223377593893
2022-12-13,25.239999771118164,25.84000015258789,21.459999084472656,22.549999237060547,0,-0.09800003051757811,0.05340990596491935,0.07054014149351204,22.10250015258789,25.787000122070314,0.8571179294977793,54.16666141052478,-0.6509784031388648,-1.1610935508352844
2022-12-14,22.82999992370605,23.46999931335449,21.06999969482422,21.13999938964844,0,-0.06252771153512038,0.05440775497654465,0.07541166858214862,21.932500076293945,25.628400115966798,0.8557888895541995,52.53367253719851,-0.7048323957543801,-1.0698413198191037
2022-12-15,21.520000457763672,23.670000076293945,21.25,22.82999992370605,0,0.07994326314338251,0.0575966560807953,0.0854791036189745,21.86850004196167,25.514000129699706,0.8571176581795783,56.80093414435924,-0.6041785593801201,-0.976708767731307
2022-12-16,23.26000022888184,23.82999992370605,22.09000015258789,22.6200008392334,0,-0.00919838305626075,0.05760793124457581,0.08517376488192904,21.803000068664552,25.3560001373291,0.8598753727156744,51.31158597816788,-0.5351855540376462,-0.8884041249925749
2022-12-19,22.6299991607666,22.86000061035156,21.61000061035156,22.420000076293945,0,-0.008841766380156879,0.05713264716796245,0.067309118315392,21.768000030517577,25.17720012664795,0.8645917703723528,51.70857730117427,-0.4909867012654914,-0.8089206402471582
2022-12-20,23.170000076293945,23.38999938964844,21.350000381469727,21.479999542236328,0,-0.041926874703784645,0.05744186737785191,0.05444989525908632,21.723999977111816,24.957800102233886,0.870429280149871,52.9722574023451,-0.5257484780068324,-0.752286207799093
2022-12-21,21.25,21.290000915527344,19.940000534057617,20.06999969482422,0,-0.06564245239575606,0.0583450533670948,0.05523455932524445,21.66299991607666,24.686600074768066,0.8775205921619884,50.72738621839997,-0.6594706729338391,-0.7337231008260423
2022-12-22,20.07999992370605,24.299999237060547,20.01000022888184,21.96999931335449,0,0.09466864212360959,0.06117332895007717,0.06123778698081058,21.743999862670897,24.45460006713867,0.8891578599925585,58.5942108533881,-0.6051565179319738,-0.7080097842472287
2022-12-23,22.170000076293945,22.63999938964844,20.780000686645508,20.8700008392334,0,-0.05006820703232584,0.062421212700013766,0.06438671104545113,21.76249990463257,24.233200073242188,0.8980448244085718,50.3671996698909,-0.6434554882400896,-0.695098925045801
2022-12-27,21.670000076293945,22.799999237060547,21.59000015258789,21.649999618530277,0,0.03737416137667626,0.060094415455257864,0.06855942937938057,21.73449993133545,24.02580005645752,0.904631682618776,48.34394726483724,-0.6039068530875511,-0.6768605106541511
2022-12-28,21.46999931335449,22.26000022888184,20.959999084472656,22.13999938964844,0,0.02263278428415183,0.06018402501465396,0.06592292174992817,21.74699993133545,23.84120002746582,0.912160457790808,48.278057919670935,-0.5269510249661629,-0.6468786135165535
2022-12-29,22.25,22.309999465942383,21.36000061035156,21.440000534057617,0,-0.03161693201844029,0.05896932299116626,0.05768916121987911,21.789999961853027,23.660000038146972,0.9209636486357166,47.342086940527324,-0.5164932218986351,-0.6208015351929699
2022-12-30,21.82999992370605,22.399999618530277,21.59000015258789,21.670000076293945,0,0.010727590322163083,0.058236951818500346,0.03710331744387519,21.88149995803833,23.478200035095213,0.9319922279105666,46.30102006682048,-0.4840662819733268,-0.5934544845490413
2023-01-03,23.09000015258789,23.76000022888184,22.729999542236328,22.899999618530277,0,0.05676047706072218,0.05826310849015691,0.03319266831464674,22.073499965667725,23.336600036621093,0.9458747174407909,42.87652321045942,-0.35502451334093266,-0.5457684903074196
2023-01-04,22.93000030517578,23.270000457763672,21.940000534057617,22.01000022888184,0,-0.03886460281546322,0.05623878934761987,0.039629607189139014,22.136499977111818,23.18300003051758,0.9548591617983793,47.95144449880922,-0.32087465146880945,-0.5007897225396976
2023-01-05,22.200000762939453,22.920000076293945,21.96999931335449,22.459999084472656,0,0.020445199950535287,0.05435735289087061,0.03938278272327183,22.15099992752075,23.035200004577636,0.9616152637319766,55.400983580560386,-0.25456502589259244,-0.4515447832102765
2023-01-06,22.690000534057617,22.899999618530277,21.0,21.1299991607666,0,-0.05921638370081361,0.05577954225262772,0.04677414179058016,22.073499870300292,22.888600006103516,0.9643883795607479,42.833044818538035,-0.30580887411692004,-0.42239760139160526
2023-01-09,21.75,21.979999542236328,21.270000457763672,21.96999931335449,0,0.03975391320164223,0.05641637525545688,0.05041301589649421,22.05749979019165,22.782399978637695,0.9681815704611559,47.39791098648605,-0.27546362765755106,-0.39301080664479443
2023-01-10,22.21999931335449,22.459999084472656,20.57999992370605,20.57999992370605,0,-0.06326806705012156,0.057876323968526114,0.04736033014445052,21.944999790191652,22.64619998931885,0.969036739079496,43.27484964284598,-0.359432817467237,-0.386295208809283
2023-01-11,20.799999237060547,21.25,20.6200008392334,21.09000015258789,0,0.024781352321307404,0.05354374811976637,0.04959993413114648,21.749499797821045,22.552999992370605,0.9643728020741642,48.52830334259801,-0.3804407648151127,-0.38512432001044894
2023-01-12,21.559999465942383,21.799999237060547,18.82999992370605,18.82999992370605,0,-0.1071598014476316,0.05439456366597367,0.0627195045314119,21.56349983215332,22.412000007629395,0.9621408096025685,45.60283543076408,-0.5728493940746411,-0.42266933482328745
2023-01-13,19.0,19.40999984741211,18.010000228881836,18.350000381469727,0,-0.025491213180092953,0.05303834698630855,0.060987746540143696,21.423999881744386,22.262800025939942,0.9623227921367388,35.725548017078324,-0.755359259182022,-0.4892073196950344
2023-01-17,19.88999938964844,20.21999931335449,19.209999084472656,19.36000061035156,0,0.05504088326350964,0.051181525498662846,0.06535249043207508,21.25049991607666,22.132800025939943,0.9601360826994679,44.00317356289397,-0.8091734171851854,-0.5532005391930647
2023-01-18,19.280000686645508,20.57999992370605,18.709999084472656,20.34000015258789,0,0.050619809470064725,0.05276681348827835,0.06770898841819259,21.136499881744385,22.033600044250488,0.9592849030251779,44.878811734776725,-0.763937555645331,-0.595347942483518
2023-01-19,20.43000030517578,21.709999084472656,20.170000076293945,20.520000457763672,0,0.008849572459461275,0.05282900005624222,0.06659088997679517,21.041499900817872,21.95300006866455,0.9584794713708518,43.509617441975614,-0.7054315137907352,-0.6173646567449614
2023-01-20,20.280000686645508,20.700000762939453,19.40999984741211,19.850000381469727,0,-0.03265107511439913,0.05250976280952083,0.04108102897177825,20.95999994277954,21.86300006866455,0.9586973369140108,43.61445565329081,-0.7050016407737942,-0.6348920535507281
2023-01-23,20.209999084472656,20.32999992370605,19.549999237060547,19.809999465942383,0,-0.0020151594336836887,0.050374315706072655,0.0369638965805523,20.946999931335448,21.748400039672852,0.9631513073662655,42.41435210033962,-0.6998215951669913,-0.6478779618739807
2023-01-24,19.88999938964844,20.46999931335449,18.90999984741211,19.200000762939453,0,-0.030792464384042373,0.0456270173655633,0.03410218136857676,20.808500003814697,21.61060005187988,0.962883952961065,34.10653068775498,-0.7364488451998739,-0.6655921385391594
2023-01-25,19.559999465942383,20.899999618530277,18.989999771118164,19.07999992370605,0,-0.006250043461718646,0.04442090888567912,0.018340204221413112,20.71899995803833,21.521600036621095,0.962707230075038,36.52253637035201,-0.7663255457035163,-0.6857388199720309
2023-01-26,19.049999237060547,19.479999542236328,18.670000076293945,18.729999542236328,0,-0.01834383558014918,0.043458176506335246,0.013892402812547895,20.572999954223633,21.445800018310546,0.9593020515279583,32.68338261978661,-0.8089204207372518,-0.7103751401250752
2023-01-27,18.899999618530277,19.0,17.969999313354492,18.51000022888184,0,-0.01174582587994133,0.042930118362298667,0.011285941350745426,20.391499996185303,21.341400032043456,0.9554902661291242,36.43892870978329,-0.8506238102678907,-0.7384248741536383
2023-01-30,19.76000022888184,20.25,19.540000915527344,19.940000534057617,0,0.07725555307905907,0.04653224608009668,0.04303958508529308,20.316499996185303,21.24940002441406,0.9560975826537728,40.09756693025916,-0.7595295889998894,-0.7426458171228887
2023-01-31,20.1200008392334,20.700000762939453,19.1299991607666,19.399999618530277,0,-0.02708128891997852,0.04673082486898378,0.04235876962899058,20.202999973297118,21.155200004577637,0.9549897882754841,43.72340365090822,-0.7225808608804201,-0.738632825874395
2023-02-01,19.6200008392334,20.040000915527344,17.700000762939453,17.8700008392334,0,-0.07886591800937315,0.0472161053021878,0.05635836636660429,19.951500034332277,21.03400001525879,0.9485357050422539,34.54894774578666,-0.8074490721167109,-0.7523960751228583
2023-02-02,17.739999771118164,19.25,17.059999465942383,18.729999542236328,0,0.04812527490848306,0.04852690039547154,0.06197547052313978,19.7875,20.94619998931885,0.9446820907892741,49.44567407128285,-0.7961356764398744,-0.7611439953862617
2023-02-03,18.56999969482422,19.299999237060547,17.93000030517578,18.32999992370605,0,-0.02135609334256916,0.048186126340188734,0.06263592288478834,19.58100004196167,20.865599975585937,0.9384345556740602,49.88814059935131,-0.8101079351349085,-0.7709367833359911
2023-02-06,19.229999542236328,19.809999465942383,19.209999084472656,19.43000030517578,0,0.06001093213574471,0.04901340468093189,0.05756125112465693,19.49600009918213,20.828399963378907,0.9360296582291755,50.387595261832764,-0.724073544022211,-0.7615641354732352
2023-02-07,19.540000915527344,19.989999771118164,18.43000030517578,18.65999984741211,0,-0.039629461949033495,0.048578783178006534,0.05908170706478942,19.33050012588501,20.794599952697755,0.929592306168756,40.47618841664107,-0.7098406696213608,-0.7512194423028604
2023-02-08,18.8799991607666,20.1200008392334,18.549999237060547,19.6299991607666,0,0.05198281464557564,0.0483879183858461,0.04658501697030942,19.28300008773804,20.777199935913085,0.928084638315852,45.36939949472124,-0.6132213422349118,-0.7236198222892708
2023-02-09,19.239999771118164,21.07999992370605,19.020000457763672,20.709999084472656,0,0.055017828317822426,0.04969818830413414,0.0477199120626475,19.264000034332277,20.747199935913088,0.9285108397199463,54.29141131446225,-0.4443803215397999,-0.6677719221393766
2023-02-10,20.739999771118164,21.940000534057617,20.440000534057617,20.530000686645508,0,-0.008691376426090858,0.042908375187513774,0.04516365382920885,19.34900007247925,20.719999961853027,0.9338320515493299,53.543314477607794,-0.32139215390973064,-0.5984959684934474
2023-02-13,21.65999984741211,21.690000534057617,20.32999992370605,20.34000015258789,0,-0.009254774851576553,0.042448279004523415,0.04175012836655192,19.448500061035155,20.715199966430664,0.9388516689460774,55.8521542078,-0.23652805202854665,-0.5261023852004673
2023-02-14,20.71999931335449,20.75,18.479999542236328,18.90999984741211,0,-0.07030483256873721,0.044051368288685194,0.051872017678456776,19.426000022888182,20.69659996032715,0.9386082767278418,49.230768699659166,-0.2814177053604041,-0.47716544923245463
2023-02-15,19.3700008392334,19.40999984741211,18.11000061035156,18.229999542236328,0,-0.03595982605303094,0.04303092418977216,0.04600678522455824,19.320499992370607,20.679999961853028,0.9342601560933174,47.803162914429414,-0.3676256608867341,-0.4552574915633105
2023-02-16,18.26000022888184,20.270000457763672,18.229999542236328,20.170000076293945,0,0.10641802428809233,0.049654994885442255,0.06644273606541684,19.30299997329712,20.668399963378906,0.9339377991280865,56.33587801819755,-0.2762201628029217,-0.41945002581123275
2023-02-17,20.940000534057617,21.299999237060547,19.81999969482422,20.020000457763672,0,-0.007436768367024893,0.04909141831178978,0.06642087131243361,19.311499977111815,20.6253999710083,0.9362969932343934,50.33840921607795,-0.21342414198977977,-0.37824484904694217
2023-02-21,21.799999237060547,23.34000015258789,21.799999237060547,22.8700008392334,0,0.14235765815702117,0.05829150682634216,0.09251036688926222,19.46450004577637,20.629199981689453,0.9435411970921376,62.27884605520268,0.06555766135132046,-0.28948434696728964
2023-02-22,23.030000686645508,23.6299991607666,22.020000457763672,22.290000915527344,0,-0.025360730320178493,0.05810983628289136,0.0823115395358721,19.619000053405763,20.629199981689453,0.9510305814486094,66.7678323732673,0.23711825226193994,-0.1841638271214437
2023-02-23,21.959999084472656,22.43000030517578,20.88999938964844,21.13999938964844,0,-0.05159270877722599,0.059603270110432406,0.08594513019580648,19.72200002670288,20.5953999710083,0.9575924747499496,58.94580411658757,0.277091604873803,-0.09191274072239433
2023-02-24,21.350000381469727,22.899999618530277,21.31999969482422,21.670000076293945,0,0.025070988739244182,0.059430542157051486,0.07562317864376787,19.869000053405763,20.52879997253418,0.967859791122171,62.2794102591217,0.34753127659699246,-0.0040239372585169535
2023-02-27,21.989999771118164,22.020000457763672,20.68000030517578,20.950000762939453,0,-0.03322562578770549,0.06001539606497264,0.07849788346597843,19.99100008010864,20.496800003051757,0.9753229810083619,55.74886655601545,0.34132274053877865,0.06504539830094219
2023-02-28,21.299999237060547,21.3700008392334,20.100000381469727,20.700000762939453,0,-0.011933173789771434,0.05786367706886817,0.02870744992843839,20.029000091552735,20.48800003051758,0.9775966449491825,58.031499184946426,0.3126257651024069,0.11456147166123516
2023-03-01,20.38999938964844,21.31999969482422,20.21999931335449,20.57999992370605,0,-0.0057971417782866075,0.05746765946625853,0.029024791863187023,20.088000106811524,20.443000030517577,0.982634646422927,54.00844126349187,0.27700697648717565,0.14705057262642326
2023-03-02,21.40999984741211,21.420000076293945,19.549999237060547,19.59000015258789,0,-0.0481049453249891,0.05549751297802811,0.02796287243866254,20.17400007247925,20.38240001678467,0.989775495322739,45.23810064441124,0.1669694027935904,0.15103433865985672
2023-03-03,19.76000022888184,19.76000022888184,18.15999984741211,18.489999771118164,0,-0.05615111653403504,0.05622677463424899,0.02195922450149746,20.16200008392334,20.30380001068115,0.9930160892698304,41.95583496566021,-0.008894474864703739,0.11904857595494463
2023-03-06,19.049999237060547,19.190000534057617,18.489999771118164,18.61000061035156,0,0.006490040060511015,0.05599346817969679,0.027464891103015223,20.176000118255615,20.246400032043457,0.9965228428917525,43.14036901208449,-0.13700548614116315,0.06783776353572306
2023-03-07,18.63999938964844,19.739999771118164,18.51000022888184,19.59000015258789,0,0.05265983396535834,0.05561683808348,0.04415198026611178,20.184000110626222,20.23680004119873,0.9973908952766734,52.79605304435337,-0.1576394433316004,0.02274232216225835
2023-03-08,19.709999084472656,20.01000022888184,19.0,19.11000061035156,0,-0.024502273532291063,0.055124046457968756,0.044478945062533276,20.206500148773195,20.179600067138672,1.001333033436987,53.67893333945725,-0.21029974998875645,-0.023866092267944623
2023-03-09,19.32999992370605,23.13999938964844,18.8799991607666,22.61000061035156,0,0.18315017730057592,0.0676827670912528,0.09338970346810155,20.35550022125244,20.214400062561037,1.006980180379072,59.023669035568794,0.030041032544684043,-0.01308466730541889
2023-03-10,23.34000015258789,28.96999931335449,21.790000915527344,24.799999237060547,0,0.09685973319727981,0.06978931277434901,0.08145468933264834,20.560000228881837,20.27740005493164,1.0139367065395284,65.3598918940387,0.3927006126426065,0.06807238868418622
2023-03-13,24.049999237060547,30.809999465942383,23.850000381469727,26.520000457763672,0,0.06935489006518969,0.07079131098602834,0.07517427925715275,20.859500217437745,20.365000076293946,1.0242818629654427,62.647259386288525,0.8095684652239292,0.21637160399213487
2023-03-14,26.850000381469727,27.239999771118164,22.270000457763672,23.729999542236328,0,-0.10520365261572151,0.07561793315165871,0.1115280927012561,21.029000186920165,20.410800056457518,1.0302878931130905,54.326918117218014,0.904384305577782,0.3539741443092644
2023-03-15,23.209999084472656,29.90999984741211,23.190000534057617,26.13999938964844,0,0.10155920328285828,0.07573640330770288,0.10631728949285403,21.390500164031984,20.50020004272461,1.0434288504235028,63.96647925635999,1.1606145466106526,0.5153022247695421
2023-03-16,26.190000534057617,27.489999771118164,22.96999931335449,22.989999771118164,0,-0.12050496144149458,0.08112898080297357,0.11151405550178776,21.628500175476074,20.502000045776366,1.0549458651441073,53.216373453648735,1.0968563380030965,0.631613047416253
2023-03-17,22.920000076293945,26.13999938964844,22.57999992370605,25.51000022888184,0,0.10961289616581449,0.08132198388157307,0.1141573507832779,21.89550018310547,20.572000045776367,1.064335025004087,60.21505183381902,1.2354292157760156,0.7523762810882056
2023-03-20,27.770000457763672,28.90999984741211,24.0,24.149999618530277,0,-0.05331244994705253,0.08262076129508572,0.11162440812174076,22.102000141143797,20.605800056457518,1.0726106281040708,57.36235281648124,1.2214286671566583,0.8461867583018964
2023-03-21,24.15999984741211,24.15999984741211,21.290000915527344,21.3799991607666,0,-0.11469981372746096,0.08135275386124771,0.1136359487628087,22.027500057220458,20.61080005645752,1.0687358082598581,51.533740760915045,0.9755714638622557,0.8720636994139683
2023-03-22,21.799999237060547,22.3799991607666,19.940000534057617,22.26000022888184,0,0.041160014156131686,0.08163278721191236,0.10054121647371893,22.026000022888184,20.616600074768066,1.0683623848262465,55.140546312468324,0.8420301907734178,0.8660569976858582
2023-03-23,21.540000915527344,24.90999984741211,20.15999984741211,22.61000061035156,0,0.01572328741558593,0.08064323069871791,0.08653635137274666,22.09950008392334,20.657200088500975,1.0698206915382125,58.1681211899827,0.755728309914808,0.8439912601316482
2023-03-24,22.11000061035156,25.209999084472656,21.600000381469727,21.739999771118164,0,-0.038478585393539544,0.08111984156959921,0.06112231793966837,22.10300006866455,20.67020008087158,1.0693171803943444,56.026181716908816,0.6100988114124952,0.7972127703878176
2023-03-27,22.049999237060547,22.93000030517578,20.56999969482422,20.600000381469727,0,-0.052437874960925224,0.08168607998018663,0.06103984076724287,22.085500049591065,20.705600090026856,1.0666438042637971,51.932644687852175,0.39810881071749904,0.7173919784537539
2023-03-28,20.530000686645508,21.399999618530277,19.90999984741211,19.96999931335449,0,-0.030582575555772373,0.08196274871854808,0.03959784116462335,22.048999977111816,20.73800006866455,1.0632172776596818,51.63622251845312,0.17722643082798584,0.6093588689286004
2023-03-29,19.38999938964844,19.450000762939453,19.09000015258789,19.1200008392334,0,-0.042563770823600966,0.0825415190196936,0.026568778422677096,21.976000022888183,20.733200073242188,1.059942505028441,42.61532092327286,-0.0656553853210724,0.4743560180786658
2023-03-30,19.1200008392334,20.07999992370605,18.850000381469727,19.020000457763672,0,-0.005230145244791484,0.08179340329260845,0.017837001429668965,21.947500038146973,20.706800079345705,1.0599175128000016,36.583106987004356,-0.2631764354089903,0.32684952738113454
2023-03-31,19.209999084472656,19.43000030517578,18.520000457763672,18.700000762939453,0,-0.01682437892337696,0.08079748616703927,0.01902415277444991,21.958000087738036,20.67040008544922,1.0622919729161513,30.585902555524783,-0.44045727440505544,0.1733881670238965
2023-04-03,19.790000915527344,19.82999992370605,18.540000915527344,18.549999237060547,0,-0.008021471644866773,0.08083542471726164,0.01573814062714876,21.955000019073488,20.644400062561036,1.063484526193098,35.20000235421267,-0.5862989962025082,0.021450734378615516
2023-04-04,18.790000915527344,20.030000686645508,18.57999992370605,19.0,0,0.02425880223436394,0.08016167139129986,0.024014467941532835,21.925500011444093,20.628200073242187,1.0628896332978996,27.027035983581584,-0.657983486650334,-0.11443610982717445
2023-04-05,19.420000076293945,20.07999992370605,19.0,19.07999992370605,0,0.004210522300318376,0.07992889802658026,0.01565614781927952,21.923999977111816,20.62580005645752,1.0629405849518965,34.32238063933319,-0.7002664013591087,-0.23160216813356133
2023-04-06,19.299999237060547,19.8799991607666,18.350000381469727,18.399999618530277,0,-0.035639429134949996,0.06805041306113166,0.02246545319701424,21.71349992752075,20.612200050354005,1.0534295162319576,16.556926884165264,-0.7796588357875898,-0.3412135016643671
2023-04-10,19.38999938964844,20.049999237060547,18.93000030517578,18.96999931335449,0,0.030978244926167076,0.06419051890502103,0.02669521856718282,21.42199993133545,20.61700004577637,1.0390454422938218,23.67887085006454,-0.7875058234502852,-0.43047196602155074
2023-04-11,19.07999992370605,19.280000686645508,18.559999465942383,19.100000381469727,0,0.0068529822256619966,0.06152150618790498,0.02595660334972129,21.050999927520753,20.628800048828126,1.0204665262978596,34.1666852103221,-0.7743088673426293,-0.4992393462857665
2023-04-12,19.3799991607666,19.979999542236328,18.25,19.09000015258789,0,-0.000523572182309362,0.057730928170529494,0.023915866193287075,20.81899995803833,20.61180004119873,1.0100524901476557,24.96051971453052,-0.7559430781965162,-0.5505800926679164
2023-04-13,18.82999992370605,19.059999465942383,17.770000457763672,17.799999237060547,0,-0.06757469383008197,0.05282852055769551,0.038647977962911265,20.401999950408936,20.579800033569335,0.9913604562303631,16.91885456304682,-0.8358452471617532,-0.6076331235666839
2023-04-14,17.940000534057617,18.1200008392334,17.06999969482422,17.06999969482422,0,-0.04101121199580893,0.04739619404551164,0.03949376564246153,20.10599994659424,20.563800010681152,0.9777375745801299,17.251065025045577,-0.9471549413481064,-0.6755374871229685
2023-04-17,17.579999923706055,17.790000915527344,16.899999618530273,16.950000762939453,0,-0.007029814530175482,0.0375839592557704,0.03144922501741968,19.67799997329712,20.528200035095214,0.95858379885501,20.1309483264817,-1.0331421670707002,-0.7470584231125149
2023-04-18,16.940000534057617,17.34000015258789,16.579999923706055,16.829999923706055,0,-0.007079695211328563,0.036811099122738423,0.028772771293474032,19.311999988555907,20.498200035095216,0.9421315020583075,21.964302622535115,-1.0983100927230254,-0.8173087570346173
2023-04-19,17.299999237060547,17.719999313354492,16.170000076293945,16.459999084472656,0,-0.02198460136130065,0.02887150709363396,0.025713130738624093,19.06599998474121,20.438800010681152,0.9328336289203609,24.023443975596308,-1.1663669664610055,-0.8871203989198949
2023-04-20,16.850000381469727,17.690000534057617,16.329999923706055,17.170000076293945,0,0.043134935073663616,0.029067728049695162,0.031203396266634677,18.811499977111815,20.40900001525879,0.9217257074353176,33.85690504508224,-1.1497576919342336,-0.9396478575227627
2023-04-21,17.510000228881836,17.709999084472656,16.579999923706055,16.770000457763672,0,-0.023296424971048224,0.028375578708994383,0.027080252034899336,18.51949996948242,20.35180004119873,0.9099686480799177,33.390717884676704,-1.1555508772796763,-0.9828284614741456
2023-04-24,18.21999931335449,18.239999771118164,16.739999771118164,16.889999389648438,0,0.0071555711752655515,0.028175093794099233,0.027327348307658983,18.276999950408936,20.275400047302245,0.9014372050745698,35.640146172797756,-1.1373484623739927,-1.013732461654115
2023-04-25,17.6200008392334,19.86000061035156,17.329999923706055,18.76000022888184,0,0.11071645392595397,0.03785593995982212,0.05594082979652026,18.18499994277954,20.240000038146974,0.8984683749261705,48.333335540911975,-0.960952218934974,-1.0031764131102867
2023-04-26,18.65999984741211,19.61000061035156,17.8700008392334,18.84000015258789,0,0.004264388205224456,0.037366965418026574,0.05171917110798038,18.12849998474121,20.210000038146973,0.8970064300110406,48.333335540911975,-0.8054172511707591,-0.9636245807223812
2023-04-27,18.43000030517578,18.43000030517578,16.719999313354492,17.030000686645508,0,-0.09607215771140842,0.04202921445820297,0.07432794074577852,18.023999977111817,20.17240005493164,0.8934980432685503,41.77671890312592,-0.8187682480555019,-0.9346533141890054
2023-04-28,17.209999084472656,17.649999618530273,15.720000267028809,15.779999732971191,0,-0.07339993560038638,0.0447316794416786,0.08138918399993311,17.86199994087219,20.123400058746338,0.8876233583155714,32.29745568035645,-0.9196129143061107,-0.9316452342124265
2023-05-01,16.40999984741211,16.6200008392334,15.529999732971191,16.079999923706055,0,0.01901141925294425,0.04509040704679867,0.08216355423400544,17.73099989891052,20.04160005569458,0.8847097961059487,33.55119972823405,-0.9642107098078654,-0.9381583293315143
2023-05-02,16.270000457763672,19.809999465942383,16.260000228881836,17.780000686645508,0,0.10572144098292036,0.051598732768863925,0.08038409291067213,17.692499971389772,19.996800060272218,0.8847665585525148,43.97424500948585,-0.8525512498689665,-0.921036913439005
2023-05-03,17.81999969482422,18.82999992370605,17.190000534057617,18.34000015258789,0,0.031496031738794894,0.0518091498776003,0.08232981039384056,17.659499979019166,19.906200046539308,0.8871356631467827,52.66272606733918,-0.7106807611821857,-0.8789656829876411
2023-05-04,19.170000076293945,21.32999992370605,18.670000076293945,20.09000015258789,0,0.09541984653435587,0.05608390210830041,0.07188259120245408,17.709999990463256,19.86220003128052,0.8916434213013759,63.5304658732485,-0.4518286032517196,-0.7935382670404568
2023-05-05,19.5,19.6299991607666,16.690000534057617,17.190000534057617,0,-0.14435040301165503,0.06473456817124128,0.10021209578061663,17.649500036239623,19.783200054168702,0.8921458605237393,50.86083116601647,-0.4752141630094471,-0.729873446234255
2023-05-08,17.729999542236328,17.8799991607666,16.829999923706055,16.979999542236328,0,-0.01221646220459538,0.06431744061936633,0.10136926089093151,17.550000047683717,19.68940004348755,0.8913425502514761,50.53456732286878,-0.5048728526172361,-0.6848733275108513
2023-05-09,17.290000915527344,17.860000610351562,17.219999313354492,17.709999084472656,0,0.042991729205911655,0.06512728196219315,0.09068616436045333,17.480499982833862,19.62460000991821,0.8907442686219985,54.34329356266581,-0.4641225991957434,-0.6407231818478297
2023-05-10,17.579999923706055,18.309999465942383,16.360000610351562,16.940000534057617,0,-0.0434781812659798,0.06579024798114462,0.09092597537864985,17.37300000190735,19.549400005340576,0.8886717749476368,49.204153770062966,-0.4883310018280156,-0.6102447458438669
2023-05-11,16.799999237060547,18.190000534057617,16.6299991607666,16.93000030517578,0,-0.0005903322648502796,0.06405923179042214,0.07027618065316758,17.32950005531311,19.47640001296997,0.8897691587651122,50.56898952165567,-0.5025304124412742,-0.5887018791633484
2023-05-12,16.829999923706055,17.920000076293945,16.3799991607666,17.030000686645508,0,0.005906696967935332,0.06335395315560136,0.03127382417244882,17.327500104904175,19.425200023651122,0.8920114121763021,50.49858008499927,-0.499951226081528,-0.5709517485469843
2023-05-15,17.440000534057617,18.15999984741211,17.079999923706055,17.1200008392334,0,0.005284800291198266,0.06332329132502526,0.03074632587048137,17.33600010871887,19.397800045013426,0.8937095994643691,43.311584995794014,-0.4850535468059789,-0.5537721081987832
2023-05-16,17.540000915527344,18.299999237060547,17.260000228881836,17.989999771118164,0,0.050817692128321434,0.06418315527486661,0.03343494872427491,17.39400010108948,19.38540002822876,0.8972732095164696,46.74329336719109,-0.3984522759205831,-0.5227081417431432
2023-05-17,17.959999084472656,18.26000022888184,16.68000030517578,16.8700008392334,0,-0.062256750757876844,0.06569890983670337,0.040377490977029105,17.414500188827514,19.33100004196167,0.9008587321414298,49.35275135840736,-0.4154061548254475,-0.5012477443596041
2023-05-18,16.920000076293945,17.149999618530273,16.049999237060547,16.049999237060547,0,-0.04860708721874096,0.0659743453383021,0.045843354538859654,17.358500146865843,19.26980001449585,0.9008137154411454,51.13159898896127,-0.4893683683307941,-0.4988718691538421
2023-05-19,16.1299991607666,17.360000610351562,15.850000381469728,16.809999465942383,0,0.0473520414335562,0.06662132849063597,0.05263115797840577,17.36050009727478,19.153799991607666,0.9063736754524622,52.94592243017472,-0.4811123251169924,-0.49531996034647213
2023-05-22,17.450000762939453,18.1299991607666,16.81999969482422,17.209999084472656,0,0.02379533796777844,0.06678939488012627,0.053862733489198664,17.37650008201599,19.00199998855591,0.9144563778802817,47.43010959258924,-0.43725235217365466,-0.48370643871190866
2023-05-23,17.350000381469727,19.309999465942383,17.299999237060547,18.530000686645508,0,0.07669969043541625,0.06429076236184131,0.060531554797620506,17.365000104904176,18.842199993133544,0.9216015174041413,50.80168999131311,-0.29260691961253826,-0.44548653489203466
2023-05-24,18.799999237060547,20.809999465942383,18.799999237060547,20.030000686645508,0,0.0809498081174409,0.0667123782544743,0.05270940303897009,17.424500131607054,18.76820001602173,0.9284055006197927,49.74138162082207,-0.05628805456194996,-0.36764683882601773
2023-05-25,19.540000915527344,19.950000762939453,18.700000762939453,19.13999938964844,0,-0.0444334132045463,0.06350794836899717,0.05104042188837288,17.530000066757204,18.62820001602173,0.9410463733307574,60.166832308291134,0.05850625823361355,-0.2824162194140915
2023-05-26,19.06999969482422,19.559999465942383,17.270000457763672,17.950000762939453,0,-0.06217338895802571,0.06279806673172916,0.06656133314912673,17.638500118255614,18.527400035858154,0.9520224145923253,54.58846380656994,0.05284941902561968,-0.21536309172614926
2023-05-30,17.559999465942383,18.34000015258789,16.979999542236328,17.459999084472656,0,-0.027298142486906207,0.06323715549293932,0.0687531822279748,17.707500076293947,18.366400012969972,0.9641247094579927,48.78993245069699,0.00872669693054462,-0.17054513399481047
2023-05-31,18.040000915527344,18.399999618530277,17.1200008392334,17.940000534057617,0,0.02749149339943724,0.05902693688162225,0.05866008290573813,17.71550006866455,18.242200031280518,0.9711273880500807,54.980077334971675,0.012348877057352325,-0.13396633178437792
2023-06-01,17.239999771118164,17.59000015258789,15.579999923706056,15.649999618530272,0,-0.1276477618370171,0.06525906731505474,0.05629797976779788,17.58100004196167,18.12760004043579,0.9698470841559355,44.80519430254158,-0.16763209618516228,-0.1406994846645348
2023-06-02,15.649999618530272,15.649999618530272,14.420000076293944,14.600000381469728,0,-0.06709260464244993,0.062027757780679794,0.056966649381257964,17.306500053405763,17.97440004348755,0.9628415975795656,40.844010840980935,-0.3904931158280256,-0.19065821089723298
2023-06-05,15.279999732971191,15.289999961853027,14.65999984741211,14.729999542236328,0,0.008904051874655705,0.05401894872778759,0.06221527071059531,17.183500003814697,17.816800022125243,0.964454895518606,41.021785469904806,-0.5502789603779128,-0.26258236079336894
2023-06-06,14.90999984741211,14.970000267028809,13.949999809265137,13.960000038146973,0,-0.05227423815469123,0.05498463113695389,0.06223132529188073,17.03250002861023,17.66120002746582,0.9644021924966668,34.746409698799994,-0.7306207766862016,-0.3561900439719355
2023-06-07,14.140000343322754,14.289999961853027,13.770000457763672,13.9399995803833,0,-0.0014326975436259604,0.053686243592194954,0.05507518879505091,16.84400005340576,17.528000011444092,0.9609767253770113,37.90256004345792,-0.8651835379267094,-0.4579887427628904
2023-06-08,14.140000343322754,14.210000038146973,13.529999732971191,13.649999618530272,0,-0.020803441218256835,0.05319038481928288,0.03250511618593941,16.679500007629393,17.401600017547608,0.9585038152129657,39.63731069200332,-0.9838844613492643,-0.5631678864801652
2023-06-09,13.779999732971191,14.140000343322754,13.5,13.829999923706056,0,0.013186835912539552,0.05339888271556404,0.02679107116410325,16.52449998855591,17.29579999923706,0.9554053579068228,36.454552232724204,-1.051312403089673,-0.6607967898020669
2023-06-12,14.4399995803833,15.020000457763672,14.31999969482422,15.010000228881836,0,0.08532178681744873,0.0573474388011521,0.051249264751088305,16.423499965667723,17.215599994659424,0.9539894032599837,40.66214764459534,-0.9980287159709622,-0.728243175035846
2023-06-13,14.989999771118164,15.0600004196167,14.470000267028809,14.609999656677246,0,-0.02664893844804339,0.057498845642111926,0.045017225598349205,16.297999906539918,17.13379997253418,0.9512192235619613,31.952118890657587,-0.9768175683931801,-0.777958053707313
2023-06-14,14.479999542236328,14.729999542236328,13.829999923706056,13.880000114440918,0,-0.0499657467070983,0.05663880033464076,0.05266162512108001,16.092499923706054,17.040399990081788,0.9443733675895254,19.524287733568613,-1.0073009055018858,-0.8238266240662276
2023-06-15,14.09000015258789,14.520000457763672,13.789999961853027,14.5,0,0.044668579282937326,0.05662682011594787,0.05424391660955961,15.973999881744385,16.950399990081788,0.942396633182183,26.374752379766633,-0.9702459689982721,-0.8531104930526368
2023-06-16,14.489999771118164,14.539999961853027,13.479999542236328,13.539999961853027,0,-0.06620689918254985,0.057454487132504055,0.06486959324745571,15.84849991798401,16.839599990844725,0.9411446784128155,27.00730231874053,-1.0067385890940788,-0.8838361122609253
2023-06-20,14.359999656677246,14.670000076293944,13.859999656677246,13.880000114440918,0,0.025110794205745357,0.05655779050776098,0.04782493155099913,15.701999950408936,16.74920000076294,0.9374776078674621,31.03814403692496,-0.9967343494858447,-0.9064157597059094
2023-06-21,13.880000114440918,13.890000343322754,13.100000381469728,13.199999809265137,0,-0.048991376049651536,0.05674617707067463,0.050215216815708445,15.50149998664856,16.633800010681153,0.931927760144675,25.414934875621185,-1.0317825126046873,-0.9314891102856651
2023-06-22,13.880000114440918,13.979999542236328,12.729999542236328,12.90999984741211,0,-0.02196969439722829,0.05281551056942578,0.04739136335174782,15.220499944686889,16.51,0.9218958173644389,32.06806289257932,-1.070617594482604,-0.9593148071250528
2023-06-23,13.239999771118164,13.800000190734863,12.880000114440918,13.4399995803833,0,0.041053426741707755,0.04959373065853621,0.046297422352696196,14.890999889373779,16.39699998855591,0.9081539244841602,41.85392682772957,-1.0465639893979972,-0.9767646435796419
2023-06-26,14.43000030517578,14.710000038146973,13.779999732971191,14.25,0,0.06026789024599055,0.05217759314755371,0.04531988954760209,14.646499919891358,16.3260000038147,0.8971272765202185,46.923080308902406,-0.9511764990699998,-0.9716470146777135
2023-06-27,14.109999656677246,14.34000015258789,13.59000015258789,13.739999771118164,0,-0.03578948974609375,0.051201976824165996,0.04867087702367523,14.435999870300293,16.259400005340577,0.8878556321610042,48.54111264927245,-0.9062868710706056,-0.958574985956292
2023-06-28,13.899999618530272,13.960000038146973,13.359999656677246,13.43000030517578,0,-0.022561824680231157,0.05113843880650873,0.043307016851881444,14.23449993133545,16.188999996185302,0.8792698705719685,46.7433000123868,-0.8855181812195241,-0.9439636250089386
2023-06-29,13.640000343322754,13.850000381469728,13.40999984741211,13.539999961853027,0,0.008190592269372798,0.050537131514046964,0.04077723157646534,14.01449990272522,16.12319999694824,0.8692133016633081,49.28104804934973,-0.8503801389947707,-0.9252469278061051
2023-06-30,13.510000228881836,13.59000015258789,12.960000038146973,13.59000015258789,0,0.00369277628328879,0.042752772125025935,0.03696206436792891,13.9114999294281,16.065800018310547,0.8659076991854036,48.40425693810704,-0.8091707728740811,-0.9020316968197004
2023-07-03,13.850000381469728,13.850000381469728,13.470000267028809,13.56999969482422,0,-0.001471704013179198,0.04027733054537524,0.018796075481577256,13.859999895095825,15.993800010681152,0.8665857948604891,38.679242170874446,-0.7692583912293429,-0.875477035701629
2023-07-05,14.1899995803833,14.739999771118164,14.050000190734863,14.18000030517578,0,0.0449521462100122,0.04161699485334761,0.024481756650994838,13.832499933242797,15.942000007629394,0.8676765729910269,46.727554725586394,-0.6805605120069345,-0.8364937309626902
2023-07-06,14.850000381469728,17.079999923706055,14.789999961853027,15.4399995803833,0,0.08885749281314292,0.04435532985339139,0.03820759384195337,13.906499910354615,15.913000011444092,0.8739081191700829,60.985911141736146,-0.5027994335453947,-0.769754871479231
2023-07-07,15.970000267028809,16.059999465942383,14.329999923706056,14.829999923706056,0,-0.03950775085850755,0.04549244080480999,0.049065461342437326,13.950999927520751,15.834400005340576,0.8810564292183728,52.32722085052145,-0.4064589665250473,-0.6970956904883944
2023-07-10,16.079999923706055,16.209999084472656,15.039999961853027,15.06999969482422,0,0.01618339665224955,0.04517881433197173,0.04838514218176552,14.021999931335449,15.758999996185302,0.889777265989573,62.009417272045276,-0.3072012517444094,-0.6191168027395975
2023-07-11,15.020000457763672,15.25,14.630000114440918,14.84000015258789,0,-0.015262080085862495,0.045385313978441165,0.05039482495188265,14.07249994277954,15.71519998550415,0.895470624348411,57.66773282186322,-0.24428190875570444,-0.5441498239428189
2023-07-12,14.81999969482422,14.81999969482422,13.510000228881836,13.539999961853027,0,-0.0876010901191373,0.0456478029107709,0.06585323560943109,13.9989999294281,15.670399990081787,0.8933403064560215,52.47093164288996,-0.2959060067148478,-0.49450106049722464
2023-07-13,13.4399995803833,13.609999656677246,13.119999885559082,13.609999656677246,0,0.005169844536294876,0.045376060365819364,0.04131379402746784,13.948999929428101,15.62099998474121,0.8929645952918289,55.25525469623821,-0.32739606784540953,-0.46108006196686163
2023-07-14,13.720000267028809,13.760000228881836,13.220000267028809,13.34000015258789,0,-0.019838318214570272,0.04420439636285648,0.040418984167604866,13.92199993133545,15.532199974060058,0.896331489073424,49.21875430736781,-0.3698751808198395,-0.4428390857374572
2023-07-17,13.779999732971191,14.0,13.43000030517578,13.479999542236328,0,0.010494706750155292,0.04298779598927392,0.039197978035621986,13.870999908447265,15.434999961853027,0.8986718459817866,43.28097054459986,-0.3877733928840339,-0.43182594716677264
2023-07-18,13.609999656677246,13.670000076293944,13.289999961853027,13.300000190734863,0,-0.013353068072256224,0.04043072875973841,0.039282007079897666,13.858999919891357,15.299199962615967,0.9058643558981005,45.92592736494154,-0.4117360612263674,-0.42780796997869164
2023-07-19,13.31999969482422,13.84000015258789,13.119999885559082,13.760000228881836,0,0.03458646853760361,0.040795809912973637,0.02148689743450548,13.852999925613403,15.230599956512451,0.9095505078701775,52.972973716035874,-0.3891229229959414,-0.42007096058214155
2023-07-20,13.960000038146973,14.229999542236328,13.579999923706056,13.989999771118164,0,0.016715082733324893,0.03922832566647199,0.022326958064157014,13.892499923706055,15.170799961090088,0.9157394441517518,53.96825423523272,-0.3486240857082823,-0.40578158560736965
2023-07-21,13.869999885559082,13.890000343322754,13.369999885559082,13.600000381469728,0,-0.02787701186768954,0.039452900052049086,0.024782026490467363,13.926999950408936,15.08859998703003,0.9230147238564486,50.08319662935435,-0.3440323658029172,-0.3934317416464792
2023-07-24,14.289999961853027,14.300000190734863,13.729999542236328,13.90999984741211,0,0.022794077738759633,0.03873918784820101,0.026146659113200542,13.950499963760375,15.027999973297119,0.9283005049606516,52.69841587012096,-0.31178496556481683,-0.37710238643014676
2023-07-25,14.020000457763672,14.09000015258789,13.81999969482422,13.859999656677246,0,-0.003594550056315482,0.03627467654955048,0.02460627022955157,13.930999946594238,14.966599960327148,0.9308059267650611,47.21253547829385,-0.28695542258145146,-0.35907299366040774
2023-07-26,13.859999656677246,14.15999984741211,13.149999618530272,13.1899995803833,0,-0.04834055504259438,0.03701360570494071,0.03000398370594957,13.903499937057495,14.889799938201904,0.9337600232885658,28.155322007006447,-0.31767922920674785,-0.3507942407696758
2023-07-27,13.140000343322754,15.020000457763672,12.739999771118164,14.40999984741211,0,0.09249433706148413,0.04213632654696303,0.05465783719973864,13.952499914169312,14.835599918365478,0.9404742639963655,46.354163734723386,-0.24080835293416492,-0.3287970632025737
2023-07-28,14.029999732971191,14.18000030517578,13.270000457763672,13.329999923706056,0,-0.07494794830966012,0.045690095450245674,0.06522041522267678,13.941999912261963,14.742399921417237,0.9457076179304782,36.8181766951353,-0.26399146825345987,-0.31583594421275096
2023-07-31,13.979999542236328,14.09000015258789,13.56999969482422,13.630000114440918,0,0.022505640844104002,0.04595849524200068,0.06519277139631029,13.943999910354615,14.677599906921387,0.9500190766052401,40.929531159498296,-0.2552147887640466,-0.3037117131230101
2023-08-01,13.75,14.300000190734863,13.75,13.93000030517578,0,0.022010285268964314,0.04618742503315213,0.06607288739528086,13.961999940872193,14.635199928283692,0.9540013125402895,53.43915815577797,-0.22149840313663738,-0.2872690511257356
2023-08-02,15.699999809265137,16.479999542236328,14.949999809265137,16.09000015258789,0,0.15506100503167608,0.056864543786799934,0.08628261983816299,14.057499933242799,14.620799942016601,0.961472695679597,65.97939005870384,-0.02025055302944878,-0.23386535150647822
2023-08-03,16.770000457763672,17.420000076293945,15.720000267028809,15.920000076293944,0,-0.010565573317698473,0.05366374264748645,0.08390710015557597,14.08149995803833,14.594999961853027,0.9648167177007995,66.84073510132481,0.12409177989181863,-0.16227392522681883
2023-08-04,16.010000228881836,17.389999389648438,14.56999969482422,17.100000381469727,0,0.07412062182919787,0.05494229432722421,0.06479329051910827,14.194999980926514,14.566399955749512,0.9745029673803236,70.80460526099439,0.3298974294037933,-0.06383965430069638
2023-08-07,16.899999618530273,17.360000610351562,15.770000457763672,15.770000457763672,0,-0.07777777158106369,0.05817620207245379,0.08786255806827861,14.230000019073486,14.481199951171876,0.9826533758980338,62.538073149825735,0.3812847970231896,0.025185235964080854
2023-08-08,16.280000686645508,18.13999938964844,15.960000038146973,15.989999771118164,0,0.013950495051900047,0.058037927892895184,0.08817808424960619,14.2875,14.418199958801269,0.9909350710092291,61.602496582749275,0.43475023201227003,0.10709823517371872
2023-08-09,15.8100004196167,16.8700008392334,15.380000114440918,15.960000038146973,0,-0.0018761559349974588,0.05382868028612061,0.0544336587842455,14.408500003814698,14.37839994430542,1.0020934220515405,60.46759032214028,0.46929154588906385,0.1795368973167878
2023-08-10,15.579999923706056,16.860000610351562,14.600000381469728,15.850000381469728,0,-0.006892209048516729,0.05394821000920183,0.0542872499725394,14.520500040054321,14.346199970245362,1.0121495636593987,62.32201646670841,0.48223087564860556,0.24007569298315137
2023-08-11,15.529999732971191,16.510000228881836,14.84000015258789,14.84000015258789,0,-0.0637224103831967,0.05603426465325961,0.04074016415491416,14.595500040054322,14.284199962615967,1.0217933155691659,54.730418679520994,0.40630319978703255,0.27332119434392765
2023-08-14,15.880000114440918,16.059999465942383,14.770000457763672,14.81999969482422,0,-0.0013477397276294711,0.05605561432883979,0.029961165770673974,14.662500047683716,14.267599964141846,1.0276781017504244,54.897959282973176,0.3405899904466825,0.28677495356447863
2023-08-15,14.949999809265137,16.56999969482422,14.90999984741211,16.459999084472656,0,0.11066122965044278,0.06046484903559603,0.06341945636074717,14.820499992370605,14.304799938201905,1.0360508400254862,65.18105689256411,0.41605007699874186,0.3126299782513313
2023-08-16,16.540000915527344,16.93000030517578,15.800000190734863,16.780000686645508,0,0.019441167677507476,0.06026684801158901,0.06335944774410128,14.971500015258789,14.345799961090087,1.043615556878374,62.00608225792956,0.4959571093482058,0.34929540447070623
2023-08-17,16.959999084472656,18.1299991607666,16.399999618530273,17.889999389648438,0,0.06615009878315026,0.06148731592376977,0.06637074416567956,15.166499996185303,14.424399948120117,1.0514475507289232,73.0303012204527,0.6414573063362159,0.4077277848438083
2023-08-18,17.799999237060547,18.8799991607666,17.139999389648438,17.299999237060547,0,-0.03297932770916012,0.06168098244230835,0.056668302175209136,15.351499938964844,14.491599941253662,1.0593378233733377,68.00784727059616,0.7010775931564375,0.46639774650633414
2023-08-21,18.030000686645508,18.11000061035156,16.8799991607666,17.1299991607666,0,-0.009826594438788527,0.061863253088077885,0.05804035259980834,15.512499904632568,14.561199932098388,1.0653311524441853,65.90456772102351,0.7262378961954781,0.518365776444163
2023-08-22,16.959999084472656,17.579999923706055,16.610000610351562,16.969999313354492,0,-0.009340330137234454,0.06195386568235555,0.038083856673566785,15.667999887466431,14.623999919891357,1.0713894948915474,55.45905222751595,0.7249106483989411,0.5596747508351186
2023-08-23,16.639999389648438,17.100000381469727,15.90999984741211,15.979999542236328,0,-0.058338232832990555,0.06250373179309483,0.04652289006027383,15.807499885559082,14.643399906158447,1.0794965641081113,50.33783486268485,0.6366353511654577,0.5750668709011865
2023-08-24,15.56999969482422,17.31999969482422,15.479999542236328,17.200000762939453,0,0.07634551036616566,0.0614977374055218,0.05067132380648853,15.94699993133545,14.695199928283692,1.0851842784828283,50.56054025008078,0.657540724486875,0.5915616416183241
2023-08-25,17.209999084472656,17.360000610351562,15.449999809265137,15.68000030517578,0,-0.0883721157175058,0.0625452797313157,0.062494466987639226,16.064499950408937,14.731199932098388,1.0905085820881006,49.50603651724443,0.5451726388688147,0.5822838410684222
2023-08-28,16.239999771118164,16.280000686645508,15.0,15.079999923706056,0,-0.03826532970612695,0.06337441300141003,0.06286828839555282,16.136999940872194,14.74279993057251,1.0945681971447294,45.20548110398686,0.4030588930523056,0.5464388514651989
2023-08-29,15.079999923706056,15.300000190734863,14.34000015258789,14.449999809265137,0,-0.04177719612919539,0.06417513041590413,0.06270309351061278,16.16299991607666,14.760999927520752,1.0949800145952164,42.51734429828583,0.23686653158194915,0.4845243874885489
2023-08-30,14.529999732971191,14.699999809265137,13.829999923706056,13.880000114440918,0,-0.03944634618325349,0.0539604748422247,0.06112402848519591,16.05249991416931,14.760999927520752,1.0874940717424337,40.663507700218,0.05848944615244989,0.39931739922132914
2023-08-31,13.979999542236328,14.0,13.4399995803833,13.56999969482422,0,-0.02233432399573032,0.0540770071941945,0.02488001385258003,15.934999895095824,14.768399925231934,1.0789929833814118,43.55329866671521,-0.10666060520649268,0.2981217983357648
2023-09-01,13.5600004196167,13.5600004196167,13.020000457763672,13.09000015258789,0,-0.03537211149823449,0.050927605288824805,0.007680441075257768,15.734499883651733,14.771999931335449,1.065157050960619,41.610090631422956,-0.2731267273874085,0.18387209319113013
2023-09-05,14.149999618530272,14.470000267028809,13.699999809265137,14.010000228881836,0,0.07028266352709411,0.05162771783081747,0.04756185100667907,15.646499872207642,14.78339994430542,1.0583830466032063,37.22628608274231,-0.32704602811097416,0.08168846893070925
2023-09-06,14.270000457763672,15.300000190734863,14.130000114440918,14.449999809265137,0,0.03140610800820931,0.05210411477156356,0.04803098973393738,15.56949987411499,14.787399940490722,1.0528896179701428,38.00205526144868,-0.3304637926004439,-0.0007419833755214048
2023-09-07,14.8100004196167,15.6899995803833,14.399999618530272,14.399999618530272,0,-0.003460220857775087,0.05210227207005028,0.04289396658467953,15.491499853134155,14.800599937438966,1.0466805344793841,29.82659447702494,-0.33336417836904353,-0.06726642237422585
2023-09-08,14.220000267028809,14.869999885559082,13.579999923706056,13.84000015258789,0,-0.038888852831757026,0.05268824129449976,0.04633198044660646,15.390999841690064,14.808799934387206,1.0393144555860292,29.930401695991222,-0.37650986047523993,-0.12911510999442868
2023-09-11,14.170000076293944,14.329999923706056,13.739999771118164,13.800000190734863,0,-0.0028901706222559387,0.050872356755749235,0.04129574940933616,15.338999843597412,14.813999938964844,1.0354394428780627,30.388700319497715,-0.40921362705412356,-0.18513481340636767
2023-09-12,14.020000457763672,14.420000076293944,13.710000038146973,14.229999542236328,0,0.031159372866542467,0.051424635819920836,0.02928258668625769,15.309499835968017,14.826799926757813,1.0325559063044398,34.36073230863427,-0.39587089046989554,-0.22728202881907328
2023-09-13,14.420000076293944,14.68000030517578,13.40999984741211,13.479999542236328,0,-0.052705553346921175,0.04541275489434119,0.03312624475883048,15.160499858856202,14.824999923706054,1.0226306871417694,35.32863928591736,-0.4407348901207726,-0.2699726010794132
2023-09-14,13.390000343322754,13.460000038146973,12.789999961853027,12.81999969482422,0,-0.04896141467543502,0.045735802174763425,0.035864470632826176,14.962499809265136,14.797799911499023,1.011130026000563,22.48742731227709,-0.5235116880439818,-0.3206804184723269
2023-09-15,12.699999809265137,14.170000076293944,12.68000030517578,13.789999961853027,0,0.07566304915127442,0.04663610491765528,0.05449363676018292,14.757499837875367,14.764799919128418,0.9995055753350512,37.24695934219371,-0.5050204208072309,-0.3575484189393077
2023-09-18,14.399999618530272,14.75,13.859999656677246,14.0,0,0.015228429204342975,0.04673525801141661,0.0548172042384973,14.59249987602234,14.748199920654297,0.9894427763747692,42.30769126268406,-0.4680256024555174,-0.3796438556425497
2023-09-19,14.109999656677246,14.880000114440918,13.859999656677246,14.109999656677246,0,0.007857118334088975,0.04689565216390239,0.05289595559632552,14.44149990081787,14.728999919891358,0.9804806829630557,47.384613443407915,-0.4249325316762995,-0.3887015908492997
2023-09-20,14.18000030517578,15.149999618530272,13.56999969482422,15.140000343322754,0,0.07299792428826057,0.05031755164406362,0.05179096683516691,14.349999952316285,14.734999923706054,0.9738717357731118,59.05172697287289,-0.3041623213712743,-0.37179373695369466
2023-09-21,15.489999771118164,17.540000915527344,15.100000381469728,17.540000915527344,0,0.15852050976095722,0.06044929462160665,0.0605407363228738,14.428000020980836,14.814999942779542,0.9738778317047972,71.93371025074576,-0.0146225118524832,-0.3003594919334524
2023-09-22,17.309999465942383,17.40999984741211,15.93000030517578,17.200000762939453,0,-0.019384272225830057,0.058369411124748014,0.07081874046657632,14.428000020980836,14.886799964904785,0.9691807544263671,73.06397688404734,0.1852690362746312,-0.20323378629183567
2023-09-25,17.25,18.40999984741211,16.790000915527344,16.899999618530273,0,-0.017441926226863136,0.05465398426338705,0.0758187079790846,14.48899998664856,14.957999954223633,0.9686455429194835,67.43063371823887,0.3158361802814724,-0.09941979297717404
2023-09-26,18.030000686645508,19.5,17.170000076293945,18.940000534057617,0,0.12071011606950299,0.059370650784533296,0.08033153677061938,14.682000017166137,15.067199974060058,0.9744345361077648,72.69969516178662,0.5772682187872302,0.03591780937570684
2023-09-27,18.290000915527344,19.709999084472656,18.030000686645508,18.21999931335449,0,-0.038014846906072375,0.05919345510492432,0.0914737167180115,14.870499992370606,15.165599956512452,0.9805414909408102,68.08711414809726,0.718079339967419,0.17235011549404933
2023-09-28,18.21999931335449,18.770000457763672,17.059999465942383,17.34000015258789,0,-0.04829852875579399,0.05963960609298505,0.06897028152351051,15.043499994277955,15.237199954986572,0.9872876931929199,66.08455442472331,0.7500188398626282,0.28788386036776514
2023-09-29,16.8700008392334,17.739999771118164,15.829999923706056,17.520000457763672,0,0.010380640345549086,0.059071076621688125,0.0682116955815389,15.241000032424926,15.307799968719483,0.9956362157572572,66.87839903227183,0.7808544400240329,0.38647797629901876
2023-10-02,17.309999465942383,18.549999237060547,16.93000030517578,17.610000610351562,0,0.0051369948765045415,0.057957220300336926,0.06705346004909775,15.467000055313111,15.38799997329712,1.005133875887255,65.82396893380324,0.8032942592740397,0.4698412328940231
2023-10-03,17.809999465942383,20.479999542236328,17.520000457763672,19.780000686645508,0,0.1232254401523627,0.06163691104054701,0.06809323992505636,15.755500078201294,15.505399990081788,1.0161298701277932,76.03305355218339,0.9848263829004935,0.5728382628953173
2023-10-04,20.71999931335449,20.8799991607666,18.299999237060547,18.57999992370605,0,-0.06066737721347193,0.0640611525623773,0.07272310170342669,15.96200008392334,15.599799995422364,1.0232182520677995,72.7848018176542,1.0201027564143637,0.6622911615991266
2023-10-05,18.670000076293945,19.57999992370605,18.26000022888184,18.489999771118164,0,-0.004843926423974687,0.0640823234261452,0.06698893810530186,16.166500091552734,15.70579999923706,1.0293331184873138,69.98298389483182,1.0289363388023887,0.7356201970397791
2023-10-06,18.729999542236328,19.93000030517578,17.190000534057617,17.450000762939453,0,-0.05624656684978524,0.06495418183976989,0.07427961417188735,16.347000122070312,15.766600017547608,1.0368120015651276,63.701348990453866,0.9411685825986638,0.7767298741515561
2023-10-09,19.540000915527344,19.600000381469727,17.559999465942383,17.700000762939453,0,0.01432664693808805,0.0648385201972314,0.0745109740594636,16.542000150680543,15.854000034332275,1.0433959956388537,64.10054945256641,0.8816221230931944,0.7977083239398839
2023-10-10,17.700000762939453,17.860000610351562,16.510000228881836,17.030000686645508,0,-0.03785311002340763,0.06573168928073035,0.03272718212036729,16.682000207901,15.922000045776366,1.0477327069425704,57.63944938546618,0.7714746387837756,0.7924615869086623
2023-10-11,16.950000762939453,17.780000686645508,16.09000015258789,16.09000015258789,0,-0.05519674081955506,0.06586095915226564,0.031473627332540215,16.81250023841858,15.965200042724609,1.053071693021478,43.354719174039644,0.6013992208526098,0.7542491136974518
2023-10-12,16.079999923706055,18.07999992370605,15.4399995803833,16.690000534057617,0,0.03729026574143468,0.06454870700011123,0.04280996966117374,17.00600028038025,15.977200050354003,1.0643917724497323,47.7170991440157,0.5091589754585115,0.7052310860496639
2023-10-13,16.530000686645508,20.780000686645508,16.5,19.31999969482422,0,0.15757933352966802,0.07087786179592447,0.08397708644541305,17.28250026702881,16.04520004272461,1.0771134184061002,58.9629619792003,0.6408890982968423,0.6923626884990997
2023-10-16,19.100000381469727,19.56999969482422,17.139999389648438,17.209999084472656,0,-0.10921328383441054,0.07649076975071938,0.10322058528099096,17.44300022125244,16.047400016784668,1.086967371848901,43.62564021618115,0.5684737430190907,0.667584899403098
2023-10-17,17.40999984741211,18.540000915527344,16.969999313354492,17.8799991607666,0,0.03893086065869911,0.07669519804701593,0.10216241633765187,17.63150019645691,16.089599990844725,1.0958321031280798,48.74260302856481,0.558707032086815,0.6458093259398414
2023-10-18,18.36000061035156,20.149999618530277,17.8799991607666,19.21999931335449,0,0.07494408364001481,0.07677438861423751,0.09659067566613977,17.835500144958495,16.15419998168945,1.1040782066072459,56.72388757449812,0.651582617949316,0.6469639843417364
2023-10-19,19.729999542236328,21.399999618530277,18.549999237060547,21.399999618530277,0,0.11342353709976849,0.07289199558295137,0.10192856240207485,18.028500080108643,16.26299997329712,1.1085593131470435,62.14017149187235,0.8908261056567639,0.695736408604742
2023-10-20,21.59000015258789,21.82999992370605,20.420000076293945,21.709999084472656,0,0.01448595661066987,0.07250615301562986,0.08458647716016467,18.253999996185303,16.380199947357177,1.114394210989497,62.65431568219618,1.0928450223043598,0.7751581313446656
2023-10-23,21.82999992370605,23.07999992370605,19.479999542236328,20.3700008392334,0,-0.06172263020488311,0.07417786346674511,0.06620460981849709,18.42750005722046,16.490799961090087,1.1174412460705363,51.9193239869521,1.1317734300598374,0.8464811910877001
2023-10-24,20.030000686645508,20.239999771118164,18.649999618530277,18.96999931335449,0,-0.06872859441333223,0.07160522990412965,0.0808953645349947,18.428999996185304,16.573799953460693,1.111935708644609,51.25240654236519,1.0376941585154178,0.8847237845732436
2023-10-25,19.38999938964844,21.239999771118164,18.86000061035156,20.190000534057617,0,0.06431213836914962,0.07221513277244529,0.07902686089332807,18.527500057220458,16.648399982452393,1.1128697098068678,55.08982241100278,1.0494817877772675,0.9176753852140486
2023-10-26,21.780000686645508,21.959999084472656,20.21999931335449,20.68000030517578,0,0.024269428338627552,0.07107473244957978,0.05770231490696183,18.694500064849855,16.726399974822996,1.117664296739842,59.999997637958565,1.0858455042650412,0.9513094090242472
2023-10-27,20.38999938964844,22.06999969482422,19.71999931335449,21.270000457763672,0,0.02852998761514658,0.07117961874238553,0.059238353065266196,18.882000064849855,16.793999996185303,1.1243301220161268,60.82474024088804,1.1490268270272566,0.9908528926248492
2023-10-30,21.1299991607666,21.15999984741211,19.549999237060547,19.75,0,-0.07146217325109949,0.07359378964537701,0.06177165281285339,18.989000034332275,16.84300001144409,1.1274119825108395,57.84313434321601,1.0641799427939773,1.005518302658675
2023-10-31,19.86000061035156,19.86000061035156,17.969999313354492,18.13999938964844,0,-0.08151901824564856,0.07095433264692963,0.06525695911955495,18.90699996948242,16.86320001602173,1.1211988205986336,55.69127982760367,0.8571439598162804,0.975843434090196
2023-11-01,18.020000457763672,18.420000076293945,16.6299991607666,16.8700008392334,0,-0.07001094780299522,0.07139058199195666,0.05537052032218728,18.82150001525879,16.861200046539306,1.1162609994133736,50.481799524183906,0.5838578328369266,0.8974463138395421
2023-11-02,16.59000015258789,16.6200008392334,15.579999923706056,15.65999984741211,0,-0.07172501076628712,0.07305632493545447,0.04593757075040034,18.680000019073486,16.854800052642823,1.1082896243639788,39.39745250746695,0.26656682422819244,0.7712704159172722
2023-11-03,15.699999809265137,15.829999923706056,14.90999984741211,14.90999984741211,0,-0.047892720773170416,0.07277593998074126,0.012405749745264203,18.55299997329712,16.809000034332275,1.1037539374979317,42.767298690767234,-0.044889855727120676,0.6080383615883936
2023-11-06,15.390000343322754,15.579999923706056,14.84000015258789,14.890000343322754,0,-0.0013413483765277734,0.07263704739335368,0.03215904305873213,18.412499952316285,16.793200035095214,1.0964259291759153,40.19672580176646,-0.28999245880206104,0.4284321975103027
2023-11-07,15.100000381469728,15.170000076293944,14.710000038146973,14.8100004196167,0,-0.005372728130387805,0.07225288768082022,0.03413316771440947,18.301499938964845,16.787800045013427,1.0901666620934671,34.238746728859795,-0.48510141570853094,0.24572547486653593
2023-11-08,14.90999984741211,15.09000015258789,14.300000190734863,14.449999809265137,0,-0.02430794059092134,0.07143819595228564,0.02967012174470105,18.219499921798707,16.787800045013427,1.085282161626088,21.44618232919221,-0.6611543347292965,0.06434951294736939
2023-11-09,14.609999656677246,15.56999969482422,14.130000114440918,15.289999961853027,0,0.058131499216304006,0.0722043736643669,0.03939586495178911,18.149499893188477,16.81600004196167,1.0792994676438672,24.724416319482984,-0.7245444518783906,-0.09342928001778265
2023-11-10,15.09000015258789,15.449999809265137,14.15999984741211,14.170000076293944,0,-0.07325048321473959,0.06325934755310851,0.04727749859789759,17.891999912261962,16.828000049591065,1.0632279450639028,25.16026003512701,-0.8552968769614147,-0.24580279940650912
2023-11-13,15.15999984741211,15.1899995803833,14.579999923706056,14.760000228881836,0,0.04163727236494141,0.060160835980834534,0.05266950967057097,17.76949996948242,16.861400051116945,1.0538567328698971,31.96230347529651,-0.90092572345009,-0.3768273842152254
2023-11-14,14.829999923706056,14.859999656677246,13.90999984741211,14.15999984741211,0,-0.04065043171853533,0.0596670596835801,0.05573682020506551,17.5835000038147,16.86440004348755,1.0426401151818525,22.714931845521008,-0.9742711381843865,-0.49631613500905764
2023-11-15,14.210000038146973,14.350000381469728,13.970000267028809,14.18000030517578,0,0.0014124617216946245,0.05633558812608612,0.055001503454868136,17.33150005340576,16.85900005340576,1.0280265732548324,19.281668832414383,-1.0190372113519395,-0.6008603502776341
2023-11-16,14.119999885559082,14.420000076293944,13.68000030517578,14.31999969482422,0,0.00987301739319002,0.04822229195817745,0.04502098837492045,16.97750005722046,16.85740005493164,1.0071244677054267,15.695952467295498,-1.031329343447421,-0.6869541489115916
2023-11-17,14.18000030517578,14.1899995803833,13.670000076293944,13.800000190734863,0,-0.03631281530524788,0.047713790035094385,0.03423676035948194,16.58200011253357,16.85660005569458,0.983709648312606,17.415116458465207,-1.0706883322422058,-0.7637009855777145
2023-11-20,14.260000228881836,14.3100004196167,13.390000343322754,13.40999984741211,0,-0.028260894053073637,0.046799926073893175,0.022936506737599584,16.234000062942506,16.848800048828124,0.963510755418551,20.101140117064446,-1.1204347088878865,-0.8350477302397489
2023-11-21,13.449999809265137,14.3100004196167,13.130000114440918,13.350000381469728,0,-0.004474233156233742,0.04543790903460094,0.019808385442599247,15.953000116348267,16.831200065612794,0.947823093668838,23.73134285868828,-1.1514275857779062,-0.8983237013473804
2023-11-22,13.079999923706056,13.25,12.81999969482422,12.850000381469728,0,-0.03745318245039286,0.04144382596545624,0.021036495453956278,15.586000108718872,16.81860008239746,0.9267120944882541,26.544243962317964,-1.2024741122783151,-0.9591537835335675
2023-11-24,13.029999732971191,13.170000076293944,12.449999809265137,12.460000038146973,0,-0.030350220369265823,0.04004442234048175,0.013374752881614898,15.175000095367432,16.811400089263916,0.9026612902430702,28.241565191260847,-1.2598755594336897,-1.019298138713592
2023-11-27,13.140000343322754,13.279999732971191,12.640000343322754,12.6899995803833,0,0.018459032225695893,0.03940413022354395,0.023107903009158645,14.746000051498413,16.789400081634522,0.8782922546249089,31.16437752176634,-1.2721431051527112,-1.069867132001416
2023-11-28,12.779999732971191,14.300000190734863,12.5600004196167,12.6899995803833,0,0.0,0.03816535665945375,0.02294200821226721,14.393000030517578,16.76320007324219,0.8586069466230389,31.59721566847105,-1.2672570728225665,-1.1093451201656461
2023-11-29,12.710000038146973,13.100000381469728,12.479999542236328,12.979999542236328,0,0.02285263762351275,0.036582064733223965,0.02759752382928038,14.135000038146973,16.74060007095337,0.8443544423877986,37.08259775539578,-1.2258534086802193,-1.1326467778685607
2023-11-30,13.06999969482422,13.390000343322754,12.81999969482422,12.920000076293944,0,-0.004622455166284789,0.03435027645854434,0.021198144467774117,13.9375,16.696200065612793,0.8347707828864267,25.86557617577293,-1.1842310832458036,-1.1429636389440094
2023-12-01,12.9399995803833,12.960000038146973,12.479999542236328,12.630000114440918,0,-0.022445817348339392,0.03154509180961474,0.018354739522355328,13.78600001335144,16.598000049591064,0.8305819961538736,31.12744668363183,-1.1612593883866502,-1.1466227888325375
2023-12-04,13.279999732971191,13.699999809265137,12.979999542236328,13.079999923706056,0,0.0356294382571396,0.03182240776173954,0.02301910248405855,13.694500017166138,16.515600032806397,0.8291857389355242,28.680191741855324,-1.094130475853209,-1.1361243262366718
2023-12-05,13.260000228881836,13.760000228881836,12.8100004196167,12.850000381469728,0,-0.01758406296467019,0.03190328080968251,0.025435352619444646,13.592500019073487,16.434600048065185,0.827066066671559,31.652657173371736,-1.0474154169714662,-1.1183825443836308
2023-12-06,12.779999732971191,13.029999732971191,12.640000343322754,12.970000267028809,0,0.009338512217643702,0.03210817573405351,0.023404197470422734,13.500500011444093,16.31520004272461,0.8274798945823734,33.51497334777103,-0.9893063011423511,-1.092567295735375
2023-12-07,13.170000076293944,13.279999732971191,12.949999809265137,13.0600004196167,0,0.00693910182998847,0.03193629962457352,0.023396668347445842,13.43100004196167,16.212000064849853,0.828460398978296,32.59668537397356,-0.9253255708573427,-1.0591189507597685
2023-12-08,13.140000343322754,13.239999771118164,12.350000381469728,12.350000381469728,0,-0.05436447284339441,0.030172208291134442,0.03387173888674926,13.284000062942505,16.11220006942749,0.8244684155920192,30.97112368159482,-0.9212913770006725,-1.0315534360079492
2023-12-11,13.050000190734863,13.140000343322754,12.609999656677246,12.630000114440918,0,0.022672042455262442,0.02708510942808509,0.030398562566943475,13.207000064849854,16.014400062561034,0.8246952750809312,39.459457090946294,-0.8852954757420406,-1.0023018439547675
2023-12-12,12.6899995803833,12.739999771118164,11.8100004196167,12.06999969482422,0,-0.044338908514846564,0.0260314930970707,0.0348450629313168,13.072500038146973,15.903600044250489,0.8219837019148993,34.76189243549865,-0.8916771196171833,-0.9801768990872507
2023-12-13,12.199999809265137,12.460000038146973,11.81999969482422,12.1899995803833,0,0.009941995740939236,0.025312177721322576,0.034938161186992944,12.974000024795533,15.751800022125245,0.8236519005175302,41.36124321224574,-0.8769427799919463,-0.9595300752681899
2023-12-14,11.960000038146973,12.739999771118164,11.84000015258789,12.479999542236328,0,0.023789989486111995,0.026190143539127485,0.037889365393548424,12.88899998664856,15.62980001449585,0.824642668152802,50.26881065736646,-0.8322712317047873,-0.9340783065555094
2023-12-15,12.119999885559082,12.539999961853027,12.010000228881836,12.279999732971191,0,-0.016025626330215204,0.02600175106531109,0.029148116458537286,12.786999988555909,15.50560001373291,0.8246697952501544,44.44444444444443,-0.8037419837094468,-0.9080110419862969
2023-12-18,12.619999885559082,12.640000343322754,12.399999618530272,12.5600004196167,0,0.022801359343169958,0.025893465760809926,0.02917418709552067,12.725,15.407800006866456,0.8258803978718006,48.362730689533066,-0.7498943188671952,-0.8763876973624766
2023-12-19,12.600000381469728,12.600000381469728,12.329999923706056,12.529999732971191,0,-0.0023885896212750835,0.025276252572640535,0.017004568013351835,12.680999994277954,15.30439998626709,0.8285852438290192,43.93531260595488,-0.7015533904312594,-0.8414208359762332
2023-12-20,12.630000114440918,13.93000030517578,12.289999961853027,13.670000076293944,0,0.09098167339325469,0.032870701147381,0.0411894777775494,12.696999979019164,15.237199974060058,0.833289580804521,57.828808524532725,-0.5647443348909604,-0.7860855357591786
2023-12-21,13.399999618530272,14.489999771118164,13.34000015258789,13.649999618530272,0,-0.0014630912693524012,0.03157451422855563,0.042715853380591244,12.736999940872192,15.188399963378906,0.8386005090452359,61.28317683162906,-0.4527173981508952,-0.719411908237522
2023-12-22,13.720000267028809,13.960000038146973,13.0,13.029999732971191,0,-0.045421238306659895,0.032588240479029265,0.05009039533013907,12.765499925613403,15.115199947357178,0.8445472087747931,49.46694909515855,-0.4092465138190793,-0.6573788293538335
2023-12-26,13.770000457763672,13.800000190734863,12.960000038146973,12.989999771118164,0,-0.003069835968746104,0.03239660652545709,0.05014835608399747,12.780499935150146,14.988599948883056,0.8526813697567893,51.55554811454427,-0.3737152308713849,-0.6006461096573439
2023-12-27,13.020000457763672,13.039999961853027,12.369999885559082,12.43000030517578,0,-0.0431100443271355,0.033911678859889514,0.055249268868319344,12.767499971389771,14.892999973297119,0.8572819441537413,44.5344149875858,-0.3862907901656456,-0.5577750457590043
2023-12-28,12.4399995803833,12.649999618530272,12.380000114440918,12.470000267028809,0,0.0032180177691849554,0.0334816999953988,0.024129946805924098,12.742000007629395,14.784799995422363,0.8618310705301759,43.96728020348166,-0.3885503819416396,-0.5239301129955314
2023-12-29,12.550000190734863,13.1899995803833,12.359999656677246,12.449999809265137,0,-0.001603885913022296,0.03347357296287645,0.02410593928744131,12.718499994277954,14.649400005340576,0.8681925532541473,51.19046889195122,-0.3874882709103442,-0.49664174457849397
2024-01-02,13.220000267028809,14.229999542236328,13.100000381469728,13.199999809265137,0,0.06024096477831753,0.03575617283194849,0.036948136824194254,12.746999979019165,14.485400009155274,0.8799895046710908,56.10277786627001,-0.32241125205778687,-0.46179564607435264
2024-01-03,13.350000381469728,14.220000267028809,13.329999923706056,14.039999961853027,0,0.06363637611557316,0.03760958287274121,0.04525656378642077,12.794999980926514,14.33200002670288,0.8927574628165865,69.89898569546818,-0.20074222224255678,-0.40958496130799343
2024-01-04,13.93000030517578,14.199999809265137,13.640000343322754,14.130000114440918,0,0.006410267295756666,0.037258860256264924,0.03260739184721201,12.858999967575073,14.207200012207032,0.9051044510196544,69.7154446330255,-0.09595032377925428,-0.3468580338022456
2024-01-05,14.239999771118164,14.579999923706056,13.289999961853027,13.350000381469728,0,-0.055201679168708995,0.039620702966701025,0.04921770370139332,12.877999973297118,14.094800033569335,0.9136702856816566,58.04067058266487,-0.07497715896634283,-0.29248185883506506
2024-01-08,14.0,14.18000030517578,13.020000457763672,13.079999923706056,0,-0.020224752812624813,0.039913559737311706,0.051414905445145896,12.878999948501587,13.952600021362304,0.9230537626523395,57.29926861217304,-0.07922924972978151,-0.24983133701400834
2024-01-09,13.199999809265137,13.449999809265137,12.739999771118164,12.760000228881836,0,-0.024464808615499822,0.038263496345638,0.04462995845187027,12.899499940872193,13.794200019836426,0.9351394007860093,51.81159201201215,-0.10718480362181637,-0.22130203033556997
2024-01-10,12.859999656677246,12.949999809265137,12.670000076293944,12.6899995803833,0,-0.00548594414129322,0.03799226773112102,0.0232760060485331,12.902499914169312,13.622600002288818,0.9471393061531193,51.43884719328229,-0.1334499211824447,-0.20373160850494493
2024-01-11,12.640000343322754,13.3100004196167,12.350000381469728,12.4399995803833,0,-0.019700552266877946,0.036829450215015554,0.018331067575653507,12.920999908447266,13.476399993896484,0.9587872068430173,36.830832712696406,-0.17245022786177167,-0.1974753323763103
2024-01-12,12.65999984741211,13.079999923706056,12.470000267028809,12.699999809265137,0,0.020900340647264315,0.03703253778054485,0.018593512941358865,12.946499919891357,13.367600002288818,0.9684984528018972,40.32586910113202,-0.18030001993207634,-0.19404026988746353
2024-01-16,14.119999885559082,14.350000381469728,13.520000457763672,13.84000015258789,0,0.08976380790896399,0.041660061975017176,0.04681502493227423,13.014499950408936,13.306999988555908,0.9780190848126157,57.45856567064803,-0.09345524251489046,-0.17392326441294895
2024-01-17,14.59000015258789,15.399999618530272,14.380000114440918,14.789999961853027,0,0.06864160395890595,0.0435635195673743,0.047100142159257306,13.139999961853027,13.289599990844726,0.988743075104235,64.1955826234553,0.05143401508969525,-0.12885180851242012
2024-01-18,14.850000381469728,14.890000343322754,13.890000343322754,14.130000114440918,0,-0.04462473624843866,0.04512005596697511,0.05688016497004995,13.218499946594239,13.273999996185303,0.9958188903414936,63.198753234014006,0.11171553660924793,-0.0807383394880865
2024-01-19,13.800000190734863,14.579999923706056,13.279999732971191,13.300000190734863,0,-0.058740263056175857,0.0474279043265367,0.0661332390577076,13.256999969482422,13.242199993133545,1.0011176372775332,55.73997065902179,0.09146071725788296,-0.0462985281388926
2024-01-22,13.770000457763672,13.84000015258789,13.170000076293944,13.1899995803833,0,-0.00827072246421412,0.042820122225888047,0.0667868262855934,13.23299994468689,13.209799976348878,1.0017562694650601,55.054642139002425,0.06577429195730922,-0.023883964119652233
2024-01-23,13.199999809265137,13.289999961853027,12.529999732971191,12.550000190734863,0,-0.04852156254805884,0.044124096818939335,0.05220435402126719,13.17799997329712,13.171799983978271,1.000470701751195,45.492374971462525,-0.006154047175575883,-0.020337980730836966
2024-01-24,12.65999984741211,13.18000030517578,12.40999984741211,13.140000343322754,0,0.04701196363514493,0.044318375705087364,0.04334248630885769,13.183500003814697,13.128799991607666,1.0041664137043749,43.53448642041959,-0.015372488202302748,-0.019344882225130124
2024-01-25,13.18000030517578,13.579999923706056,13.0600004196167,13.449999809265137,0,0.02359204397585213,0.04457896716116555,0.045376645701168145,13.206500005722045,13.11439998626709,1.007022816106829,45.264622031522784,0.002309573669055709,-0.015013991046292956
2024-01-26,13.729999542236328,14.100000381469728,13.199999809265137,13.260000228881836,0,-0.014126363054103419,0.04346959739895012,0.03670487188163547,13.248000001907348,13.08439998626709,1.0125034404185111,49.31714605080434,0.0009800593363351595,-0.011815180969767334
2024-01-29,13.979999542236328,15.350000381469728,13.59000015258789,13.600000381469728,0,0.02564103670581641,0.04373340379823018,0.03792200850164722,13.304500007629395,13.073199996948242,1.0176926850912666,53.903907430010904,0.027049767580258788,-0.004042191259762108
2024-01-30,13.6899995803833,13.739999771118164,13.229999542236328,13.3100004196167,0,-0.021323526008731553,0.0441165231584514,0.02889294352108346,13.347500038146972,13.05579999923706,1.0223425633761973,54.147814338169454,0.02403259312120909,0.0015727656164321333
2024-01-31,13.420000076293944,14.609999656677246,13.18000030517578,14.350000381469728,0,0.07813673396435394,0.04547240828940496,0.03963517644612366,13.405000066757202,13.05640001296997,1.0266995537392343,60.92105872413174,0.10435779421283442,0.022129771335712596
2024-02-01,14.210000038146973,14.630000114440918,13.869999885559082,13.880000114440918,0,-0.032752630978026054,0.044032849254383354,0.0453780618720703,13.397000074386597,13.058000011444092,1.0259611014432075,59.207164899320276,0.1286084826645144,0.04342551360147297
2024-02-02,13.949999809265137,14.229999542236328,13.390000343322754,13.850000381469728,0,-0.0021613640290951697,0.04401229475757866,0.04428006318429422,13.383000087738036,13.066800022125244,1.0241987376463548,57.575762144804976,0.14374954497323422,0.06349031987582524
2024-02-05,14.369999885559082,14.529999732971191,13.579999923706056,13.670000076293944,0,-0.01299641156809006,0.04220578896082039,0.044131913128918634,13.399000072479248,13.073200016021728,1.0249212171509836,48.7179479802959,0.13961503047204538,0.07871526199506927
2024-02-06,13.56999969482422,13.779999732971191,12.979999542236328,13.0600004196167,0,-0.04462323725477402,0.043222790760303775,0.0482219901576876,13.39800009727478,13.077400016784669,1.024515582614176,36.24801418897796,0.08612374273222478,0.08019695814250039
2024-02-07,13.0600004196167,13.130000114440918,12.8100004196167,12.829999923706056,0,-0.017611063439567087,0.04303876030108323,0.016743092566529384,13.40150008201599,13.08480001449585,1.024203661284031,38.9078475520595,0.024885529100092896,0.06913467233401889
2024-02-08,12.949999809265137,13.170000076293944,12.739999771118164,12.789999961853027,0,-0.003117689952524594,0.043022833151398314,0.01723598390858157,13.406500101089478,13.086800022125244,1.0244292018234964,44.97041164122281,-0.026567604225039787,0.04999421702220715
2024-02-09,12.789999961853027,13.010000228881836,12.6899995803833,12.93000030517578,0,0.010946078478523136,0.042782243585590934,0.020562171261198435,13.431000137329102,13.091600036621093,1.0259250282439585,47.45098721197394,-0.05540900489305933,0.028913572639153857
2024-02-12,13.479999542236328,13.9399995803833,13.34000015258789,13.93000030517578,0,0.07733951866959421,0.04579511992824806,0.04557173073814522,13.492500162124633,13.110600051879883,1.0291291099365045,62.637363597063846,0.0023979775453089047,0.023610453620384865
2024-02-13,13.960000038146973,17.940000534057617,13.43000030517578,15.850000381469728,0,0.13783201968635717,0.051366548181065765,0.06515718673677637,13.593000173568726,13.169200057983398,1.0321811585912095,69.95581777151732,0.2008234202706678,0.059053046950441467
2024-02-14,15.380000114440918,15.470000267028809,14.220000267028809,14.380000114440918,0,-0.09274449411038443,0.05395225909970699,0.08705867139184424,13.57250018119812,13.204200057983398,1.0278926494295308,55.84905796180025,0.23673138491905732,0.09458871454416465
2024-02-15,14.270000457763672,14.640000343322754,13.9399995803833,14.010000228881836,0,-0.02573017264356725,0.053292148907878076,0.08950567784304826,13.566500186920166,13.222800064086915,1.0259929909828056,54.61254551946738,0.23265095170816252,0.12220116197696425
2024-02-16,13.9399995803833,14.710000038146973,13.75,14.239999771118164,0,0.016416812168366768,0.05148533005474269,0.08937731871324332,13.613500165939332,13.250600051879882,1.0273874475600042,53.990020904730066,0.24515028003519568,0.14679098558861056
2024-02-20,15.09000015258789,15.90999984741211,15.06999969482422,15.420000076293944,0,0.082865191302115,0.054241178174429444,0.0902528959322754,13.725000190734864,13.299600048065185,1.0319859350004714,61.84062551610524,0.3462805441796828,0.18668889730682503
2024-02-21,15.539999961853027,16.1200008392334,15.220000267028809,15.34000015258789,0,-0.005188062471480848,0.05265630111989802,0.06385093315274815,13.864500188827515,13.34520004272461,1.038912878371277,56.22641305729961,0.41518567979007237,0.23238825380347453
2024-02-22,14.279999732971191,14.640000343322754,14.119999885559082,14.539999961853027,0,-0.05215125050698921,0.05378026968666692,0.05121594773659091,13.934500169754028,13.389000034332275,1.040742410487936,53.98550599444151,0.40062204512659605,0.2660350120680989
2024-02-23,14.3100004196167,14.3100004196167,13.640000343322754,13.75,0,-0.054332872347019445,0.055272162220462794,0.0565777744992585,13.949500179290771,13.411400032043456,1.0401225931641476,49.44690060098354,0.3216263566797384,0.2771532809904268
2024-02-26,14.170000076293944,14.199999809265137,13.65999984741211,13.739999771118164,0,-0.0007272893732244157,0.055140873499026036,0.0556584316149554,13.973500156402588,13.444800033569337,1.0393237624593286,50.39458674296061,0.2552721511005487,0.2727770550124512
2024-02-27,13.630000114440918,13.75,13.40999984741211,13.43000030517578,0,-0.022561824680231157,0.055161168548197866,0.025324811726109363,13.96500015258789,13.469600048065185,1.0367791250486214,52.15869228448603,0.1756468514279934,0.2533510142955596
2024-02-28,13.520000457763672,13.899999618530272,13.4399995803833,13.84000015258789,0,0.030528655107632474,0.05528622341907792,0.03585903027484942,13.99150013923645,13.496800060272216,1.0366531382813013,55.771429879324764,0.14396722439629706,0.2314742563157071
2024-02-29,14.140000343322754,14.149999618530272,13.300000190734863,13.399999618530272,0,-0.03179194575191857,0.05287347311878724,0.0322481592912658,13.944000101089477,13.519200057983399,1.0314219806855527,53.33333124879943,0.08240659395494454,0.20166072384355457
2024-03-01,13.34000015258789,13.65999984741211,13.079999923706056,13.109999656677246,0,-0.021641788814083074,0.0525923892250008,0.024969370238050775,13.905500078201294,13.530200042724609,1.0277379517148004,50.967738429085145,0.01010232421398527,0.1633490439176407
2024-03-04,13.489999771118164,13.579999923706056,13.31999969482422,13.489999771118164,0,0.02898551673472971,0.05303334185187579,0.030438308541936895,13.887500047683716,13.549400043487548,1.024953134685744,47.465434800761194,-0.01634804692924341,0.1274096257482639
2024-03-05,13.75,15.100000381469728,13.75,14.460000038146973,0,0.07190513591449865,0.05528956476971627,0.04244187921890219,13.927000045776367,13.565200042724609,1.0266711881809514,41.009053983514626,0.04049396902555813,0.11002649440372274
2024-03-06,14.270000457763672,14.93000030517578,13.890000343322754,14.5,0,0.0027662490835065334,0.05408814062874988,0.04181142911623748,13.999000024795532,13.582200050354004,1.030687220987491,50.95238001528604,0.08775772242542246,0.10557274000806269
2024-03-07,14.979999542236328,14.979999542236328,14.25,14.4399995803833,0,-0.004137959973565475,0.05385413145988268,0.036368531833521775,14.079500007629395,13.610400047302246,1.0344662874490695,53.589309678392084,0.11900128238551844,0.10825844848355386
2024-03-08,14.220000267028809,15.529999732971191,13.970000267028809,14.739999771118164,0,0.020775637081209553,0.053876512147194494,0.029886257521015976,14.17699999809265,13.645400047302246,1.0389581799688976,54.12541160637117,0.16605535418056228,0.11981782962295555
2024-03-11,15.510000228881836,16.040000915527344,15.130000114440918,15.220000267028809,0,0.032564484624427736,0.054145048559552225,0.030076008115707216,14.291499996185303,13.701200046539306,1.0430838136543445,48.134330681846706,0.23931934908772057,0.14371813351590856
2024-03-12,14.970000267028809,15.199999809265137,13.8100004196167,13.84000015258789,0,-0.09067017675620026,0.05607272705200759,0.04857561944364591,14.286999988555909,13.728600044250488,1.0406742087689618,38.73874170582793,0.18390714965402566,0.151755936743532
2024-03-13,13.890000343322754,14.039999961853027,13.670000076293944,13.75,0,-0.00650290112685159,0.04592515487298251,0.048250187524301186,14.181999969482423,13.754600048065186,1.0310732351303342,43.361346773672636,0.13121772596358738,0.14764829458754308
2024-03-14,13.619999885559082,15.329999923706056,13.420000076293944,14.399999618530272,0,0.04727269952947433,0.04256613110970516,0.054744367712554,14.18299994468689,13.778600044250489,1.0293498540590231,55.593799181514534,0.14029330117761418,0.1461772959055573
2024-03-15,14.329999923706056,15.529999732971191,14.140000343322754,14.40999984741211,0,0.0006944603574134955,0.0421025663780419,0.0536274586149195,14.202999925613403,13.78600004196167,1.030248069228382,55.76592011986419,0.14660274957601338,0.14626238663964852
2024-03-18,14.75,14.850000381469728,14.260000228881836,14.329999923706056,0,-0.005551694972461774,0.04200005263562369,0.04982394292285869,14.207499933242797,13.790000038146973,1.0302755543104354,58.06451006450804,0.14349360270275469,0.14570862985226976
2024-03-19,14.5,14.859999656677246,13.800000190734863,13.81999969482422,0,-0.03558968817844477,0.03803608116988145,0.029895252512029416,14.127499914169311,13.799400024414062,1.0237763880440287,49.823939700942645,0.09873862774649034,0.1363146294311139
2024-03-20,13.829999923706056,14.170000076293944,13.010000228881836,13.039999961853027,0,-0.05643992403728593,0.03975360106253918,0.039451837474779615,14.012499904632568,13.798600025177002,1.0155015638590352,47.00997032996333,0.0003267612303865519,0.10911705579096842
2024-03-21,12.979999542236328,13.079999923706056,12.399999618530272,12.920000076293944,0,-0.009202445238506884,0.038339883407569886,0.02406809060895846,13.931499910354614,13.801800022125244,1.0093973168732666,48.37607233316448,-0.08635291720979588,0.07002306119081556
2024-03-22,12.920000076293944,13.149999618530272,12.579999923706056,13.0600004196167,0,0.010835939821674856,0.03667604922314129,0.026663731399082832,13.896999931335449,13.809200038909912,1.0063580723125267,46.16756478056232,-0.1421121488028838,0.02759601919207567
2024-03-25,13.670000076293944,13.670000076293944,13.109999656677246,13.1899995803833,0,0.009953993613303291,0.03677204225158736,0.02940700786236148,13.869499921798706,13.824200038909913,1.0032768538332266,36.68762750644381,-0.1738083413710374,-0.012684852920546956
2024-03-26,13.119999885559082,13.43000030517578,12.84000015258789,13.239999771118164,0,0.003790765149775055,0.03644416776855441,0.028123865954060585,13.859999895095825,13.835000038146973,1.001807000858686,36.82008318113786,-0.192672199633666,-0.04868232226317078
2024-03-27,13.130000114440918,13.34000015258789,12.65999984741211,12.779999732971191,0,-0.0347432058987206,0.03648211077662098,0.019023962245744933,13.80699987411499,13.813800029754638,0.9995077273722653,33.97683639368263,-0.2419510409208563,-0.0873360659947079
2024-03-28,12.93000030517578,13.100000381469728,12.84000015258789,13.010000228881836,0,0.017996909289228258,0.03613526014777963,0.020913948756254876,13.787499904632568,13.778200035095216,1.0006749698446578,33.07241354598092,-0.25945492498010303,-0.12175983779178697
2024-04-01,13.609999656677246,14.149999618530272,13.550000190734863,13.649999618530272,0,0.04919288073705452,0.0374377083925091,0.030156435768182086,13.81449990272522,13.768600025177001,1.003333663369136,35.10435677194785,-0.21915796061034776,-0.14123946235549914
2024-04-02,13.739999771118164,15.43000030517578,13.68000030517578,14.609999656677246,0,0.07032967508978882,0.04001832669678416,0.04074385100066925,13.870499897003175,13.79480001449585,1.0054875665053338,57.938140153960404,-0.10850753863815754,-0.13469307761203084
2024-04-03,15.0,15.18000030517578,14.25,14.329999923706056,0,-0.019164937683158745,0.03704725310368885,0.04434609913000092,13.863999891281129,13.817600021362304,1.0033580267084796,55.75396862940702,-0.04291522047943097,-0.11633750618551086
2024-04-04,14.289999961853027,16.920000076293945,13.739999771118164,16.350000381469727,0,0.14096304734949738,0.048627397813783085,0.06016403845666404,13.956499910354614,13.893600025177001,1.0045272560793193,65.21061473758633,0.17010347237797596,-0.059049310472813483
2024-04-05,16.450000762939453,16.75,15.529999732971191,16.030000686645508,0,-0.019571846321599473,0.04893691171194098,0.06736584385936865,14.035999965667724,13.951400032043457,1.006063902793265,62.0535789044949,0.3095329173671395,0.014667135095177137
2024-04-08,16.239999771118164,16.5,15.109999656677246,15.1899995803833,0,-0.05240181349224815,0.05051161902900793,0.07972725887404339,14.058499956130982,13.98620002746582,1.0051693761367049,55.74866042554015,0.34823643510847724,0.08138099509783718
2024-04-09,15.34000015258789,16.6299991607666,14.9399995803833,14.979999542236328,0,-0.013824887685854326,0.05013114610602759,0.07631974941726627,14.046499919891357,14.02060001373291,1.0018472751617675,58.07799302303587,0.35783905781593717,0.1366726076414572
2024-04-10,15.239999771118164,16.6200008392334,14.59000015258789,15.800000190734863,0,0.05473969783420429,0.046656942342273314,0.07708982333707062,14.144499921798706,14.064600009918212,1.0056809231563038,69.11357176067798,0.4266976993294609,0.19467762597905797
2024-04-11,16.020000457763672,17.610000610351562,14.90999984741211,14.90999984741211,0,-0.05632913497334324,0.04873576176905895,0.0446156047230581,14.202499914169312,14.09659999847412,1.0075124438308993,62.45306228458783,0.4047869472094163,0.23669949022512968
2024-04-12,14.90999984741211,19.200000762939453,14.90999984741211,17.309999465942383,0,0.16096577083110009,0.059376942548185485,0.09121553063265159,14.347999906539917,14.155799980163573,1.0135774683624854,70.73170073609694,0.5744604078846223,0.3042516737570282
2024-04-15,16.940000534057617,19.459999084472656,16.260000228881836,19.229999542236328,0,0.11091855202373435,0.06336770148175414,0.08862571025069177,14.588999891281128,14.262799968719483,1.0228706791988287,75.08305242586114,0.8540112973158873,0.4142035984688001
2024-04-16,19.489999771118164,19.559999465942383,17.639999389648438,18.399999618530277,0,-0.043161723529065,0.06459777727819788,0.09477255698926901,14.792499876022339,14.353799953460694,1.0305633298488233,70.12480188199646,0.9970895068331647,0.5307807801416731
2024-04-17,18.239999771118164,19.11000061035156,17.540000915527344,18.209999084472656,0,-0.010326116195473967,0.06380971137177692,0.09759901894370367,15.01199984550476,14.444599933624268,1.03928110951413,71.6334599351608,1.082668237990731,0.6411582717114848
2024-04-18,17.90999984741211,18.3700008392334,17.209999084472656,18.0,0,-0.011532075509642303,0.06189811110669319,0.0891023004100978,15.259999847412109,14.543399925231933,1.0492732047433364,69.91220868980683,1.1206269381364091,0.7370520049964697
2024-04-19,21.32999992370605,21.36000061035156,18.170000076293945,18.709999084472656,0,0.039444393581814285,0.06172966861979621,0.06021762744563934,15.549499797821046,14.660999908447266,1.0606029530674679,70.0793623521786,1.194234086719744,0.8284884213411247
2024-04-22,18.59000015258789,18.71999931335449,16.690000534057617,16.940000534057617,0,-0.09460174436266822,0.06687748522524406,0.049293475702594285,15.743499803543092,14.743999919891358,1.0677902800517038,58.68755059505798,1.0970975343035523,0.8822102439336102
2024-04-23,16.719999313354492,16.760000228881836,15.6899995803833,15.6899995803833,0,-0.07378990048797274,0.06977746135209376,0.05394780058225445,15.868499803543092,14.799199905395508,1.0722538991961137,54.7287887547076,0.9087756859999967,0.8875233323468876
2024-04-24,15.760000228881836,16.3799991607666,15.579999923706056,15.970000267028809,0,0.017845805872141796,0.06977239575645788,0.057866149643663475,16.004999828338622,14.839999904632569,1.0785040384900797,48.49683503117285,0.773209897392011,0.8646606453559122
2024-04-25,16.25,17.549999237060547,15.270000457763672,15.369999885559082,0,-0.03757046784203688,0.06987412287059414,0.057575265781855005,16.13449983596802,14.830399894714356,1.0879342398392406,47.4458175368735,0.6103225978537861,0.8137930358554871
2024-04-26,15.489999771118164,16.059999465942383,14.920000076293944,15.029999732971191,0,-0.022121025056567434,0.07025279493686912,0.04408470510895174,16.235499811172485,14.843399887084962,1.0937857859167945,49.35587823498689,0.4486265806546772,0.7407597448153252
2024-04-29,15.369999885559082,15.420000076293944,14.630000114440918,14.670000076293944,0,-0.023952073391426576,0.06998108252126758,0.032943363553940085,16.28649983406067,14.856599884033203,1.0962467833278744,48.766907424548194,0.28811119193862034,0.6502300342399843
2024-04-30,14.81999969482422,15.899999618530272,14.670000076293944,15.649999618530272,0,0.06680296776684846,0.06981428391976581,0.04258957860936463,16.33849983215332,14.884799880981445,1.0976633856548714,49.41083822138297,0.237244555237611,0.5676329384395097
2024-05-01,15.75,16.219999313354492,14.350000381469728,15.390000343322754,0,-0.016613372622684808,0.06976883515272948,0.04180128179387622,16.391499853134157,14.88419988632202,1.1012684577151697,51.983473530054574,0.1739474526178455,0.4888958412751768
2024-05-02,15.140000343322754,16.09000015258789,14.600000381469728,14.68000030517578,0,-0.0461338546009209,0.06289580391160293,0.043522761541922195,16.307999849319458,14.87099988937378,1.0966310248561364,37.36791699715473,0.06573521871749755,0.40426371676364103
2024-05-03,14.510000228881836,14.579999923706056,13.479999542236328,13.489999771118164,0,-0.08106270499449875,0.06518109009497726,0.05471126869541389,16.18099980354309,14.849999885559082,1.0896296247973942,20.35123594438501,-0.11472438285252906,0.30046609684040704
2024-05-06,13.979999542236328,14.020000457763672,13.4399995803833,13.489999771118164,0,0.0,0.06429171164670924,0.055344649287269516,16.095999813079835,14.844799880981446,1.0842854024392323,22.25988308489663,-0.2548027102039452,0.18941233543153657
2024-05-07,13.520000457763672,13.640000343322754,13.15999984741211,13.229999542236328,0,-0.01927355324634561,0.06434698850522216,0.03173217625596022,16.008499813079833,14.834599876403809,1.0791325648454633,22.0851986294457,-0.3823877118834762,0.075052325968534
2024-05-08,13.239999771118164,13.510000228881836,12.9399995803833,13.0,0,-0.017384697671535276,0.06286886507243115,0.031636657786358324,15.868499803543092,14.825999870300294,1.0703156577878536,22.03578988780778,-0.4963373181426043,-0.03922560285369369
2024-05-09,13.079999923706056,13.289999961853027,12.68000030517578,12.6899995803833,0,-0.023846186124361513,0.061964814365985846,0.030843350825919994,15.75749979019165,14.802999858856202,1.0644801689141676,14.754101106675392,-0.6046871876524538,-0.15231791981344575
2024-05-10,12.770000457763672,12.960000038146973,12.5,12.550000190734863,0,-0.011032261172400193,0.0478643772642315,0.009226986355706991,15.519499826431275,14.785999870300293,1.0496077345167787,18.234444034850654,-0.6938537069537514,-0.2606250772415069
2024-05-13,13.260000228881836,13.65999984741211,13.25,13.600000381469728,0,0.0836653525718698,0.044354030137902824,0.045646794292688336,15.237999868392944,14.795799884796143,1.0298868589086012,34.42623556608247,-0.6720456517955338,-0.3429091921523123
2024-05-14,13.710000038146973,14.029999732971191,13.270000457763672,13.420000076293944,0,-0.013235316185802426,0.043900197876868045,0.045004546212412996,14.988999891281129,14.794399890899658,1.0131536258189948,30.711041428278136,-0.6616599274913444,-0.40665933922011877
2024-05-15,13.729999542236328,13.9399995803833,12.380000114440918,12.449999809265137,0,-0.07228019832446086,0.045720726620501834,0.05661281903712458,14.700999927520751,14.754199886322022,0.9963942498264111,29.083092637579156,-0.723361618611543,-0.46999979509840367
2024-05-16,12.520000457763672,12.670000076293944,12.329999923706056,12.420000076293944,0,-0.0024096171430354474,0.04583226862137644,0.055857496425421656,14.42199993133545,14.712599887847901,0.980248225417149,30.434782608695656,-0.7658531032463038,-0.5291704567279838
2024-05-17,12.279999732971191,12.479999542236328,11.90999984741211,11.989999771118164,0,-0.034621602458483114,0.04395314157884898,0.057666283760130756,14.085999965667725,14.663599891662598,0.9606099504717608,30.11869142295855,-0.8247185004158091,-0.5882800654655489
2024-05-20,12.270000457763672,12.59000015258789,12.06999969482422,12.149999618530272,0,0.01334444123990064,0.040976775659906005,0.03315534735996895,13.846499919891357,14.61179988861084,0.9476245243875812,20.439189570153857,-0.8486760915622806,-0.6403592706848953
2024-05-21,12.300000190734863,12.5600004196167,11.84000015258789,11.859999656677246,0,-0.023868310366918832,0.038708660219780464,0.03280457219868353,13.654999923706054,14.544599876403808,0.9388364093713584,20.336132487304113,-0.8809086617358286,-0.688469148895082
2024-05-22,12.050000190734863,12.8100004196167,11.779999732971191,12.289999961853027,0,0.03625635055846632,0.039691920096043574,0.028465868256199563,13.470999908447265,14.513599872589111,0.9281639308445496,28.924163058431304,-0.861821236111501,-0.723139566338366
2024-05-23,11.529999732971191,13.369999885559082,11.520000457763672,12.770000457763672,0,0.03905618367782915,0.040803581981215635,0.03392758396227662,13.340999937057495,14.493999881744385,0.9204498444808789,42.7419438570504,-0.7987547378874709,-0.738262600648187
2024-05-24,12.859999656677246,12.890000343322754,11.890000343322754,11.93000030517578,0,-0.0657791795204834,0.042698094553021364,0.04448140911015436,13.185999965667724,14.444599895477294,0.9128670964293274,36.551731395379804,-0.8072496048655413,-0.752060001491658
2024-05-28,12.510000228881836,13.4399995803833,12.359999656677246,12.920000076293944,0,0.08298405245544349,0.04737936474245024,0.05848144663261125,13.098499965667724,14.414799900054932,0.908684134118144,47.62634430822983,-0.7257313610142546,-0.7467942733961774
2024-05-29,13.75,14.31999969482422,13.6899995803833,14.279999732971191,0,0.10526313070017879,0.05109356851626243,0.0657838511951653,13.02999997138977,14.413799896240235,0.9039947873002302,58.35508876702498,-0.5451033470822786,-0.7064560881333978
2024-05-30,14.81999969482422,14.880000114440918,13.670000076293944,14.470000267028809,0,0.01330535977664793,0.051122733547449964,0.0668635253338264,12.983999967575073,14.426799907684327,0.8999916856585252,61.80371664796419,-0.3822169306343124,-0.6416082566335808
2024-05-31,14.5,14.869999885559082,12.84000015258789,12.920000076293944,0,-0.10711818674023654,0.05553149883824551,0.09189762619949084,12.895999956130982,14.424399909973145,0.8940406558760607,52.06703807035173,-0.37389035825496286,-0.5880646769578572
2024-06-03,13.079999923706056,14.3100004196167,13.0,13.109999656677246,0,0.014705849788029024,0.05267407462193275,0.08284317002889692,12.876999950408935,14.428199901580811,0.8924883241323874,46.97156577387123,-0.34794916996985314,-0.5400415755602564
2024-06-04,13.510000228881836,14.079999923706056,13.109999656677246,13.15999984741211,0,0.003813897181103032,0.052681410018553074,0.07546991495944019,12.860499954223632,14.430199890136718,0.8912211925084973,48.36683293664801,-0.3196710252437551,-0.4959674654969562
2024-06-05,13.140000343322754,13.25,12.600000381469728,12.630000114440918,0,-0.04027353640702469,0.05329311782908686,0.0520407905599754,12.830499982833862,14.418999900817871,0.8898328643518538,51.19681046687935,-0.3361519899803387,-0.46400437039363274
2024-06-06,12.75,12.979999542236328,12.539999961853027,12.579999923706056,0,-0.0039588432527163375,0.05315989935694637,0.04953266249836034,12.809499979019165,14.405799903869628,0.8891904694287979,51.06100681687332,-0.349222254035082,-0.4410479471219226
2024-06-07,12.6899995803833,13.079999923706056,12.109999656677246,12.220000267028809,0,-0.028616825028659587,0.0532816701910694,0.022896630122305195,12.78600001335144,14.394599914550781,0.8882497665271483,51.53949456284374,-0.38420066994926394,-0.42967849168739086
2024-06-10,13.09000015258789,13.279999732971191,12.619999885559082,12.739999771118164,0,0.042553149977613725,0.05406776908958794,0.03217766422764547,12.795499992370605,14.389199905395508,0.889243326696204,53.76756167520265,-0.365745614627615,-0.4168919162754357
2024-06-11,12.850000381469728,13.470000267028809,12.779999732971191,12.850000381469728,0,0.008634270983343129,0.05060546819647242,0.03258844689045737,12.757999992370605,14.373199920654297,0.887624193832951,56.470592488512594,-0.3383435070441152,-0.4011822344291716
2024-06-12,13.100000381469728,13.149999618530272,11.9399995803833,12.039999961853027,0,-0.06303505023896794,0.05240079309136724,0.039682011064432136,12.68899998664856,14.321799926757812,0.8859919878465382,48.44333761754362,-0.37763427096328783,-0.3964726417359949
2024-06-13,12.050000190734863,12.68000030517578,11.880000114440918,11.9399995803833,0,-0.008305679550378975,0.049913512720602196,0.039594635253048883,12.663499975204468,14.273999919891358,0.8871724846766604,44.57515806994784,-0.41209134696064,-0.39959638278092396
2024-06-14,12.220000267028809,13.449999809265137,12.119999885559082,12.65999984741211,0,0.060301532021133974,0.05174988957009326,0.048066677331709905,12.675499963760377,14.200199909210205,0.8926282759962476,54.84727407482835,-0.3769555151504491,-0.39506820925482905
2024-06-17,13.06999969482422,13.289999961853027,12.5,12.75,0,0.0071090168777756535,0.051021920571195215,0.0441569351834469,12.713499975204467,14.134599895477296,0.8994594873019686,48.71794834912244,-0.3379521530967047,-0.38364499802320423
2024-06-18,12.699999809265137,12.739999771118164,12.239999771118164,12.300000190734863,0,-0.03529410268746169,0.05172340627387562,0.046548844122492376,12.721000003814698,14.076799907684325,0.903685502901159,32.69231538736511,-0.33944007754757877,-0.37480401392807916
2024-06-20,12.5,13.550000190734863,12.18000030517578,13.279999732971191,0,0.07967475829590032,0.054135559380697154,0.04797834724320242,12.792000007629394,14.042799911499024,0.9109294505545574,40.860211273279695,-0.2585609656706076,-0.3515554042765849
2024-06-21,13.220000267028809,13.779999732971191,12.989999771118164,13.199999809265137,0,-0.006024090761646117,0.05375980875971735,0.04764322322894634,12.8375,13.990799903869629,0.9175672647887242,52.77777514970702,-0.1986293367102654,-0.320970190763321
2024-06-24,13.850000381469728,13.880000114440918,13.149999618530272,13.329999923706056,0,0.009848493660558288,0.05317811193960068,0.0423250281297486,12.86549997329712,13.959199905395508,0.921650242169277,52.20883780242055,-0.13904039507128907,-0.28458423162491464
2024-06-25,13.479999542236328,13.520000457763672,12.84000015258789,12.84000015258789,0,-0.03675917283740948,0.051559890376016146,0.047571153073176914,12.910999965667724,13.869799919128418,0.9308713925902873,47.04797333653337,-0.1298576972373997,-0.2536389247474117
2024-06-26,12.8100004196167,13.239999771118164,12.369999885559082,12.550000190734863,0,-0.022585666542580096,0.04846031922262845,0.045348683759269995,12.892499971389771,13.736199932098389,0.93857835756037,49.22780000972086,-0.14431731615083443,-0.23177460302809622
2024-06-27,12.6899995803833,12.770000457763672,12.210000038146973,12.239999771118164,0,-0.024701228279307874,0.041812273175937976,0.018149925598131004,12.79049997329712,13.612999935150146,0.9395798159280638,46.87499890432648,-0.17873081383134348,-0.2211658451887457
2024-06-28,12.239999771118164,12.760000228881836,11.869999885559082,12.4399995803833,0,0.01633985400367921,0.04189463276705656,0.0232700467501031,12.688999938964844,13.497599945068359,0.9400930528838978,52.083326560079115,-0.18770173675838464,-0.2144730235026735
2024-07-01,12.979999542236328,13.260000228881836,12.100000381469728,12.220000267028809,0,-0.017684832859754307,0.03477917135145433,0.01995568701216887,12.653999948501587,13.381999950408936,0.9455985648927534,44.779121964783386,-0.21014098927071423,-0.21360661665628164
2024-07-02,12.670000076293944,12.880000114440918,11.850000381469728,12.029999732971191,0,-0.015548324869538943,0.03466231650444773,0.016717789798202265,12.599999952316285,13.248399963378906,0.9510582400248391,41.897227465441084,-0.2404835688645086,-0.21898200709792703
2024-07-03,12.130000114440918,12.229999542236328,11.949999809265137,12.09000015258789,0,0.004987566163634494,0.03467674326068305,0.017237365325868566,12.546499967575073,13.151399955749511,0.9540048975614959,50.58004855994086,-0.2567293334330767,-0.22653147236495697
2024-07-05,12.369999885559082,12.609999656677246,11.84000015258789,12.479999542236328,0,0.03225801362500036,0.03443878734493565,0.02123738907838009,12.538999938964844,13.087199954986572,0.9581117414032595,55.869565532879065,-0.23542074372500643,-0.22830932663696685
2024-07-08,12.90999984741211,12.90999984741211,12.3100004196167,12.369999885559082,0,-0.008814075377564845,0.034484944333013336,0.020573257694378663,12.528499937057495,13.015199947357178,0.9626052605977435,46.365914187929356,-0.22481802361772552,-0.22761106603311862
2024-07-09,12.479999542236328,12.609999656677246,12.350000381469728,12.510000228881836,0,0.01131773198205055,0.033909367425681375,0.018680523438735292,12.542999935150146,12.957999954223633,0.9679734511082307,47.02970507378467,-0.20278090185986208,-0.22264503319846732
2024-07-10,12.510000228881836,12.920000076293944,12.390000343322754,12.850000381469728,0,0.027178269094107144,0.03309938798773387,0.016688576587364966,12.548499965667725,12.914399967193603,0.9716672859400846,56.997459052057295,-0.1560819378618188,-0.20933241413113762
2024-07-11,12.880000114440918,13.329999923706056,12.229999542236328,12.920000076293944,0,0.005447446906317488,0.033068078660495326,0.016631892925781537,12.551999950408936,12.879399967193603,0.9745795597917124,44.03973980476197,-0.1121316976738207,-0.18989227083967425
2024-07-12,12.869999885559082,12.890000343322754,12.109999656677246,12.460000038146973,0,-0.035603717912586874,0.03077075344970792,0.02367325336340924,12.572999954223633,12.815599975585938,0.9810699443003477,39.11764920376601,-0.11311505444225389,-0.1745368275601902
2024-07-15,12.779999732971191,13.260000228881836,12.75,13.119999885559082,0,0.0529694899993165,0.032666290585485945,0.03247326420632168,12.631999969482422,12.770199966430663,0.9891779300785006,47.32824334860585,-0.0599468697300356,-0.1516188359941593
2024-07-16,13.380000114440918,13.470000267028809,12.949999809265137,13.1899995803833,0,0.0053353426398474735,0.029990973670582215,0.032626595095724104,12.658499956130981,12.740399951934814,0.9935716307091761,54.98574786421741,-0.012023708106507769,-0.12369981041662899
2024-07-17,13.600000381469728,14.880000114440918,13.539999961853027,14.479999542236328,0,0.09780136488947022,0.03680999909347674,0.05129318262428725,12.744999933242799,12.760199947357178,0.9988087949893351,71.39689203622612,0.1285659306706446,-0.07324666219917426
2024-07-18,14.270000457763672,16.43000030517578,14.079999923706056,15.93000030517578,0,0.10013817740186948,0.04085367997341286,0.059072326691148834,12.926499938964843,12.80899995803833,1.0091732361083174,82.65487418756229,0.3529189457798747,0.011986459396635556
2024-07-19,16.440000534057617,17.190000534057617,10.619999885559082,16.520000457763672,0,0.037037045906157084,0.03826445896338623,0.040607692335764604,13.088499975204467,12.874799976348877,1.0165983160319507,83.77484191348123,0.5717377709775349,0.12393672171281547
2024-07-22,16.790000915527344,16.889999389648438,14.75,14.90999984741211,0,-0.09745766136434542,0.045301760867596165,0.08125499599320879,13.173999977111816,12.912999973297119,1.0202121896038427,68.1022821307006,0.6082283942128708,0.22079505621282658
2024-07-23,15.210000038146973,15.350000381469728,13.899999618530272,14.720000267028809,0,-0.012743097406287318,0.04551014706633068,0.08293232947009799,13.243499994277954,12.95359998703003,1.0223798795345072,68.10229087193811,0.614729874446871,0.2995820198596355
2024-07-24,15.350000381469728,18.459999084472656,15.18000030517578,18.040000915527344,0,0.22554351822499452,0.06581940820695711,0.12163119657654428,13.503500032424927,13.06340000152588,1.0336895471965677,77.8297496056392,0.8776615146876736,0.4151979188252432
2024-07-25,18.40999984741211,19.36000061035156,16.420000076293945,18.459999084472656,0,0.023281493771090345,0.06508694399485072,0.1186092884458982,13.798999977111816,13.160599975585937,1.0485084268734075,77.89179069623034,1.10716437433992,0.5535912099281787
2024-07-26,17.969999313354492,18.049999237060547,16.3700008392334,16.389999389648438,0,-0.11213433355830271,0.07100991028736615,0.13556000004555696,14.00649995803833,13.219999961853027,1.0594931920162471,65.8517338710011,1.1092288685049603,0.6647187416435351
2024-07-29,16.59000015258789,17.209999084472656,16.229999542236328,16.600000381469727,0,0.012812751655983723,0.0710159697937424,0.1230567864293072,14.214499998092652,13.30299997329712,1.0685183813143782,66.0392162846584,1.1149577807339135,0.7547665494616108
2024-07-30,16.639999389648438,18.31999969482422,16.260000228881836,17.690000534057617,0,0.06566265828551643,0.07133025067481012,0.12165779620365129,14.488000011444091,13.408399982452393,1.0805166932970804,67.92592649106626,1.1936917522794648,0.8425515900251817
2024-07-31,16.65999984741211,16.770000457763672,15.710000038146973,16.360000610351562,0,-0.07518371303299154,0.07412884710472187,0.07379081393402179,14.70450005531311,13.495799999237061,1.0895612009769247,61.65311815959985,1.1356777274992318,0.9011768175199918
2024-08-01,16.200000762939453,19.479999542236328,15.949999809265137,18.59000015258789,0,0.13630803539367387,0.07859758411987258,0.10140446446454085,15.029500055313111,13.624600009918213,1.1031149570902765,68.5420454127832,1.2551746490321563,0.9719763838224248
2024-08-02,20.520000457763672,29.65999984741211,20.01000022888184,23.38999938964844,0,0.2582032919667485,0.09441019458504066,0.12622174265493347,15.575000047683716,13.855200004577636,1.1241266847492546,74.84276715050915,1.71739953069347,1.1210610131966339
2024-08-05,23.38999938964844,65.7300033569336,23.38999938964844,38.56999969482422,0,0.6489953271180455,0.16569828075410298,0.27503758217048413,16.885000038146973,14.38079999923706,1.1741349604363296,85.46674162081295,3.2709102226564575,1.5510308550885987
2024-08-06,33.709999084472656,34.77000045776367,24.020000457763672,27.709999084472656,0,-0.2815660019776688,0.18307226406388083,0.3525084185200708,17.644999980926514,14.67959997177124,1.2020082301191937,64.5865484354463,3.5844480639936442,1.957714296869608
2024-08-07,24.770000457763672,29.76000022888184,21.96999931335449,27.850000381469727,0,0.005052374652567915,0.18331021916470644,0.3420866243860424,18.394999980926514,14.99799997329712,1.226496867160789,63.5331514855751,3.800417153531164,2.3262548682019193
2024-08-08,28.34000015258789,29.46999931335449,23.36000061035156,23.790000915527344,0,-0.1457809483063327,0.18842249500803818,0.36789757853934474,18.938500022888185,15.215399990081787,1.244692879269248,57.651021282614266,3.6024395067001294,2.5814917959015613
2024-08-09,23.780000686645508,24.520000457763672,20.26000022888184,20.3700008392334,0,-0.1437578791374391,0.192381090016546,0.36777791643492524,19.334000062942504,15.337200012207031,1.2605951573660368,55.535280845099315,3.1334548541600533,2.69188440755326
2024-08-12,20.790000915527344,21.190000534057617,18.88999938964844,20.709999084472656,0,0.01669112573546916,0.19242364973066992,0.12363491858426828,19.713500022888184,15.461999988555908,1.2749644313464619,56.054173252536344,2.757430215987796,2.7049935692401674
2024-08-13,20.059999465942383,20.790000915527344,17.950000762939453,18.1200008392334,0,-0.12506027811373066,0.1957760744408623,0.08215153791987972,19.96000008583069,15.566000003814697,1.2822819016407023,50.08206804507901,2.2247907651957135,2.6089530084312766
2024-08-14,18.40999984741211,18.489999771118164,16.1200008392334,16.190000534057617,0,-0.10651215318914042,0.19746818008026848,0.06762762786571423,20.045500135421754,15.627600021362305,1.2826985658719416,47.741294888977315,1.6281667749577444,2.4127957617365703
2024-08-15,16.270000457763672,16.68000030517578,14.770000457763672,15.229999542236328,0,-0.05929592094835401,0.19734361155473598,0.06424929798240303,20.01050009727478,15.669000015258788,1.2770757596392974,48.81969896029703,1.0655904439427353,2.1433546981778036
2024-08-16,15.289999961853027,15.760000228881836,14.649999618530272,14.800000190734863,0,-0.028233707447526624,0.1974736278027875,0.05763284544950238,19.92450008392334,15.712400016784668,1.268074900246883,48.17666098783468,0.578380088823252,1.8303597763068933
2024-08-19,15.9399995803833,16.06999969482422,14.460000038146973,14.649999618530272,0,-0.010135173666990571,0.19592637220614892,0.04929845584450657,19.91150007247925,15.753800010681152,1.2639172808452028,46.86080025765358,0.17810549043328194,1.499908919132171
2024-08-20,14.890000343322754,15.93000030517578,14.779999732971191,15.880000114440918,0,0.08395908040535804,0.19640851219500266,0.07056799681083707,19.969500064849854,15.827000007629394,1.2617362769459513,49.503310732185646,-0.0394099586649439,1.1920451435727482
2024-08-21,16.25,17.170000076293945,15.920000076293944,16.270000457763672,0,0.024559215397492062,0.19035680860543452,0.05487393005969931,19.88100004196167,15.897600021362305,1.2505661241474622,47.50430322969771,-0.1782677907285226,0.917982556712494
2024-08-22,16.270000457763672,18.059999465942383,15.760000228881836,17.549999237060547,0,0.07867232595473528,0.1909714604669858,0.050773760443924044,19.835500049591065,15.991599998474122,1.2403699474401384,43.202979193383314,-0.18291983299136305,0.6978020787717225
2024-08-23,17.1200008392334,17.209999084472656,15.609999656677246,15.859999656677246,0,-0.09629627657273676,0.19046106482904693,0.07401503729777621,19.809000062942506,16.067999992370606,1.2328230067431043,11.469288594840918,-0.3192948202877979,0.49438269895981846
2024-08-26,16.270000457763672,16.670000076293945,15.8100004196167,16.149999618530273,0,0.018284991685414864,0.19046478077761358,0.0725687697935629,19.786500024795533,16.152199993133546,1.2250034071647802,19.417987127312614,-0.3993687328048452,0.3156324126068857
2024-08-27,16.209999084472656,16.809999465942383,15.369999885559082,15.43000030517578,0,-0.044582001879949096,0.19046270536468882,0.06766162721457719,19.67350001335144,16.207600002288817,1.2138441231627861,18.12114270965762,-0.5149893361806122,0.1495080628493861
2024-08-28,15.510000228881836,17.889999389648438,15.460000038146973,17.110000610351562,0,0.10887882514248881,0.19069297076504568,0.0848452964256233,19.71100001335144,16.29480001449585,1.2096497039433771,30.467831443440474,-0.46568933629083986,0.026468583021340863
2024-08-29,16.540000915527344,16.56999969482422,15.1899995803833,15.649999618530272,0,-0.0853302711712347,0.18982782529468104,0.08480676656076855,19.56399998664856,16.36180000305176,1.1957119621923955,34.41214661289975,-0.538224294855361,-0.08646999255399956
2024-08-30,15.670000076293944,16.040000915527344,14.779999732971191,15.0,0,-0.041533522963198344,0.18045567370767554,0.07548278669459149,19.144500017166138,16.396200008392334,1.1676181070837814,31.521037192807285,-0.6407718895695176,-0.1973303719571032
2024-09-03,15.760000228881836,21.989999771118164,15.710000038146973,20.71999931335449,0,0.38133328755696594,0.13267704667429503,0.1923155775232037,18.25199999809265,16.54659999847412,1.1030664909876224,56.996766643695665,-0.2575169614048143,-0.20936768984664542
2024-09-04,23.200000762939453,23.309999465942383,19.34000015258789,21.31999969482422,0,0.028957548327861904,0.11814186210737718,0.1846169848881383,17.932500028610228,16.706399993896483,1.0733910378754064,64.86956278483072,0.09355193823069641,-0.14878376423117703
2024-09-05,20.75,21.530000686645508,19.209999084472656,19.899999618530277,0,-0.06660413211162808,0.11884138593445218,0.19383857981420657,17.534999990463255,16.847599983215332,1.040801064123837,63.18464234249566,0.25426344110993426,-0.06817432316295476
2024-09-06,21.979999542236328,23.76000022888184,18.82999992370605,22.3799991607666,0,0.12462309496363133,0.118030307038514,0.18132710610517785,17.46449990272522,17.044199962615966,1.0246594114731769,69.18016004064893,0.5751141439873351,0.06048337026710325
2024-09-09,21.31999969482422,21.40999984741211,19.290000915527344,19.450000762939453,0,-0.13092039802055044,0.11722274029316311,0.20037119995869088,17.41849989891052,17.188399982452392,1.0133869305283236,60.64774126397827,0.5862068265405433,0.16562806152179133
2024-09-10,19.86000061035156,20.739999771118164,18.899999618530277,19.07999992370605,0,-0.019023178648836403,0.11728439501832749,0.09684346582799298,17.336999940872193,17.32119998931885,1.0009121741890334,57.38007423088553,0.5587015185560276,0.24424275292863862
2024-09-11,19.40999984741211,21.40999984741211,17.549999237060547,17.690000534057617,0,-0.07285112134206151,0.1148686383150637,0.09662574121028923,17.315499925613402,17.430599994659424,0.9933966662604106,53.13051211645929,0.41990166476650614,0.27937453529621215
2024-09-12,17.6200008392334,18.59000015258789,16.889999389648438,17.06999969482422,0,-0.035048096128643014,0.11232024749617268,0.09489349953419406,17.359499883651733,17.531399993896486,0.9901947300098909,48.91008271154659,0.2569113800094698,0.27488190423886366
2024-09-13,17.030000686645508,17.18000030517578,16.229999542236328,16.559999465942383,0,-0.029876991095463934,0.11158317549976857,0.045754197896266946,17.425999879837036,17.620799980163575,0.9889448776136252,51.679462178917994,0.08560089500401347,0.2370257023918936
2024-09-16,17.15999984741211,17.690000534057617,16.90999984741211,17.139999389648438,0,0.03502415111177348,0.11135534559423362,0.03889415245690299,17.542999839782716,17.713999977111815,0.9903466107287994,52.34264034651823,-0.0033244300465469223,0.1889556759042055
2024-09-17,17.15999984741211,18.07999992370605,16.670000076293945,17.610000610351562,0,0.027421309068831112,0.11126832489227714,0.045475170537447616,17.690999889373778,17.818799991607666,0.9928277941110468,55.22030697715037,-0.03546440864777267,0.1440716589938099
2024-09-18,17.579999923706055,19.38999938964844,17.110000610351562,18.229999542236328,0,0.03520720672322497,0.11019500246929138,0.03579438329620718,17.80849986076355,17.933199977874757,0.9930464101629907,52.82542620870282,-0.010782546505243573,0.11310081789399919
2024-09-19,17.209999084472656,17.270000457763672,16.209999084472656,16.329999923706055,0,-0.10422378860340853,0.11314833146993188,0.06063766667654494,17.81149983406067,18.002799968719483,0.9893738676766278,51.67818450521057,-0.14288894833894972,0.06190286464740939
2024-09-20,16.350000381469727,16.68000030517578,15.8100004196167,16.149999618530273,0,-0.011022676424785383,0.11187019156742566,0.05945661426058083,17.741499853134155,18.06739995956421,0.9819619808517309,52.905507014060504,-0.2591217496376288,-0.002302058209598263
2024-09-23,16.709999084472656,16.950000762939453,15.75,15.890000343322754,0,-0.01609902670890473,0.1096090409806703,0.05543091918568909,17.742999887466432,18.135999965667725,0.9783303882363663,33.14724592746765,-0.36797506321140716,-0.07543665920996007
2024-09-24,15.869999885559082,16.670000076293945,15.270000457763672,15.390000343322754,0,-0.031466330345934046,0.10985906018379721,0.05053802020720169,17.704999923706055,18.181399974822998,0.9737973944923578,29.163738792398874,-0.48895159021979495,-0.15813964541192707
2024-09-25,15.81999969482422,15.81999969482422,15.170000076293944,15.40999984741211,0,0.0012995129072905787,0.10929862031047989,0.04188630338060171,17.70399990081787,18.225799980163575,0.9713702509676603,32.50194674467717,-0.5765662695700087,-0.24182497024354346
2024-09-26,15.0600004196167,15.829999923706056,14.899999618530272,15.369999885559082,0,-0.002595714617073419,0.10652628783043668,0.012864778907005704,17.616999864578247,18.24359998703003,0.9656537019613862,16.265638448335864,-0.641830573487141,-0.321826090892263
2024-09-27,15.640000343322754,16.969999313354492,15.199999809265137,16.959999084472656,0,0.10344822451218505,0.10698939019654627,0.05329945922291156,17.682499837875366,18.264199962615965,0.9681508017908668,36.243083489609475,-0.5588117236685726,-0.36922321744752495
2024-09-30,17.010000228881836,17.790000915527344,16.469999313354492,16.729999542236328,0,-0.013561294495994303,0.10647835616280998,0.05298905761633771,17.768999814987183,18.26839994430542,0.972663170784483,36.81256495636753,-0.5057477823233789,-0.3965281304226958
2024-10-01,16.959999084472656,20.729999542236328,16.610000610351562,19.26000022888184,0,0.15122538887453674,0.0706795674857543,0.07459999088405775,17.69599986076355,18.355399951934814,0.9640759616844111,57.81094434830734,-0.25658654521427593,-0.3685398133810119
2024-10-02,19.649999618530277,20.36000061035156,18.57999992370605,18.899999618530277,0,-0.018691620253031727,0.07040837260717385,0.07817619808085591,17.574999856948853,18.438999938964844,0.9531427905593618,59.34627226303726,-0.08716868397205957,-0.31226558749922145
2024-10-03,19.6299991607666,20.75,19.15999984741211,20.489999771118164,0,0.0841269938984015,0.07137967792894039,0.07481141676510594,17.604499864578248,18.48799991607666,0.9522122427786175,68.07728008899791,0.17339710192525715,-0.21513304961432572
2024-10-04,20.479999542236328,20.479999542236328,18.479999542236328,19.209999084472656,0,-0.06246953152482426,0.0668336449237118,0.08721645670358136,17.44599986076355,18.50299991607666,0.9428741252711828,58.94554775031767,0.2734597329451631,-0.11741449310242792
2024-10-07,20.76000022888184,23.030000686645508,20.649999618530277,22.63999938964844,0,0.17855286145995897,0.07190179038229164,0.104804206144177,17.605499792099,18.62799991607666,0.9451095056589943,67.30901308286374,0.6223582889098793,0.03054006330003357
2024-10-08,22.920000076293945,23.13999938964844,21.13999938964844,21.420000076293945,0,-0.05388689691892434,0.07305503476087447,0.10350859447377615,17.722499799728393,18.724399909973144,0.9464922713111297,60.54197194646767,0.7912975736982872,0.18269156537968437
2024-10-09,21.979999542236328,22.01000022888184,20.709999084472656,20.86000061035156,0,-0.02614376582389244,0.07104574548129147,0.10435466181474753,17.88099980354309,18.78779991149902,0.951734630333117,66.42494928374833,0.8699674539707445,0.3201467430978965
2024-10-10,20.90999984741211,21.38999938964844,20.63999938964844,20.93000030517578,0,0.003355689970089726,0.07026283201647977,0.0988325829215789,18.07399983406067,18.87919990539551,0.957349883714896,67.47076478972662,0.9272732622730828,0.44157204693293384
2024-10-11,20.8700008392334,21.15999984741211,20.13999938964844,20.459999084472656,0,-0.022455863060207304,0.07004662893696867,0.09316970174976259,18.268999814987183,18.916599884033204,0.9657655142564687,66.4506790071708,0.9241107837954878,0.5380797943054446
2024-10-14,20.86000061035156,20.86000061035156,19.690000534057617,19.700000762939453,0,-0.037145569674535084,0.07070019667876985,0.021025949436339713,18.396999883651734,18.842799911499025,0.9763410942141758,65.2296848985624,0.8504752347372211,0.6005588823918
2024-10-15,19.61000061035156,20.88999938964844,19.440000534057617,20.63999938964844,0,0.047715664482478326,0.07111921410522364,0.033967432280202534,18.548499822616577,18.484199905395506,1.0034786421673736,67.35235670234434,0.8580771852155102,0.6520625429565421
2024-10-16,20.770000457763672,21.01000022888184,19.450000762939453,19.57999992370605,0,-0.05135656479108286,0.07214758958022646,0.03902665489069098,18.615999841690062,18.321599922180177,1.0160684613112572,63.08266235804161,0.7696961099855422,0.6755892563623421
2024-10-17,19.549999237060547,19.649999618530277,18.8799991607666,19.11000061035156,0,-0.024004050826652468,0.06780024966312767,0.03824966886386084,18.75499987602234,18.14679992675781,1.033515548290568,57.18103506489698,0.6541873894667134,0.6713088829832164
2024-10-18,19.299999237060547,19.31999969482422,17.989999771118164,18.030000686645508,0,-0.05651490786039193,0.06928737362862913,0.04219360909005259,18.8489999294281,18.031599922180177,1.0453315296909655,54.10872732687221,0.4700801371467307,0.6310631338159194
2024-10-21,18.780000686645508,19.34000015258789,18.36000061035156,18.3700008392334,0,0.018857467534081795,0.06909695371056798,0.04524139218232938,18.97299995422363,17.991599922180175,1.0545476798221585,46.7351446478639,0.34760204408655326,0.5743709158700462
2024-10-22,18.790000915527344,19.440000534057617,18.049999237060547,18.200000762939453,0,-0.009254222565459602,0.06858187651355806,0.03105949417008721,19.11349997520447,17.94139995574951,1.0653293512404727,47.39583695514422,0.2341208876645453,0.506320910228946
2024-10-23,18.209999084472656,20.46999931335449,18.18000030517578,19.239999771118164,0,0.05714280025176999,0.06931931375461275,0.043124050642271844,19.30499997138977,17.963799934387207,1.0746612655396572,45.15127839753066,0.22550598926651944,0.45015792603646065
2024-10-24,18.8700008392334,20.239999771118164,18.6299991607666,19.07999992370605,0,-0.008316000484173358,0.06940018086566396,0.04173997323422269,19.49049997329712,18.021599922180176,1.081507749448432,49.447751831306675,0.20342303557973196,0.40081094794511496
2024-10-25,19.21999931335449,20.51000022888184,18.229999542236328,20.32999992370605,0,0.06551362709634656,0.06728514936361996,0.03533881994212574,19.65900001525879,18.123599929809572,1.084718272936703,37.95620016949357,0.28351846462194175,0.37735245128048034
2024-10-28,19.11000061035156,19.8799991607666,18.90999984741211,19.799999237060547,0,-0.026069881388808613,0.06758425381895275,0.042258295971531065,19.8125,18.223599910736084,1.0871891446830901,40.89886739870314,0.3007610569354604,0.3620341724114764
2024-10-29,19.75,20.530000686645508,19.059999465942383,19.34000015258789,0,-0.023232277888761477,0.05920553939954635,0.04472100463257038,19.816499996185303,18.317399921417238,1.0818402219310217,41.363629270187374,0.27414765036349564,0.3444568680018803
2024-10-30,19.32999992370605,20.440000534057617,19.299999237060547,20.350000381469727,0,0.05222338267389759,0.06003233503747914,0.04354593874155947,19.889000034332277,18.406799926757813,1.0805245949036368,47.022586424567756,0.3307423198790147,0.3417139583773072
2024-10-31,21.440000534057617,23.420000076293945,21.1200008392334,23.15999984741211,0,0.13808350925148427,0.0647840527239576,0.0685123774030502,20.022500038146973,18.54459991455078,1.079694365497558,61.17550521079053,0.5954732312284143,0.3924658129475287
2024-11-01,22.959999084472656,23.09000015258789,21.15999984741211,21.8799991607666,0,-0.055267732948130144,0.0643903904558027,0.07841885991003937,20.15600004196167,18.6311999130249,1.0818412198921656,58.650789650117986,0.6939891527956377,0.45277048091715055
2024-11-04,22.5,23.06999969482422,21.729999542236328,21.979999542236328,0,0.004570401522182799,0.0504307617319636,0.07533384441063107,20.123000049591063,18.753599910736085,1.0730206544542429,55.697280373477064,0.7712425217442345,0.5164648890825674
2024-11-05,21.979999542236328,22.059999465942383,20.200000762939453,20.489999771118164,0,-0.06778888999770039,0.05129647924543831,0.08431109055940615,20.076500034332277,18.84039991378784,1.0656090171228174,53.732567473052256,0.7041191963384712,0.5539957505337482
2024-11-06,16.059999465942383,16.81999969482422,15.4399995803833,16.270000457763672,0,-0.20595409275225196,0.06872947069616502,0.12470877734015044,19.84700002670288,18.8571999168396,1.0524892409386497,41.091592229408356,0.3068674241280327,0.504570085252605
2024-11-07,15.859999656677246,15.859999656677246,15.130000114440918,15.199999809265137,0,-0.06576525005492273,0.06975305107584163,0.07739642182825887,19.56050000190735,18.81899990081787,1.0394016741058196,41.11738545954921,-0.09322296109231232,0.3850114759836215
2024-11-08,15.130000114440918,15.329999923706056,14.65999984741211,14.9399995803833,0,-0.017105278430553206,0.06972695185287249,0.08195135591351817,19.28450002670288,18.80479990005493,1.0255094512676282,39.17980636379373,-0.4263624781860962,0.22273668514967795
2024-11-11,15.329999923706056,15.5600004196167,14.890000343322754,14.970000267028809,0,0.002008078145122605,0.06956823722590656,0.08137123314768747,19.048000001907347,18.804199905395507,1.0129651938257627,39.7199220621656,-0.6801171735193456,0.04216591341587318
2024-11-12,15.09000015258789,15.369999885559082,14.6899995803833,14.710000038146973,0,-0.017368084451840793,0.068174274079501,0.08490402257088465,18.751500034332274,18.683999919891356,1.0036127229035714,34.829205120508846,-0.891917968195294,-0.1446508629063603
2024-11-13,15.09000015258789,15.260000228881836,13.770000457763672,14.020000457763672,0,-0.04690683742990798,0.068054749293301,0.026975087742697884,18.473500061035157,18.537999935150147,0.9965206670438761,33.63519035794616,-1.1027371559840056,-0.33626812152188945
2024-11-14,14.170000076293944,14.31999969482422,13.59000015258789,14.3100004196167,0,0.020684732695029018,0.06845037821111458,0.025187005147890698,18.233500051498414,18.426199951171874,0.9895420705200149,29.241382385689164,-1.2322081790212565,-0.515456133021763
2024-11-15,15.020000457763672,17.549999237060547,14.5600004196167,16.139999389648438,0,0.1278825238553527,0.07430999307857258,0.06670490978360175,18.13899998664856,18.301399955749513,0.9911263635845555,38.417721442583364,-1.1736205079621946,-0.6470890080098494
2024-11-18,16.600000381469727,17.0,15.350000381469728,15.579999923706056,0,-0.03469637466662745,0.07445313831775796,0.0707028754627149,17.99949994087219,18.223999938964845,0.9876810799580475,38.176099625499894,-1.1590162158633213,-0.7494744495805439
2024-11-19,15.4399995803833,17.93000030517578,15.369999885559082,16.350000381469727,0,0.049422365952137115,0.07544607601548131,0.07056787306882549,17.906999921798707,18.169399948120116,0.9855581347171259,37.22860779382122,-1.072941406723647,-0.8141678410091646
2024-11-20,16.190000534057617,18.790000915527344,16.040000915527344,17.15999984741211,0,0.049541250583724494,0.07514810720083102,0.05878528198343338,17.802999925613403,18.158799934387208,0.9804061936879415,28.038067104602845,-0.9286612836846402,-0.8370665295442599
2024-11-21,17.100000381469727,17.989999771118164,15.729999542236328,16.8700008392334,0,-0.016899709251596895,0.07520499453771516,0.06441616218457812,17.692499971389772,18.15479995727539,0.974535660708266,30.22889090144892,-0.8281720906890229,-0.8352876417732126
2024-11-22,16.670000076293945,17.559999465942383,15.239999771118164,15.239999771118164,0,-0.0966212796103989,0.07612350067393231,0.06171877694123448,17.437999963760376,18.128399963378907,0.961916109473908,26.267604527078902,-0.8700319581268445,-0.842236505043939
2024-11-25,15.229999542236328,15.720000267028809,14.539999961853027,14.600000381469728,0,-0.04199471123755005,0.07636722396429532,0.06253420214748939,17.178000020980836,18.077599983215332,0.9502367591345224,27.940074670921604,-0.9439673388192951,-0.8625826717990103
2024-11-26,14.949999809265137,15.029999732971191,13.880000114440918,14.100000381469728,0,-0.0342465744476691,0.0764901353057413,0.052629848652618,16.916000032424925,18.007399978637697,0.9393915863751843,38.73312427100357,-1.0310224964692853,-0.8962706367330653
2024-11-27,14.279999732971191,15.130000114440918,13.960000038146973,14.100000381469728,0,0.0,0.07503068628396965,0.03659136274928134,16.603500032424925,17.92479999542236,0.9262864878082394,43.57476858074855,-1.0874785601954127,-0.9345122214255347
2024-11-29,14.0,14.149999618530272,13.489999771118164,13.510000228881836,0,-0.041843981320970225,0.06588597931834857,0.03465253903995152,16.121000051498413,17.868400001525877,0.9022072513555638,41.95725757546339,-1.1663831401280742,-0.9808864051660426
2024-12-02,14.079999923706056,14.100000381469728,13.300000190734863,13.34000015258789,0,-0.012583277084667777,0.06552440067419901,0.01891287646908484,15.694000101089477,17.812200012207033,0.8810815110056077,40.974526539664254,-1.2284721118010058,-1.0304035464930354
2024-12-03,13.380000114440918,13.770000457763672,13.1899995803833,13.300000190734863,0,-0.002998497855734139,0.06538284551009547,0.018777068742513833,15.260000133514405,17.760400009155273,0.8592148896223091,41.99772850086252,-1.2663085154897171,-1.0775845402923718
2024-12-04,13.15999984741211,13.609999656677246,12.890000343322754,13.449999809265137,0,0.01127816664504766,0.06489922700895098,0.020121665324745706,14.908000135421753,17.721599998474122,0.8412333049332663,46.553804025752214,-1.2695557737050702,-1.1159787869749116
2024-12-05,13.460000038146973,13.699999809265137,13.260000228881836,13.539999961853027,0,0.006691461253842901,0.0477656316172421,0.021088291229281644,14.77150011062622,17.68420000076294,0.8352936581801237,45.22923996981331,-1.250452550462736,-1.1428735396724765
2024-12-06,13.619999885559082,13.739999771118164,12.699999809265137,12.770000457763672,0,-0.056868501200791455,0.04723862037429444,0.02729331772801598,14.650000143051148,17.632200012207033,0.8308662635921062,25.96291199148466,-1.2826599280154696,-1.170830817341075
2024-12-09,13.359999656677246,14.229999542236328,13.350000381469728,14.1899995803833,0,0.1111980479026784,0.054098258281458825,0.06086764167581702,14.612500143051147,17.576800022125244,0.8313515614137551,41.16899173817306,-1.180000137934531,-1.1726646814597663
2024-12-10,14.300000190734863,14.539999961853027,13.859999656677246,14.18000030517578,0,-0.0007046705780981988,0.0540931496462244,0.06071726884122205,14.573000144958495,17.525800037384034,0.8315169700597426,34.73979568021555,-1.0869190464297276,-1.1555155544537585
2024-12-11,14.420000076293944,14.43000030517578,13.520000457763672,13.579999923706056,0,-0.04231314305760059,0.054765293709872744,0.0658974270643289,14.51650013923645,17.412200031280516,0.8336970694776062,24.057962962041543,-1.049469001790447,-1.1343062439210962
2024-12-12,13.729999542236328,13.949999809265137,13.390000343322754,13.920000076293944,0,0.025036830228132967,0.05406003654108874,0.06661931060020727,14.511500120162964,17.31260004043579,0.8382045496499371,28.77696943384116,-0.9810455187265585,-1.1036540988821888
2024-12-13,13.56999969482422,14.25,13.239999771118164,13.8100004196167,0,-0.007902274143272159,0.05388978194885188,0.057856440020440054,14.486500120162964,17.179000053405762,0.8432679477925139,36.832412296608645,-0.9250322722008804,-1.0679297335459272
2024-12-16,14.369999885559082,14.6899995803833,13.989999771118164,14.6899995803833,0,0.06372187791657047,0.047363904879192766,0.03954210707436557,14.414000129699707,17.088600063323973,0.8434863052729189,50.79364411918209,-0.8004062084264358,-1.0144250285220289
2024-12-17,14.979999542236328,15.9399995803833,14.779999732971191,15.869999885559082,0,0.0803267759620312,0.05028741571837133,0.05041463324360459,14.428500127792358,16.953200073242186,0.8510782663719844,63.937009411342416,-0.5995121887210253,-0.9314424605618281
2024-12-18,15.56999969482422,28.31999969482422,14.81999969482422,27.6200008392334,0,0.7403907396600702,0.1727476118538408,0.31496566777690505,14.992000150680543,17.077200088500977,0.8778956780377297,87.34807071142636,0.5020374718965073,-0.644746474070161
2024-12-19,21.61000061035156,24.1200008392334,20.15999984741211,24.09000015258789,0,-0.1278059587033482,0.17656125897263492,0.34020892656370677,15.338500165939331,17.141800079345703,0.8948010182676682,75.14258655524029,1.0777582341647722,-0.30024553242317426
2024-12-20,24.13999938964844,26.51000022888184,17.81999969482422,18.36000061035156,0,-0.23785801186974176,0.18615720686569365,0.38005806300884437,15.41300015449524,17.090400085449218,0.9018513362725711,59.43609162731265,1.05944538375023,-0.028307349188493324
2024-12-23,18.09000015258789,20.020000457763672,16.739999771118164,16.780000686645508,0,-0.08605663786390239,0.18583329928160422,0.38978059104435664,15.490000200271606,17.016800117492675,0.9102769083094787,56.18337009475775,0.9069843773035942,0.15875099610992424
2024-12-24,16.969999313354492,17.040000915527344,14.270000457763672,14.270000457763672,0,-0.14958284422952606,0.18916656828402378,0.4021818499735792,15.473500204086303,16.90820011138916,0.9151476858653654,51.34426340022676,0.5769709280422504,0.2423949824963895
2024-12-26,14.989999771118164,15.93000030517578,14.550000190734863,14.729999542236328,0,0.03223539381334706,0.18889702719800416,0.09869523619691593,15.505000162124634,16.790000114440918,0.9234663523789337,51.927437088307,0.348533298715175,0.2636226457401466
2024-12-27,15.380000114440918,18.450000762939453,15.289999961853027,15.949999809265137,0,0.08282418906603617,0.1894529042124071,0.13092042020554523,15.597500133514405,16.7174001121521,0.933009919537451,55.07662752125754,0.26290801728212543,0.26347972004854237
2024-12-30,17.209999084472656,19.21999931335449,16.440000534057617,17.399999618530273,0,0.0909090800379102,0.18952128337327806,0.1069674348203744,15.792000102996827,16.683200092315673,0.9465809925921026,55.11961737916482,0.3084960805191841,0.27248299214267074
2024-12-31,17.389999389648438,17.809999465942383,16.68000030517578,17.350000381469727,0,-0.002873519434293592,0.1894296670671326,0.09743459204710422,15.992500114440919,16.669600086212156,0.9593811508212915,55.049379002758634,0.3367090561044215,0.2853282049350209
2025-01-02,17.209999084472656,19.5,16.959999084472656,17.93000030517578,0,0.03342938968033171,0.189306374135953,0.03905265033515504,16.224000120162962,16.660800075531007,0.9737827743332954,56.93337668087764,0.4012438991964231,0.3085113437873014
2025-01-03,17.65999984741211,17.940000534057617,16.110000610351562,16.1299991607666,0,-0.10039046925668937,0.19146938952616074,0.07773247057097761,16.358000087738038,16.61940004348755,0.9842713963761921,53.36582255499314,0.3036429710199471,0.3075376692338305
2025-01-06,16.770000457763672,16.8700008392334,15.710000038146973,16.040000915527344,0,-0.005579556721748813,0.191543103141921,0.0697344987732412,16.483000135421754,16.555400066375732,0.9956268087352946,53.39835507014244,0.21653534139228725,0.2893372036655219
2025-01-07,16.479999542236328,18.899999618530277,15.789999961853027,17.81999969482422,0,0.11097248614080613,0.1915776490386095,0.07631705688624427,16.73550009727478,16.530200061798094,1.0124196945414559,54.642539733013614,0.28781518842116327,0.2890328006166502
2025-01-08,17.90999984741211,19.5,17.3700008392334,17.700000762939453,0,-0.006733946910202238,0.19077631542427745,0.07646271832793124,16.911000156402586,16.477600078582764,1.0263023787294818,52.802451851636995,0.3308087128840782,0.2973879830701358
2025-01-10,18.290000915527344,20.309999465942383,18.049999237060547,19.540000915527344,0,0.1039548063998117,0.1914797155733531,0.0882982118300515,17.179000186920167,16.4724001121521,1.042895999973118,32.233945997196685,0.5075038372380014,0.33941115390370896
2025-01-13,21.18000030517578,22.040000915527344,19.149999618530277,19.190000534057617,0,-0.017911994118260277,0.19107311709301797,0.06460623205548255,17.459500217437743,16.469400119781493,1.0601175568299561,37.47443581814304,0.6122364103639946,0.39397620519576615
2025-01-14,18.790000915527344,19.65999984741211,18.239999771118164,18.709999084472656,0,-0.025013102460996528,0.1914834033216609,0.0682836299818867,17.69900016784668,16.43660009384155,1.076804209313222,51.22291591136893,0.6490240781127525,0.4449857797791635
2025-01-15,19.07999992370605,19.13999938964844,15.960000038146973,16.1200008392334,0,-0.13842856076827315,0.19498366106505363,0.08594364948023187,17.814500188827516,16.295800113677977,1.0931957967424262,47.84595292134426,0.4638404925052271,0.44875672232437624
2025-01-16,15.869999885559082,16.600000381469727,15.640000343322754,16.600000381469727,0,0.029776644990494594,0.19474921529373146,0.08852773114236331,17.910000228881835,16.19020013809204,1.106224757947462,58.76599234907506,0.35175826791983056,0.4293570314434671
2025-01-17,16.190000534057617,16.229999542236328,15.529999732971191,15.970000267028809,0,-0.03795181325081021,0.19462722359603557,0.06174891665658788,17.915000247955323,16.07000015258789,1.1148102101959418,54.606244698019225,0.2096794985836219,0.38542152487149806
2025-01-21,16.290000915527344,16.290000915527344,14.93000030517578,15.0600004196167,0,-0.05698183044435312,0.09346613590272866,0.061054422035192894,17.287000226974488,15.961400165557862,1.0830503619774572,46.6159708226332,0.023382133086954582,0.3130136465145894
2025-01-22,14.890000343322754,15.289999961853027,14.59000015258789,15.100000381469728,0,0.0026560398896753323,0.0904507739285709,0.06455405551354224,16.837500238418578,15.938000164031983,1.056437449186162,40.20442917698529,-0.11965292421232121,0.22648033236920728
2025-01-23,15.279999732971191,15.390000343322754,14.59000015258789,15.020000457763672,0,-0.005298008058611026,0.0743383996697407,0.03424069644502864,16.670500230789184,15.934400177001953,1.0461956550363056,40.10195162171676,-0.23673562200212572,0.13383714149494066
2025-01-24,15.020000457763672,15.15999984741211,14.579999923706056,14.850000381469728,0,-0.011318247078086596,0.07201327850375494,0.024894380796449657,16.574000215530397,15.932600193023681,1.0402570838868825,36.44365848375816,-0.3393304981856531,0.03920361355882188
2025-01-27,18.82999992370605,22.51000022888184,17.56999969482422,17.899999618530273,0,0.20538714873478559,0.0776538019800754,0.10244381249486051,16.755500173568727,15.991200180053712,1.0477950363268136,57.018244152522,-0.17253930251623117,-0.003144969656188741
2025-01-28,18.290000915527344,18.38999938964844,16.25,16.40999984741211,0,-0.08324021245093771,0.08048238008910628,0.10832262767624713,16.839500188827515,16.025200176239014,1.0508137186202444,51.32048189359333,-0.15875656055655085,-0.03426728783626117
2025-01-29,16.420000076293945,18.07999992370605,16.170000076293945,16.559999465942383,0,0.009140744663317601,0.07856019213804862,0.1080770922468202,16.870000171661378,16.07600015640259,1.0493903960894502,44.911144957911986,-0.13418314289277333,-0.054250458847563604
2025-01-30,15.93000030517578,16.420000076293945,15.31999969482422,15.84000015258789,0,-0.04347822080763086,0.07652151323322591,0.11185330159820663,16.792000198364256,16.10660015106201,1.0425539866187745,42.83512731407499,-0.17083715527116894,-0.07756779813228468
2025-01-31,15.449999809265137,17.09000015258789,14.899999618530272,16.43000030517578,0,0.03724748402174094,0.07702150842539977,0.11107007916315469,16.74600019454956,16.11240016937256,1.0393237518008884,36.74338773478645,-0.15054228493074717,-0.09216269549197718
2025-02-03,20.36000061035156,20.420000076293945,17.65999984741211,18.6200008392334,0,0.1332927871807601,0.0823542942970812,0.08290985619266505,16.780500221252442,16.173200187683104,1.0375497753395666,47.89977970611647,0.04177473340814686,-0.06537520971195238
2025-02-04,18.780000686645508,19.11000061035156,16.780000686645508,17.209999084472656,0,-0.07572511768043466,0.08086411233160205,0.08082548272895819,16.834500217437743,16.190400161743163,1.0397828373147036,44.827585526510504,0.07949562222940543,-0.036401043323680805
2025-02-05,17.540000915527344,17.75,15.770000457763672,15.770000457763672,0,-0.08367220821110855,0.08331311111733379,0.09161183838799436,16.821000194549562,16.162600173950196,1.040736021030857,48.689136998224384,-0.006728593186331011,-0.030466553296210848
2025-02-06,15.880000114440918,16.149999618530273,14.989999771118164,15.5,0,-0.01712114457363567,0.07935136143764049,0.0896878752580728,16.70500020980835,16.135200157165528,1.035314098808361,45.814305812158956,-0.09574499684434556,-0.0435222420058378
2025-02-07,15.380000114440918,16.65999984741211,14.789999961853027,16.540000915527344,0,0.06709683325982874,0.08092275181203096,0.09378626132573079,16.647000217437743,16.16120018005371,1.0300596510142612,52.10332339658669,-0.08143304637087567,-0.051104402878845386
2025-02-10,16.579999923706055,16.610000610351562,15.699999809265137,15.8100004196167,0,-0.04413545680190001,0.07757976318731248,0.060750376177373375,16.46050019264221,16.18540018081665,1.0169968001255612,52.80478666014431,-0.12752562562959469,-0.06638864742899526
2025-02-11,16.1299991607666,16.420000076293945,15.75,16.020000457763672,0,0.013282734508116123,0.07767894229385955,0.057199662829389576,16.302000188827513,16.22380018234253,1.004820079488534,53.397341263245075,-0.1454326219985802,-0.08219744234291226
2025-02-12,15.90999984741211,17.18000030517578,15.640000343322754,15.890000343322754,0,-0.008114863341212808,0.07755562242809805,0.04171661404231975,16.16100025177002,16.25960018157959,0.9939358945663822,53.20088232059889,-0.16817534769037934,-0.09939302341240569
2025-02-13,15.970000267028809,16.329999923706055,14.979999542236328,15.100000381469728,0,-0.04971679954588526,0.07187446276980587,0.04762027220933908,16.110000228881837,16.291400184631346,0.9888652937320492,50.87966214831332,-0.24709713431820646,-0.12893384559356585
2025-02-14,15.079999923706056,15.420000076293944,14.739999771118164,14.770000457763672,0,-0.021854299031079716,0.07163983674301265,0.025960696215314112,16.018500232696532,16.320000190734863,0.9815257380812105,36.37946604206127,-0.3324393014098028,-0.16963493675681326
2025-02-18,15.56999969482422,16.030000686645508,15.350000381469728,15.350000381469728,0,0.03926878170143766,0.07176755005820686,0.03386160869560676,15.98750023841858,16.36100019454956,0.9771713249991032,44.99055159503355,-0.3492465403863836,-0.20555725748272732
2025-02-19,15.140000343322754,15.960000038146973,15.050000190734863,15.270000457763672,0,-0.005211721284556492,0.07051408961589377,0.03228010794162644,15.998000240325927,16.39740020751953,0.9756424822143179,43.86299359668168,-0.3648163478530062,-0.23740907555678312
2025-02-20,15.609999656677246,16.6299991607666,15.119999885559082,15.65999984741211,0,0.025540234312838583,0.07069494267353746,0.03585456376574986,16.026000213623046,16.439800205230714,0.9748293783110571,49.115912249241326,-0.34174640127680256,-0.25827654070078704
2025-02-21,15.630000114440918,19.030000686645508,15.279999732971191,18.209999084472656,0,0.1628352019097845,0.07902811333955402,0.07274629461317773,16.185500144958496,16.548600177764893,0.9780585651411008,57.33113092721486,-0.11635836836723357,-0.22989290623407635
2025-02-24,18.07999992370605,20.239999771118164,17.309999465942383,18.979999542236328,0,0.04228448635234905,0.07908763156506034,0.06424516980683868,16.392000102996825,16.644400177001952,0.9848357362643878,51.67909823698377,0.12297825653585193,-0.15931867368009067
2025-02-25,19.09000015258789,21.479999542236328,18.850000381469727,19.43000030517578,0,0.023709208313628327,0.06532384604329386,0.06543888366507403,16.4685001373291,16.749400177001952,0.9832292478115995,61.372956806566904,0.3449887413920045,-0.05845719066567161
2025-02-26,18.959999084472656,20.059999465942383,17.829999923706055,19.100000381469727,0,-0.016984041097423352,0.062159550484090095,0.06807318189944897,16.603000164031982,16.859800186157226,0.984768501447835,69.24855107680284,0.48867230408745854,0.05096870828495445
2025-02-27,18.25,21.46999931335449,17.670000076293945,21.1299991607666,0,0.1062826564792283,0.06582664737863199,0.07107890909643921,16.831500148773195,17.00400016784668,0.9898553271365128,77.04130280158553,0.7576132053558666,0.19229760769913692
2025-02-28,21.209999084472656,22.399999618530277,19.049999237060547,19.6299991607666,0,-0.07098911782188544,0.06736571150224509,0.06624313977774574,17.021000099182128,17.120400142669677,0.9941940583947094,64.21342478781402,0.8400300003056955,0.3218440862204487
2025-03-03,19.82999992370605,24.309999465942383,19.25,22.780000686645508,0,0.16046875499488777,0.07492369410095598,0.09318802108652323,17.338500118255617,17.282200164794922,1.0032576843760543,76.22272493241218,1.1463107448486873,0.4867374179460965
2025-03-04,22.959999084472656,26.350000381469727,21.709999084472656,23.51000022888184,0,0.032045633021612785,0.07005932557565807,0.09288664778759567,17.583000087738036,17.435000171661375,1.008488667313994,77.11803063276604,1.4314445025482456,0.6756788348665265
2025-03-05,23.030000686645508,24.84000015258789,21.3700008392334,21.93000030517578,0,-0.06720544059225664,0.06950902084650026,0.10304191062482589,17.819000148773192,17.321200160980226,1.028739347341206,69.79030225665225,1.5124872589397427,0.8430405196811698
2025-03-06,22.600000381469727,25.920000076293945,22.38999938964844,24.8700008392334,0,0.1340629499838053,0.0703874086171022,0.10863750532059874,18.27400016784668,17.336800174713133,1.054058418144573,78.05858857952809,1.7932759310922108,1.0330876019633781
2025-03-07,24.850000381469727,26.559999465942383,23.09000015258789,23.3700008392334,0,-0.06031362884530711,0.07239084411477278,0.10604183690503348,18.66750020980835,17.43700017929077,1.0705683327330004,73.14316581480998,1.8731727433929564,1.2011046302492938
2025-03-10,24.700000762939453,29.559999465942383,24.68000030517578,27.86000061035156,0,0.19212664141544988,0.08124573221690028,0.11556465693641997,19.23350019454956,17.658600177764892,1.0891860057383103,77.81236184125548,2.2725998829953475,1.4154036807985046
2025-03-11,27.940000534057617,29.56999969482422,26.18000030517578,26.920000076293945,0,-0.0337401476476763,0.08078267313564852,0.12117943086457028,19.78900017738342,17.911600170135497,1.104814756326359,74.94646558501894,2.484657002382992,1.6292543451154022
2025-03-12,26.8799991607666,26.90999984741211,23.88999938964844,24.229999542236328,0,-0.09992572535044164,0.08581688613303423,0.1285990875924644,20.199500131607056,18.101600170135498,1.1158958291948538,66.70565143276451,2.407896503432724,1.7849827767788666
2025-03-13,24.920000076293945,26.1299991607666,23.459999084472656,24.65999984741211,0,0.017746608060236646,0.08549813945290013,0.11394993217533443,20.638000106811525,18.27580017089844,1.1292528870869658,63.705907462555416,2.354618114030643,1.898909844229222
2025-03-14,24.350000381469727,24.36000061035156,21.479999542236328,21.770000457763672,0,-0.1171938121464231,0.0898442828269796,0.12424728227708555,20.97150011062622,18.363200187683105,1.142039508162232,55.43859795234797,2.055501269438473,1.9302281292710723
2025-03-17,22.88999938964844,22.950000762939453,20.31999969482422,20.51000022888184,0,-0.05787782280144549,0.09112482152025164,0.05382281454486925,21.25850009918213,18.426400184631348,1.1536979489305192,52.04081610586463,1.6972131106085797,1.8836251255385739
2025-03-18,20.82999992370605,22.56999969482422,20.40999984741211,21.700000762939453,0,0.0580205032071075,0.09142573224934565,0.07551848288452313,21.576000118255614,18.50180019378662,1.1661568005421108,54.75841915994424,1.4920903722409413,1.8053181748790474
2025-03-19,21.84000015258789,22.100000381469727,19.420000076293945,19.899999618530277,0,-0.08294935857713537,0.09422119821068557,0.07246180620930019,21.807500076293945,18.577200202941896,1.1738851838847328,47.72979076761724,1.1707879603220768,1.6784121319676535
2025-03-20,19.520000457763672,21.170000076293945,19.299999237060547,19.799999237060547,0,-0.005025144893802569,0.09432998892816215,0.06882833123217215,22.014500045776366,18.65240016937256,1.1802502544377325,50.33086813452054,0.8977357500653014,1.522276855587183
2025-03-21,20.020000457763672,21.13999938964844,19.149999618530277,19.280000686645508,0,-0.02626255406322109,0.0880947051728013,0.0541024160774246,22.06800012588501,18.681600189208986,1.1812692650724912,42.41110192635583,0.63209398302115,1.3442402810739766
2025-03-24,19.1299991607666,19.13999938964844,17.459999084472656,17.479999542236328,0,-0.09336105188294774,0.09037968358245216,0.06165132330428774,21.99300012588501,18.67720016479492,1.1775319604562635,37.50518039144668,0.27317690634684055,1.1300276061285495
2025-03-25,17.579999923706055,17.770000457763672,17.020000457763672,17.149999618530273,0,-0.018878714665219953,0.09028419576576323,0.04003096121223977,21.879000091552733,18.62940013885498,1.1744339553864713,39.55419566209955,-0.037463838879912004,0.8965293171268571
2025-03-26,17.229999542236328,19.06999969482422,16.969999313354492,18.32999992370605,0,0.06880468404796969,0.09158822739205663,0.05789009292709069,21.84050006866455,18.61220012664795,1.1734507430636583,34.51704530060785,-0.18628532331557324,0.679966389038371
2025-03-27,18.36000061035156,19.280000686645508,17.950000762939453,18.690000534057617,0,0.01963996791325573,0.08837853216716673,0.0599605546806849,21.7185001373291,18.61180015563965,1.1669209832316019,38.28828949232459,-0.27204244535745303,0.4895646221592062
2025-03-28,19.07999992370605,22.18000030517578,18.920000076293945,21.649999618530277,0,0.1583734082339292,0.09374718921938571,0.09440918622427551,21.819500160217284,18.722400131225587,1.1654221684871637,33.170731455172415,-0.1000055918385172,0.3716505793596615
2025-03-31,24.11000061035156,24.799999237060547,21.670000076293945,22.280000686645508,0,0.02909935700765609,0.0869245001157812,0.0674376542582732,21.794500160217286,18.8360001373291,1.1570662561753247,37.210588285516785,0.0861772770853797,0.31455591890480517
2025-04-01,22.059999465942383,23.520000457763672,21.57999992370605,21.770000457763672,0,-0.02289049430718948,0.08680494845759086,0.06849848883020437,21.707500171661376,18.9520001411438,1.1453936265299793,42.29323735085098,0.19038119001142206,0.28972097312612854
2025-04-02,22.299999237060547,23.65999984741211,20.68000030517578,21.51000022888184,0,-0.011943051144452821,0.08543482533248521,0.07253486205035337,21.68650016784668,19.081000137329102,1.1365494477105689,40.02533548009672,0.24911208712231314,0.2815991959253655
2025-04-03,26.3799991607666,30.020000457763672,24.93000030517578,30.020000457763672,0,0.39562994599392476,0.11977382632788554,0.1753558943630384,21.944000148773192,19.37940013885498,1.1323363980072987,69.26669450926005,0.9711478556855511,0.4195089278774027
2025-04-04,30.1200008392334,45.61000061035156,29.989999771118164,45.310001373291016,0,0.5093271379872046,0.16132919188241354,0.25284887198892014,23.041000175476075,19.985200157165526,1.1529031480435246,84.98871063947892,2.7454933558761887,0.88470581347716
2025-04-07,60.130001068115234,60.130001068115234,38.58000183105469,46.97999954223633,0,0.03685716438600095,0.15751345371862768,0.25171385059826423,23.99700012207031,20.62780014038086,1.1633329758268274,85.18930593434962,4.237581640375879,1.5552809788569042
2025-04-08,44.040000915527344,57.52000045776367,36.47999954223633,52.33000183105469,0,0.11387829589075582,0.15752361775120619,0.23050159440591783,25.26750020980835,21.31640018463135,1.1853549375576866,91.0818338515358,5.7850859587884855,2.401241974843221
2025-04-09,50.97999954223633,57.959999084472656,31.899999618530277,33.619998931884766,0,-0.35753873962348437,0.17894876791595843,0.3393427868120242,25.73700017929077,21.6606001663208,1.1881942320004688,61.897381500887505,5.439055367767274,3.008804653428032
2025-04-10,34.439998626708984,54.869998931884766,34.439998626708984,40.720001220703125,0,0.21118389394369697,0.18338582168370587,0.3136057663339244,26.540000247955323,22.143800201416017,1.1985296112931052,66.57902677269902,5.672347191371294,3.541513161016685
2025-04-11,40.79999923706055,46.119998931884766,36.84999847412109,37.560001373291016,0,-0.07760313734483593,0.18180263623127726,0.21892307073066827,27.32950029373169,22.578200225830077,1.2104375025634682,65.20751239877576,5.538403792505427,3.9408912873144337
2025-04-14,34.7599983215332,35.16999816894531,29.75,30.88999938964844,0,-0.17758258093104395,0.18716638547803868,0.22716115290141348,27.84850025177002,22.86740020751953,1.2178253758209272,59.49419419869293,4.838266740083412,4.12036637786823
2025-04-15,30.01000022888184,31.450000762939453,28.290000915527344,30.1200008392334,0,-0.024927114458703326,0.18757921711167114,0.20870842835009887,28.269500255584717,23.09740020751953,1.2239256367208535,58.19318939564121,4.173164985701625,4.130926099434909
2025-04-16,33.2400016784668,34.959999084472656,29.479999542236328,32.63999938964844,0,0.08366528818726215,0.18588867222941025,0.14977839173350688,28.906500244140624,23.406000213623045,1.2350038443268967,59.411683756321935,3.8055419572509734,4.065849270998122
2025-04-17,30.790000915527344,32.54999923706055,29.56999969482422,29.649999618530277,0,-0.09160538685752606,0.18800136122617225,0.0961453458334296,29.399000263214113,23.68360019683838,1.2413231104593085,55.395197762757974,3.2356317172388884,3.899805760246275
2025-04-21,32.75,35.75,31.790000915527344,33.81999969482422,0,0.1406408138261097,0.18878579229119602,0.12879590560607285,30.126000213623048,24.050000190734863,1.2526403315883936,57.427908157045394,3.084897128247299,3.73682403384648
2025-04-22,32.61000061035156,32.68000030517578,30.07999992370605,30.56999969482422,0,-0.09609698490025054,0.1888919366505847,0.10606600390005708,30.780500221252442,24.3306001663208,1.2650941617075193,55.4712749332096,2.672385445951921,3.5239363162675685
2025-04-23,28.75,30.290000915527344,27.11000061035156,28.450000762939453,0,-0.06934900075395489,0.19011500095964065,0.11068054224538966,31.3455002784729,24.583400173187258,1.2750677309748617,54.21730685123161,2.1496212735650033,3.249073307727056
2025-04-24,28.690000534057617,29.65999984741211,26.36000061035156,26.46999931335449,0,-0.06959583115949242,0.1915963739605328,0.10017385403589171,31.75250024795532,24.792400150299073,1.280735227548039,47.656765098186646,1.55760226191531,2.9107790985647073
2025-04-25,26.21999931335449,27.200000762939453,24.84000015258789,24.84000015258789,0,-0.061579116095565656,0.1927951202501751,0.09694503683816702,32.06000022888183,24.971400146484374,1.2838687474797217,33.51586413854261,0.9459908267221735,2.517821444196201
2025-04-28,25.75,26.93000030517578,24.700000762939453,25.149999618530277,0,0.01247984959895776,0.19046397312785274,0.040890088247167465,32.23500022888184,25.172400131225587,1.2805691972493045,32.02700639600869,0.48075685823608794,2.110408527004178
2025-04-29,24.76000022888184,25.989999771118164,23.76000022888184,24.170000076293945,0,-0.03896618517299211,0.19096802670713053,0.03468511071742887,32.32950019836426,25.360400123596193,1.2748024495198629,25.017742639457012,0.032601997981860364,1.6948472211997145
2025-04-30,24.350000381469727,28.170000076293945,24.229999542236328,24.700000762939453,0,0.021928038269446892,0.19069854771466704,0.04214799406095405,32.476000213623045,25.547400131225587,1.2712056822537061,38.31849384802638,-0.27660875796049567,1.3005560253676725
2025-05-01,23.940000534057617,25.18000030517578,23.299999237060547,24.600000381469727,0,-0.004048598315015806,0.19063179151935697,0.03527787031067058,32.63050022125244,25.73400012969971,1.2679917640784284,24.150093541446807,-0.5236928990814569,0.9357062404778466
2025-05-02,23.6299991607666,24.31999969482422,22.34000015258789,22.68000030517578,0,-0.07804878237889012,0.1702091439905367,0.041112988727903324,32.26350021362305,25.87440013885498,1.246927466549213,25.150297677634114,-0.8644717291332178,0.5756706465556336
2025-05-05,24.25,24.6299991607666,22.809999465942383,23.63999938964844,0,0.04232800139132187,0.121640541996279,0.04809741865079054,31.18000011444092,25.983000144958496,1.200015392390736,35.03920495586412,-1.0450310367755797,0.25153030988939085
2025-05-06,23.96999931335449,25.11000061035156,23.899999618530277,24.76000022888184,0,0.04737736328892739,0.12194083868548333,0.05111418925637439,30.069000148773192,26.098600158691408,1.152130764329885,39.0968245669007,-1.0852408998981176,-0.01582393206811093
2025-05-07,24.559999465942383,25.6200008392334,23.290000915527344,23.549999237060547,0,-0.048869183385946036,0.11763277998404575,0.055208644256966005,28.630000019073485,26.1810001373291,1.0935411125968628,30.468414323655182,-1.2009012318927077,-0.2528393920330304
2025-05-08,22.84000015258789,23.61000061035156,21.8799991607666,22.479999542236328,0,-0.04543523267467309,0.08948042524517758,0.05747675889612545,28.073000049591066,26.248600120544435,1.069504656273791,33.20843103469686,-1.3631889180067205,-0.4749092972277685
2025-05-09,22.399999618530277,22.81999969482422,21.82999992370605,21.899999618530277,0,-0.025800708875297063,0.07171081357563878,0.047354195169892456,27.131999969482422,26.264000129699706,1.0330490342482586,16.441441659135563,-1.5210702737705333,-0.6841414925363215
2025-05-12,19.84000015258789,20.440000534057617,18.13999938964844,18.38999938964844,0,-0.16027398584573105,0.07691129165562775,0.07448596554995299,26.173499870300294,26.239200134277343,0.9974961026387682,16.2042175478187,-1.9074323767581625,-0.9287996693806899
2025-05-13,18.690000534057617,18.850000381469727,17.649999618530273,18.21999931335449,0,-0.009244158887228848,0.06896281309362619,0.05940351710368379,25.539999866485594,26.148000106811523,0.976747734517274,18.17050270797192,-2.2019618666464638,-1.1834321088338449
2025-05-14,18.100000381469727,18.81999969482422,18.059999465942383,18.6200008392334,0,0.02195398139152105,0.06971410487869036,0.06966082485500802,24.964999866485595,26.050200119018555,0.9583419609993443,22.912361750148193,-2.375716053336177,-1.4218888977343114
2025-05-15,19.190000534057617,19.3799991607666,17.770000457763672,17.829999923706055,0,-0.0424275445714678,0.06526977939847681,0.06965572840679037,24.224499893188476,25.96820011138916,0.9328524806986553,24.322349942353412,-2.5477945797210495,-1.6470700341316593
2025-05-16,17.959999084472656,17.959999084472656,17.149999618530273,17.239999771118164,0,-0.03309030595134499,0.06354459524612532,0.06927685438824552,23.603999900817872,25.815600090026855,0.9143308626761935,21.60804914577372,-2.7006447811723824,-1.8577849835398041
2025-05-19,19.84000015258789,19.920000076293945,17.920000076293945,18.13999938964844,0,0.052204154900165944,0.053747597848306725,0.03925965493546639,22.81999988555908,25.711000061035158,0.8875578480567402,28.23105104793288,-2.717827792441838,-2.029793545320211
2025-05-20,18.459999084472656,18.68000030517578,17.700000762939453,18.09000015258789,0,-0.0027562976153726604,0.05164702724864643,0.03907212830118698,22.195999908447266,25.515600051879883,0.8698991935646035,25.28048147917785,-2.7043064122909257,-2.164696118714354
2025-05-21,18.770000457763672,21.049999237060547,17.770000457763672,20.8700008392334,0,0.1536761007847649,0.06405435123344479,0.08060337472380638,21.816999912261963,25.394600067138672,0.8591196496334579,38.38006594077311,-2.4411279951492126,-2.219982494001326
2025-05-22,20.6200008392334,22.06999969482422,19.63999938964844,20.280000686645508,0,-0.02827025054444432,0.0628007625675844,0.07782033462797552,21.507499980926514,25.315600090026855,0.8495749618591679,41.84782911507466,-2.2541804953711306,-2.226822094275287
2025-05-23,20.13999938964844,25.530000686645508,19.82999992370605,22.290000915527344,0,0.09911243396581493,0.06622150731499857,0.07409488378690922,21.380000019073485,25.26820011138916,0.8461227916837993,45.71972698676248,-1.9216810912994866,-2.165793893680127
2025-05-27,20.6299991607666,21.01000022888184,18.950000762939453,18.959999084472656,0,-0.14939442325168273,0.07366428555253472,0.11781097531151666,21.070499992370607,25.21200008392334,0.8357329812086746,33.87096928183041,-1.9049175322813383,-2.113618621400369
2025-05-28,19.209999084472656,19.43000030517578,18.68000030517578,19.309999465942383,0,0.018459936622906348,0.07365252966623796,0.11741667589178664,20.82749996185303,25.18800006866455,0.8268818447306479,37.616826464633355,-1.8421549694885506,-2.0593258910180054
2025-05-29,18.25,20.200000762939453,18.11000061035156,19.18000030517578,0,-0.0067322198012426115,0.07330671722635394,0.09004743749780432,20.551499938964845,25.13760005950928,0.8175601445767469,39.80222992339252,-1.7823591058289914,-2.0039325339802025
2025-05-30,19.61000061035156,20.549999237060547,18.56999969482422,18.56999969482422,0,-0.03180399377715093,0.0734514150376585,0.09020739604293,20.249999904632567,25.111000061035156,0.8064194916734748,39.72856589664009,-1.7638597273678762,-1.9559179726577374
2025-06-02,19.809999465942383,20.450000762939453,18.36000061035156,18.36000061035156,0,-0.011308513081515592,0.0717583269998708,0.06577981726774858,20.033999919891357,25.082200088500976,0.7987337573738603,49.88381575992528,-1.7460170104988038,-1.913937780225951
2025-06-03,18.82999992370605,19.209999084472656,17.639999389648438,17.690000534057617,0,-0.03649237766997615,0.07100846637785455,0.021998296415232613,19.736499977111816,25.05040008544922,0.7878716471508957,48.02386788008713,-1.7655873437046203,-1.884267692921685
2025-06-04,17.68000030517578,18.06999969482422,17.40999984741211,17.610000610351562,0,-0.004522324550077617,0.06966158840505962,0.014880836298826815,19.378999996185303,25.053000106811524,0.7735201338587969,46.142092933762555,-1.7671813326520542,-1.860850420867759
2025-06-05,17.68000030517578,18.799999237060547,17.079999923706055,18.479999542236328,0,0.04940368550432428,0.0705734172927124,0.03424580652854497,19.125500011444093,25.079600105285646,0.7625919046218484,52.46772822613826,-1.6788897415898418,-1.8244582850121758
2025-06-06,18.15999984741211,18.350000381469727,16.649999618530273,16.770000457763672,0,-0.0925324202830431,0.07258778993306611,0.051625539962021655,18.840000057220458,25.048400115966796,0.7521438483095425,48.35549564039335,-1.7269929548569856,-1.8049652189811378
2025-06-09,17.690000534057617,17.719999313354492,16.81999969482422,17.15999984741211,0,0.0232557769232431,0.07292467358331967,0.05512369663448136,18.60300006866455,25.01780010223389,0.7435905632247598,46.444123261793436,-1.713888763742684,-1.7867499279334473
2025-06-10,17.5,17.989999771118164,16.68000030517578,16.950000762939453,0,-0.012237708994171426,0.06375640445990126,0.05349210650679069,18.5310001373291,24.92380012512207,0.7435062086961083,45.911049132156286,-1.7008425151780955,-1.7695684453823772
2025-06-11,17.040000915527344,18.09000015258789,16.229999542236328,17.260000228881836,0,0.01828905321468688,0.06389198489737655,0.05474908148401305,18.483000183105467,24.8234001159668,0.7445797149769549,34.26328933404416,-1.6465089725502864,-1.7449565508159592
2025-06-12,17.8700008392334,18.8700008392334,17.43000030517578,18.020000457763672,0,0.04403245763636199,0.06449301250284514,0.05350821255929738,18.453000164031984,24.748400115966795,0.7456239626628131,40.29209313696814,-1.5245495237709719,-1.7008751454069617
2025-06-13,21.76000022888184,22.0,18.8799991607666,20.81999969482422,0,0.15538286159444614,0.07228565872422009,0.06450771699148994,18.60250015258789,24.734600105285644,0.7520841280394358,44.08687998492534,-1.188261702839089,-1.5983524568933871
2025-06-16,19.780000686645508,20.21999931335449,18.670000076293945,19.11000061035156,0,-0.08213252207192678,0.074626583805531,0.08699199832115222,18.696000194549562,24.516400108337404,0.7625915759219286,50.69380949440233,-1.0476570783308539,-1.4882133811808806
2025-06-17,20.530000686645508,21.790000915527344,19.549999237060547,21.600000381469727,0,0.13029825701676723,0.07898881853422422,0.09487252583469538,18.869000244140626,24.042200088500977,0.7848283507616837,58.841707064675795,-0.7269251876060814,-1.335955742465921
2025-06-18,20.899999618530277,21.57999992370605,19.59000015258789,20.13999938964844,0,-0.06759263731651577,0.08091965448091161,0.10942540443721294,18.971500205993653,23.505400085449217,0.8071124140421575,53.36134251746068,-0.5838227860996952,-1.1855291511926758
2025-06-20,20.739999771118164,21.06999969482422,19.11000061035156,20.6200008392334,0,0.02383324052292024,0.07352531658937358,0.10942747706007569,18.959000205993654,22.871200065612793,0.8289464545631258,57.24382244641326,-0.42676155491156464,-1.0337756319364535
2025-06-23,21.149999618530277,22.51000022888184,19.81999969482422,19.82999992370605,0,-0.03831236097838675,0.07377643037418183,0.08674400305449904,18.93650016784668,22.595400085449217,0.8380688147248713,54.98981517102497,-0.3618645202630866,-0.89939340960178
2025-06-24,18.190000534057617,18.71999931335449,17.329999923706055,17.479999542236328,0,-0.11850733184624884,0.07465721637458933,0.09570575919668721,18.69600009918213,22.13060005187988,0.8448031257785077,49.36014314996167,-0.4943598708949075,-0.8183867018604055
2025-06-25,17.280000686645508,17.510000228881836,16.68000030517578,16.760000228881836,0,-0.041189893147009715,0.06756427192485757,0.05161097695809205,18.586000156402587,21.7146000289917,0.8559218282440366,47.50732986922969,-0.6499688814763758,-0.7847031377835997
2025-06-26,16.670000076293945,16.780000686645508,16.110000610351562,16.59000015258789,0,-0.010143202504316884,0.06736581173065648,0.05264171530702025,18.450000190734862,21.428600044250487,0.8609988591244991,44.22018481335046,-0.7780389798246077,-0.7833703061918014
2025-06-27,16.309999465942383,17.290000915527344,16.1200008392334,16.31999969482422,0,-0.01627489181918751,0.06740914691229168,0.04330886724088596,18.307000160217285,21.152600021362304,0.8654728090981152,48.49094310011828,-0.8910507574424074,-0.8049063964419226
2025-06-30,17.190000534057617,17.43000030517578,16.549999237060547,16.729999542236328,0,0.02512254013963844,0.0674608567967086,0.053748857413859895,18.21500015258789,20.834400024414062,0.874275243407215,48.559945424024164,-0.9367317833329665,-0.8312714738201314
2025-07-01,16.979999542236328,17.479999542236328,16.510000228881836,16.829999923706055,0,0.005977309277102272,0.06746063654394518,0.024822698174569592,18.138500118255614,20.57800003051758,0.8814510686828585,49.59513891275219,-0.9538695163968391,-0.8557910823354731
2025-07-02,16.75,17.3700008392334,16.540000915527344,16.639999389648438,0,-0.011289396014196651,0.06702064324169503,0.016980468108160344,18.086000061035158,20.23440002441406,0.8938243802244333,47.89115399112629,-0.9715829451164701,-0.8789494548916724
2025-07-03,16.649999618530273,16.829999923706055,16.139999389648438,16.3799991607666,0,-0.015625014328040088,0.06709766721014969,0.017847289111877496,18.02449998855591,19.95060001373291,0.9034565364524788,44.22534863169924,-0.9951295762450343,-0.9021854791623448
2025-07-07,17.829999923706055,18.5,17.510000228881836,17.790000915527344,0,0.08608069761920256,0.06903571291671487,0.041287871101165635,17.99000005722046,19.73740001678467,0.9114675713073545,38.173311662129336,-0.8897585110657538,-0.8997000855430266
2025-07-08,17.40999984741211,17.440000534057617,16.540000915527344,16.809999465942383,0,-0.055087206247954934,0.06685837840082519,0.05203743930797921,17.992000007629393,19.544200019836424,0.9205800180804729,40.4801336658981,-0.8752398888999835,-0.8948080462144179
2025-07-09,16.760000228881836,16.760000228881836,15.760000228881836,15.9399995803833,0,-0.05175490262933857,0.0677131598209733,0.05709652240515442,17.930999994277954,19.366200008392333,0.9258915009918086,22.944566672498695,-0.9232923565480391,-0.900504908281142
2025-07-10,16.229999542236328,16.239999771118164,15.699999809265137,15.779999732971191,0,-0.010037631845926431,0.06769667944274763,0.05708965152529935,17.87249994277954,19.17880001068115,0.9318883315340846,26.200892184592448,-0.9631819716607524,-0.9130403209570641
2025-07-11,16.40999984741211,17.239999771118164,15.979999542236328,16.399999618530273,0,0.03929023422374556,0.06818006574047812,0.06073119716029484,17.829499912261962,19.02340000152588,0.9372404465464558,27.311833492244787,-0.9339994060587529,-0.9172321379774019
2025-07-14,17.729999542236328,17.850000381469727,16.90999984741211,17.200000762939453,0,0.048780558720578515,0.06835096320091254,0.048916251418814206,17.788499927520753,18.87340000152588,0.9425169776554614,35.87541517076805,-0.8366739496250162,-0.9011205003069248
2025-07-15,16.889999389648438,17.389999389648438,16.559999465942383,17.3799991607666,0,0.010465022665288926,0.05787225072183113,0.04044160101732102,17.61649990081787,18.728999977111815,0.9406001346759838,49.299717530876855,-0.7365282189784672,-0.8682020440412334
2025-07-16,17.65999984741211,19.479999542236328,16.690000534057617,17.15999984741211,0,-0.012658188951534366,0.05517284034324042,0.028033127509338104,17.5189998626709,18.61859996795654,0.9409407738939499,53.01204386669938,-0.6672227829961663,-0.82800619183222
2025-07-17,17.15999984741211,17.3700008392334,16.479999542236328,16.520000457763672,0,-0.03729600205940298,0.04561166843799947,0.03574901670414168,17.264999866485596,18.476199989318847,0.9344453879296907,49.50773790410091,-0.6563740561672162,-0.7936797646992194
2025-07-18,16.43000030517578,16.809999465942383,16.280000686645508,16.40999984741211,0,-0.006658632403358511,0.0437205829489792,0.031950086964671304,17.07849988937378,18.309199981689453,0.9327824212119338,50.64748286337105,-0.6491692726550014,-0.7647776662903759
2025-07-21,16.8700008392334,16.989999771118164,16.299999237060547,16.649999618530273,0,0.014625214707483014,0.043401019455148813,0.020737874897797107,16.879999828338622,18.171199989318847,0.92894249352056,49.41003028688425,-0.6169812779319628,-0.7352183886186934
2025-07-22,16.75,17.479999542236328,16.43000030517578,16.5,0,-0.00900898630432001,0.04287659286544116,0.018510045256267666,16.71349983215332,18.05159999847412,0.9258735975518011,47.584188614667646,-0.596697419408553,-0.7075141947766653
2025-07-23,16.229999542236328,16.31999969482422,15.31999969482422,15.369999885559082,0,-0.06848485542066174,0.03718873429700884,0.03216489343174639,16.60799984931946,17.921000003814697,0.9267339906134842,41.82754650327458,-0.6641479961401053,-0.6988409550493534
2025-07-24,15.390000343322754,15.539999961853027,14.949999809265137,15.390000343322754,0,0.0013012659669868754,0.03626017619271399,0.0320168221545594,16.539499855041505,17.861000022888184,0.9260119721094436,43.426304105016115,-0.707829773345896,-0.700638718708662
2025-07-25,15.329999923706056,15.390000343322754,14.920000076293944,14.93000030517578,0,-0.029889540473373333,0.03671275608944425,0.03243238781302072,16.4564998626709,17.79520004272461,0.9247718386508937,28.267472313732753,-0.7706821115405518,-0.71464739727504
2025-07-28,15.149999618530272,15.539999961853027,15.0,15.029999732971191,0,0.0066978851809362805,0.03668832081652475,0.030560725484870817,16.391999864578246,17.723400020599364,0.9248789648445742,34.38596150734807,-0.8031655319938178,-0.7323510242187956
2025-07-29,14.949999809265137,16.1200008392334,14.699999809265137,15.979999542236328,0,0.0632069079270261,0.039155942987621706,0.04867649462344405,16.354499864578248,17.68640001296997,0.9246935415112743,50.34602056142399,-0.743679161159772,-0.734616651606991
2025-07-30,15.869999885559082,17.270000457763672,15.4399995803833,15.479999542236328,0,-0.03128911228554565,0.039661411356337786,0.03838603773037453,16.28699984550476,17.651200008392333,0.9227134607143447,47.54901723985058,-0.7284840938549237,-0.7333901400565777
2025-07-31,14.989999771118164,17.170000076293945,14.739999771118164,16.719999313354492,0,0.0801033467562382,0.04376145339273368,0.051842980861906716,16.290999841690063,17.622800006866456,0.9244274369193615,52.373885728839454,-0.6093599528989095,-0.7085841026250441
2025-08-01,17.399999618530273,21.899999618530277,17.389999389648438,20.3799991607666,0,0.21889952139464608,0.06520219565119995,0.09559716670670444,16.490999841690062,17.668599987030028,0.9333506816496833,66.56249757856042,-0.2171190004714454,-0.6102910821943244
2025-08-04,19.559999465942383,19.57999992370605,17.479999542236328,17.520000457763672,0,-0.14033360258957683,0.07120059713405551,0.1339183546249864,16.47749981880188,17.601599979400635,0.9361364783931971,50.570037999426866,-0.1354814670373834,-0.5153291591629362
2025-08-05,17.209999084472656,18.940000534057617,17.110000610351562,17.850000381469727,0,0.0188356115915409,0.07001492965342615,0.1333088945613001,16.52949986457825,17.55299997329712,0.9416908727695612,52.784506352980884,-0.04365170798813267,-0.42099366892797546
2025-08-06,17.219999313354492,17.8799991607666,16.559999465942383,16.770000457763672,0,-0.06050419611347535,0.07041596890265042,0.137208575518036,16.570999908447266,17.442599964141845,0.9500303820825796,50.97427918414822,-0.057361700276661765,-0.3482672751977127
2025-08-07,16.40999984741211,17.639999389648438,15.979999542236328,16.56999969482422,0,-0.01192610360644697,0.07043817827844001,0.1338315900384413,16.610499906539918,17.394799976348878,0.9549118086511287,50.619194543683015,-0.08340392945200037,-0.2952946060485703
2025-08-08,16.479999542236328,16.520000457763672,15.149999618530272,15.149999618530272,0,-0.08569704903117747,0.07271617770786695,0.06236426873830569,16.547999906539918,17.311599979400636,0.955890843493996,44.680850488200136,-0.21613327259057513,-0.27946233935697123
2025-08-11,15.8100004196167,16.360000610351562,15.520000457763672,16.25,0,0.07260728773380931,0.07377153823312273,0.06301628607801743,16.500499868392943,17.25299997329712,0.9563843907686294,49.16943517384249,-0.2299111232788782,-0.2695520961413526
2025-08-12,16.09000015258789,16.559999465942383,14.65999984741211,14.729999542236328,0,-0.09353848970853362,0.0765811598533459,0.06847599630277165,16.367999887466432,17.17619997024536,0.9529465141195964,47.927459971773956,-0.35933926363087565,-0.28750952963925724
2025-08-13,14.619999885559082,14.8100004196167,14.300000190734863,14.489999771118164,0,-0.01629326399026665,0.07660322747159028,0.06733531363963977,16.234499883651733,17.098799953460695,0.9494525889441713,47.126434751650955,-0.47579332384051654,-0.3251662884795091
2025-08-14,14.65999984741211,15.390000343322754,14.56999969482422,14.829999923706056,0,0.023464469148273492,0.07649031845603754,0.07106856279638421,16.149999856948853,17.04159994125366,0.9476809637957492,49.67824843033422,-0.5344875944668068,-0.3670305496769687
2025-08-15,14.43000030517578,15.18000030517578,14.399999618530272,15.09000015258789,0,0.017532045193487722,0.07661548843635164,0.061526104199265644,16.08399987220764,16.99119993209839,0.9466076519894902,50.19108414122811,-0.5536413484145903,-0.4043527094244931
2025-08-18,15.729999542236328,15.949999809265137,14.949999809265137,14.989999771118164,0,-0.006626930447881874,0.07652762274054162,0.04684517537141492,16.000999879837035,16.921399936676025,0.9456073338917969,46.66666752293988,-0.5703157860873347,-0.4375453247570615
2025-08-19,15.229999542236328,15.90999984741211,14.760000228881836,15.56999969482422,0,0.03869245714223202,0.07705713739664723,0.022471693360434773,15.954499864578247,16.897399921417236,0.9441985121247042,50.3014070688153,-0.530612678827751,-0.4561587955711994
2025-08-20,15.949999809265137,17.190000534057617,15.56999969482422,15.6899995803833,0,0.007707121895382585,0.07536644288847975,0.016982671754767524,15.970499849319458,16.86799991607666,0.9467927394342819,46.270819327752854,-0.4838867471828756,-0.46170438589353463
2025-08-21,15.720000267028809,17.239999771118164,15.649999618530272,16.600000381469727,0,0.05799877791100583,0.0763336656953278,0.025557165852570587,16.030999851226806,16.860999908447265,0.9507739717853486,32.91140004545905,-0.36917107589657405,-0.4431977238941425
2025-08-22,16.809999465942383,16.829999923706055,14.210000038146973,14.220000267028809,0,-0.1433734975751969,0.08309780974093918,0.0792217306735248,15.995499849319458,16.800199909210207,0.9521017568695955,34.40454006544296,-0.4649446066573333,-0.4475471004467807
2025-08-25,15.050000190734863,15.1899995803833,14.239999771118164,14.789999961853027,0,0.040084365971908564,0.08355643298612433,0.08228431553602039,15.98349986076355,16.73559989929199,0.9550598697952705,35.85952080961819,-0.48921227354480123,-0.45588013506638486
2025-08-26,15.75,15.75,14.619999885559082,14.619999885559082,0,-0.011494258061691465,0.08235993076443092,0.07942979940743287,15.915499877929687,16.61159990310669,0.9580955459295153,39.15237141976469,-0.5162115938755854,-0.467946426828225
2025-08-27,14.65999984741211,15.229999542236328,14.65999984741211,14.850000381469728,0,0.015731908188168386,0.08212833545181009,0.07995173614610006,15.883999919891357,16.526399898529053,0.9611288615438337,41.34809411017029,-0.5131345364110977,-0.4769840487447996
2025-08-28,14.420000076293944,14.6899995803833,14.119999885559082,14.43000030517578,0,-0.028282832693932947,0.08019359334494884,0.07088624728759252,15.769499969482421,16.382999897003174,0.9625526502241524,45.97315930239703,-0.5383803289690832,-0.4892633047896563
2025-08-29,14.3100004196167,15.970000267028809,14.3100004196167,15.359999656677246,0,0.0644490181450581,0.06320264372466985,0.03756425077889777,15.518499994277954,16.28739990234375,0.9527917339369096,44.925882553667556,-0.47783642525263836,-0.4869779288822528
2025-09-02,16.649999618530273,19.3799991607666,16.549999237060547,17.170000076293945,0,0.11783857161935951,0.06197528210796623,0.05960495479169038,15.500999975204468,16.21839988708496,0.9557662952649373,63.46578457068872,-0.28056881564494596,-0.4456961062347915
2025-09-03,17.399999618530273,17.56999969482422,16.34000015258789,16.350000381469727,0,-0.047757698962177964,0.06274284787504159,0.06780862892729353,15.425999975204467,16.148799896240234,0.9552412609184631,59.647304772308296,-0.18823013630130525,-0.3942029122480943
2025-09-04,16.219999313354492,16.350000381469727,15.279999732971191,15.300000190734863,0,-0.06422019365362708,0.06292897694373636,0.07888488946280983,15.352499961853027,16.105199909210206,0.9532635452151869,52.27053239806304,-0.19750064335506679,-0.35486245846948883
2025-09-05,15.229999542236328,16.920000076293945,14.739999771118164,15.18000030517578,0,-0.007843129677328475,0.06290393602936029,0.07701580399020513,15.282999992370605,16.073599910736085,0.950813761524734,50.44074507269873,-0.21208578199329686,-0.3263071231742505
2025-09-08,15.579999923706056,15.649999618530272,14.989999771118164,15.109999656677246,0,-0.0046113733261695655,0.05979228391309469,0.07135307244341785,15.280999994277954,16.04399990081787,0.9524432865085583,50.58939032770138,-0.22668005024258164,-0.30638170858791675
2025-09-09,15.020000457763672,15.81999969482422,14.970000267028809,15.039999961853027,0,-0.004632673488730754,0.057411824794744735,0.028185607058572367,15.220499992370605,16.018399906158447,0.9501885382770923,47.25956733960694,-0.2411150787971721,-0.29332838262976785
2025-09-10,14.979999542236328,15.630000114440918,14.630000114440918,15.350000381469728,0,0.02061173007998507,0.053393177252225706,0.03129107562844505,15.251500034332276,15.990799922943115,0.9537671728635593,48.27586640475771,-0.22494744571470981,-0.2796521952467563
2025-09-11,15.1899995803833,15.239999771118164,14.649999618530272,14.710000038146973,0,-0.04169383240506974,0.05418372321567298,0.02222656866886637,15.262500047683716,15.948399925231934,0.9569925584532742,40.14598474817384,-0.2607711515053115,-0.27587598649846734
2025-09-12,14.619999885559082,14.970000267028809,14.40999984741211,14.760000228881836,0,0.003399061224010902,0.05395413049041903,0.022762279705668506,15.259000062942505,15.910799942016602,0.9590341226431457,53.71900739596643,-0.28187778724838175,-0.2770763466484502
2025-09-15,15.140000343322754,15.84000015258789,14.920000076293944,15.6899995803833,0,0.0630080851680257,0.05561249880713503,0.03819384554563755,15.289000034332275,15.896999950408935,0.9617537951831585,55.90550865753458,-0.22101406029199921,-0.26586388937716005
2025-09-16,15.600000381469728,16.3799991607666,15.4399995803833,16.360000610351562,0,0.04270242497685861,0.056232536521403226,0.04005783796247109,15.357500076293945,15.86839994430542,0.9678039455896864,60.71428781156338,-0.11736274976982308,-0.23616366145569265
2025-09-17,16.420000076293945,16.75,15.260000228881836,15.720000267028809,0,-0.03911982392701152,0.056536439303880956,0.04720612787498643,15.365000104904174,15.846599960327149,0.9696086317172967,55.09964664864039,-0.08587114925802553,-0.20610515901615922
2025-09-18,14.93000030517578,15.800000190734863,14.329999923706056,15.699999809265137,0,-0.0012722937292578562,0.056524594613497646,0.03997696580255461,15.365500116348267,15.841799964904785,0.9699339816427621,57.810573113546454,-0.06181513239080516,-0.17724715369108843
2025-09-19,15.760000228881836,16.1299991607666,15.289999961853027,15.449999809265137,0,-0.01592356707243181,0.055038294190683595,0.04210429159714743,15.308000087738037,15.835199966430665,0.9667070905444675,50.60402765321701,-0.06220639971830266,-0.15423900289653128
2025-09-22,16.139999389648438,16.350000381469727,15.779999732971191,16.100000381469727,0,0.04207123496628107,0.04462468641837611,0.036114588408132454,15.402000093460083,15.829199981689452,0.9730119090842534,41.49444185515498,-0.009952145856367167,-0.12538163148849846
2025-09-23,16.100000381469727,17.06999969482422,15.949999809265137,16.639999389648438,0,0.0335403102723042,0.044393903190392436,0.03393381249547123,15.494500064849854,15.817999954223632,0.9795486224358346,52.41263648169518,0.07417805535292388,-0.08546969412021398
2025-09-24,16.56999969482422,17.209999084472656,16.18000030517578,16.18000030517578,0,-0.02764417676354103,0.044888776691565685,0.030516156853500696,15.572500085830688,15.793999977111817,0.985975693832967,58.11808069385247,0.10255161303357596,-0.047865432689455985
2025-09-25,16.549999237060547,17.739999771118164,16.31999969482422,16.739999771118164,0,0.03461059674784095,0.04530041069968129,0.032488587883579986,15.66700005531311,15.785599975585937,0.9924868284730226,63.31057426160229,0.16828525108608794,-0.00463529593434719
2025-09-26,16.889999389648438,17.049999237060547,15.289999961853027,15.289999961853027,0,-0.08661886673181729,0.0493832387436819,0.055580116583696916,15.710000038146973,15.760999965667725,0.9967641693019577,51.24309606951812,0.10219868356663753,0.01673149996584976
2025-09-29,15.84000015258789,16.290000915527344,15.739999771118164,16.1200008392334,0,0.05428390316881204,0.04877742678278593,0.05814477833886795,15.74800009727478,15.75519998550415,0.9995430151165332,56.75000467896405,0.11546769714081151,0.03647873940084212
2025-09-30,16.489999771118164,16.700000762939453,16.020000457763672,16.280000686645508,0,0.00992554833016479,0.04078124360556124,0.05581774678031618,15.703500127792358,15.747800006866456,0.9971869163276914,55.923568534920626,0.13731129734557967,0.05664525098978964
2025-10-01,17.280000686645508,17.280000686645508,15.979999542236328,16.290000915527344,0,0.0006142646474234237,0.03932425513859491,0.05411448586799575,15.70050015449524,15.743600025177003,0.9972623878520264,60.94183392620965,0.15365816707669033,0.07604783420716979
2025-10-02,16.1200008392334,16.920000076293945,15.93000030517578,16.6299991607666,0,0.020871591536571144,0.03644441271152309,0.052402091534744386,15.767000102996827,15.768800010681153,0.9998858563947094,62.45006224916836,0.19183682056514684,0.09920563147876521
2025-10-03,16.350000381469727,17.059999465942383,16.200000762939453,16.649999618530273,0,0.001202673407877164,0.036335032719779226,0.022206158532121396,15.84050006866455,15.793999996185303,1.0029441605983587,57.27272819224804,0.22115817453793163,0.12359614009059852
2025-10-06,16.739999771118164,17.09000015258789,16.290000915527344,16.3700008392334,0,-0.016816743886603813,0.0366111141105074,0.013864120146345395,15.903500127792359,15.822800006866455,1.0051002427440707,50.08051717735617,0.21927433927882234,0.14273177992824332
2025-10-07,16.579999923706055,17.549999237060547,16.190000534057617,17.239999771118164,0,0.05314593080531016,0.03808935382987776,0.02668389842835181,16.013500118255614,15.867000007629395,1.009233006274392,61.801246145131856,0.28470117129991124,0.1711256582025769
2025-10-08,17.170000076293945,17.200000762939453,16.229999542236328,16.299999237060547,0,-0.0545243936506532,0.040369844348469276,0.04035549119126824,16.061000061035156,15.873400001525878,1.0118185177398191,54.0760853720401,0.25773125439673805,0.18844677744140917
2025-10-09,16.309999465942383,17.270000457763672,16.260000228881836,16.43000030517578,0,0.007975526024544655,0.03892661029147838,0.039143953855123315,16.147000074386597,15.892400016784668,1.0160202396952653,56.76796211434956,0.24403432488468368,0.1995642869300641
2025-10-10,16.360000610351562,22.440000534057617,16.229999542236328,21.65999984741211,0,0.3183201123002275,0.07986752861581814,0.14873325961242018,16.49200005531311,15.99120002746582,1.0313172261610846,73.51946448344559,0.6477300350478252,0.28919743655361635
2025-10-13,19.450000762939453,20.770000457763672,18.61000061035156,19.030000686645508,0,-0.12142193810222157,0.08534499219638356,0.16856002424936814,16.65900011062622,15.964200057983398,1.0435223844676993,58.59094888084813,0.746833806139584,0.3807247104708099
2025-10-14,21.459999084472656,22.940000534057617,19.18000030517578,20.809999465942383,0,0.09353645376092956,0.08702298429059357,0.17026487807913804,16.881500053405762,16.030000038146973,1.053119152416248,65.20026414844813,0.9579624888916882,0.49617226615498566
2025-10-15,20.020000457763672,22.440000534057617,19.11000061035156,20.63999938964844,0,-0.008169153323245526,0.08627558107091733,0.1643946665178311,17.127500009536742,16.085800018310547,1.064758979350758,63.14016368242793,1.0988984879373582,0.6167175105114602
2025-10-16,20.489999771118164,25.43000030517578,19.850000381469727,25.309999465942383,0,0.22625970030968512,0.09796492920547531,0.1763240379734864,17.607999992370605,16.256599998474123,1.083129313264971,77.74086762939915,1.5693309891397575,0.8072402062371198
2025-10-17,28.40999984741211,28.989999771118164,20.729999542236328,20.780000686645508,0,-0.1789805956097521,0.10809672883325257,0.16337181378506924,17.874500036239624,16.340800018310546,1.0938570948919577,60.7077229407116,1.5586519237659289,0.9575225497428818
2025-10-20,20.530000686645508,21.020000457763672,18.229999542236328,18.229999542236328,0,-0.12271419923715232,0.11252405591037602,0.1636172009515236,17.980999994277955,16.402400016784668,1.0962420118932532,54.03726541286049,1.3291038248590255,1.0318388047661107
2025-10-21,18.649999618530277,18.88999938964844,17.399999618530273,17.8700008392334,0,-0.01974759802757342,0.11261477693419425,0.1554080613800729,18.042500066757203,16.434800033569335,1.0978229141762612,53.2244903933055,1.105394120634191,1.0465498679397267
2025-10-22,17.84000015258789,21.01000022888184,17.729999542236328,18.600000381469727,0,0.04085056004214738,0.11247657434199777,0.1579197739694033,18.1635000705719,16.512200050354004,1.1000048458220135,53.95741577127016,0.9757594825665308,1.0323917908650875
2025-10-23,18.36000061035156,19.350000381469727,17.079999923706055,17.299999237060547,0,-0.06989253321222011,0.11382105707231342,0.08583220871756725,18.19150004386902,16.568400039672852,1.0979635933650607,51.241879463857856,0.7593703217621766,0.9777874970445053
2025-10-24,17.020000457763672,17.219999313354492,16.020000457763672,16.3700008392334,0,-0.05375713519309755,0.11262320772035875,0.06071204831036744,18.245500087738037,16.5992000579834,1.099179479975172,50.0,0.5069929552453445,0.8836285886846731
2025-10-27,15.729999542236328,16.06999969482422,15.619999885559082,15.789999961853027,0,-0.03543071763260408,0.11251325135177077,0.04266530648707324,18.229000043869018,16.6132000541687,1.0972600091753466,47.267244764217935,0.2572158265280784,0.7583460362533542
2025-10-28,15.949999809265137,16.549999237060547,15.65999984741211,16.420000076293945,0,0.03989867738840602,0.11278773135033772,0.05259194443929331,18.23600001335144,16.641800060272217,1.0957949228632389,50.22883457495292,0.10884667980724316,0.628446164964132
2025-10-29,16.34000015258789,17.579999923706055,16.260000228881836,16.920000076293945,0,0.03045066977325206,0.11290915108894913,0.049936559327618736,18.26749997138977,16.66880006790161,1.0959097173747203,50.921398718697674,0.031248668219038933,0.5090066656151133
2025-10-30,16.260000228881836,17.40999984741211,15.729999542236328,16.90999984741211,0,-0.0005910300730935791,0.11287789235126555,0.04058682368660178,18.281500005722044,16.69320007324219,1.0951465222672176,38.886287643029966,-0.030701343941426984,0.40106506370380524
2025-10-31,16.43000030517578,18.540000915527344,15.960000038146973,17.440000534057617,0,0.03134244183488977,0.11300485338672715,0.03120364806812418,18.321000051498412,16.710000076293944,1.0964093338030532,45.87441548470265,-0.03660854833541194,0.3135303412959618
2025-11-03,18.059999465942383,18.82999992370605,17.0,17.170000076293945,0,-0.01548167714997506,0.11298982386942691,0.023850590235536005,18.36100001335144,16.769000072479248,1.094937082353821,39.75225410265208,-0.062358006547341915,0.23835267172730104
2025-11-04,19.729999542236328,20.479999542236328,17.899999618530273,19.0,0,0.10658124144289749,0.11473056133101912,0.047090408675397724,18.44900002479553,16.85320007324219,1.0946882458297633,45.77755050667999,0.06416144895601761,0.20351442717304435
2025-11-05,19.3700008392334,20.020000457763672,17.309999465942383,18.010000228881836,0,-0.05210525111148234,0.11465940312312217,0.05984146826287167,18.534500074386596,16.92100008010864,1.0953548836734948,26.810675529819406,0.08358085316197617,0.17952771237083073
2025-11-06,18.36000061035156,20.309999465942383,17.639999389648438,19.5,0,0.08273180189796547,0.11577397968071443,0.06605888212528374,18.68800005912781,17.01400007247925,1.0983895603336875,44.9606275206662,0.21670337833376863,0.18696284556341833
2025-11-07,19.520000457763672,22.71999931335449,19.07999992370605,19.07999992370605,0,-0.02153846545097171,0.09117440812086194,0.07002703774244774,18.559000062942506,17.107000064849853,1.0848775350785267,54.02081554404367,0.2850278192815665,0.20657584030704798
2025-11-10,18.57999992370605,18.81999969482422,17.600000381469727,17.600000381469727,0,-0.07756811049026735,0.0886540675825876,0.08232473198964863,18.487500047683717,17.151800079345705,1.0778752062266905,48.84516490406885,0.2172475423610578,0.20871018071784994
2025-11-11,17.899999618530273,18.010000228881836,17.25,17.280000686645508,0,-0.018181800448205276,0.0859131980232709,0.06096873986285639,18.311000108718872,17.154000091552735,1.067447826220771,44.148937879113,0.13614054014549382,0.19419625260337872
2025-11-12,17.209999084472656,18.059999465942383,17.100000381469727,17.510000228881836,0,0.013310158165333874,0.08601624211649414,0.05861468340117732,18.15450015068054,17.177200088500978,1.056895189969511,51.028408475279186,0.08939125072314624,0.17323525222733224
2025-11-13,17.610000610351562,21.309999465942383,17.510000228881836,20.0,0,0.1422044396670561,0.07555326164904826,0.08203400102518153,17.889000177383423,17.271200084686278,1.0357705364808394,65.4205565827833,0.2503780712281909,0.18866381602750398
2025-11-14,21.32999992370605,23.030000686645508,19.559999465942383,19.82999992370605,0,-0.008500003814697399,0.06410835227964137,0.08107602778038579,17.84150013923645,17.364200077056886,1.027487592867017,67.78169051034419,0.3600927755522427,0.22294960793245178
2025-11-17,19.57999992370605,23.440000534057617,19.540000915527344,22.3799991607666,0,0.1285930028679485,0.06349964076574309,0.07759613900849438,18.049000120162965,17.50960006713867,1.0308059607847138,72.43975765180082,0.6453667106650691,0.30743302847897525
2025-11-18,23.540000915527344,25.84000015258789,22.90999984741211,24.690000534057617,0,0.10321722340993555,0.06614560261900926,0.06884733062529537,18.390000104904175,17.702600078582762,1.0388304555980483,75.74552809540938,1.0457909379172499,0.45510461036663025
2025-11-19,24.520000457763672,24.790000915527344,21.93000030517578,23.65999984741211,0,-0.041717321359500015,0.06723225836732685,0.0840471588518833,18.643000078201293,17.86880006790161,1.043326916600875,70.94971987667942,1.2654304806996102,0.6171697844332263
2025-11-20,20.780000686645508,28.270000457763672,19.280000686645508,26.420000076293945,0,0.11665258861714323,0.06789174149863866,0.07877228663151664,19.099000120162962,18.10300006866455,1.0550185078561891,74.4820050913936,1.6432628418136837,0.8223883959093178
2025-11-21,25.96999931335449,27.84000015258789,22.540000915527344,23.43000030517578,0,-0.11317183052550484,0.07258793565243077,0.10937530291365481,19.452000093460082,18.27640007019043,1.064323390752816,64.86229911592667,1.6820402046279455,0.9943187576530435
2025-11-24,22.690000534057617,23.68000030517578,20.40999984741211,20.520000457763672,0,-0.12419973578785137,0.07865083053347258,0.11568709343650486,19.688500118255615,18.37300008773804,1.0715996312107747,53.432702122102015,1.4611160400349839,1.0876782141294317
2025-11-25,20.549999237060547,21.770000457763672,18.38999938964844,18.559999465942383,0,-0.09551661540434953,0.08224070837452764,0.09924349037767206,19.795500087738038,18.417000064849855,1.0748493249733515,51.1899593737228,1.1150230565757298,1.0931471826186914
2025-11-26,18.25,18.700000762939453,16.93000030517578,17.190000534057617,0,-0.07381459974709137,0.08411446062183882,0.09948298862780472,19.809000110626222,18.44640007019043,1.0738680737298856,44.976077666507024,0.7218731056629899,1.0188923672275512
2025-11-28,17.40999984741211,18.520000457763672,15.779999732971191,16.350000381469727,0,-0.04886562690464402,0.08494506801539414,0.030351240091313497,19.7810001373291,18.45940008163452,1.0715949624500234,44.16915941898625,0.3386146065287541,0.8828368150877917
2025-12-01,18.049999237060547,18.32999992370605,16.579999923706055,17.239999771118164,0,0.05443421216412436,0.08552415887841974,0.06849098747468152,19.771000099182128,18.495200080871584,1.068980060379559,49.21121688175742,0.10547910003908356,0.72736527207805
2025-12-02,17.280000686645508,17.309999465942383,16.389999389648438,16.59000015258789,0,-0.03770299461483784,0.08591832116281507,0.05750388711248612,19.742000102996826,18.505000076293946,1.066846799330066,48.50971804443291,-0.13023078601123572,0.5558460604601929
2025-12-03,16.43000030517578,17.280000686645508,15.93000030517578,16.079999923706055,0,-0.03074142400187263,0.08251898111486881,0.048552096079047195,19.596000099182127,18.4938000869751,1.059598352259863,46.948356196009335,-0.35410344107814495,0.3738561601525253
2025-12-04,16.229999542236328,16.6299991607666,15.68000030517578,15.779999732971191,0,-0.01865672836805088,0.08185295558377416,0.041036708226915825,19.484500074386595,18.485800075531007,1.0540252515322577,40.06591308138941,-0.549398517202544,0.18920522468151144
2025-12-05,15.579999923706056,16.18000030517578,15.279999732971191,15.40999984741211,0,-0.023447394918898135,0.07937478526511166,0.03740897167785047,19.280000066757204,18.459200077056884,1.044465631569837,39.692164257942224,-0.7256621886015573,0.006231742024897648
2025-12-08,16.149999618530273,17.09000015258789,16.100000381469727,16.65999984741211,0,0.08111615914194314,0.08178740849678247,0.04917057818809442,19.159000062942503,18.486600074768067,1.0363722904944637,35.79940678999023,-0.7557757523631565,-0.14616975685271325
2025-12-09,16.65999984741211,17.200000762939453,16.450000762939453,16.93000030517578,0,0.016206510218282677,0.07999374111332294,0.0462751157155808,19.12550005912781,18.502800064086912,1.0336543654411274,28.563535731119913,-0.7492176731825424,-0.2667793401186791
2025-12-10,16.940000534057617,17.65999984741211,15.5600004196167,15.770000457763672,0,-0.06851741444195236,0.08141031599126297,0.05567674602361193,19.050000047683717,18.49260005950928,1.0301417857078357,28.359847537657842,-0.8280770841800944,-0.3790388889309622
2025-12-11,16.84000015258789,16.8799991607666,14.850000381469728,14.850000381469728,0,-0.05833862077290064,0.08229794582361633,0.06109194122170576,18.91700005531311,18.463800048828126,1.0245453268171494,14.704087475038065,-0.953815066584184,-0.49399412446160673
2025-12-12,14.989999771118164,17.850000381469727,14.850000381469728,15.739999771118164,0,0.059932617291983625,0.07639524905451985,0.06772667259058275,18.70400004386902,18.446000061035157,1.013986771223039,23.093068342214934,-0.9704609411842782,-0.5892874878061412
2025-12-15,16.510000228881836,17.350000381469727,15.989999771118164,16.5,0,0.04828464040237068,0.07746841593444088,0.059755383979934434,18.537500047683714,18.44300006866455,1.0051238940881275,33.443160379433564,-0.9118163979979457,-0.6537932698445021
2025-12-16,17.280000686645508,17.610000610351562,16.190000534057617,16.479999542236328,0,-0.0012121489553740261,0.07071431045707002,0.059042385873303176,18.242500066757202,18.445200042724608,0.9890106924566884,39.8039207986481,-0.8570742266280007,-0.6944494612012019
2025-12-17,16.450000762939453,18.0,15.81999969482422,17.6200008392334,0,0.06917483790429602,0.06813743654618766,0.05323540099298572,17.88900008201599,18.452800064086915,0.9694463723601384,52.156470674661854,-0.713477558966563,-0.6982550807542741
2025-12-18,17.610000610351562,17.68000030517578,15.93000030517578,16.8700008392334,0,-0.04256526471497213,0.0681555214270475,0.04730533197569938,17.549500131607054,18.46420009613037,0.9504608940673789,52.63158097948906,-0.6526713087022848,-0.6891383263438763
2025-12-19,16.309999465942383,16.530000686645508,14.90999984741211,14.90999984741211,0,-0.11618262562637516,0.06434445861690395,0.07427479169234023,16.974000120162962,18.433800086975097,0.9208085169675028,39.36073353649349,-0.7539465899373567,-0.7020999790625725
2025-12-22,15.15999984741211,15.260000228881836,14.029999732971191,14.079999923706056,0,-0.05566733281020886,0.06147383780343956,0.06874957226993779,16.50650010108948,18.282200088500975,0.9028727407633852,38.72417089907729,-0.8909121564435232,-0.7398624145387627
2025-12-23,14.09000015258789,14.449999809265137,13.640000343322754,14.0,0,-0.005681812794001706,0.05676927173546149,0.06832092546081185,16.180500078201295,18.181600074768067,0.8899381798995873,40.28037661391512,-0.9944502761791121,-0.7907799868668327
2025-12-24,14.09000015258789,14.15999984741211,13.380000114440918,13.470000267028809,0,-0.03785712378365658,0.053988759585392204,0.04051675984507181,15.926000118255615,18.034800090789794,0.8830705102403035,39.432758470554504,-1.106516299956219,-0.85392724948471
2025-12-26,14.119999885559082,14.289999961853027,13.520000457763672,13.600000381469728,0,0.0096510847708835,0.052364369503862994,0.04921949151999276,15.74650011062622,17.89400011062622,0.8799877061180568,41.53414849125011,-1.1713370638722687,-0.9174092123622218
2025-12-29,14.6899995803833,15.079999923706056,13.989999771118164,14.199999809265137,0,0.044117603747491074,0.052888218050422944,0.039341099395609265,15.639000082015992,17.671800117492676,0.8849692718364051,37.74900607492326,-1.1609107899211377,-0.9661095278740051
2025-12-30,14.43000030517578,14.619999885559082,14.039999961853027,14.329999923706056,0,0.009154937759653814,0.05111890876084463,0.02963785949549917,15.493500089645385,17.542800102233887,0.8831828442069778,36.86868696599065,-1.1291419246772847,-0.9987160072346611
2025-12-31,14.770000457763672,15.170000076293944,14.380000114440918,14.949999809265137,0,0.04326586802930943,0.05183942507743584,0.03352071698324083,15.411500072479248,17.47720010757446,0.8818060088354794,45.61965538739803,-1.041925393519385,-1.007357884491606
2026-01-02,14.850000381469728,15.420000076293944,14.460000038146973,14.510000228881836,0,-0.02943141043457509,0.051804538594152724,0.030344282210957606,15.333000087738037,17.410000095367433,0.8807007469125714,48.085584956691584,-0.9968192414060884,-1.0052501558745024
2026-01-05,15.140000343322754,15.270000457763672,14.649999618530272,14.899999618530272,0,0.02687797267378067,0.05211839536416291,0.030512741328090988,15.289000082015992,17.336000080108644,0.881922012653808,44.988066554168,-0.9190088376826218,-0.9880018922361262
2026-01-06,15.0,15.210000038146973,14.630000114440918,14.75,0,-0.01006708874970208,0.051908050259570265,0.028848376846450346,15.256000089645386,17.285000095367433,0.8826149844068649,38.73873940218739,-0.8595390170107233,-0.9623093171910458
2026-01-07,14.949999809265137,15.479999542236328,14.829999923706056,15.380000114440918,0,0.042711872165486,0.04936282021340071,0.03282515350847934,15.192000102996825,17.265200080871583,0.8799203039545604,43.43675768034999,-0.7528941168478731,-0.9204262771224113
2026-01-08,15.6899995803833,15.850000381469728,15.149999618530272,15.449999809265137,0,0.004551345533378326,0.049195051380440454,0.02870093713890621,15.118000078201295,17.258400077819825,0.8759792338822107,35.15730867573748,-0.6551764089639587,-0.8673763034907208
2026-01-09,15.68000030517578,15.8100004196167,14.43000030517578,14.489999771118164,0,-0.062135925566243366,0.04876926058312368,0.04040084281818971,15.054000043869019,17.219800071716307,0.8742261803954021,34.175521762674535,-0.6477317530214588,-0.8234473933968685
2026-01-12,16.059999465942383,16.65999984741211,15.029999732971191,15.119999885559082,0,0.04347826945426525,0.04800456695353619,0.043671681933559144,15.067500019073487,17.18380006790161,0.87684330354953,51.69628527537086,-0.5842610675496118,-0.7756101282274173
2026-01-13,15.359999656677246,16.5,14.75,15.979999542236328,0,0.056878284602278395,0.047815117801265995,0.04839910535897244,15.079500007629395,17.165200061798096,0.878492528682464,65.27331520022568,-0.45927111552135,-0.7123423256862039
2026-01-14,16.329999923706055,18.100000381469727,16.219999313354492,16.75,0,0.04818526156577807,0.047810045132707334,0.049178915342656386,15.092000007629395,17.151400051116944,0.879928166951395,69.89870347178959,-0.2946861181218061,-0.6288110841733244
2026-01-15,16.520000457763672,16.540000915527344,15.300000190734863,15.84000015258789,0,-0.054328349099230455,0.04943740400615213,0.05927471560718756,15.060000038146972,17.124800052642822,0.8794263285907858,66.2551475860456,-0.2349720923958163,-0.5500432858178228
2026-01-16,15.4399995803833,16.290000915527344,15.300000190734863,15.859999656677246,0,0.0012625949429734273,0.04663133107038575,0.04630698274942297,14.971999979019165,17.06200004577637,0.8775055643447512,65.73816211486255,-0.18391445262734862,-0.476817519179728
2026-01-20,19.940000534057617,20.989999771118164,18.63999938964844,20.09000015258789,0,0.2667087381764075,0.07554905098076882,0.12178762549621802,15.13299994468689,17.103600044250488,0.8847844842918886,77.24329858435365,0.1956197998864333,-0.3423300553664957
2026-01-21,19.309999465942383,20.809999465942383,16.670000076293945,16.899999618530273,0,-0.1587854907829206,0.07981223477822953,0.1577163627634639,15.232499933242797,17.051600036621092,0.8933179232757348,59.26459946913272,0.23627343318594995,-0.22660935765600657
2026-01-22,16.649999618530273,16.670000076293945,15.270000457763672,15.640000343322754,0,-0.07455617181351726,0.08072606428374736,0.16184912876859936,15.310499954223634,16.982800045013427,0.9015297779896536,52.377672687369085,0.16491923295464517,-0.1483036395338762
2026-01-23,15.68000030517578,16.209999084472656,15.300000190734863,16.09000015258789,0,0.02877236568970143,0.08078184170531255,0.15963277028268752,15.414999961853027,16.95260004043579,0.9093000439510612,55.44077163031429,0.143032944248084,-0.09003632277748416
2026-01-26,16.899999618530273,17.389999389648438,15.800000190734863,16.149999618530273,0,0.0037289910113973423,0.08001887626084894,0.15959247333867516,15.548999929428101,16.930000019073486,0.9184288193686038,54.40451064472692,0.12904184417711306,-0.04622068938656471
2026-01-27,16.020000457763672,16.3700008392334,15.739999771118164,16.350000381469727,0,0.012383948462139527,0.08001698374061728,0.07852294519457297,15.6864999294281,16.906800022125243,0.9278219360789632,55.6179789578188,0.13256407057620123,-0.010463737394011517
2026-01-28,16.09000015258789,17.18000030517578,16.049999237060547,16.350000381469727,0,0.0,0.07969646824660964,0.039930149232093044,15.79399995803833,16.833800029754638,0.9382314112156254,53.56355727956582,0.1338129480048167,0.018391599685754136
2026-01-29,16.040000915527344,19.739999771118164,16.020000457763672,16.8799991607666,0,0.032415826723621866,0.07985409125405654,0.014584318674828496,15.921499919891357,16.77480001449585,0.9491320257846819,55.08173233633351,0.1755455842474447,0.04982239659809226
2026-01-30,18.71999931335449,19.270000457763672,16.670000076293945,17.440000534057617,0,0.03317543845574367,0.07967181009082987,0.015680781874559138,16.04599995613098,16.67600004196167,0.962221151100658,60.790053937363346,0.25091404886818935,0.0900407270521117
2026-02-02,19.950000762939453,19.959999084472656,16.079999923706055,16.34000015258789,0,-0.06307341443720693,0.0809068451700566,0.039492406242473486,16.137499952316283,16.509000034332274,0.977497117860354,54.31400366834122,0.21935467819605137,0.11590351728089966
2026-02-03,16.15999984741211,20.3700008392334,16.049999237060547,18.0,0,0.10159117698350828,0.08346458427292974,0.0597550844233612,16.29249997138977,16.395800037384035,0.9936996019859519,56.76037612300892,0.3245505473696042,0.1576329232986406
2026-02-04,17.6299991607666,21.239999771118164,17.469999313354492,18.63999938964844,0,0.03555552164713571,0.08343462371093992,0.05876516025220036,16.48699994087219,16.240200023651123,1.015196852062268,56.38082193721462,0.45432446401748194,0.2169712314424089
2026-02-05,19.239999771118164,23.100000381469727,19.059999465942383,21.770000457763672,0,0.16791851773629607,0.09006319689855781,0.08619317584425676,16.80649995803833,16.207000026702882,1.0369901851266554,67.41045233728599,0.8005083931608539,0.33367866378609795
2026-02-06,21.239999771118164,21.489999771118164,19.989999771118164,20.3700008392334,0,-0.06430866279706493,0.0920273979774335,0.10195733310110115,17.052500009536743,16.204000034332275,1.0523636122813322,62.24878051686452,0.950931634251841,0.4571292578792466
2026-02-09,17.950000762939453,19.200000762939453,16.899999618530273,17.360000610351562,0,-0.1477663281723809,0.09775315946591123,0.12651348387390193,17.196000051498412,16.180000057220457,1.0627935717357775,42.05933840191707,0.8178337948054626,0.5292701652644898
2026-02-10,17.469999313354492,17.969999313354492,17.139999389648438,17.790000915527344,0,0.02476960196184419,0.0975400866932192,0.11831373937650065,17.329500102996825,16.192000064849854,1.070250743181276,53.08385751273284,0.7385368361671354,0.571123499445019
2026-02-11,17.8700008392334,18.959999084472656,16.75,17.649999618530273,0,-0.007869662158076385,0.09706389529255523,0.11693374351738914,17.413000106811523,16.218000049591065,1.0736835647778031,57.550709706246145,0.6568250205371449,0.5882638036634441
2026-02-12,17.440000534057617,21.209999084472656,17.079999923706055,20.81999969482422,0,0.17960340763780214,0.10403368348954169,0.12130008804077955,17.616500091552734,16.289600048065186,1.0814568828929076,64.75358320905227,0.8381981053116014,0.6382506639930756
2026-02-13,21.479999542236328,22.399999618530277,18.920000076293945,20.600000381469727,0,-0.010566729902939609,0.10293415396025951,0.11682037292706027,17.854500102996827,16.369800052642823,1.0906975067245435,63.743051550006214,0.9531976070717256,0.7012400526088057
2026-02-17,21.739999771118164,22.959999084472656,19.76000022888184,20.290000915527344,0,-0.015048517485525714,0.10313855970611344,0.08281064833453301,18.07600016593933,16.454000072479246,1.0985778586553565,62.085890360225584,1.0077049788932655,0.7625330378656978
2026-02-18,19.780000686645508,20.34000015258789,18.479999542236328,19.6200008392334,0,-0.03302119497595557,0.08519599169485896,0.08830292832091644,18.052500200271606,16.53080009460449,1.0920524171218902,59.63465003695558,0.9854790677796501,0.8071222438484884
2026-02-19,19.34000015258789,21.11000061035156,19.229999542236328,20.229999542236328,0,0.031090656315525544,0.07643608777064363,0.08664326555708106,18.21900019645691,16.627200088500977,1.0957347057522204,59.82404738010301,1.0054959391663125,0.8467969829120534
2026-02-20,20.040000915527344,21.209999084472656,18.76000022888184,19.09000015258789,0,-0.056351923650237334,0.07545648984795893,0.032260331863041336,18.391500186920165,16.675800094604494,1.1028856236331828,54.679522680302064,0.9187799077261687,0.8611935678748764
2026-02-23,20.489999771118164,22.040000915527344,19.5,21.01000022888184,0,0.10057622110776498,0.07793156997857138,0.06210100849192667,18.637500190734865,16.757400093078616,1.1121952144851395,62.655827550034836,0.9935319700033354,0.8876612483005683
2026-02-24,21.239999771118164,22.07999992370605,19.229999542236328,19.549999237060547,0,-0.06949076515545538,0.08023598928276497,0.07076223355379925,18.80750017166138,16.833000068664553,1.1172993581026864,54.24657325222068,0.9243087833230277,0.8949907553050602
2026-02-25,19.59000015258789,19.6200008392334,17.860000610351562,17.93000030517578,0,-0.082864398726613,0.08302640264335387,0.07868637220798759,18.886500167846684,16.894600067138676,1.1179015835114328,48.15392849356748,0.7303099754508047,0.862054599334209
2026-02-26,18.06999969482422,20.540000915527344,17.5,18.6299991607666,0,0.03904064939635021,0.08329146976394546,0.07993133186852043,19.000500106811526,16.952400054931644,1.1208147545623823,40.65475655926514,0.6258343512054481,0.8148105497084568
2026-02-27,19.280000686645508,21.739999771118164,18.770000457763672,19.86000061035156,0,0.06602262506673906,0.08410740185566676,0.08235041984686474,19.149500179290772,17.019600067138672,1.1251439577751592,48.4666258129314,0.6349679880034067,0.7788420373674468
2026-03-02,24.65999984741211,25.239999771118164,20.3700008392334,21.440000534057617,0,0.07955689200142935,0.08536797145707463,0.07697357879623963,19.34950017929077,17.1188000869751,1.13030703559725,63.42105339108417,0.7609277487760444,0.7752591796491665
2026-03-03,24.56999969482422,28.149999618530277,22.18000030517578,23.56999969482422,0,0.09934697330735043,0.085398816520195,0.07221552046026947,19.711000156402587,17.237800064086915,1.1434753903120338,67.10059042041355,1.0208570927043539,0.8243787622602041
2026-03-04,24.38999938964844,24.8700008392334,20.399999618530277,21.149999618530277,0,-0.10267289383229627,0.08755248656778329,0.0807008083943226,19.868500137329104,17.323400039672855,1.1469168922860198,59.12408926075013,1.0198233008902058,0.8634676699862046
2026-03-05,22.11000061035156,25.84000015258789,20.549999237060547,23.75,0,0.12293146233401209,0.09092192685215134,0.08964841278585713,20.12400016784668,17.50020004272461,1.149929721872686,57.872113943243605,1.2147988699178498,0.9337339099725337
2026-03-06,23.200000762939453,29.93000030517578,22.920000076293945,29.489999771118164,0,0.24168420088918596,0.09858060652609,0.12389016266836167,20.510000133514403,17.808400039672854,1.1517036953248483,68.42105346362852,1.811605364488333,1.1093082008756938
2026-03-09,35.119998931884766,35.29999923706055,24.76000022888184,25.5,0,-0.1353000950181722,0.10294732056604329,0.15970816601262552,20.766500091552736,18.038400039672855,1.1512384715872706,59.367133300705156,1.9402531449943758,1.2754971896994303
2026-03-10,24.38999938964844,26.01000022888184,22.190000534057617,24.93000030517578,0,-0.022352929208792838,0.09602191288835078,0.1586628654457218,21.145000076293947,18.267600040435795,1.157513851271593,59.58137857611557,1.9734643575416868,1.4150906232678817
2026-03-11,24.899999618530277,26.229999542236328,23.75,24.229999542236328,0,-0.028078650395929716,0.09667974972038168,0.14723932973199522,21.467000007629395,18.480200023651125,1.161621626397752,57.19424480175443,1.9211543993024804,1.5163033784748017
2026-03-12,25.479999542236328,27.32999992370605,24.600000381469727,27.290000915527344,0,0.12628978254650813,0.0992773559609414,0.14774309634886604,21.949000072479247,18.74200004577637,1.171113009223666,63.795424673851095,2.102379990012331,1.633518700782308
2026-03-13,27.850000381469727,28.46999931335449,24.670000076293945,27.190000534057617,0,-0.0036643597696923713,0.09263993428711503,0.09322048684161446,22.267500114440917,18.9992000579834,1.1720230349953173,61.075268758396774,2.2124298669468203,1.7493009340152106
2026-03-16,25.8799991607666,26.420000076293945,23.229999542236328,23.51000022888184,0,-0.13534388499059746,0.09862747230800535,0.093234894766456,22.413000106811523,19.170400066375734,1.1691461852235001,56.5737066425694,1.9798771266171222,1.795416172535593
2026-03-17,24.559999465942383,24.57999992370605,21.8700008392334,22.3700008392334,0,-0.048489977820075136,0.099375063444819,0.09463846412278541,22.517000102996825,19.327600078582766,1.1650179024527876,57.48987911567239,1.6841748616390824,1.773167910356291
2026-03-18,21.51000022888184,25.1299991607666,21.46999931335449,25.09000015258789,0,0.12159138181989015,0.10187988607384103,0.11256889675064409,22.79050006866455,19.53140008926392,1.1668646366622792,60.202148821501396,1.6502864241986472,1.7485916131247623
2026-03-19,25.600000381469727,27.520000457763672,23.540000915527344,24.059999465942383,0,-0.041052239154301895,0.10263563550090528,0.09336002115877864,22.982000064849853,19.717600078582766,1.1655576730056958,56.67514100950395,1.522763674287006,1.7034260253572113
2026-03-20,24.459999084472656,29.280000686645508,23.68000030517578,26.780000686645508,0,0.11305075981208423,0.1035476635772594,0.11169202507104578,23.366500091552734,19.945600090026858,1.1715115106131293,58.19018370808441,1.6224794100614695,1.6872367022980632
2026-03-23,30.040000915527344,31.040000915527344,20.280000686645508,26.149999618530277,0,-0.023525057952272443,0.10230454928358779,0.08543834242350952,23.623500061035156,20.159600086212162,1.1718238437275386,54.14790928552999,1.6318579849631973,1.6761609588310902
2026-03-24,25.90999984741211,27.940000534057617,25.63999938964844,26.950000762939453,0,0.030592778435158507,0.1003401768559848,0.07531081409755497,23.9935001373291,20.408800106048588,1.175644820501628,59.83717793198025,1.6844269541984644,1.6778141579045651
2026-03-25,25.790000915527344,26.670000076293945,24.81999969482422,25.32999992370605,0,-0.06011134669284168,0.09922531193126048,0.06981515500633326,24.363500118255615,20.613000106811523,1.181948284675201,52.77192913418234,1.577186883612626,1.6576887030461775
2026-03-26,26.489999771118164,28.489999771118164,26.1200008392334,27.440000534057617,0,0.08330045861456314,0.10011549799834892,0.0719630946169014,24.804000186920167,20.84220012664795,1.1900855013481435,45.87857117767665,1.6435123825992015,1.6548534389567826
2026-03-27,27.540000915527344,31.649999618530277,27.540000915527344,31.049999237060547,0,0.13155971693667867,0.10259856262452648,0.07764136597680839,25.363500118255615,21.12820011138916,1.2004572081170046,61.3311514744448,1.9647244235535908,1.7168276358761445
2026-03-30,30.790000915527344,31.520000457763672,29.32999992370605,30.61000061035156,0,-0.014170648551379506,0.10223391058767643,0.07605446317687174,25.822000122070314,21.423600120544435,1.2053062966437642,61.65845499464517,2.158896651531915,1.8052414390072988
2026-03-31,29.530000686645508,29.63999938964844,25.07999992370605,25.25,0,-0.17510619090085666,0.1095717725235757,0.12091820396051096,25.9060001373291,21.61140012741089,1.1987191937865767,51.75740921363616,1.8588446828654455,1.8159620877789282
2026-04-01,24.299999237060547,25.350000381469727,23.5,24.540000915527344,0,-0.028118775622679504,0.10680383008296458,0.11821515422084478,26.075500202178954,21.70040014266968,1.2016137965542155,44.844394834153654,1.5459397128370256,1.7619576127905479
2026-04-02,26.780000686645508,27.88999938964844,23.8700008392334,23.8700008392334,0,-0.027302365578560805,0.10389269345430169,0.10856677191706336,26.081500244140624,21.83980016708374,1.1942188135699996,43.90602149366115,1.2297214001720818,1.6555103702668545
